micros,flip,phase,spf_roll,roll_abs,roll,spf_r_rate,gxrs,error_roll,error_r_rate,m1,m2,m3,m4
397,0,0,0.00,0.00,-2.15,0.00,-0.25,-2.85,0.06,1016.00,1018.00,1018.00,1016.00
881,0,0,0.00,0.00,-2.15,0.00,0.00,-2.85,0.25,1016.00,1018.00,1018.00,1016.00
958,0,0,0.00,0.00,-2.15,0.00,-0.13,-2.85,0.25,1016.00,1018.00,1018.00,1016.00
1063,0,0,0.00,0.00,-2.15,0.00,0.13,-2.85,-0.06,1016.00,1018.00,1018.00,1016.00
1100,0,0,0.00,0.00,-2.15,0.00,-0.13,-2.85,0.19,1016.00,1018.00,1018.00,1016.00
1178,0,0,0.00,0.00,-2.15,0.00,0.19,-2.85,0.00,1016.00,1018.00,1018.00,1016.00
1196,0,0,0.00,0.00,-2.15,0.00,-0.13,-2.85,0.25,1016.00,1018.00,1018.00,1016.00
1294,0,0,0.00,0.00,-2.15,0.00,-0.25,-2.85,0.19,1016.00,1018.00,1018.00,10
1313,0,0,0.00,0.00,-2.15,0.00,0.25,-2.85,0.00,1016.00,1018.00,1018.00,1016.00
1525,0,0,0.00,0.00,-2.15,0.00,0.31,-2.85,0.19,1016.00,1018.00,1018.00,1016.00
2516,0,0,0.00,0.00,-2.15,0.00,0.00,-2.85,-0.06,1016.00,1018.00,1018.00,1016.00
2609,0,0,0.00,0.00,-2.15,0.00,-0.06,-2.85,-0.06,1016.00,1018.00,10,1016.00
2628,0,0,0.00,0.00,-2.15,0.00,-0.06,-2.85,0.00,1016.00,1018.00,1018.00,1016.00
2720,0,0,0.00,0.00,-2.15,0.00,-0.25,-2.85,-0.13,1016.00,1018.00,1018.00,1016.00
2743,0,0,0.00,0.00,-2.15,0.00,0.06,-2.78,-0.13,1016.00,1018.00,1018.00,1016.00
2831,0,0,0.00,0.00,-2.15,0.00,0.00,-2.85,0.37,1016.00,1018.00,1018.00018.00,1016.00
2853,0,0,0.00,0.00,-2.15,0.00,-0.06,-2.85,0.06,1016.00,1018.00,1018.00,1016.00
2915,0,0,0.00,0.00,-2.15,0.00,5,-2.85,-0.13,1016.00,1018.00,1018.00,1016.00
2959,0,0,0.00,0.00,-2.15,0.00,-0.06,-2.78,-0.13,1016.00,1018.00,1018.00,1016.00
3059,0,0,0.00,0.00,-2.15,0.00,0.06,-2.85,0.19,1016.00,.00,1018.00,1016.00
4410,0,0,0.00,0.00,-2.15,0.00,-0.13,-2.85,0.00,1016.00,1018.00,1018.00,1016.00
4517,0,0,0.00,0.00,-2.15,0.00,0.06,-2.85,0.00,1016.00,1018.00,1018.00,1016.00
4641,0,0,0.00,0.00,-2.15,0.00,0.06,-2.85,-0.19,1016.00,1018.00,1018.00,1016.00
4662,0,0,0.00,0.00,-2.15,0.00,0.19,-2.85,0.31,1016.00,1018.00,1018.00,1016.00
4798,0,0,0.00,0.00,-2.15,0.00,0.06,-2.85,-0.06,1016.00,1018.00,1018.00,1016.00
5006,0,0,0.00,0.00,-2.15,0.00,0.13,-2.85,0.25,1016.00,1018.00,1018,1016.00
5029,0,0,0.00,0.00,-2.15,0.00,-0.06,-2.85,0.06,1016.00,1018.00,1018.00,1016.00
5128,0,0,0.00,0.00,-2.15,0.00,-0.13,-2.85,0.06,1016.00,1018.00,1018.00,1016.00
5152,0,0,0.00,0.00,-2.15,0.00,0.00,-2.85,-0.06,1016.00,1018.00,1018.00,1016.00
5245,0,0,0.00,0.00,-2.15,0.00,0.06,-2.85,-0.13,1016.00,1018.00,1018.00,1016.00
5528,0,0,0.00,0.00,-2.15,0.00,0.06,-2.85,-0.13,1016.00,1018.00,1,1016.00
5553,0,0,0.00,0.00,-2.15,0.00,0.00,-2.85,0.19,1016.00,1018.00,1018.00,1016.00
5677,0,0,0.00,0.00,-2.15,0.00,0.06,-2.85,0.06,1016.00,1018.00,1018.00,1016.00
5771,0,0,0.00,0.00,-2.15,0.00,0.13,-2.85,-0.06,1016.00,1018.00,1018.00,1016.00
6038,0,0,0.00,0.00,-2.15,0.00,-0.13,-2.85,0.06,1016.00,1018.00,1018.00,1016.00
6234,0,0,0.00,0.00,-2.15,0.00,-0.13,-2.85,-0.06,1016.00,1018.00,0,1016.00
6254,0,0,0.00,0.00,-2.15,0.00,-0.06,-2.85,-0.06,1016.00,1018.00,1018.00,1016.00
6351,0,0,0.00,0.00,-2.15,0.00,0.06,-2.85,0.06,1016.00,1018.00,1018.00,1016.00
6375,0,0,0.00,0.00,-2.15,0.00,0.00,-2.85,0.00,1016.00,1018.00,1018.00,1016.00
6469,0,0,0.00,0.00,-2.15,0.00,0.31,-2.85,-0.25,1016.00,1018.00,1018.00,1016.00
6562,0,0,0.00,0.00,-2.15,0.00,0.06,-2.85,-0.19,1016.00,1018.00,1,1016.00
6582,0,0,0.00,0.00,-2.15,0.00,0.25,-2.85,0.06,1016.00,1018.00,1018.00,1016.00
6696,0,0,0.00,0.00,-2.15,0.00,-0.06,-2.85,0.19,1016.00,1018.00,1018.00,1016.00
6772,0,0,0.00,0.00,-2.15,0.00,0.00,-2.85,-0.19,1016.00,1018.00,1018.00,1016.00
6882,0,0,0.00,0.00,-2.15,0.00,0.13,-2.85,-0.06,1016.00,1018.00,1018.00,1016.00
6901,0,0,0.00,0.00,-2.15,0.00,0.06,-2.85,0.00,1016.00,1018.00,1018.00,1016.00
7013,0,0,0.00,0.00,-2.15,0.00,-0.06,-2.85,0.19,1014.00,1016.00,1016.00,1014.00
7231,0,0,0.00,0.00,-2.15,0.00,0.31,-2.85,0.00,1016.00,1018.00,1018.00,1000
7251,0,0,0.00,0.00,-2.15,0.00,-0.06,-2.85,0.19,1016.00,1018.00,1018.00,1016.00
7449,0,0,0.00,0.00,-2.15,0.00,0.00,-2.85,0.00,1016.00,1018.00,1018.00,1016.00
7634,0,0,0.00,0.00,-2.15,0.00,-0.06,-2.85,0.00,1016.00,1018.00,0,1016.00
7654,0,0,0.00,0.00,-2.15,0.00,-0.19,-2.85,-0.13,1016.00,1018.00,1018.00,1016.00
7743,0,0,0.00,0.00,-2.15,0.00,0.00,-2.85,-0.13,1016.00,1018.00,1018.00,1016.00
7764,0,0,0.00,0.00,-2.15,0.00,-0.13,-2.85,0.00,1016.00,1018.00,1018.00,1016.00
7858,0,0,0.00,0.00,-2.15,0.00,0.06,-2.85,0.00,1016.00,1018.00,1018.00,1016.00
7962,0,0,0.00,0.00,-2.15,0.00,0.13,-2.85,-0.13,1016.00,1018.00,1018.00,1016.00
8091,0,0,0.00,0.00,-2.15,0.00,-0.19,-2.85,0.00,1016.00,1018.00,1018.00,1016.00
8171,0,0,0.00,0.00,-2.15,0.00,0.06,-2.85,0.00,1016.00,1,1018.00,1016.00
8191,0,0,0.00,0.00,-2.15,0.00,-0.13,-2.85,0.19,1016.00,1018.00,1018.00,1016.00
8368,0,0,0.00,0,-2.15,0.00,-0.13,-2.85,0.31,1016.00,1018.00,1018.00,1016.00
8983,0,0,0.00,0.00,-2.15,0.00,0.06,-2.85,-0.06,1016.00,1018.00,1018.00,1016.00
9068,0,0,0.00,0.00,-2.15,0.00,0.06,-2.85,-0.06,1016.00,1018.00,1018.00,1
9091,0,0,0.00,0.00,-2.15,0.00,-0.19,-2.78,0.13,1016.00,1018.00,1018.00,1016.00
9235,0,0,0.00,0.00,-2.15,0.00,0.00,-2.85,0.00,1016.00,1018.00,1018.00,1016.00
9325,0,0,0.00,0.00,-2.15,0.00,0.00,-2.85,-0.13,1016.00,1018.00,1018.00,1016.00
9346,0,0,0.00,0.00,-2.15,0.00,-0.06,-2.85,0.06,1016.00,1018.00,1018.00,1016.00
9364,0,0,0.00,0.00,-2.15,0.00,0.00,-2.85,-0.06,1016.00,1018.00,1018.00,1016.00
9439,0,0,0.00,0.00,-2.15,0.00,0.00,-2.78,-0.19,1018.00,1020.00,1020.00,1018.00
9539,0,0,0.00,0.00,-2.15,0.00,0.06,-2.78,0.13,1021.00,1023.00,1023.00,1021.00
9638,0,0,0.00,0.00,-2.15,0.00,0.13,-2.85,-0.13,100,1023.00,1023.00,1021.00
9661,0,0,0.00,0.00,-2.15,0.00,-0.19,-2.85,0.19,1021.00,1023.00,1023.00,1021.00
9681,0,0,0.00,0.00,-2.15,0.00,-0.25,-2.78,-0.13,1021.00,1023.00,1023.00,1021.00
9786,0,0,0.00,0.00,-2.15,0.00,-0.13,-2.85,-0.13,1021.00,1023.00,1023.00,102
9807,0,0,0.00,0.00,-2.15,0.00,0.13,-2.85,0.06,1021.00,1023.00,1023.00,1021.00
10017,0,0,0.00,0.00,-2.15,0.00,0.06,-2.85,0.06,1021.00,1023.00,1023.00,1021.00
10097,0,0,0.00,0.00,-2.15,0.00,-0.13,-2.85,-0.19,1021.00,1023.00,1023.00,1
10119,0,0,0.00,0.00,-2.15,0.00,0.00,-2.85,0.06,1021.00,1023.00,1023.00,1021.00
10238,0,0,0.00,0.00,-2.15,0.00,0.06,-2.85,-0.06,1021.00,1023.00,1023.00,1021.00
10331,0,0,0.00,0.00,-2.15,0.00,-0.13,-2.85,-0.13,1021.00,1023.00,1023.00,1021.00
10356,0,0,0.00,0.00,-2.15,0.00,-0.06,-2.85,0.19,1021.00,1023.00,1023.00,1021.00
10457,0,0,0.00,0.00,-2.15,0.00,-0.06,-2.85,0.13,1021.00,1023.00,1023.00,1021.00
10551,0,0,0.00,0.00,-2.15,0.00,0.00,-2.85,0.00,1021.00,1023.00,1023.00,1021.00
10653,0,0,0.00,0.00,-2.15,0.00,0.06,-2.85,-0.06,1021.00,1023.00,1023.00,1021.00
10740,0,0,0.00,0.00,-2.15,0.00,0.00,-2.85,0.06,1021.00,.00,1023.00,1021.00
10758,0,0,0.00,0.00,-2.15,0.00,-0.19,-2.85,0.06,1021.00,1023.00,1023.00,1021.00
10835,0,0,0.00,0.00,-2.15,0.00,-0.37,-2.85,0.31,1021.00,1023.00,1023.00,1021.00
10933,0,0,0.00,0.00,-2.19,0.00,6.25,-2.83,-4.44,1019.00,1025.00,1025.00,1019.00
11049,0,0,0.00,0.00,-1.75,0.00,3.25,-2.40,-1.94,1020.00,1024.00,1024.00,1020.00
11126,0,0,0.00,0.00,-2.18,0.00,3.06,-2.80,-6.75,1018.00,1026.00,1026.00,1
11149,0,0,0.00,0.00,-2.22,0.00,1.31,-2.90,-1.69,1020.00,1024.00,1024.00,1020.00
11643,0,0,0.00,0.00,-1.68,0.00,-4.69,-2.43,3.37,1022.00,102,1022.00,1022.00
11664,0,0,0.00,0.00,-1.40,0.00,-13.56,-2.23,9.63,1024.00,1020.00,1020.00,1024.00
11760,0,0,0.00,0.00,0.13,0.00,2.87,-0.55,0.00,1022.00,1022.00,1022.00,1022.00
11872,0,0,0.00,0.00,0.38,0.00,-4.50,-0.41,6.69,1024.00,1020.00,1020.00,1024.00
11967,0,0,0.00,0.00,0.09,0.00,9.19,-0.43,-7.50,1019.00,1025.00,1025.00,1019.00
12070,0,0,0.00,0.00,-1.11,0.00,20.19,-1.61,-18.81,4.00,1030.00,1030.00,1014.00
12206,0,0,0.00,0.00,-1.09,0.00,-7.25,-1.86,2.06,1022.00,102,1021.00,1023.00
12226,0,0,0.00,0.00,-0.82,0.00,-9.88,-1.70,8.75,1024.00,1020.00,1020.00,1024.00
12322,0,0,0.00,0.00,0.00,0.00,-10.31,-0.79,6.50,1024.00,1020.00,1020.00,1024.00
12449,0,0,0.00,0.00,-0.66,0.00,-3.19,-1.44,6.50,1023.00,1021.00,1021.00,1
12468,0,0,0.00,0.00,-0.68,0.00,2.62,-1.35,0.69,1022.00,1022.00,1022.00,1022.00
12552,0,0,0.00,0.00,-0.50,0.00,-6.25,-1.26,7.81,1024.00,1020.00,1020.01021.00,1023.00
12571,0,0,0.00,0.00,-0.32,0.00,-6.69,-1.09,5.87,1023.00,1021.00,1021.00,1023.00
12669,0,0,0.00,0.00,0.05,0.00,4.31,-0.61,-2.56,1021.00,1023.00,1023.00,1021.00
12808,0,0,0.00,0.00,-0.69,0.00,1.69,-1.34,-2.62,1021.00,1023.00,1023.00,1021.00
12910,0,0,0.00,0.00,-0.57,0.00,-4.69,-1.38,5.44,1023.00,1021.00,1021.00,1023.00
13037,0,0,0.00,0.00,-0.08,0.00,-1.25,-0.79,2.81,1022.00,1022.00,1022.00,1022.00
13170,0,0,0.00,0.00,-0.57,0.00,2.62,-1.24,-2.06,1021.00,1023.00,1023.00,1021.00
13279,0,0,0.00,0.00,-0.61,0.00,-0.81,-1.31,1.25,1022.00,1022.00,1022.00,1022.00
13403,0,0,0.00,0.00,-0.28,0.00,-1.12,-1.00,1.37,1022.00,1022.00,1022.00,1022.00
13471,0,0,0.00,0.00,-0.36,0.00,-0.44,-1.07,-0.19,1022.00,1022.00,1,1022.00
13493,0,0,0.00,0.00,-0.37,0.00,0.44,-1.05,0.69,1022.00,1022.00,1022.00,1022.00
13520,0,0,0.00,0.00,-0.44,0.00,2.44,-1.12,-1.62,1021.00,1023.00,1023.00,1021.00
13539,0,0,0.00,0.00,-0.54,0.00,3.12,-1.17,-3.31,1021.00,1023.00,1023.00,1021.00
13597,0,0,0.00,0.00,-0.62,0.00,-1.19,-1.32,0.62,1022.00,1022.01022.00,1022.00,1022.00
13618,0,0,0.00,0.00,-0.62,0.00,-0.13,-1.32,0.56,1022.00,1022.00,1022.00,1022.00
13692,0,0,0.00,0.00,-,0.00,-1.25,-1.35,0.94,1022.00,1022.00,1022.00,1022.00
13735,0,0,0.00,0.00,-0.53,0.00,-2.19,-1.18,2.94,1022.00,1022.00,1022.00,1022.00
13774,0,0,0.00,0.00,-0.48,0.00,0.50,-1.18,-0.06,1022.00,1022.00,1022.00,1022.00
13971,0,0,0.00,0.00,-0.58,0.00,0.19,-1.28,-0.06,1022.00,1022.00,102,1022.00
13997,0,0,0.00,0.00,-0.60,0.00,1.12,-1.28,-0.31,1022.00,1022.00,1022.00,1022.00
14151,0,0,0.00,0.00,-0.56,0.00,-0.81,-1.26,0.81,1022.00,1022.00,1022.00,1022.00
14177,0,0,0.00,0.00,-0.56,0.00,0.69,-1.25,0.00,1022.00,1022.00,1022.00,1022.00
14270,0,0,0.00,0.00,-0.49,0.00,0.25,-1.19,0.00,1022.00,1022.00,1022.00,1022.00
14367,0,0,0.00,0.00,-0.51,0.00,0.00,-1.14,0.75,1022.00,1022.00,1022.00,1022.00
14463,0,0,0.00,0.00,-0.51,0.00,-1.25,-1.15,1.44,102,1022.00,1022.00,1022.00
14480,0,0,0.00,0.00,-0.50,0.00,-0.50,-1.20,0.62,1022.00,1022.00,1022.00,1022.00
14574,0,0,0.00,0.00,-0.47,0.00,0.25,-1.17,0.13,1022.00,1022.00,1022.00,102
14592,0,0,0.00,0.00,-0.49,0.00,1.00,-1.17,-0.44,1022.00,1022.00,1022.00,1022.00
14820,0,0,0.00,0.00,-0.49,0.00,0.19,-1.19,0.13,1022.00,1022.00,1022.00,1022.00
14941,0,0,0.00,0.00,-0.47,0.00,-0.31,-1.17,0.13,1022.00,1022.00,1022.00,1022.00
15118,0,0,0.00,0.00,-0.47,0.00,-0.31,-1.17,0.62,1022.00,.00,1022.00,1022.00
15142,0,0,0.00,0.00,-0.47,0.00,0.50,-1.17,0.13,1022.00,1022.00,1022.00,1022.00
15297,0,0,0.00,0.00,-0.48,0.00,-0.13,-1.18,0.44,1022.00,1022.00,1022.00,1022.00
15467,0,0,0.00,0.00,-0.46,0.00,-0.50,-1.16,0.69,1022.00022.00,1022.00,1022.00,1022.00
15720,0,0,0.00,0.00,-0.47,0.00,0.56,-1.17,-0.37,1022.00,1022.00,1022.00,1022.00
15814,0,0,0.00,0.00,-0.47,0.00,-0.44,-,0.44,1022.00,1022.00,1022.00,1022.00
15840,0,0,0.00,0.00,-0.47,0.00,-0.25,-1.17,0.25,1022.00,1022.00,1022.00,1
15864,0,0,0.00,0.00,-0.47,0.00,0.13,-1.17,0.19,1022.00,1022.00,1022.00,1022.00
16059,0,0,0.00,0.00,-0.46,0.00,0.56,-1.16,0.00,1022.00,1022.00,1022.00,1022.00
16227,0,0,0.00,0.00,-0.46,0.00,-0.31,-1.16,0.19,1022.00,1022.00,1022.00,1022.00
16267,0,0,0.00,0.00,-0.46,0.00,0.50,-1.16,-0.31,1022.00,1022.00,1022.00,1022.00
16290,0,0,0.00,0.00,-0.46,0.00,0.13,-1.16,-0.31,1022.00,1022.00,1022.00,1022.00
16415,0,0,0.00,0.00,-0.46,0.00,0.37,-1.16,-0.06,1022.00,1022.00,1022.00,1022.00
16506,0,0,0.00,0.00,6,0.00,-0.62,-1.16,0.37,1022.00,1022.00,1022.00,1022.00
16640,0,0,0.00,0.00,-0.46,0.00,0.13,-1.16,-0.37,1022.00,1022.00,1022.00,1022.00
16956,0,0,0.00,0.00,-0.44,0.00,0.69,-1.14,-0.44,1022.00,1022.00,102,1022.00
16978,0,0,0.00,0.00,-0.45,0.00,0.62,-1.14,-0.44,1022.00,1022.00,1022.00,1022.00
17143,0,0,0.00,0.00,-0.45,0.00,0.25,-1.15,-0.06,1022.00,1022.00,1022.00,1022.00
17186,0,0,0.00,0.00,-0.47,0.00,0.62,-1.16,-0.44,1022.00,1022.00,1022.00,1022.00
17325,0,0,0.00,0.00,-0.47,0.00,0.25,-1.17,-0.19,1022.00,1022.00,1022.00,1022.00
17480,0,0,0.00,0.00,-0.47,0.00,-0.06,-1.17,0.25,1022.00,1022.00,1022.00,1022.00
17540,0,0,0.00,0.00,-0.47,0.00,0.06,-1.17,0.00,1022.00,1022.00,1022.00,1022.00
17677,0,0,0.00,0.00,-0.47,0.00,0.25,-1.17,-0.06,1022.00,1022.00,1022.00,1022.00
17871,0,0,0.00,0.00,-0.46,0.00,0.19,-1.16,-0.31,1022.00,1022.00,1022.00,1022
17896,0,0,0.00,0.00,-0.46,0.00,0.00,-1.16,-0.25,1022.00,1022.00,1022.00,1022.00
18257,0,0,0.00,0.00,-0.46,0.00,0.19,-1.16,0.00,1022.00,1022.00,1022.00,1022.00
18404,0,0,0.00,0.00,-0.46,0.00,0.31,-1.16,-0.13,1022.00,1022.00,1022.00,1022.00
18562,0,0,0.00,0.00,-0.46,0.00,0.37,-1.16,0.13,1022.00,102,1022.00,1022.00
18587,0,0,0.00,0.00,-0.46,0.00,0.44,-1.16,-0.19,1022.00,1022.00,1022.00,1022.00
18754,0,0,0.00,0.00,-0.46,0.00,0.31,-1.16,0.19,1022.00,1022.00,1022.00,1022.00
18934,0,0,0.00,0.00,-0.46,0.00,0.25,-1.16,-0.19,1022.00,1022.00,1022.00,1022.00
18969,0,0,0.00,0.00,-0.46,0.00,0.06,-1.16,-0.19,1022.00,1022.00,1022.00,1022.00
19167,0,0,0.00,0.00,-0.46,0.00,0.06,-1.16,0.13,1022.00,1022.00,1022.00,1022.00
19514,0,0,0.00,0.00,-0.46,0.00,0.44,-1.16,-0.19,1022.00,1022.00,1022.00,1022.00
19671,0,0,0.00,0.00,-0.46,0.00,0.19,-1.16,-0.13,1022.00,1022.00,1022.00,1022.00
19715,0,0,0.00,0.00,-0.46,0.00,0.13,-1.16,0.06,1022.00,1022.00,1022.00,1022.00
19860,0,0,0.00,0.00,-0.46,0.00,0.37,-1.16,-0.19,1022.00,1022.00,1022.00,1022.00
20005,0,0,0.00,0.00,-0.46,0.00,0.19,-1.16,-0.13,1022.00,1022.00,1022.00,1022.00
20179,0,0,0.00,0.00,-0.46,0.00,-0.13,-1.16,-0.13,1022.00,00,1022.00,1022.00
20200,0,0,0.00,0.00,-0.46,0.00,0.50,-1.16,-0.19,1022.00,1022.00,1022.00,1022.00
20359,0,0,0.00,0.00,-0.46,0.00,-0.13,-1.16,-0.06,1022.00,1022.00,1022.00,1022.00
20544,0,0,0.00,0.00,-0.46,0.00,0.19,-1.16,-0.25,1022.00,1022.00,1022.00,1022.00
20777,0,0,0.00,0.00,-0.46,0.00,0.13,-1.16,-0.13,1022.00,1022.00,1022.00,1022.00
21126,0,0,0.00,0.00,-0.46,0.00,0.13,-1.16,0.06,1022.00,1022.00,1022.00,1022.00
21240,0,0,0.00,0.00,-0.46,0.00,0.06,-1.16,-0.13,1022.00,1022.00,1022.00,1
21282,0,0,0.00,0.00,-0.46,0.00,0.19,-1.16,-0.19,1022.00,1022.00,1022.00,1022.00
21323,0,0,0.00,0.00,-0.46,0.00,0.06,-1.16,-0.19,1022.00,1022.00,1022.00,1022.00
21468,0,0,0.00,0.00,-0.46,0.00,-0.06,-1.16,-0.13,1022.00,1022.00,1022.00,1022.00
21614,0,0,0.00,0.00,-0.46,0.00,0.13,-1.16,0.06,1022.00,1022.00,1022.00,1022.00
21814,0,0,0.00,0.00,-0.46,0.00,0.13,-1.16,-0.06,1022.00,1022.00,1022.00,1022.00
21967,0,0,0.00,0.00,-0.46,0.00,0.06,-1.16,-0.25,1022.00,1022.00,1022.00,1022.00
22156,0,0,0.00,0.00,-0.46,0.00,-0.13,-1.16,-0.25,1022.00,1022.00,1022.00,1022.00
22316,0,0,0.00,0.00,-0.46,0.00,0.00,-1.16,0.00,1022.00,1022.00,1022.00,1022.00
22379,0,0,0.00,0.00,-0.46,0.00,0.00,-1.16,-0.06,1022.00,1022.00,1022.00,1022.00
22605,0,0,0.00,0.00,-0.46-0.46,0.00,0.25,-1.16,-0.13,1022.00,1022.00,1022.00,1022.00
22737,0,0,0.00,0.00,-0.46,0.00,-0.06,-1.16,-0.06,1022.00,1022.00,1022.00,1022.00
22892,0,0,0.00,0.00,-0.46,0.00,-0.06,-1.16,0.00,1022.00,1022.00,1022.00,1022.00
22960,0,0,0,0.00,-0.46,0.00,0.25,-1.16,0.06,1022.00,1022.00,1022.00,1022.00
23072,0,0,0.00,0.00,-0.46,0.00,0.06,-1.16,-0.19,1022.00,1022.00,1022.00,1022.00
23220,0,0,0.00,0.00,-0.46,0.00,-0.19,-1.16,0.13,1022.00,1022.00,1022.00,1022.00
23401,0,0,0.00,0.00,-0.46,0.00,-0.06,-1.16,-0.06,1022.00,0,1022.00,1022.00
23428,0,0,0.00,0.00,-0.46,0.00,0.19,-1.16,-0.19,1022.00,1022.00,1022.00,1022.00
23580,0,0,0.00,0.00,-0.46,0.00,0.06,-1.16,-0.06,1022.00,1022.00,1022.00,1022.00
23770,0,0,0.00,0.00,-0.46,0.00,0.00,-1.16,-0.13,1022.00,1022.00,1022.00,1022.00
23895,0,0,0.00,0.00,-0.46,0.00,0.19,-1.16,0.00,1022.00,1,1022.00,1022.00
23925,0,0,0.00,0.00,-0.46,0.00,-0.13,-1.16,0.19,1022.00,1022.00,1022.00,1022.00
23990,0,0,0.00,0.00,-0.46,0.00,0.37,-1.16,-0.13,1022.00,1022.00,1022.00,1022.00
24111,0,0,0.00,0.00,-0.46,0.00,0.13,-1.16,0.00,1022.00,1022.00,1022.00,1022.00
24364,0,0,0.00,0.00,-0.46,0.00,0.25,-1.16,-0.06,1022.00,1022.00,1022.00,1022.00
24496,0,0,0.00,0.00,-0.46,0.00,0.19,-1.16,-0.19,1022.00,1022.00,1022.00,1022.00
24683,0,0,0.00,0.00,-0.46,0.00,0.19,-1.16,-0.13,1022.00,1022.00,1022.00,1022.00
24833,0,0,0.00,0.00,-0.46,0.00,-0.06,-1.16,0.19,1022.00,1022.00,1022.00,1022.00
25010,0,0,0.00,0.00,-0.46,0.00,0.13,-1.16,0.13,1022.00,1000,1022.00,1022.00
25031,0,0,0.00,0.00,-0.46,0.00,-0.25,-1.16,0.13,1022.00,1022.00,1022.00,1022.00
25191,0,0,0.00,0.00,-0.46,0.00,0.06,-1.16,-0.06,1022.00,1022.00,1022.00,1022.00
25380,0,0,0.00,0.00,-0.46,0.00,0.06,-1.16,0.19,1022.00,1022.00,1022.00,1022.00
25501,0,0,0.00,0.00,-0.46,0.00,0.06,-1.16,0.06,1022.00,10,1022.00,1022.00
25535,0,0,0.00,0.00,-0.46,0.00,0.00,-1.16,0.06,1022.00,1022.00,1022.00,1022.00
25602,0,0,0.00,0.00,-0.46,0.00,-0.06,-1.16,0.06,1022.00,1022.00,1022.00,1022.00
25847,0,0,0.00,0.00,-0.46,0.00,0.13,-1.16,-0.13,0,1022.00,1022.00,1022.00
25929,0,0,0.00,0.00,-0.46,0.00,0.31,-1.16,0.00,1022.00,1022.00,1022.00,.00
25950,0,0,0.00,0.00,-0.46,0.00,0.00,-1.16,0.00,1022.00,1022.00,1022.00,1022.00
26300,0,0,0.00,0.00,0.70,0.00,-9.56,-0.09,10.19,1025.00,1019.00,1019.00,1025.00
26622,0,0,0.00,0.00,-1.11,0.00,12.06,-1.57,-11.94,1017.00,10200,1027.00,1017.00
26650,0,0,0.00,0.00,-1.45,0.00,11.81,-2.04,-11.88,1017.00,1027.00,1027.00,1017.00
26851,0,0,0.00,0.00,-2.69,0.00,-2.31,-3.43,1.31,1021.00,1023.00,100,1022.00
26877,0,0,0.00,0.00,-2.57,0.00,-5.00,-3.36,3.25,1022.00,1022.00,1022.00,1022.00
27029,0,0,0.00,0.00,-1.37,0.00,-6.56,-2.21,8.19,1023.00,1021.00,1021.00,1023.00
27071,0,0,0.00,0.00,-1.19,0.00,-3.69,-1.93,4.25,1022.00,1022.00,1022.00,1022.00
27099,0,0,0.00,0.00,-1.16,0.00,-0.56,-1.86,1.44,1022.00,1022.00,1022.00,1022.00
27216,0,0,0.00,0.00,-1.69,0.00,9.06,-2.31,-8.19,1018.00,1026.00,1026.00,1018.00
27370,0,0,0.00,0.00,-2.86,0.00,4.62,-3.52,-5.56,1018.00,1026.00,1026.00,1018.00
27454,0,0,0.00,0.00,-2.82,0.00,-3.81,-3.55,2.94,1022.00,1022.00,1022.00,1022.00
27796,0,0,0.00,0.00,-1.31,0.00,1.81,-1.97,-1.56,1021.00,1023.00,1023.00,1021.00
27953,0,0,0.00,0.00,-1.67,0.00,3.81,-2.29,-3.00,1020.00,1024.00,1024.00,1020.00
27996,0,0,0.00,0.00,-1.85,0.00,4.50,-2.50,-4.75,1019.00,1025.00,1025.00,1019.00
28135,0,0,0.00,0.00,-2.19,0.00,0.75,-2.89,-1.50,1020.00,1024.00,1024.00,1020.00
28299,0,0,0.00,0.00,-1.90,0.00,-3.44,-2.63,3.87,1022.00,1022.00,1022.00,1022.00
28364,0,0,0.00,0.00,-1.70,0.00,-1.81,-2.44,1.94,1022.00,1022.00,1022.00,1022.00
28468,0,0,0.00,0.00,-1.56,0.00,-0.81,-2.28,1.56,00,1022.00,1022.00,1022.00
28494,0,0,0.00,0.00,-1.56,0.00,0.25,-2.26,0.44,1021.00,1023.00,1023.00,1021.00
28518,0,0,0.00,0.00,-1.58,0.00,1.12,-2.26,-0.50,1021.00,1023.00,1023.00,1021.00
28708,0,0,0.00,0.00,-1.82,0.00,0.25,-2.52,-0.62,1021.00,1023.00,1023.00,1021.00
28870,0,0,0.00,0.00,-1.46,0.00,-2.50,-2.19,2.37,1022.00,1022.00,1022.00,1022.00
28914,0,0,0.00,0.00,-1.34,0.00,-2.69,-2.09,2.56,1022.00,1022.00,1022.00,1022.00
29067,0,0,0.00,0.00,-0.94,0.00,1.31,-1.56,0.44,1022.00,1022.00,1022.00,1022.00
29208,0,0,0.00,0.00,-1.53,0.00,6.44,-2.10,-5.56,1019.00,1025.00,1025.00,1019.00
29386,0,0,0.00,0.00,-1.82,0.00,-1.56,-2.53,1.81,10,1022.00,1022.00,1022.00
29413,0,0,0.00,0.00,-1.77,0.00,-1.19,-2.49,1.00,1021.00,1023.00,1023.00,1021.00
29439,0,0,0.00,0.00,-1.72,0.00,-2.25,-2.45,1.94,1022.00,1022.00,1022.00,1022.00
29605,0,0,0.00,0.00,-1.03,0.00,-0.75,-1.73,1.19,1022.00,1022.00,1022.00,100
29630,0,0,0.00,0.00,-1.03,0.00,-1.19,-1.66,0.69,1022.00,1022.00,1022.00,1022.00
29993,0,0,0.00,0.00,-2.75,0.00,7.63,-3.31,-9.00,1017.00,1027.00,1027.00,1017.00
30145,0,0,0.00,0.00,-2.48,0.00,-6.87,-3.30,4.81,1022.00,1022.00,1022.00,1022.00
30203,0,0,0.00,0.00,-1.75,0.00,-13.44,-2.59,13.13,1025.00,1019.00,1019.00,1025.00
30354,0,0,0.00,0.00,-0.61,0.00,-3.81,-1.33,4.06,1022.00,1022.00,1022.00,1022.00
30573,0,0,0.00,0.00,-1.78,0.00,11.50,-2.37,-11.75,1017.00,1027.00,1027.00,1017.00
30590,0,0,0.00,0.00,-2.10,0.00,10.63,-2.70,-11.19,1017.00,1027.00,1027.00,1017.00
30797,0,0,0.00,0.00,-2.80,0.00,-4.56,-3.59,3.31,1022.00,1022.00,1022.00,1022.00
30926,0,0,0.00,0.00,-1.98,0.00,-8.13,-2.83,7.87,1023.00,1021.00,1,1023.00
30949,0,0,0.00,0.00,-1.76,0.00,-6.81,-2.60,7.94,1023.00,1021.00,1021.00,1023.00
30990,0,0,0.00,0.00,-1.56,0.00,-4.44,-2.31,4.94,1022.00,1022.00,1022.00,1022.00
31013,0,0,0.00,0.00,-1.49,0.00,-1.94,-2.20,2.81,1022.00,1022.00,1022.00,1022.00
31129,0,0,0.00,0.00,-1.71,0.00,4.87,-2.31,-4.31,1020.00,1024.00,1024.00,1020.00
31286,0,0,0.00,0.00,-2.49,0.00,2.62,-3.14,-3.12,1020.00,1024.00,1024.00,1020.00
31364,0,0,0.00,0.00,-2.62,0.00,1.44,-3.31,-1.87,1020.00,1024.00,1024.00,1020.00
31677,0,0,0.00,0.00,-2.44,0.00,-0.44,-3.15,0.62,1021.00,1023.00,100,1021.00
31701,0,0,0.00,0.00,-2.42,0.00,-0.75,-3.13,0.62,1021.00,1023.00,1023.00,1021.00
31860,0,0,0.00,0.00,-2.31,0.00,-0.25,-3.01,0.37,1021.00,1023.00,1023.00,1021.00
31905,0,0,0.00,0.00,-2.31,0.00,-0.62,-3.01,0.44,1021.00,1023.00,1023.00,1021.00
31932,0,0,0.00,0.00,-2.28,0.00,-1.12,-2.99,1.12,1021.00,1023.00,1023.00,1021.00
32052,0,0,0.00,0.00,-2.26,0.00,0.19,-2.96,-0.37,1021.00,1023.00,1023.00,1021.00
32205,0,0,0.00,0.00,-2.24,0.00,0.31,-2.94,-0.37,1021.00,1023.00,1023.00,1021.00
32370,0,0,0.00,0.00,-2.38,0.00,2.56,-3.04,-1.75,.00,1024.00,1024.00,1020.00
32395,0,0,0.00,0.00,-2.47,0.00,2.75,-3.11,-2.56,1020.00,1024.00,1024.00,1020.00
32521,0,0,0.00,0.00,-2.55,0.00,-0.69,-3.25,0.31,1,1023.00,1023.00,1021.00
32630,0,0,0.00,0.00,-2.37,0.00,-2.87,-3.10,2.50,1022.00,1022.00,1022.00,1022.00
32777,0,0,0.00,0.00,-1.82,0.00,0.13,-2.51,2.19,1022.00,1022.00,1022.00,1022.00
32827,0,0,0.00,0.00,-2.31,0.00,14.94,-2.74,-10.31,1017.00,1027.00,1027.00,1017.00
32851,0,0,0.00,0.00,-2.76,0.00,14.25,-3.17,-15.75,1014.00,1030.00,1030.00,1014.00
32955,0,0,0.00,0.00,-3.39,0.00,-1.12,-4.04,-3.19,1019.01021.00,1023.00,1023.00,1021.00
33060,0,0,0.00,0.00,-1.90,0.00,-21.19,-3.00,19.12,1027.00,1017.00,1017.00,1027.00
33352,0,0,0.00,0.00,0.57,0.00,14.62,0.14,-12.50,1018.00,1026.00,1026.00,1018.00
33430,0,0,0.00,0.00,-0.64,0.00,19.06,-1.15,-18.56,1015.00,1029.00,1029.00,1015.00
33596,0,0,0.00,0.00,-2.80,0.00,4.87,-3.32,-8.13,1017.00,1027.00,1027.00,1017.00
33654,0,0,0.00,0.00,-2.72,0.00,-5.94,-3.47,4.19,1022.00,1022.00,1022.00,1022.00
33764,0,0,0.00,0.00,-1.42,0.00,-17.50,12,17.50,1027.00,1017.00,1017.00,1027.00
33814,0,0,0.00,0.00,-0.35,0.00,-18.12,-1.41,18.25,1028.00,1016.00,1016.00,1028.00
33886,0,0,0.00,0.00,0.70,0.00,-12.38,-0.12,13.88,1027.00,1017.00,1017.00,1027.00
34003,0,0,0.00,0.00,0.85,0.00,8.19,0.22,-6.81,1020.00,1024.00,1024.00,1020.00
34246,0,0,0.00,0.00,-2.40,0.00,10.50,-2.89,-13.00,1016.00,1028.00,1028.00,1016.00
34390,0,0,0.00,0.00,-2.39,0.00,-9.81,-3.18,8.69,1023.00,1021.00,1021.00,1023.00
34433,0,0,0.00,0.00,-1.75,0.00,-15.00,-2.73,13.44,1025.00,1019.00,1019.00,10200
34460,0,0,0.00,0.00,-1.29,0.00,-16.37,-2.30,15.31,1026.00,1018.00,1018.00,1026.00
34637,0,0,0.00,0.00,0.81,0.00,-8.44,0.10,11.19,1026.00,1018.00,1018.00,1026.00
34672,0,0,0.00,0.00,0.99,0.00,-2.00,0.27,3.75,1023.00,1021.00,1021.00,1023.00
34815,0,0,0.00,0.00,-0.41,0.00,15.00,-0.82,-14.31,1016.00,1028.00,1028.00,1016.00
34915,0,0,0.00,00,-1.89,0.00,13.13,-2.46,-13.75,1016.00,1028.00,1028.00,1016.00
35023,0,0,0.00,0.00,-2.60,0.00,3.56,-3.19,-4.94,1019.00,1025.00,1025.001025.00,1019.00
35046,0,0,0.00,0.00,-2.63,0.00,-0.56,-3.26,-0.88,1020.00,1024.00,1024.00,1020.00
35156,0,0,0.00,0.00,-2.02,0,-13.19,-2.72,11.81,1025.00,1019.00,1019.00,1025.00
35179,0,0,0.00,0.00,-1.49,0.00,-14.00,-2.47,13.19,1025.00,100,1018.00,1026.00
35268,0,0,0.00,0.00,-0.04,0.00,-14.25,-0.88,14.69,1027.00,1017.00,1017.00,1027.00
35416,0,0,0.00,0.00,0.76,0.00,4.44,0.10,-2.87,1021.00,1023.00,1023.00,1021.00
35620,0,0,0.00,0.00,-1.60,0.00,13.44,-2.03,-14.38,1016.00,1028.00,1028.00,1016.00
35653,0,0,0.00,0.00,-1.95,0.00,11.06,-2.42,-12.50,1016.00,1028.00,1028.00,1016.00
35821,0,0,0.00,0.00,-2.07,0.00,-8.00,-2.93,6.62,1022.00,1022.00,100,1023.00
35846,0,0,0.00,0.00,-1.75,0.00,-10.75,-2.67,9.75,1024.00,1020.00,1020.00,1024.00
35967,0,0,0.00,0.00,-0.16,0.00,-13.31,-1.12,14.25,10,1018.00,1018.00,1026.00
36080,0,0,0.00,0.00,0.73,0.00,-3.69,-0.01,5.44,1024.00,1020.00,1020.00,1024.00
36191,0,0,0.00,0.00,0.26,0.00,9.69,-0.28,-8.69,1019.00,1025.00,1025.00,1019.00
36226,0,0,0.00,0.00,-0.06,0.00,11.69,-0.65,-11.00,1018.00,1026.00,1026.00,1018.00
36291,0,0,00,0.00,-1.11,0.00,13.50,-1.54,-14.19,1016.00,1028.00,1028.00,1016.00
36395,0,0,0.00,0.00,-2.07,0.00,7.81,-2.62,-9.63,1017.00,1027.01026.00,1026.00,1018.00
36420,0,0,0.00,0.00,-2.24,0.00,5.25,-2.82,-6.00,1019.00,1025.00,1025.00,1019.00
36518,0,0,0.00,0.00,9,0.00,-7.06,-2.85,5.19,1022.00,1022.00,1022.00,1022.00
36652,0,0,0.00,0.00,-0.76,0.00,-13.00,-1.71,13.00,1026.00,1018.00,1018.00,1026.00
36809,0,0,0.00,0.00,0.62,0.00,-2.75,-0.11,5.25,1024.00,1020.00,1020.00,1024.00
37007,0,0,0.00,0.00,-0.81,0.00,12.94,-1.26,-12.69,1017.00,1027.00,1027.00,1017.00
37030,0,0,0.00,0.00,-1.19,0.00,12.88,-1.64,-12.94,1016.00,1028.00,1028.00,1016.00
37081,0,0,0.00,0.00,-,0.00,10.63,-2.23,-11.13,1017.00,1027.00,1027.00,1017.00
37243,0,0,0.00,0.00,-2.18,0.00,-3.19,-2.91,2.06,1022.00,1022.00,1022.00,1022.00
37433,0,0,0.00,0.00,-0.22,0.00,-11.56,-1.04,11.69,1026.00,1018.00,10.00,1026.00
37456,0,0,0.00,0.00,0.08,0.00,-9.94,-0.71,10.63,1025.00,1019.00,1019.00,1025.00
37614,0,0,0.00,0.00,0.36,0.00,5.37,-0.28,-4.31,1021.00,1023.00,1023.00,1021.00
37696,0,0,0.00,0.00,-0.43,0.00,11.44,-1.02,-,1017.00,1027.00,1027.00,1017.00
37804,0,0,0.00,0.00,-1.59,0.00,8.44,-2.11,-9.81,1017.00,1027.00,1027.00,1017.00
37837,0,0,0.00,0.00,-1.81,0.00,6.56,-2.37,-8.13,1018.00,1026.00,1026.00,1018.00
38030,0,0,0.00,0.00,-1.39,0.00,-9.88,-2.18,9.25,1024.00,1020.00,1020.00,1024.00
38134,0,0,0.00,0.00,-0.32,0.00,-.88,-1.02,11.06,1025.00,1019.00,1019.00,1025.00
38190,0,0,0.00,0.00,0.25,0.00,-8.13,-0.62,9.69,1025.00,1019.00,1019.00,1025.00
38373,0,0,0.00,0.00,-0.00,0.00,8.44,-0.62,-7.37,1019.00,1025.00,1025.00,1019.00
38431,0,0,0.00,0.00,-0.48,0.00,10.56,-,-11.13,1017.00,1027.00,1027.00,1017.00
38579,0,0,0.00,0.00,-1.80,0.00,5.00,-2.39,-6.44,1019.00,1025.00,1025.00,100
38601,0,0,0.00,0.00,-1.90,0.00,2.62,-2.54,-4.31,1019.00,1025.00,1025.00,1019.00
38762,0,0,0.00,0.00,-1.27,0.00,-9.19,-2.15,8.56,1021.00,1017.00,1017.00,1021.00
38805,0,0,0.00,0.00,-0.88,0.00,-10.38,-1.68,10.19,1020.00,1014.00,1014.00,1020.00
38954,0,0,0.00,0.00,0.42,0.00,-4.50,-0.36,5.56,1016.00,1014.00,1014.00,1016.00
39100,0,0,0.00,0.00,0.01,0.00,7.63,-0.61,-7.25,1012.00,1018.00,1018.00,1012.00
39776,0,0,0.00,0.00,-1.67,0.00,5.19,-2.26,-6.50,1012.00,1018.00,1018.00,1012.00
39893,0,0,0.00,0.00,-1.10,0.00,-8.56,-1.97,8.31,1017.00,1013.00,1013.00,100
39914,0,0,0.00,0.00,-0.83,0.00,-9.25,-1.71,9.19,1017.00,1013.00,1013.00,1017.00
40093,0,0,0.00,0.00,0.06,0.00,5.25,-0.59,-4.81,1013.00,1017.00,1017.00,1013.00
40129,0,0,0.00,0.00,-0.56,0.00,9.38,-1.17,-8.63,1011.00,1019.00,1019.00,1011.00
40344,0,0,0.00,0.00,-1.37,0.00,-7.25,-2.21,6.56,1016.00,1014.00,100,1016.00
40364,0,0,0.00,0.00,-1.13,0.00,-8.13,-1.99,7.75,1016.00,1014.00,1014.00,1016.00
40466,0,0,0.00,0.00,0.06,0.00,-5.56,-0.69,7.00,1017.00,1013.00,1013.00,1017.00
40496,0,0,0.00,0.00,0.20,0.00,-2.44,-0.53,4.12,1016.00,1014.00,1014.00,1016.00
40597,0,0,0.00,0.00,-0.29,0.00,7.63,-0.85,-6.50,1012.00,1018.00,1018.00,1012.00
40808,0,0,0.00,0.00,-1.46,0.00,5.87,-2.04,-7.31,1011.00,1019.00,1019.00,1011.00
40928,0,0,0.00,0.00,-1.34,0.00,-6.37,-2.18,6.19,1016.00,1014.00,1014.00,1016.00
41070,0,0,0.00,0.00,-0.14,0.00,-7.06,-0.98,8.00,1017.00,1013.00,1013.00,1017.00
41258,0,0,0.00,0.00,-0.18,0.00,6.00,-0.76,-4.81,1013.00,1017.00,1017.00,1013.00
41414,0,0,0.00,0.00,-1.28,0.00,6.44,-1.86,-7.75,1013.00,1021.00,1021.00,1013.00
41483,0,0,0.00,0.00,-1.57,0.00,1.75,-2.25,-1.81,1051.00,1053.00,1053.00,1051.00
41842,0,0,0.00,0.00,0.03,0.00,-1.25,-0.61,1.56,1136.00,1136.00,1136.00,1136.00
41943,0,0,0.00,0.00,-0.27,0.00,4.12,-0.86,-3.69,1169.00,1171.00,1171.00,1
41983,0,0,0.00,0.00,-0.43,0.00,5.31,-1.01,-5.50,1168.00,1172.00,1172.00,1168.00
42026,0,0,0.00,0.00,-0.65,0.00,4.81,-1.26,-4.12,1193.00,1197.00,1197.00,1193.00
42174,0,0,0.00,0.00,-1.02,0.00,-0.56,-1.64,-1.12,1228.00,1230.00,1230.00,1228.00
42326,0,0,0.00,0.00,-0.43,0.00,-3.69,-1.20,3.87,1263.00,1263.00,1263.00,1263.00
42528,0,0,0.00,0.00,-0.01,0.00,-0.13,-0.64,-3.31,1298.00,1300.00,1300.00,1298.00
42686,0,0,0.00,0.00,-0.11,0.00,3.56,-0.78,-2.56,1316.00,1318.00,1318.00,1316.00
43092,0,0,0.00,0.00,-0.08,0.00,-0.19,-0.78,-0.56,1370.00,1370.00,1370.00,1370.00
43216,0,0,0.00,0.00,-0.06,0.00,1.62,-0.75,-1.31,1375.00,1375.00,1375.00,1
43239,0,0,0.00,0.00,-0.08,0.00,-0.62,-0.78,-0.06,1377.00,1377.00,1377.00,1377.00
43416,0,0,0.00,0.00,-0.17,0.00,-0.06,-0.86,-0.56,1381.00,13,1381.00,1381.00
43437,0,0,0.00,0.00,-0.17,0.00,-0.19,-0.87,0.37,1381.00,1381.00,1381.00,1381.00
43597,0,0,0.00,0.00,-0.25,0.00,-1.81,-0.97,-1.12,1383.00,1383.00,1383.00,1383.00
43790,0,0,0.00,0.00,-0.23,0.00,-2.00,-0.96,1.94,1408.00,1408.00,1408.00,1408.00
44020,0,0,0.00,0.00,-0.12,0.00,0.25,-0.82,1.31,1428.00,1428.00,1428.00,1428.00
44129,0,0,0.00,0.00,-0.20,0.00,-1.81,-0.91,0.37,1435.00,1435.00,1435.00,1
44159,0,0,0.00,0.00,-0.14,0.00,-1.69,-0.86,1.87,1446.00,1446.00,1446.00,1446.00
44360,0,0,0.00,0.00,-0.31,0.00,-0.88,-1.02,0.56,1464.00,1464.00,1464.00,1464.00
44514,0,0,0.00,0.00,-0.36,0.00,-2.06,-1.09,-0.13,1481.00,1481.00,1481.00,1481.00
44561,0,0,0.00,0.00,-0.28,0.00,-1.00,-0.99,1.69,1481.00,1481.00,1481.00,1481.00
44583,0,0,0.00,0.00,-0.25,0.00,0.00,-0.95,1.37,1481.00,1481.00,1481.00,1481.00
44714,0,0,0.00,0.00,-0.15,0.00,-1.94,-0.87,2.50,1483.00,1483.00,1483.00,1483.00
44828,0,0,0.00,0.00,-0.16,0.00,1.69,-0.85,-2.25,1490.00,1,1492.00,1490.00
44860,0,0,0.00,0.00,-0.23,0.00,2.94,-0.90,-1.87,1490.00,1492.00,1492.00,1490.00
44929,0,0,0.00,0.00,-0.13,0.00,-3.25,-0.90,2.19,1496.00,1496.00,1496.00,1496.00
45029,0,0,0.00,0.00,-0.16,0.00,-0.69,-0.85,-,1501.00,1501.00,1501.00,1501.00
45393,0,0,0.00,0.00,0.07,0.00,5.19,-0.58,-7.87,1498.00,1504.00,1504.00,1498.00
45562,0,0,0.00,0.00,0.08,0.00,2.69,-0.57,-1.75,1500.00,1502.00,1502.00,1500.00
45711,0,0,0.00,0.00,0.29,0.00,4.87,-0.37,-2.44,1500.00,1502.00,1,1499.00
45737,0,0,0.00,0.00,0.07,0.00,6.44,-0.57,-8.00,1498.00,1504.00,1504.00,1498.00
46015,0,0,0.00,0.00,0.39,0.00,-6.19,-0.37,6.06,1503.00,1499.00,1499.00,1503.00
46078,0,0,0.00,0.00,0.36,0.00,6.75,-0.27,-4.62,1500.00,1502.00,1502.00,1500.00
46198,0,0,0.00,0.00,0.47,0.00,-3.50,-0.26,4.87,1502.00,1500.00,1500.00,1502.00
46357,0,0,0.00,0.00,0.17,0.00,-5.37,-0.58,4.37,1502.00,1500.00,1500.00,1502.00
46404,0,0,0.00,0.00,0.36,0.00,-0.50,-0.37,4.69,1502.00,1500.00,1500.00,1502.00
46541,0,0,0.00,0.00,0.46,0.00,-4.50,-0.32,6.62,1504.00,1500.00,1500.00,1504.00
46826,0,0,0.00,0.00,0.34,0.00,2.81,-0.34,-2.37,1500.00,1502.00,1502.00,1500.00
47003,0,0,0.00,0.00,0.40,0.00,1.81,-0.27,-1.19,1501.00,1501.00,1501.00,1501.00
47150,0,0,0.00,0.00,0.39,0.00,2.94,-0.29,-3.37,1500.00,1502.00,1502.00,1500.00
47333,0,0,0.00,0.00,0.07,0.00,1.81,-0.52,-1.75,1501.00,1501.00,1501.00,15
47360,0,0,0.00,0.00,-0.01,0.00,2.87,-0.58,-2.00,1500.00,1502.00,1502.00,1500.00
47703,0,0,0.00,0.00,-0.05,0.00,1.62,-0.73,-1.94,1500.00,1502.00,1502.00,1500.00
47793,0,0,0.00,0.00,-0.15,0.00,-0.50,-0.85,-,1501.00,1501.00,1501.00,1501.00
47939,1,1,37.37,0.61,2.10,466.67,-88.19,-36.76,-430.73,1311.00,1691.00,1691.00,1311.00
47963,1,1,52.58,2.87,6.09,466.67,-162.50,-49.71,-329.42,1343.00,1659.00,1659.00,1343.00
48043,1,2,91.40,14.55,28.30,466.67,-299.44,-76.86,-180.92,1387.00,1615.00,1615.00,1387.00
48077,1,2,107.10,20.52,36.96,466.67,-299.50,-86.58,-169.42,1386.00,1616.00,1616.00,1386.00
48424,1,2,258.36,50.95,83.354.73,466.67,-73.25,-214.69,-402.73,1222.00,1780.00,1780.00,1222.00
48504,1,3,306.08,56.26,93.74,466.67,-123.69,-249.82,-349.35,1223.00,1779.00,1779.00,1223.00
48544,1,3,322.10,58.86,97.93,466.67,-151.37,-263.24,-330.10,1223.00,1779.00,1779.00,1223.00
48606,176,106.31,466.67,-189.75,-282.45,-293.98,1227.00,1775.00,1775.189.75,1635.00,1367.00,1367.00,1635.00
48639,1,0,350.00,63.76,112.31,0.00,-215.75,109.52,206.87,1644.00,1358.0000,1354.00,1648.00
48717,1,0,350.00,63.76,127.34,0.00,-43.00,125.34.64,43.00,1589.00,1413.00,1413.00,1589.00
48745,1,0,350.00,63.76,125.00,0.00,141.87,126.47,-18.06,1564.00,1438.8.00,1488.00,1514.00
48863,1,0,350.00,63.76,73.18,0.00,623.12,84.74,-595.94,1314.00,1706.00,1706.00,1296.00
48944,1,0,350.00,63.76,20.54,0.00,622.62,32.18,-6-622.62,1267.00,1735.00,1735.00,1267.00
48972,1,0,350.00,63.76,4.09,0.00,532.37,14.06,-595.62,1274.00,1728.00,109.00,1293.00
49202,1,0,350.00,63.76,-7.16,0.00,-224.06,-12.02,187.75,1568.00,1434.00,1417.00,1585.00
49227,1,0,350.00,63.76,0.10,0.00,-252.87,-3.07,240.56,1594.00,1408.00,1408.00,1594592.00
49320,1,0,350.00,63.76,14.45,0.00,-129.06,12.51,165.75,1573.00,1429.00,1429.00,559.00
49355,1,0,350.00,63.76,16.22,0.00,-21.87,15.31,63.37,1534.00,1468.00,1468.00,1534.00
49401,1,0,350.00,63.76,12.89,0.00,111.25,13.27,-73.75,1480.00,1522.00,1521538.00,1464.00
49425,1,0,350.00,63.76,8.33,0.00,179.69,9.36,-159.37,1444.00,1558.00,1558.00,1444.00
49462,1,0,350.00,63.76,1.59,0.00,172.56,4.08,-183.19,1431.00,1571.00,1571.00,1431.00
49531,1,0,350.00,63.76,-5.82,0.00,52.75,-5.43,-68.62,1471.00,1531.00,1531.00,1471.00
49551,1,0,350.00,.76,-7.27,0.00,44.00,-7.03,-53.19,1477.00,1525.00,1525.00,1477.00
49639,1,0,35.00,63.76,-7.71,0.00,-30.50,-8.83,-0.31,1496.00,1506.00,1506.00,1496.00
49697,1,0,350.00,63.76,-4.40,0.00,-79.44,-6.72,70.31,1521537.00,1465.00,1465.00,1537.00
49860,1,0,350.00,63.76,3.23,0.00,4.62,2.58,-2.69,1501.00,1501.00,.00,1501.00
49881,1,0,350.00,63.76,3.02,0.00,8.44,2.41,-6.81,1500.00,1502.00,1502.00,1500.00
49898,1,0,30,63.76,2.63,0.00,14.38,2.07,-13.94,1497.00,1505.00,1505.00,1497.00
50002,1,0,350.00,63.76,-1.21,0.00,58.56,-01,-58.56,1477.00,1525.00,1525.00,1477.00
50099,1,0,350.00,63.76,-3.65,0.00,13.162,-4.35,-13.19,1494.00,1508.00,1508.00,1494.00
50131,1,0,350.00,63.76,-3.37,0.00,-13.13,-4.30,5.62,1501.00,15000,1499.00,1503.00
50160,1,0,350.00,63.76,-3.00,0.00,-12.25,-3.95,12.44,1503.00,1499.00,1499.00,1503.00
50316,1,0,350.00,63.76,0.46,0.00,-33.50,-0.93,38.81,1515.00,1487.00,1487.00,1515.00
50339,1,0,350.00,63.76,1.16,0.00,-18.87,0.11,29.00,1512.00,1490.00,1490.00,1512.00
50419,1,0,350.00,63.76,1.18,0.00,6.44,0.64,3,1498.00,1504.00,1504.00,1498.00
50467,1,0,350.00,63.76,0.44,0.00,7.44,-0.19,-9.31,1498.00,10,1504.00,1498.00
50549,1,0,350.00,63.76,-0.40,0.00,20.62,-0.73,-13.06,1496.00,1506.000,1509.00,1493.00
50573,1,0,350.00,63.76,-1.16,0.00,28.44,-1.58,-23.69,1491.00,1511.00,1511.00,1491.00
50608,1,0,350.00,63.76,-1.91,0.00,22.81,-2.38,-25.75,1490.00,1512.00,1512.00,1490.00
50720,1,0,350.00,63.76,-70,0.00,-11.94,-2.52,12.94,1504.00,1498.00,1498.00,1504.00
50788,1,0,350.00,63.76,-135,0.00,-3.56,-2.08,2.19,1501.00,1501.00,1501.00,1501.00
50811,1,0,350.00,63.76,-1.20,0.00,-9.06,-2.05,3.56,1500,1499.00,1499.00,1503.00
50840,1,0,350.00,63.76,-0.76,0.00,-17.69,-1.78,12.69,1505.00,1497.00,1497..00,1507.00
50957,1,0,350.00,63.76,-0.04,0.00,10.56,-0.56,-4.25,1500.00,1502.00,1502.00,1500.00
51007,1,0,350.00,63.76,-0.55,0.00,10.81,-1.09,-12.19,1496.00,1506.00,1506.00,1496.00
51033,1,0,350.00,63.76,-0.60,0.00,-0.19,-1.28,-3.37,1499.00,1503.00,1503.00,1499.00
51064,1,0,350.00,6,-0.61,0.00,1.19,-1.30,0.44,1501.00,1501.00,1501.00,1501.00
51254,1,0,350.00,63.76,-1.32,0.00,-12.69,-2.25,12.69,1494.00,1488.00,1488.00,1494.00
51277,1,0,350.00,63.76,-0.94,0.00,-11.38,-1.75,13.44,1495.00,1487.00,1487,1494.00
51301,1,0,350.00,63.76,-0.76,0.00,-3.37,-1.50,6.12,1492.00,1490.00,1490.00,1492.00
51353,1,0,350.00,63.76,-0.90,0.00,3.12,-1.56,-4.31,1489.00,1493.00,1493.00,1489.00
51376,1,0,350.00,63.76,-0.87,0.00,-2.87,-1.60,-1.37,1487.00,1489.00,1489.00,1487.00
51484,1,0,350.00,.76,-0.44,0.00,6.44,-1.07,-1.37,1463.00,1465.00,1465.00,1463.00
51509,1,0,350.00,63.76,-0.62,0.00,10.13,-1.14,-3,1459.00,1467.00,1467.00,1459.00
51630,1,0,350.00,63.76,-0.80,0.00,-6.00,-1.63,4.69,1458.00,1458.00,1458.00,140
51654,1,0,350.00,63.76,-0.67,0.00,-2.19,-1.44,6.56,1458.00,1456.00,1456.00,1458.00
51733,1,0,350.00,63.76,-,0.00,-0.50,-1.71,-1.81,1418.00,1420.00,1420.00,1418.00
51942,1,0,350.00,63.76,-1.19,0.00,5.12,-1.70,-8.63,1238.00,209.00,1209.00,1203.00
51969,1,0,350.00,63.76,-1.20,0.00,-2.50,-1.91,-3.12,1204.00,1208.00,1208.00,1204.00
51993,1,0,350.00,63.76,-1.15,0.00,1.94,-1.87,3.56,1132.00,1132.00,1132.00,1132.00
52082,1,0,350.00,63.76,-1.8,0.00,6.50,-2.57,-12.31,1008.00,1020.00,1020.00,1008.00
52224,1,0,350.00,63.76,-1.71,0.00,0.88,-2.40,0.37,1013.00,1015.00,1015.00,1013
52300,1,0,350.00,63.76,-1.85,0.00,-4.25,-2.58,1.87,1014.00,1014.00,1014.00,1014.00
52334,1,0,350.00,63.76,-1.61,0.00,-9.75,-2.41,8.06,1015.00,1013.00,1013.00,1015.00
52381,1,0,350.00,63.76,-1.16,0.00,-5.31,-1.91,10.25,1016.00,1012.00,1012.00,1016.00
52403,1,0,350.00,63.76,-1.12,0.00,0.69,-1.81,3.19,1014.00,1014.00,1014.00,1014.00
52621,1,0,350.00,63.76,-1.12,0.00,9.00,-1.76,-7.69,1010.00,1018.00,1018.00,1010.00
52645,1,0,350.00,63.76,-1.48,0.00,9.13,-2.02,-10.81,1009.00,1019.00,1019.00,1009.00
52854,0,0,350.00,63.76,-1.81,0.00,-2.50,-2.47,-.50,1014.00,1014.00,1014.00,1014.00
52878,0,0,350.00,63.76,-1.63,0.00,-7.75,-2.40,5.25,1014.00,1014.00,1014.00,.00
52927,0,0,350.00,63.76,-1.41,0.00,-5.81,-2.17,8.50,1016.00,1012.00,1012.00,1016.00
52993,0,0,350.00,63.76,-1.37,0.00,1.44,-2.05,-2.00,1013.00,1015.00,1015.00,1013.00
53025,0,0,350.00,66,-1.30,0.00,-4.56,-2.07,0.19,1013.00,1015.00,1015.00,1013.00
53092,0,0,350.00,63.76,0.81,0.00,-4.87,-1.58,7.37,1016.00,1012.00,1012.00,1016.00
53115,0,0,350.00,63.76,-0.83,0.00,0.81,-1.51,4.87,100,1015.00,1015.00,1013.00
53304,0,0,350.00,63.76,-1.16,0.00,5.81,-1.69,-2.31,1013.00,1015.00,1015.00,1013.00
53330,0,0,350.00,63.76,-1.35,0.00,7.75,-1.93,-6.69,1011.00,1017.00,1017.00,1011.00
53410,0,0,350.00,63.76,-1.58,0.00,4.06,-2.24,-6.37,014.00,1014.00,1014.00,1014.00
53458,0,0,350.00,63.76,-1.38,0.00,-3.37,-2.05,4.25,1014.00,10,1014.00,1014.00
53546,0,0,350.00,63.76,-1.45,0.00,2.06,-2.06,-2.12,1013.00,1015.00,1015.00,1013.00
53574,0,0,350.00,63.76,-1.41,0.00,-3.37,-2.07,1.00,1014.00,1014.00,1014.00,1014.00
53771,0,0,350.00,63.76,-0.74,0.00,-4.19,-1.5,4.19,1014.00,1014.00,1014.00,1014.00
53823,0,0,350.00,63.76,-0.60,0.00,0.94,-1.30,2.56,1014.00,1014.00,1014.00,1014.00
53912,0,0,350.00,63.76,-1.00,0.00,5.75,-1.60,-5.94,1011.00,1017.00,1017.00,1011.00
54059,0,0,350.00,63.76,-1.08,0.00,5.44,-1.73,-2.56,.00,1017.00,1017.00,1011.00
54224,0,0,350.00,63.76,-1.06,0.00,-0.13,-1.78,1.19,1014.00,1014.00,1014.00,1014.00
54247,0,0,350.00,63.76,-1.07,0.00,-0.13,-1.76,-1.12,1013.00,1015.00,1015.00,1013.00
54388,0,0,350.00,63.76,-0.53,0.00,-3.50,-1.22,5.56,1016.00,1000,1017.00,1017.00
54464,0,0,350.00,63.76,-0.55,0.00,1.06,-1.23,-1.50,1016.00,1018.00,18.00,1016.00
54490,0,0,350.00,63.76,-0.54,0.00,-1.62,-1.25,-0.37,1017.00,1017.00,1017.00,1017.00
54611,0,0,350.00,63.76,-0.69,0.00,6.12,9,-6.12,1014.00,1020.00,1020.00,1014.00
54717,0,0,350.00,63.76,-0.87,0.00,0.69,-1.57,-0.25,1017.00,1017.00,1017.00,6.00
54749,0,0,350.00,63.76,-0.92,0.00,2.50,-1.58,-2.50,1016.00,1018.00,1018.00,1016.00
54824,0,0,350.00,63.76,-1.06,0.00,-0.94,-1.76,-0.31,1016.00,1018.00,1018.00,1016.00
54951,0,0,350.00,63.76,-0.66,0.00,-0.13,-1.37,0.69,.00,1015.00,1015.00,1015.00
55153,0,0,350.00,63.76,-0.27,0.00,2.56,-0.94,-2.00,1014.00,1016.00,1016.00,1014.00
55180,0,0,350.00,63.76,-0.33,0.00,1.56,-0.94,-2.12,1014.00,1016.00,1016.00,1014.00
55294,0,0,350.00,63.76,-0.46,0.00,4.94,-1.01,-3.37,1014.00,101,1017.00,1013.00
55377,0,0,350.00,63.76,-0.78,0.00,1.62,-1.44,-3.19,1013.00,1017.00,116.00,1014.00
55402,0,0,350.00,63.76,-0.79,0.00,-0.31,-1.42,-0.75,1014.00,1016.00,1016.00,1014.00
55536,0,0,350.00,63.76,-0.90,0.00,0.31,-0,-0.31,1013.00,1015.00,1015.00,1013.00
55679,0,0,350.00,63.76,-0.45,0.00,-1.25,-1.17,1.50,1014.00,1014.00,1014.00,1014.00
55748,0,0,350.00,63.76,-0.31,0.00,-3.75,-1.07,2.69,1014.00,1014.00,1014.00,1014.00
55848,0,0,350.00,63.76,0.19,0.00,2.81,-0.84,-1.69,1013.00,1015.00,1015.00,1013.00
55872,0,0,350.00,63.76,-0.22,0.00,3.25,-0.89,-2.81,100,1015.00,1015.00,1013.00
56068,0,0,350.00,63.76,-0.69,0.00,4.37,-1.30,-4.87,1012.00,1016.00,1016.00,1012.00
56092,0,0,350.00,63.76,-0.78,0.00,1.87,-1.46,-3.56,1012.00,1016.00,1016.00,1012.00
56299,0,0,350.00,63.76,-0.64,0.00,-3.94,-1.37,3.44,1015.00,1015.00,115.00,1015.00
56323,0,0,350.00,63.76,-0.45,0.00,-4.87,-1.25,4.75,1016.00,1014.00,1014.00,1016.00
56539,0,0,350.00,63.76,-0.13,0.00,0.06,-0.83,.06,1015.00,1015.00,1015.00,1015.00
56561,0,0,350.00,63.76,-0.18,0.00,2.81,-0.83,-0.94,1015.00,1015.00,1015.00,.00
56593,0,0,350.00,63.76,-0.28,0.00,3.44,-0.91,-3.06,1014.00,1016.00,1016.00,1014.00
56664,0,0,350.00,63.76,-0.42,0.00,1.12,-1.10,-1.12,1014.00,1016.00,1016.00,1014.00
56683,0,0,350.00,66,-0.48,0.00,2.37,-1.14,-1.50,1014.00,1016.00,1016.00,1014.00
56768,0,0,350.00,63.76,0.74,0.00,2.94,-1.39,-3.62,1013.00,1017.00,1017.00,1013.00
56794,0,0,350.00,63.76,-0.76,0.00,1.75,-1.44,-2.94,1.00,1016.00,1016.00,1014.00
56986,0,0,350.00,63.76,-0.56,0.00,-2.94,-1.32,1.69,1015.00,1015.00,1015.00,1015.00
57011,0,0,350.00,63.76,-0.45,0.00,-4.25,-1.23,3.25,1014.00,1014.00,1014.00,1014.00
57134,0,0,350.00,63.76,-0.24,0.00,0.06,-0.94,0.00,1015.00,1015,1015.00,1015.00
57225,0,0,350.00,63.76,-0.20,0.00,-0.50,-0.90,1.00,1015.00,1015.00,1.00,1015.00
57251,0,0,350.00,63.76,-0.21,0.00,1.25,-0.90,-0.56,1015.00,1015.00,1015.00,1015.00
57322,0,0,350.00,63.76,-0.36,0,3.56,-1.13,-3.87,1013.00,1017.00,1017.00,1013.00
57457,0,0,350.00,63.76,-0.57,0.00,0.25,-1.26,0.5,1015.00,1015.00,1015.00,1015.00
57479,0,0,350.00,63.76,-0.68,0.00,4.12,-1.22,-3.12,1014.00,1016.00,1016.00,100
57505,0,0,350.00,63.76,-0.81,0.00,4.56,-1.35,-5.06,1013.00,1017.00,1017.00,1013.00
57602,0,0,350.00,63.76,-0.76,0.00,-4.81,-1.44,3.87,1015.00,1015.00,1015.00,1015.00
57626,0,0,350.00,63,-0.55,0.00,-5.50,-1.29,5.62,1016.00,1014.00,1014.00,1016.00
57695,0,0,350.00,63.76,-08,0.00,0.56,-1.18,-0.37,1015.00,1015.00,1015.00,1015.00
57717,0,0,350.00,63.76,-0.48,0.00,-0.62,-1.18,-0.56,101,1015.00,1015.00,1015.00
57818,0,0,350.00,63.76,-0.06,0.00,-0.88,-0.78,4.06,1016.00,1014.00,1014.00,1016.00
57904,0,0,350.00,63.76,-0.10,0.00,-1.62,-0.85,-1.50,1014.00,1016.00,1016.00,1014.00
57930,0,0,350.00,63.76,-0.08,0.00,0.94,-0.77,3.37,1015.00,1015.00,1015.00,1015.00
57976,0,0,350.00,63.76,-0.09,0.00,1.69,-0.78,0.69,1000,1018.00,1018.00,1012.00
58148,0,0,350.00,63.76,-0.60,0.00,0.13,-1.29,-1.19,1014.00,1016.00,101600,1015.00
58173,0,0,350.00,63.76,-0.65,0.00,3.19,-1.30,-0.56,1015.00,1015.00,1015.00,1015.00
58198,0,0,00,63.76,-0.75,0.00,2.81,-1.42,-3.37,1013.00,1017.00,1017.00,1013.00
58380,0,0,350.00,63.76,-0.42,0.00,2.19,-1.10,-0.1,1014.00,1016.00,1016.00,1014.00
58405,0,0,350.00,63.76,-0.43,0.00,0.56,-1.13,-0.13,1015.00,1015.00,1015.00,1010
58428,0,0,350.00,63.76,-0.35,0.00,-1.19,-1.09,1.94,1015.00,1015.00,1015.00,1015.00
58509,0,0,350.00,63.76,-0.09,0.00,-0.88,-0.80,2.25,1014.00,1014.00,1014.00,1014.00
58611,0,0,350.00,63.76,-0.3,0.00,-0.81,-1.04,-1.50,1014.00,1016.00,1016.00,1014.00
58741,0,0,350.00,63.76,-0.64,0.00,6.12,-1.27,-6.87,1012.00,1018.00,1018.00,1012.00
58777,0,0,350.00,63.76,-0.74,0.00,1.50,-1.41,-2.81,1013.00,1015.00,1015.00,1013.00
58826,0,0,350.00,63.76,-0.69,0.00,-2.75,-1.41,2.19,1015.00,1015.00,1015.00,1015.00
58853,0,0,350.00,63.76,-0.67,0.00,0.37,-1.36,0.88,1015.00,1015.00,1015.00,1015.00
58902,0,0,350.00,63.76,-0.74,0.00,2.94,-1.41,-1.37,1010,1016.00,1016.00,1014.00
59014,0,0,350.00,63.76,-0.46,0.00,-5.69,-1.27,5.75,1016.00,1014.00,1014.00,1016.00
59063,0,0,350.00,63.76,-0.36,0.00,-0.50,-1.09,1.50,1014.00,1014.00,10140,1015.00
59085,0,0,350.00,63.76,-0.36,0.00,0.56,-1.06,-0.06,1015.00,1015.00,1015.00,1015.00
59105,0,0,30,63.76,-0.34,0.00,-2.00,-1.06,-0.06,1014.00,1014.00,1014.00,1014.00
59336,0,0,350.00,63.76,-0.35,0.00,0.13,-1.04,-1.75,1013.00,1015.00,1015.00,1013
59354,0,0,350.00,63.76,-0.35,0.00,-0.13,-1.05,0.31,1014.00,1014.00,1014.00,1014.00
59424,0,0,350.00,63.76,-0.57,0.00,5.19,-1.16,-5.19,1012.00,1016.00,1016.00,1012.00
59539,0,0,350.00,63.76,-0.6,0.00,-1.50,-1.39,2.12,1014.00,1014.00,1014.00,1014.00
59599,0,0,350.00,63.76,-0.63,0.00,1.25,-1.31,-0.06,1014.00,1014.00,1014.00,1010
59677,0,0,350.00,63.76,-0.61,0.00,-3.06,-1.34,1.69,1014.00,1014.00,1014.00,1014.00
59703,0,0,350.00,63.76,-0.48,0.00,-5.44,-1.23,5.00,1015.00,1013.00,1013.00,1015.00
59894,0,0,350.00,63.76,-0.07,0.00,-0.94,-0.81,2.75,1014.00,1014.00,00,1014.00
59932,0,0,350.00,63.76,-0.09,0.00,2.31,-0.76,-0.06,1014.00,1014.00,1014.00,1014.00
60003,0,0,350.00,63.76,-0.34,0.00,2.31,-1.01,-3.19,1013.00,1015.00,1015.00,1013.00
60222,0,0,350.00,63.76,-0.65,0.00,-1.81,-1.37,0.25,14.00,1014.00,1014.00,1014.00
60275,0,0,350.00,63.76,-0.52,0.00,-0.75,-1.25,2.19,1014.00,1014.00,1014.00,1014.00
60345,0,0,350.00,63.76,-0.47,0.00,-2.81,-1.20,0.75,1014.00,1014.00,1014.00,1014.00
60373,0,0,350.00,63.76,6,0.00,-4.69,-1.13,3.69,1014.00,1014.00,1014.00,1014.00
60451,0,0,350.00,63.76,-0.14,.00,-0.56,-0.84,1.31,1014.00,1014.00,1014.00,1014.00
60472,0,0,350.00,63.76,-0.13,0.00,0.37,-0.83,0.56,1014.00,.00,1014.00,1014.00
60501,0,0,350.00,63.76,-0.15,0.00,0.69,-0.84,-0.88,1014.00,1014.00,1014.00,1014.
60595,0,0,350.00,63.76,-0.08,0.00,-1.12,-0.80,1.69,1014.00,1014.00,1014.00,1014.00
60621,0,0,350.00,63.76,-0.09,0.00,1.12,-0.78,0.56,1014.00,1014.00,1014.00,1014.00
60814,0,0,350.00,63.76,-0.50,0.00,3.06,-1.03,-2.62,1016.00,1018.00,101,1016.00
60854,0,0,350.00,63.76,-0.60,0.00,3.00,-1.13,-3.37,1016.00,1018.00,1018.00,1016.00
60900,0,0,350.00,63.76,-0.63,0.00,-1.06,-1.27,-0.81,1016.00,1018.00,1018.00,017.00
60922,0,0,350.00,63.76,-0.56,0.00,-2.94,-1.22,2.50,1017.00,1017.00,1017.00,1017.00
61007,0,0,350.00,63.76,-0.45,0.00,-06,-1.07,0.88,1017.00,1017.00,1017.00,1017.00
61140,0,0,350.00,63.76,-0.13,0.00,-3.06,-0.82,3.69,117.00,1017.00,1017.00,1017.00
61308,0,0,350.00,63.76,-3,0.00,-0.19,-0.83,0.56,1017.00,1017.00,1017.00,1017.00
61382,0,0,350.00,63.76,-0.29,000,3.87,-0.99,-3.87,1015.00,1019.00,1019.00,1015.00
61409,0,0,350.00,63.76,-0.40,0.00,3.19,-1.03,-3.87,1015.00,.00,1018.00,1016.00
61435,0,0,350.00,63.76,-0.46,0.00,1.44,-1.13,-2.62,1016.00,1018.00,1018.00,1016.
61501,0,0,350.00,63.76,-0.48,0.00,1.44,-1.16,-0.56,1017.00,1017.00,1017.00,1017.00
61606,0,0,350.00,63.76,-0.54,0.00,-2.50,-1.28,0.94,1017.00,1017.00,1017.00,1017.00
61754,0,0,350.00,63.76,-0.34,0.00,-0.62,-1.04,0.62,1017.00,1017.00,100,1019.00
61781,0,0,350.00,63.76,-0.29,0.00,-2.19,-1.02,1.50,1017.00,1017.00,1017.00,1017.00
61822,0,0,350.00,63.76,-0.15,0.00,-3.06,-0.90,3.12,1017.00,1017.00,1017.00,019.00
61848,0,0,350.00,63.76,-0.08,0.00,-1.81,-0.79,2.81,1019.00,1019.00,1019.00,1019.00
62058,0,0,350.00,63.76,-0.26,0.00,3.06,-0.92,-2.50,102.00,1023.00,1023.00,1021.00
62307,0,0,350.00,63.76,-0.54,0.0,-1.69,-1.24,0.44,1022.00,1022.00,1022.00,1022.00
62332,0,0,350.00,63.76,-0.47,0.00,-2.94,-1.23,1.69,1022.00,1000,1022.00,1022.00
62433,0,0,350.00,63.76,-0.27,0.00,-0.19,-0.97,0.81,1022.00,1022.00,1022.00,1022.00
62590,0,0,350.00,63.76,-0.22,0.00,4.44,-0.81,-1.37,1019.00,1.00,1021.00,1017.00
62696,0,0,350.00,63.76,-0.90,0.00,6.62,-1.54,-6.44,1016.00,1022.00,1022.00,1016.00
62742,0,0,350.00,63.76,-1.23,0.00,7.06,-1.80,-6.75,1014.00,1020.00,1020.00,104.00
62767,0,0,350.00,63.76,-1.44,0.00,6.69,-1.93,-6.94,1014.00,1020.00,1020.00,1014.00
62977,0,0,350.00,63.76,-1.00,0.00,0.13,-1.75,6.12,101800,1018.00,1018.00,1016.00
63085,0,0,3350.00,63.76,-0.12,0.00,-21.12,-1.21,11.06,1020.00,1014.00,1014.00,1020.00
63113,0,0,350.00,63.76,0.17,0.00,-9.56,-0.55,11.44,1021.00,1013.00,1013.00,1021.00
63213,0,0,350.00,63.76,0.27,.00,-8.88,-0.43,0.62,1017.00,1017.00,1017.00,1017.00
63341,0,0,350.00,63.76,0.04,0.00,10.50,-0.56,-13.13,1012.00,1022.00,1022.00,1012.00
63380,0,0,350.00,63.76,-0.32,0.00,10.44,-0.88,-11.94,1012.00,1022.00,1022.00,1012.00
63429,0,0,350.00,63.76,-0.30,0.00,1.94,-0.98,2.75,1017.00,1017.00,1017.00,1017.00
63679,0,0,350.00,63.76,-0.43,0.00,4.25,-1.08,-4.12,1015.00,1019.00,1019.00,1015.00
63768,0,0,350.00,63.76,-1.27,0.00,-3.87,-2.03,-0.13,1016.00,1.00,1017.00,1017.00
63841,0,0,350.00,63.76,-0.87,0.00,-6.06,-1.66,1.25,1017.00,1017.00,1017.00,1017.00
63957,0,0,350.00,63.76,0.33,0.00,-5.06,-0.47,66,1018.00,1016.00,1016.00,1018.00
63977,0,0,350.00,63.76,0.44,0.00,-3.00,-0.32,5.12,1018.00,1016.00,1016.00,101
63999,0,0,350.00,63.76,0.52,0.00,-3.25,-0.21,3.00,1018.00,1016.00,1016.00,1018.00
64020,0,0,3,63.76,0.57,0.00,2.00,-0.10,0.62,1017.00,1017.00,1017.00,1017.00
64131,0,0,350.00,63.76,-0.22,0.00,7.06,0.92,-7.06,1014.00,1020.00,1020.00,1014.00
64152,0,0,350.00,63.76,-0.43,0.00,9.25,-1.04,-6.06,1015.00,1019.00,1.00,1013.00
64183,0,0,350.00,63.76,-0.73,0.00,9.25,-1.34,-10.31,1011.00,1019.00,1019.00,1011.00
64274,0,0,350.00,63.76,-1.32,0.00,3.87,-1.98,-6.44,1011.00,1017.00,1017.00,1011.00
64372,0,0,350.00,63.76,-1.33,0.00,-2.94,-2.07,0.75,1014.00,1014.00,1014.00,1014.00
64393,0,0,350.00,63.76,-1.26,0.00,-3.19,-,3.19,1014.00,1014.00,1014.00,1014.00
64500,0,0,350.00,63.76,-0.51,0.00,-10.50,-1.31,10.50,1017.00,1011.00,10100,1017.00
64534,0,0,350.00,63.76,-0.20,0.00,-7.06,-1.04,8.19,1016.00,1012.00,1012.00,1016.00
64582,0,0,350.00,63.76,0.07,0.00,-7.69,-0.71,6.81,1016.00,1012.00,1012.00,016.00
64605,0,0,350.00,63.76,0.37,0.00,-11.69,-0.44,10.56,1017.00,1011.00,1011.00,1017.00
64815,0,0,350.00,63.76,0.68,0.00,5.25,0.03,-3.44,1013.00,1015.00,1015.00,012.00
64839,0,0,350.00,63.76,0.38,0.00,16.00,-0.19,-11.81,1010.00,1018.00,1018.00,1010.00
64871,0,0,350,63.76,-0.11,0.00,16.44,-0.64,-16.69,1008.00,1020.00,1020.00,1008.00
65049,0,0,350.00,63.76,-1.67,0.00,3.87,-.37,-3.87,1012.00,1016.00,1016.00,1012.00
65072,0,0,350.00,63.76,-1.81,0.00,6.12,-2.41,-3.25,1012.00,1016.00,100,1011.00
65102,0,0,350.00,63.76,-1.85,0.00,-3.56,-2.57,-5.75,1011.00,1017.00,1017.00,1011.00
65185,0,0,350.00,63.76,-0.96,0.00,-17.37,-2.00,15.56,1019.00,1009.00,1009.00,1019.00
65271,0,0,350.00,63.76,-0.06,0.00,-8.19,-0.85,11.69,1018.00,1010.00,1010.00,1018.00
65294,0,0,350.00,63.76,0.24,0.00,-11.50,-0.68,8.63,1017.00,1011.00,1011.00,1017.00
65315,0,0,350.00,63.76,0.36,0.00,.06,-0.27,12.31,1018.00,1010.00,1010.00,1018.00
65457,0,0,350.00,63.76,0.95,0.00,7.25,0.33,-5.00,1013.00,1015.00,1015.00,1013.00
65501,0,0,350.00,63.76,0.69,0.00,4.31,0.07,-4.50,1013.00,1015.00,1015.00,1013.00
65609,0,0,350.00,63.76,-0.04,0.00,15.00,-0.36,-109.25,1006.00,1022.00,1022.00,1006.00
65744,0,0,350.00,63.76,-1.49,0.00,3.62,-2.15,-4.62,101.00,1016.00,1016.00,1012.00
65889,0,0,350.00,63.76,.96,0.00,-16.44,-1.96,15.25,1018.00,1010.00,1010.00,1018.00
65973,0,0,350.00,63.76,-.45,0.00,-6.31,-1.21,5.62,1015.00,1013.00,1013.00,1015.00
65998,0,0,350.00,63.76,-0.24,0.00,-12.13,-1.15,6.31,18.00,1010.00,1010.00,1018.00
66030,0,0,350.00,63.76,0.16,0.00,-13.50,-0.81,13.69,1018.00,1010.00,101.00,1019.00
66338,0,0,350.00,63.76,-0.61,0.00,7.12,-1.14,-12.50,1009.00,1019.00,100,1011.00
66374,0,0,350.00,63.76,-0.69,0.00,1.25,-1.38,-4.06,1012.00,1016.00,1016.00,1012.00
66421,0,0,350.00,63.76,-0.93,0.00,8.44,-1.48,-4.50,1012.00,1016.00,1016.00,1010.00
66446,0,0,350.00,63.76,-1.23,0.00,11.19,-1.73,-10.06,1010.00,1018.00,1018.00,1010.00
66469,0,0,3.00,63.76,-1.55,0.00,10.06,-2.04,-11.13,1009.00,1019.00,1019.00,1009.00
66665,0,0,350.00,63.76,-2.02,0.00,13.81,-2.72,-13.81,1008.00,1020.00,1020.00,1008.00
66687,0,0,350.00,63.76,-2.45,0.00,11.00,-2.98,-12.88,1008.00,1020.00,20.00,1008.00
66796,0,0,350.00,63.76,-1.97,0.00,-2.00,-2.70,4.19,1014.00,1014.00,1014.00,1014.00
66905,0,0,350.00,63.76,-0.84,0.00,-22.44,-1.76,21.75,1021.00,1007.00,1007.00,1021.00
66929,0,0,350.00,63.76,-0.42,0.00,-.69,-1.12,21.12,1021.00,1007.00,1007.00,1021.00
67066,0,0,350.00,63.76,0.97,0.00,-14.31,0.14,13.38,1019.00,1009.00,1009.00,1019.00
67136,0,0,350.00,63.76,1.21,0.00,12.13,0.70,-2.87,1014.00,1014.00,1014.00,1014.00
67220,0,0,350.00,63.76,0.60,0.00,16.,-0.40,-14.06,1009.00,1019.00,1019.00,1009.00
67265,0,0,350.00,63.76,-0.12,0.00,5.06,-0.77,-,1012.00,1016.00,1016.00,1012.00
67353,0,0,350.00,63.76,-1.20,0.00,20.37,-1.51,--20.37,1005.00,1023.00,1023.00,1005.00
67379,0,0,350.00,63.76,-1.62,0.00,10.38,-2.21,-14.50,1008.00,1020.00,1020,1009.00
67412,0,0,350.00,63.76,-1.62,0.00,-3.31,-2.35,0.00,1013.00,1015.00,1015.00,1013.00
67481,0,0,350.00,63.76,-1.37,0.00,4.06,-2.02,-2.69,1012.00,1016.00,1016.00,1012.00
67502,0,0,350,63.76,-1.55,0.00,6.69,-2.18,-6.75,1011.00,1017.00,1017.00,1011.00
67584,0,0,350.00,3.76,-1.05,0.00,-16.12,-1.90,11.56,1017.00,1011.00,1011.00,1017.00
67606,0,0,350.00,63.76,-0.75,0.00,-14.56,-1.,14.56,1018.00,1010.00,1010.00,1018.00
67645,0,0,350.00,63.76,-0.58,0.00,-2.19,-1.29,9.63,1017.00,10,1015.00,1013.00
67762,0,0,350.00,63.76,-0.50,0.00,-10.63,-1.34,8.75,1016.00,1012.00,1012.00,1016.00
67829,0,0,350.00,63.76,-0.09,0.00,2.00,-0.74,-0.37,1014.00,1014.00,1014.00,1014.00
68037,0,0,350.00,63.76,0.01,0.00,10.00,-0.44,-6.87,1012.000,1018.00,1018.00,1010.00
68143,0,0,350,63.76,-0.17,0.00,0.13,-0.82,2.56,1014.00,1014.00,1014.00,1014.00
68277,0,0,350.00,63.76,-1.8,0.00,-2.94,-1.81,-1.06,1013.00,1015.00,1015.00,1013.00
68300,0,0,350.00,63.76,-1.04,0.00,-4.44,-1.78,2.94,101,1014.00,1014.00,1014.00
68405,0,0,350.00,63.76,-1.30,0.00,4.19,-1.96,-6.25,1011.00,1017.00,1017.00,1011.00
68442,0,0,350.00,63.76,-1.27,0.00,-3.44,-2.00,1.50,1014.00,1014.00,1014.00,1014.00
68491,0,0,350.00,63.76,-0.84,0.00,-10.94,-1.76,10.56,1017.00,1011.00,1011.00,1017.00
68515,0,0,350.00,63.76,-0.63,0.00,-5.62,-1.38,8.88,1016.00,1012.00,1012.00,1016.00
68638,0,0,350.00,63.76,-0.22,0.00,-9.75,-1.08,7.56,1016.00,1.00,1011.00,1017.00
68728,0,0,350.00,63.76,0.09,0.00,1.94,-0.59,0.56,1014.00,1014.00,10.00,1013.00
68752,0,0,350.00,63.76,-0.06,0.00,7.19,-0.69,-6.56,1012.00,1016.00,1016.00,1012.00
68835,0,0,350.00,63.76,-0.22,00,-3.94,-0.92,3.00,1014.00,1014.00,1014.00,1014.00
68966,0,0,350.00,63.76,-0.88,0.00,6.44,-1.38,-6.44,1011.00,1017.00,1017.00,1011.00
68988,0,0,350.00,63.76,-0.97,0.00,0.56,-1.63,-4.75,1012.00,1016.00,1016,1013.00
69026,0,0,350.00,63.76,-0.92,0.00,-2.25,-1.67,1.50,1014.00,1014.00,1014.00,1014.00
69093,0,0,350.00,63.76,-1.16,0.00,7.06,-1.73,-5.87,1011.00,1017.00,1017.00,1011.00
69202,0,0,350.00,676,-0.83,0.00,-7.75,-1.69,9.06,1016.00,1012.00,1012.00,1016.00
69247,0,0,350.00,63.76,-0.67,0.00,-1.69,-1.38,3.62,1014.00,1014.00,1000,1013.00
69330,0,0,350.00,63.76,-0.56,0.00,-5.81,-1.32,2.00,1014.00,1014.00,1014.00,1014.
69371,0,0,350.00,63.76,-0.31,0.00,-9.50,-1.10,9.13,1017.00,1013.00,1013.00,1017.00
69415,0,0,350.00,63.76,0.05,0.00,-3.75,-0.75,7.69,1017.00,1013.00,1013.00,1017.00
69437,0,0,350.00,63.76,0.03,0.00,2.62,-0.64,1.50,1017.00,1017.00,1017.00,1017.00
69559,0,0,350.00,63.76,-0.04,0.00,-2.06,-0.76,2.56,1019.00,00,1019.00,1019.00
69644,0,0,350.00,63.76,-0.47,0.00,9.69,-1.07,-9.00,1018.00,1026.00,026.00,1018.00
69668,0,0,350.00,63.76,-0.68,0.00,4.94,-1.33,-7.06,1019.00,1025.00,1025.00,1019.00
69883,0,0,350.00,63.76,-1.09,0.00,-4.56,-1.,4.56,1023.00,1023.00,1023.00,1023.00
69940,0,0,350.00,63.76,-0.71,0.00,-2.69,-1.48,6.00,1024.00,1022.00,1022.00,1024.00
70012,0,0,350.00,63.76,-0.63,0.00,-1.94,-1.39,0.44,1023.00,1023.00,1023.00,1023.00
70126,0,0,350.00,63.,0.03,0.00,-2.81,-0.70,4.44,1024.00,1022.00,1022.00,1024.00
70151,0,0,350.00,63.76,0.03,0.00,0.75,-0.60,2.81,1000,1023.00,1023.00,1023.00
70382,0,0,350.00,63.76,-0.49,0.00,6,-1.19,-6.37,1020.00,1026.00,1026.00,1020.00
70483,0,0,350.00,63.76,-0.73,0.00,4.81,-1.39,-2.25,1021.00,1023.00,.00,1020.00
70519,0,0,350.00,63.76,-0.90,0.00,7.12,-1.53,-5.69,1019.00,1025.00,1025.00,1019.00
70566,0,0,350.00,63.76,-1.11,0.00,1.06,-1.77,-4.50,1020.00,1024.00,1024.00,1021.00
70592,0,0,350.00,63.76,-1.05,0.00,-3.69,-1.81,0.56,1022.00,1022.00,1022.00,1022.00
70616,0,0,30,63.76,-0.89,0.00,-5.56,-1.65,5.06,1023.00,1021.00,1021.00,1023.00
70834,0,0,350.00,63.76,-0.11,0.00,-5.31,-0.86,6.50,1024.00,1020.00,1020.00,1024
70858,0,0,350.00,63.76,-0.03,0.00,-0.88,-0.74,2.62,1022.00,1022.00,1022.00,1022.00
70948,0,0,350.00,63.76,-0.06,0.00,-2.31,-0.76,0.25,1022.00,1022.00,1022.00,1022.00
71056,0,0,350.00,63.76,-0.23,0.00,7.56,-0.79,-6.87,1020.00,1026,1025.00,1019.00
71171,0,0,350.00,63.76,-0.54,0.00,1.50,-1.23,-0.94,1021.00,1023.00,1023.00,1021.00
71275,0,0,30.00,63.76,-1.04,0.00,2.62,-1.71,-4.00,1020.00,1024.00,1024.00,1020.00
71300,0,0,350.00,63.76,-1.04,0.00,-0.75,74,0.75,1022.00,1022.00,1022.00,1022.00
71322,0,0,350.00,63.76,-0.95,0.00,-3.81,-1.72,2.31,1022.00,12.00,1022.00,1022.00
71443,0,0,350.00,63.76,-0.81,0.00,-0.81,-1.51,-0.31,1022.00,1022.00,1022.00,1022.00
71491,0,0,350.00,63.76,-0.67,0.00,-6.19,-1.42,4.81,1023.00,1021.00,1021.00,103.00
71516,0,0,350.00,63.76,-0.37,0.00,-7.87,-1.23,7.81,1024.00,1020.00,1020.00,1024.00
71719,0,0,350.00,63.76,-0.00,0.00,1.12,-0.69,1.81,1019.0,1019.00,1019.00,1019.00
71744,0,0,350.00,63.76,-0.11,0.00,5.06,-0.66,-2.62,1018.00,1020.00,1020.00,1018.00
71832,0,0,350.00,76,-0.46,0.00,1.81,-1.11,-4.00,1017.00,1021.00,1021.00,1017.00
71975,0,0,350.00,63.76,-0.86,0.00,681,-1.56,-6.75,1016.00,1022.00,1022.00,1016.00
72085,0,0,350.00,63.76,-0.89,0.00,0.00,-1.60,1.69,1019.00,1019.00,1019.00,1019.00
72198,0,0,35.00,63.76,-0.65,0.00,-6.50,-1.46,5.19,1020.00,1018.00,1018.00,1020.00
72217,0,0,350.00,63.76,-0.51,0.00,-6.81,-,6.81,1021.00,1017.00,1017.00,1021.00
72238,0,0,350.00,63.76,-0.34,0.00,-4.75,-1.15,6.62,1020.00,1010,1019.00,1019.00
72365,0,0,350.00,63.76,-0.18,0.00,-2.56,-0.93,1.94,1019.00,1019.00,1019.00,1019.00
72410,0,0,350.00,63.76,-0.05,0.00,-3.37,-0.78,3.81,1020.00,1018.00,1018.00,1020.0
72433,0,0,350.00,63.76,-0.02,0.00,-0.06,-0.72,1.31,1019.00,1019.00,1019.00,1019.00
72552,0,0,350.00,63.76,-0.41,0.00,0.75,-1.09,-1.87,100,1019.00,1019.00,1019.00
72669,0,0,350.00,63.76,-0.81,0.00,6.06,-1.39,-6.06,1016.00,1022.00,1022.00,1016.00
72695,0,0,350.00,63.76,-0.93,0.00,2.81,-1.56,-4.94,1017.00,1021.00,1021.00,1017.00
72745,0,0,350.00,676,-0.94,0.00,-1.25,-1.65,0.44,1019.00,1019.00,1019.00,1019.00
72875,0,0,350.00,63.76,-0.86,0.00,-131,-1.56,1.25,1019.00,1019.00,1019.00,1019.00
73005,0,0,350.00,63.76,-0.39,0.00,-0.25,-1.10,1.12,1078.00,1078.00,1078.00,1078.00
73110,0,0,35000,63.76,-0.14,0.00,-3.44,-0.85,4.12,1112.00,1110.00,1110.00,1112.00
73245,0,0,350.00,63.76,-0.23,0.00,0.69,-0.85,-2.37,1179.00,1181.00,1181.00,0.00
73278,0,0,350.00,63.76,-0.20,0.00,-1.87,-0.85,1.44,1193.00,1193.00,1193.00,1193.00
73325,0,0,350.00,63.76,-0.13,0.00,-2.31,-0.80,0.25,1204.00,1204.00,1204.00,1204.
73347,0,0,350.00,63.76,-0.15,0.00,2.62,-0.73,2.06,1217.00,1217.00,1217.00,1217.00
73432,0,0,350.00,63.76,-0.23,0.00,-1.00,-6,0.69,1249.00,1249.00,1249.00,1249.00
73486,0,0,350.00,63.76,-0.09,0.00,-1.62,-0.76,1.12,100,1271.00,1271.00,1271.00
73568,0,0,350.00,63.76,-0.06,0.00,2.75,-0.67,-0.25,1286.00,287.00,1287.00,1285.00
73591,0,0,350.00,63.76,-0.10,0.00,1.31,-0.79,-0.75,1296.00,1296.00,1296.00,1296.00
73620,0,0,350.00,63.76,0.03,0.00,-6.75,-0.76,3.87,1308.00,1306.00,1306.00,1308.00
73801,0,0,350.00,63.76,0.25,0.00,-1.69,-0.47,19,1355.00,1355.00,1355.00,1355.00
73824,0,0,350.00,63.76,0.35,0.00,-3.00,-0.41,1.94,1355.00,1355.00,1355.00,135
73846,0,0,350.00,63.76,0.42,0.00,-2.12,-0.32,3.25,1357.00,1355.00,1355.00,1357.00
74032,0,0,350.00,63.76,0.38,0.00,-2.50,.25,2.50,1403.00,1403.00,1403.00,1403.00
74082,0,0,350.00,63.76,0.30,0.00,2.50,-0.28,-2.19,1402.00,1404.00,1404.00,1402.00
74163,0,0,350.00,63.76,0.25,0.00,-1.87,-0.46,1.00,1428.00,1428.00,1428.00,1428.00
74316,0,0,350.00,63.76,0.19,0.00,-0.31,-0.49,-2.81,1454.00,1456.00,1456.00,1454.00
74387,0,0,350.00,63.76,0.36,0.00,-0.75,-0.35,1.75,1459.00,1459.00,1459.00,1459.00
74615,0,0,350.00,63.76,0.45,0.00,-0.06,-0.25,0.25,1464.00,1464.00,1464.00,1464.00
74721,0,0,350.00,.76,0.65,0.00,-3.56,-0.08,3.69,1478.00,1476.00,1476.00,1478.00
74874,0,0,350.00,63.76,0.59,0.00,1.50,-0.09,-2.62,1484.00,1486.00,1486.00,1484.00
75243,0,0,350.00,63.76,0.33,0.00,-6.06,-0.49,4.50,1521.00,15,1518.00,1522.00
75307,0,0,350.00,63.76,0.68,0.00,-3.00,-0.06,4.00,1523.00,1521.00,1521.00,152
75345,0,0,350.00,63.76,0.71,0.00,-0.69,-0.00,1.12,1524.00,1524.00,1524.00,1524.00
75392,0,0,350.00,63.76,0.72,0.00,-1.00,0.01,-0.06,1527.00,1527.00,1527.00,1527.00
75620,0,0,350.00,63.76,0.32,0.00,-0.75,-0.39,0.75,1534.00,1534.00,1534.00,1534.00
75641,0,0,350.00,63.76,0.32,0.00,0.44,-0.38,0.06,1535.00,1535.00,1535.00,1535.00
75703,0,0,350.00,63.76,0.27,0.00,1.12,-0.40,-1.75,1537.00,7.00,1537.00,1537.00
75811,0,0,350.00,63.76,0.50,0.00,-5.12,-0.30,4.31,1541.00,1539.00,1539.00,1541.00
76006,0,0,350.00,63.76,0.61,0.00,1.00,-0.07,-0.88,1542.00,1542.00,00,1543.00
76042,0,0,350.00,63.76,0.57,0.00,3.31,-0.10,-0.88,1543.00,1543.00,1543.00,1543.00
76090,0,0,350.00,63.76,0.36,0.00,6.00,-0.28,-5.50,1543.00,1547.00,1547.00,15400
76118,0,0,350.00,63.76,0.18,0.00,4.50,-0.47,-6.12,1543.00,1547.00,1547.00,1543.00
76238,0,0,350.00,63.76,0.23,0.00,1.25,-0.37,-1.44,1546.00,00,1546.00,1546.00
76326,0,0,350.00,63.76,0.39,0.00,-4.69,-0.36,3.50,1547.00,1545.00,15.00,1547.00
76351,0,0,350.00,63.76,0.53,0.00,-4.56,-0.22,5.12,1547.00,1545.00,1545.00,1547.00
76369,0,0,0,63.76,0.70,0.00,-4.19,-0.08,4.56,1548.00,1546.00,1546.00,1548.00
76584,0,0,350.00,63.76,1.11,0.00,-0.13,0.41,2.19,1548.00,1546.00,1546.00,1548.00
76733,0,0,350.00,63.76,0.76,0.00,1.00,0.09,0.69,1547.00,1547.00,1547.00,1547.00
76778,0,0,350.00,63.76,0.69,0.00,2.62,0.02,-2.06,1547.00,1547.00,1547.00,1547.0
76809,0,0,350.00,63.76,0.64,0.00,2.00,-0.05,-2.06,1547.00,1547.00,1547.00,1547.00
76970,0,0,350.00,63.76,0.95,0.00,0.62,0.25,0.19,1547.00,1547.00,1547.00,1547.00
77030,0,0,350.00,63.76,0.95,0.00,-1.69,0.24,1.62,1547.00,1547.00,1547.00,1547.00
77187,0,0,350.00,63.76,0.65,0.00,4.31,-0.01,-4.37,1546.00,1548.00,1548.00,1546.00
77384,1,0,350.00,63.76,-0.10,0.00,1.31,-0.78,-3.00,1546.00,154800,1731.00,1363.00
77503,1,1,45.46,1.85,3.82,466.67,-128.19,-43.61,-364.29,1379.00,1715.00,17158.00,1386.00
77616,1,2,99.98,19.24,35.04,466.67,-332.19,-80.74,-145.10,1445.007.00,1647.00,1647.00,1447.00
77747,1,2,155.47,40.51,68.58,466.67,-215.4477.56,-120.89,-251.23,1380.00,1714.00,1714.00,1380.00
77835,1,2,203.52,49.39,81.17,466.67,-79.81,-154.13,-373.29,1313.00,1781.00,1781.00,1313.00
77876,1,2,211.219.37,50.89,83.90,466.67,-68.87,-168.48,-396.10,1296.00,1798.00,1798.00,1296.00
77992,1,3,274.86,56.50,94.08,466.67,-116.25,-218.36,-360.67,1282.00,1812.00,1812.00,1282.00
78081,1,3,315.14,63.62,106.13,466.67,-186.87,-251.53,-302.48279.79,1292.00,1802.00,1802.00,1292.00
78201,1,0,350.0050.00,72.00,129.62,0.00,-296.50,126.04,282.50,1729.00,1365.00,1365.00,1729.00
78228,1,0,350.00,72.00,135.74,0.0.00,-306.00,135.04,324.25,1750.00,1344.00,1344.00,1750.00
78323,1,0,350.00,72.00,147.34,0.00,201.00,146.64,-129.31,1578.00,1516.00,1516.00,1578.00
78566,1,0,350.00,72.00,25.31,0.00,652.12,24.93,-687.81,1290.00,1800.00,1800.00,1290.00
78642,1,0,350.350.00,72.00,-17.23,0.00,318.37,-14.85,-364.12,1395.00,1699.00,1699.00,1395.00
78678,1,0,350.00,72.00,-21.89,0.0.00,119.75,-22.59,-213.56,1450.00,1644.00,1644.00,1450.00
78777,1,0,350.00,72.00,-12.3.49,0.00,-300.62,-13.02,271.19,1646.00,1448.00,1448.00,1646.00
78860,1,0,3550.00,72.00,10.08,0.00,-167.75,7.74,190.19,1626.00,1468.00,1468.00,1626.00
78888,1,0,350.00,72.00,12.69,0.00,-1.00,11.99,123.44,1602.00,1492.00,1492.00,1602.00
78953,1,0,350.00,72.00,14.90,0.00,-54.00,13.02,99.0,1560.00,1534.00,1534.00,1560.00
79008,1,0,350.00,72.00,11.23,0.00,132.81,12.85,-82.37,151.00,1593.00,1593.00,1501.00
79089,1,0,350.00,72.00,-2.83,0.00,171.25,-0.07,-19-171.25,1478.00,1616.00,1616.00,1478.00
79115,1,0,350.00,72.00,-6.58,0.00,107.94,-6.23,-150.31,1485.00,1609.00,593.00,1501.00
79221,1,0,350.00,72.00,-9.83,0.00,-17.44,-10.70,5.75,1544.00,1550.00,1550.00,1544.0
79260,1,0,350.00,72.00,-7.97,0.00,-53.50,-9.81,42.56,1558.00,1536.00,1536.00,1558.00
79307,1,0,350.00,72.00,-4.36,0.00,-108.50,-6.10,100.31,1583.00,1511.00,1511.07.00,1587.00
79333,1,0,350.00,72.00,-0.14,0.00,-102.44,-2.88,112.75,1589.00,1505.00,1505.00,1589.00
79422,1,0,350.00,72.00,7,0.00,-10.69,2.30,18.87,1555.00,1539.00,1539.00,1555.00
79571,1,0,350.00,72.00,-0.76,0.00,70.69,-0.14,-58.44,1524.00,1570.00,1570.00,15.00
79605,1,0,350.00,72.00,-2.74,0.00,64.31,-2.83,-71.81,1518.00,1576.00,1576.00,1518.00
79677,1,0,350.00,72.00,-4.41,0.00,-7.81,-5.20,-5.06,1543.00,1551.00,1551.00,1543.00
79786,1,0,35.00,72.00,-3.46,0.00,-20.37,-4.48,7.44,1547.00,1547.00,1547.00,1547.00
79850,1,0,350.00,72.00,-1.56,0.00,-47.06,-3.08,41.13,15614.00,1530.00,1530.00,1564.00
80005,1,0,350.00,72.00,-0.46,0.00,5.06,-1.09,-8.25,1544.00,1550.00,1549.00,1545.00
80031,1,0,350.00,72.00,-0.45,0.00,-1.25,-1.16,0.50,1547.00,1547.00,1547.00,1547.00
80162,1,0,350.00,72.00,-3.,0.00,4.00,-4.12,-21.12,1537.00,1557.00,1557.00,1537.00
80258,1,0,350.00,72.00,-22.82,0.00,-4.37,-3.65,11.75,1549.00,1545.00,1545.00,1549.00
80282,1,0,350.00,72.00,-2.82,0.00,-0.13,-3.52,4.37,00,1548.00,1548.00,1546.00
80379,1,0,350.00,72.00,-1.98,0.00,-28.94,-2.96,21.50,1553.00,1541.00,1541.00,15500
80412,1,0,350.00,72.00,-1.14,0.00,-26.62,-2.10,29.94,1557.00,1537.00,1537.00,1557.00
80461,1,0,350.00,72.00,-0.90,0.00,9.13,-1.51,4.12,1547.00,1547.00,1547.00,1543.00
80484,1,0,350.00,72.00,-1.34,0.00,15.69,-1.89,-15.75,1540.00,1554.00,1554.00,1540.00
80567,1,0,350.00,72.00,-1.52,0.00,.69,-2.04,9.44,1536.00,1532.00,1532.00,1536.00
80615,1,0,350.00,72.00,-1.40,0.00,16.69,-1.87,.69,1516.00,1530.00,1530.00,1516.00
80698,1,0,350.00,72.00,-2.49,0.00,-0.81,-3..19,0.81,1482.00,1484.00,1484.00,1482.00
80724,1,0,350.00,72.00,-2.19,0.00,-14.44,-3.13,6.19,1483.00,1483.00,14.00,1487.00
80755,1,0,350.00,72.00,-1.75,0.00,-12.31,-2.73,16.69,1486.00,1476.00,1476.00,1486.00
80829,1,0,350.00,72.00,-2.32,0.00,11.00,-2.78,-14.69,1451.00,1465.00,1465.00,1451.00
80866,1,0,350.00,72.00,-2.31,0.00,-6.87,-3.08,-6.62,1454.00,1462.00,1462.00,1454.00
80917,1,0,350.00,72.00,-1.44,0.00,-19.44,-2.52,20.12,1450.00,1438.00,1438.00,1450.00
80949,1,0,350.00,72.00,-1.11,0.00,-5.75,-1.98,16.31,1427.00,1417.00,1417.00,1427.00
81024,1,0,350.00,72.00,-1.51,0.00,12.06,-1.95,-9..88,1300.00,1314.00,1314.00,1300.00
81073,1,0,350.00,72.00,-1.95,0.00,-2.56,-2.67,0.56,120,1182.00,1182.00,1182.00
81157,1,0,350.00,72.00,-2.49,0.00,24.94,-2.95,-18.00,1084.00,1077.00,1077.00,1055.00
81213,1,0,350.00,72.00,-3.88,0.00,13.38,-4.38,-18.94,1010.00,1028.00,1028.00,1010.00
81287,1,0,350.00,72.00,-3.28,0.00,-7.81,-4.11,10.75,1018.00,1016.00,1016.00,1018.00
81388,1,0,350.00,72.00,-3.51,0.00,-10.63,-4.31,5.44,1017.00,1017.00,1017.00,1017.00
81425,1,0,350.00,72.00,-3.16,0.00,-19.62,-4.21,102,1022.00,1012.00,1012.00,1022.00
81453,1,0,350.00,72.00,-2.52,0.00,-21.94,-3.43,22.12,1023.00,1011..00,1013.00,1021.00
81571,1,0,350.00,72.00,-2.13,0.00,-2.19,-2.85,-4.00,1014.00,1020.00,1020.00,1014.00
81617,1,0,350.00,72.00,-1.54,0.00,-16.56,-2.55,13.19,1020.00,1014.00,1014.000,1022.00
81644,1,0,350.00,72.00,-1.18,0.00,-8.56,-2.08,15.44,1021.00,1013.00,1013.00,1021.00
81669,1,0,00,72.00,-1.20,0.00,5.06,-1.85,3.81,1017.00,1017.00,1017.00,1017.00
81774,0,0,350.00,72.00,-2.08,0.00,2,-2.78,-2.69,1015.00,1019.00,1019.00,1015.00
81856,0,0,350.00,72.00,-2.20,0.00,11.63,-2.83,-11.63,1011.00,1023.00,1023.00,1011.00
81913,0,0,350.00,72.00,-3.37,0.00,11.56,-3.74,-19.56,1008.00,1026.00,1026.00,1008.00
81979,0,0,350.00,72.00,-3.13,0.00,-8.00,-3.96,8.81,1018.00,1016.00,1016.00,1018.00
82017,0,0,350.00,72.00,-3.12,0.00,2.62,-3.79,3.44,1017.00,1017.00,1017.00,1017.00
82103,0,0,350.00,72.00,-3.32,0.00,-9,-4.02,9.50,1018.00,1016.00,1016.00,1018.00
82310,0,0,350.00,72.00,-1.87,0.00,-12.81,-2.78,6.69,1018.8.00,1012.00,1012.00,1018.00
82337,0,0,350.00,72.00,-1.45,0.00,-12.94,-2.42,14.94,1021.00,1013.00,1013.00,10210
82363,0,0,350.00,72.00,-1.26,0.00,-2.75,-1.92,6.25,1018.00,1016.00,1016.00,1018.00
82454,0,0,350.00,72.00,-1.89,0.00,5.87,-2.53,-10.56,1012.00,1022.00,1022.00,1012.00
82556,0,00,350.00,72.00,-2.21,0.00,13.69,-2.78,-10.69,1012.00,1022.00,1022.00,1012.00
82636,0,0,350.00,72.00,-2.93,0.00,12.94,-3.51,-19.75,1012.00,1022.00,1022.00,1012.00
82695,0,0,350.00,72.00,-2.93,0.00,-4.56,-3.74,5.31,7.00,1017.00,1017.00,1017.00
82777,0,0,350.00,72.00,-3.18,0.00,6.94,-3.65,-7.94,1013.00,1021.00,1021.00,1013.00
82800,0,0,350.00,72.00,-3.20,0.00,-2.37,-3.92,-4.31,1014.00,1020.00,1020.00,1014
82827,0,0,350.00,72.00,-2.94,0.00,-12.31,-3.69,5.56,1017.00,1017.00,1017.00,1017.00
82907,0,0,350.00,72.00,-2.05,0.00,-3.81,-2.78,9.19,1019.00,1015.00,1015.00,1019.00
83013,0,0,350.00,72.00,-1.52,0.00,-14.00,-2.35,10.88,1019.00,1015.00,1015.00,1019.00
83035,0,0,350.00,72.00,-1.26,0.0,-9.44,-1.96,12.19,1020.00,1014.00,1014.00,1020.00
83095,0,0,350.00,72.00,-1.08,0.00,-2.81,-1.87,94,1016.00,1018.00,1018.00,1016.00
83148,0,0,350.00,72.00,-1.58,0.00,6.06,-2.15,-8.88,1010,1020.00,1020.00,1014.00
83226,0,0,350.00,72.00,-1.55,0.00,1.75,-2.24,2.31,101700,1018.00,1018.00,1016.00
83259,0,0,350.00,72.00,-1.78,0.00,10.50,-2.29,-4.25,1015.00,1019.00,1019.00,1015.00
83286,0,0,350.00,72.00,-2.21,0.00,16.00,-2.60,-13.31,1011.00,1023.00,1023.00,1011.00
83371,0,0,350.00,72.00,-2.80,0.00,-1.31,-3.50,-3.31,1014.00,1020.00,1020.00,1014.00
83472,0,0,350.00,72.00,-3.11,0.00,7.06,-3.67,-8.56,1012.00,1022.00,1022.00,1012.00
83493,0,0,350.00,72.00,-3.18,0.00,75,-3.88,-4.81,1013.00,1021.00,1021.00,1013.00
83610,0,0,350.00,72.00,-2.25,0.00,-5.25,-3.08,9.81,10.00,1017.00,1017.00,1017.00
83693,0,0,350.00,72.00,-2.08,0.00,-4.31,-2.88,2.37,1017.00,1017.00,1017.00,1017.00
83713,0,0,350.00,72.00,-1.75,0.00,-12.88,-2.62,8.88,1019.00,1015.00,1015.00,1019.00
83745,0,0,350.00,72.00,-1.38,0.00,-11.94,-2.33,13.44,1020.00,1014.00,1014.00,1020.00
83819,0,0,350.00,72.00,-1.31,0.00,6.50,-1.89,-4.19,1015.00,1019.00,1019.00,1015.00
83850,0,0,300,72.00,-1.45,0.00,3.25,-2.06,-6.06,1014.00,1020.00,1020.00,1014.00
83925,0,0,350.00,72.00,-1.36,0.00,1.25,-2.06,2.44,1017.00,1017.00,1017.00,1017.00
83946,0,0,350.00,72.00,-1.40,0.00,3.87,10,-3.87,1015.00,1019.00,1019.00,1015.00
83979,0,0,350.00,72.00,-1.67,0.00,11.69,-2.25,-9.44,1013.00.00,1024.00,1024.00,1010.00
84153,0,0,350.00,72.00,-2.59,0.00,5.19,-3.25,-3.31,1014.00,1020.00,1020.00,1014.00
84286,0,0,350.00,72.00,-2.34,0.00,-9.56,-3.21,10.63,1019.00,1015.00,1015.00,1019.00
84384,0,0,350.00,72.00,-1.92,0.00,-6.75,-2.77,4.81,1017.00,1017.00,1017.00,1017.00
84408,0,0,350.00,72.00,-1.81,0.00,-10.63,-2.,10.63,1019.00,1015.00,1015.00,1019.00
84445,0,0,350.00,72.00,-1.45,0.00,-12.69,-2.27,13.00,1020.00.00,1015.00,1015.00,1019.00
84517,0,0,350.00,72.00,-1.11,0.00,3.25,-1.80,-1.87,1016.00,1010,1019.00,1015.00
84604,0,0,350.00,72.00,-1.15,0.00,-3.31,-1.89,1.31,1017.00,1017.00,1017.00,1017.00
84627,0,0,350.00,72.00,-1.07,0.00,-1.75,-1.78,3.06,1017.00,1017.00,1017.00,1017.00
84654,0,0,350.00,72.00,-1.15,0.00,5.06,-1.80,-2.75,1015.00,1019.00,1019.00,1015.00
84736,0,0,350.00,72.00,-1.90,0.00,8.19,-2.52,-10.88,1012.00,1022.00,1022.00,1012.00
84759,0,0,350.00,72,-2.03,0.00,3.25,-2.71,-4.69,1014.00,1020.00,1020.00,1014.00
84839,0,0,350.00,72.00,-2.29,0.00,8.06,-2.91,-6.25,1013.00,1021.00,1021.00,1013.00
84866,0,0,350.00,72.00,-2.43,0.00,8.88,-2.99,-8,1012.00,1022.00,1022.00,1012.00
84900,0,0,350.00,72.00,-2.66,0.00,7.37,-3.29,-8.81,1012.00,1022.00,1017.00,1013.00
84975,0,0,350.00,72.00,-2.44,0.00,-7.50,-3.28,6.31,1017.00,1017.00,1017,1018.00
85013,0,0,350.00,72.00,-2.25,0.00,-5.50,-3.00,7.69,1018.00,1016.00,1016.00,1018.00
85058,0,0,350.00,72.00,-2.16,0.00,-1.00,-2.89,0.62,1016.00,1018.00,1018.0,1016.00
85084,0,0,350.00,72.00,-2.09,0.00,-3.62,-2.85,1.69,1017.00,1017.00,1017.00,1017.00
85171,0,0,350.00,72.00,-1.6-1.29,0.00,-10.38,-2.20,11.88,1020.00,1014.00,1014.00,1020.00
85304,0,0,350.00,72.00,-1.03,0.00,-4.44,-1.71,1.56,1015.00,1015.00,1015.00,1015.00
85328,0,0,350.00,72.00,-0.98,0.00,-3.81,-1.66,4.44,1010,1015.00,1015.00,1015.00
85448,0,0,350.00,72.00,-1.71,0.00,9.50,-2.21,-11.56,1023.00,1033.00,1033.00,5.00
85475,0,0,350.00,72.00,-1.93,0.00,6.00,-2.43,-9.13,1037.00,1045.00,1045.00,1037.00
85520,0,0,350.00,72.00,-2.02,0.00,2.37,-2.69,-0.75,1060.00,1062.00,1062.00,1069.00
85546,0,0,350.00,72.00,-2.13,0.00,4.31,-2.75,-2.56,1070.00,1074.00,1074.00,1070.00
85562,0,0,350,72.00,-2.22,0.00,7.31,-2.85,-5.31,1093.00,1099.00,1099.00,1093.00
85632,0,0,350.00,72.00,-2.36,0.0,1.56,-3.09,-3.94,1114.00,1120.00,1120.00,1114.00
85688,0,0,350.00,72.00,-2.22,0.00,-83,-2.92,8.37,1153.00,1151.00,1151.00,1153.00
85764,0,0,350.00,72.00,-1.59,0.00,-.44,-2.29,4.56,1201.00,1201.00,1201.00,1201.00
85793,0,0,350.00,72.00,-1.49,0.00,-2.87,-2.22,2.44,1201.00,1201,1203.00,1203.00
85929,0,0,350.00,72.00,-0.38,0.00,-1.25,-1.07,3.19,1281.00,1281.00,1281.00,1281.00
86001,0,0,350.00,72.00,-0.46,0.00,-1.94,-1.18,0.31,1309.00,1309.00,1309.00,1309.00
86141,0,0,350.00,72.00,-1.00,0.00,8.81,-1.62,-1,1381.00,1389.00,1389.00,1381.00
86222,0,0,350.00,72.00,-1.05,0.00,-4.19,-1.83,4.19,1426.00,1426.00,1426.00,1426.00
86278,0,0,350.00,72.00,-0.92,0.00,0.44,-1.55,0.37,1462.00,1462.00,1462.00,1462.00
86349,0,0,350.00,72.00,-0.75,0.00,-5.87,-1.50,3.31,1485.00,1485.00,1485.00,1485.00
86471,0,0,350.00,72.00,-0.18,0.00,2.75,-0.85,1.06,1507.00,1507.00,1507.00,1507.00
86497,0,0,350.00,72.00,-0.24,0.00,3,-0.94,-3.00,1506.00,1508.00,1508.00,1506.00
86520,0,0,350.00,72.00,-0.27,0.00,0.25,-0.96,-2.31,15127.00,1527.00,1527.00,1527.00
86610,0,0,350.00,72.00,-0.23,0.00,1.00,-0.92,1.00,1537.00,1.00,1537.00,1537.00
86674,0,0,350.00,72.00,-0.37,0.00,2.69,-0.96,-3.37,1548.00,1552.00,1552.00,1550.00
86697,0,0,350.00,72.00,-0.45,0.00,1.94,-1.10,-2.81,1551.00,1553.00,1553.00,1551.00
86728,0,0,350.00,72.00,-0.45,0.00,-1.00,-1.17,-0.94,1552.00,1554.00,1554.00,1552.00
86806,0,0,350.00,72.00,-0.32,0.00,0.88,-1.01,1.37,1564.00,1564.00,1564.00,1564.00
86915,0,0,350.00,72.00,-0.39,0.00,-5.81,-0.42,3.12,1569.00,1569.00,1569.00,1569.00
86974,0,0,350.00,72.00,-0.22,0.00,-2.87,-0.96,3.87,1571.00,1571.00,11.00,1571.00
87045,0,0,350.00,72.00,-0.33,0.00,0.88,-1.03,-2.62,1574.00,1576.00,1576.00,15.00
87083,0,0,350.00,72.00,-0.32,0.00,-1.31,-1.03,0.31,1576.00,1576.00,1576.00,1576.00
87132,0,0,350.00,72.00,-0.15,0.00,-4.00,-0.89,3.44,1576.00,1576.00,1576.00,1577.00
87154,0,0,350.00,72.00,-0.05,0.00,-2.19,-0.77,3.25,1579.00,1579.00,1579.00,1579.00
87171,0,0,350,72.00,-0.06,0.00,0.88,-0.75,0.06,1579.00,1579.00,1579.00,1579.00
87244,0,0,350.00,72.00,-0.07,0.0,0.69,-0.80,-1.37,1579.00,1579.00,1579.00,1579.00
87427,0,0,350.00,72.00,-0.18,0.00,3.69,-0.80,-6.12,1579.00,1583.00,1583.00,1579.00
87499,0,0,350.00,72.00,-0.06,0.00,-1.31,-0.79,2.94,1582.00,1582.00,1582.00,1582.00
87603,0,0,350.00,72.00,-0.39,0.00,0.13,-1.08,-1.69,1581.00,1583.00,1583.00,1581.00
87626,0,0,350.00,72.00,-0.38,0.00,-04,-1.08,0.81,1582.00,1582.00,1582.00,1582.00
87695,0,0,350.00,72.00,-0.31,0.00,-2.31,-1.05,1.94,158.00,1582.00,1582.00,1582.00
87742,0,0,350.00,72.00,-0.22,0.00,1.00,-0.92,-0.06,1582.00,1500,1582.00,1582.00
87834,0,0,350.00,72.00,-0.20,0.00,-3.87,-0.94,3.12,1582.00,1581.00,1581.00,1583.00
87861,0,0,350.00,72.00,-0.01,0.00,-6.56,-0.78,7.19,1586.00,1582.00,1582.00,1586.00
87885,0,0,350.00,72.00,0.08,0.00,-1.94,-0.63,3.37,1584.00,1584.00,1584.00,1584.00
88068,0,0,350.00,72.00,0.08,0.,3.44,-0.62,-3.19,1586.00,1588.00,1588.00,1586.00
88087,0,0,350.00,72.00,-0.02,0.00,3.19,-0.66,-3.44,1586.00,1.00,1590.00,1588.00
88118,0,0,350.00,72.00,-0.09,0.00,2.06,-0.68,-3.25,1588.00,1590.00,1590.00,158800
88287,0,0,350.00,72.00,-0.32,0.00,6.12,-0.91,-3.31,1589.00,1591.00,1591.00,1589.00
88307,0,0,350.00,72.00,-0.49,0.00,4.56,-1.08,-6.69,1587.00,1593.00,1593.00,1587.00
88439,0,0,350.00,72.00,-0.34,0.00,3.19,-1.01,-2,1592.00,1594.00,1594.00,1592.00
88518,0,0,350.00,72.00,-0.47,0.00,-2.44,-1.19,1.44,1595.00,1595.00,1595.00,1595.00
88571,0,0,350.00,72.00,-0.42,0.00,1.56,-1.08,1.00,1595.00,1595.00,1595.00,1595.00
88653,0,0,350.00,72.00,-0.78,0.00,4.69,-1.40,-5.19,1595.00,1599.00,1599.00,1595.00
88694,0,0,.00,72.00,-0.73,0.00,-2.00,-1.41,-0.56,1596.00,1598.00,1598.00,1596.00
88777,0,0,350.00,72.00,-0.50,0.00,0.06,-1.19,1.06,1598.00,1598.00,1598.00,1598.00
88886,0,0,350.00,72.00,-0.52,0.00,-4.87,-1.27,2.50,1599.00,1599,1598.00,1600.00
88981,0,0,350.00,72.00,-0.41,0.00,1.56,-1.09,0.25,1599.00,1599.0,1600.00,1598.00
89007,0,0,350.00,72.00,-0.48,0.00,1.37,-1.06,-3.06,1598.00,1600.00,1600.00,1598.00
89030,0,0,350.00,72.00,-0.44,0.00,-2.37,-1.17,-0.31,1599.00,1599.00,1599.00,1599.00
89079,0,0,350.00,7200,-0.26,0.00,-2.19,-1.02,4.69,1600.00,1598.00,1598.00,1600.00
89216,0,0,350.00,72.00,-0.21,0.00,-1.81,-0.92,1.25,1599.00,1599.00,1599.00,1599.00
89236,0,0,350.00,72.00,-0.17,0.00,-2.12,-0.91,1.81,1590,1599.00,1599.00,1599.00
89345,0,0,350.00,72.00,-0.28,0.00,1.81,-0.95,-2.37,1598.00,1600.00,1600.00,1598.
89386,0,0,350.00,72.00,-0.32,0.00,2.37,-0.99,-0.88,1599.00,1599.00,1599.00,1599.00
89429,0,0,350.00,72.00,-0.38,0.00,0.56,-1.07,-0.88,1599.00,1599.00,1599.00,1599.00
89454,0,0,350.00,72.00,-0.37,0.00,-0.56,-1.08,-0.06,1599.00,1599.00,1599.00,1599.00
89511,0,0,350.00,72.00,-0.38,0.00,1.4,-1.15,-4.06,1597.00,1601.00,1601.00,1597.00
89610,0,0,350.00,72.00,-0.47,0.00,-3.12,-1,3.12,1599.00,1599.00,1599.00,1599.00
89680,0,0,350.00,72.00,-0.33,0.00,-1.12,-1.96,1.12,1599.00,1599.00,1599.00,1599.00
89709,0,0,350.00,72.00,-0.28,0.00,-1.87,-0.94,1.25,1599.00,1599.00,1590,1599.00
89733,0,0,350.00,72.00,-0.21,0.00,-2.12,-0.94,2.37,1599.00,1599.00,1599.00,1599.00
89821,1,1,22.65,0.10,0.06,466.67,-10.56,-22.55,-463.79,1404.00,1794.00,1794.00,1404.00
89847,1,1,38.02,0.82,3.07,466.67,-93.69,-37.20,-405.54,1418.00,1780.00,1780.00,1418.00
90494,1,3,343.45,80.32,138.90,466.67,-334.56,-263.13,-161.29,1388.00,1810.00,1810.00,1388.00
90612,1,0,350.00,80.32,-172.71,0.00,-338.00,-180.24,404.44,1657.00,1541.00,1541.00,1657.1635.00
90770,1,0,350.00,80.32,-145.82,0.00,-242.25,-151.31,233.4242.25,1612.00,1586.00,1586.00,1612.00
90872,1,0,350.00,80.32,-103.097.79,0.00,-546.19,-103.79,484.81,1732.00,1466.00,1466.00,1732.00
90952,1,0,350.00,80.32,-40.88,0.00,-701.81,-55.12,685.94,1800.00,1360.00,1360.00,1800.00
91068,1,0,350.00,80.32,16.48,0.00,-323.44,12.64,374.75,1754.00,1444.00,1444.00,1754.00
91153,1,0,350.0000,80.32,25.17,0.00,46.38,24.92,-2.50,1613.00,1587.00,1587.00,1613.00
91183,1,0,350.00,80.32,19.80,0.00,192.69,22.47,-120.37,1565.00,1633.00,1633.00,1565.00
91220,1,0,3550.00,80.32,12.11,0.00,295.00,16.84,-233.31,1517.00,1681.00,1681.00,1517.00
91268,1,0,350.00,80.32,-2.46,0.00,282.50,2.47,-306.94,1480.00,1718.00,1718.00,1480.00
91295,1,0,350.00,80.32,-9.06,0.00,181.25,-5.70,-260.81,1493.00,1705.00,1705.00,1493.00
91324,1,0,350.0000,80.32,-13.04,0.00,99.25,-12.77,-126.31,1542.00,1656.00,1656.00,1542.00
91413,1,0,350.00,80.32,-11.02,0.00,-88.06,-13.60,67.25,1617.00,1581.00,1581.00,1617.00
91450,1,0,3500.00,80.32,-6.90,0.00,-159.37,-10.53,121.81,1641.00,1557.00,1557.00,1641.00
91539,1,0,350.00,80.32,7.11,0.00,-154.87,3.26,181.19,1672.00,1526.00,1526.00,1672.00
91571,1,0,350.00,0.32,10.39,0.00,-91.75,8.80,134.69,1657.00,1541.00,1541.00,1657.00
91610,1,0,350.00,80.32,11.47,0.0.00,10.81,10.95,18.00,1612.00,1586.00,1586.00,1612.00
91747,1,0,350.00,80.32,3.36,0.000,112.00,2.66,-110.06,1558.00,1640.00,1640.00,1558.00
91769,1,0,350.00,80.32,0.19,0.00,104.50,1.57,-112.00,1558.00,1640.00,1640.00,1558.00
91883,1,0,350.00,80.32,-3.24,0.00,-27.31,-4.21,13.25,1601.00,1597.00,1591.00,1607.00
91976,1,0,350.00,80.32,-0.20,0.00,-45.75,-1.34,41.75,1614..00,1582.00,1582.00,1616.00
92030,1,0,350.00,80.32,3.70,0.00,-63.69,1.79,62.25,1624.00,1574.00,1574.00,1624.00
92100,1,0,350.00,80.32,6.37,0.00,-11.38,5.57,22.31,1610.00,1588.00,1588.00,1610.00
92212,1,0,350.00,80.3,4.44,0.00,19.12,3.93,-21.25,1593.00,1605.00,1605.00,1593.00
92275,1,0,350.00,80.32,3.20,0.00,30.12,3.06,-26.31,1591.00,1607.00,10.00,1588.00
92386,1,0,350.00,80.32,0.47,0.00,0.25,-0.16,-13.25,1594.00,1604.00,1604.00,1594.00
92428,1,0,350.00,80.32,1.16,0.00,-18.81,0.10,15.94,1605.00,1593.00,1593.00,1606.00
92452,1,0,350.00,80.32,1.77,0.00,-19.56,0.67,21.44,1607.00,1591.00,1591.00,1607.00
92484,1,0,.00,80.32,2.14,0.00,-9.94,1.34,15.81,1605.00,1593.00,1593.00,1605.00
92685,1,0,350.00,80.32,3.90,0.00,21.50,3.41,-20.56,1593.00,1605.00,1605,1593.00
92713,1,0,350.00,80.32,3.11,0.00,19.87,2.78,-21.56,1593.00,1605.00,1605.00,1593.00
92796,1,0,350.00,80.32,2.44,0.00,11.69,1.85,-9.69,1597.00,1601.00,1601.00,1597.00
92834,1,0,300,80.32,1.94,0.00,19.75,1.50,-17.50,1593.00,1605.00,1605.00,1593.00
92905,1,0,3500,80.32,1.07,0.00,-5.44,0.39,-0.44,1599.00,1599.00,1599.00,1599.00
93069,1,0,350.00,80.32,3.26,0.00,-9.75,2.36,7.19,1603.00,1595.00,1595.00,1603.00
93114,1,0,350.00,80.32,3.92,0.00,-19.06,3.03,18.25,1607.00,1591.00,1591.00,109.00
93147,1,0,350.00,80.32,4.46,0.00,-10.00,3.54,15.44,1607.00,1591.00,1591.00,1607.00
93171,1,0,350,80.32,4.48,0.00,4.44,3.82,6.00,1603.00,1595.00,1595.00,1603.00
93222,1,0,350.00,80.32,4.39,0.00,104,3.41,-14.94,1596.00,1602.00,1602.00,1596.00
93391,1,0,350.00,80.32,3.41,0.00,12.94,2.94,-9.44,1597.00,1601.00,1601.00,1597.00
93416,1,0,350.00,80.32,3.12,0.00,6.56,2.49,-12.50,1596.00,1602.00,1602.00,1596.00
93588,1,0,350.00,80.32,3.31,0.00,5.12,2.72,-6,1599.00,1599.00,1599.00,1599.00
93612,1,0,350.00,80.32,3.24,0.00,0.81,2.55,-3.37,1599.00,1599.00,1599.00,1599
93637,1,0,350.00,80.32,3.42,0.00,-8.88,2.63,3.25,1601.00,1597.00,1597.00,1601.00
93685,1,0,0.00,80.32,3.86,0.00,-6.31,3.09,10.06,1603.00,1593.00,1593.00,1603.00
93715,1,0,350.00,80.32,3.89,0.00,2.06,3.27,3.56,1592.00,1586.00,1586.00,1592.00
93820,1,0,350.00,80.32,3.65,0.00,-.69,2.95,7.12,1571.00,1563.00,1563.00,1571.00
93872,1,0,350.00,80.32,4.16,0.00,-3.75,3.50,8.13,1571.00,1561.00,1561.00,1571.00
93944,1,0,350.00,80.32,3.52,0.00,11.38,3.13,-12.06,1549.00,1555.00,1555.00,1549.00
94314,1,0,350.00,80.32,2.53,0.00,10,1.83,-10.25,1140.00,1146.00,1146.00,1140.00
94453,1,0,350.00,80.32,1.86,0.00,13.31,1.36,-12.63,1018.00,1026.00,1026.00,1018.00
94497,1,0,350.00,80.32,1.40,0.00,2.44,0.72,-10.81,1014.00,1020.00,1020.00,117.00
94521,1,0,350.00,80.32,1.53,0.00,-7.19,0.76,1.31,1017.00,1017.00,1017.00,1017.00
94646,1,0,350.00,80.32,2.14,0.00,1.25,1.45,-1.25,101,1014.00,1014.00,1014.00
94728,1,0,350.00,80.32,2.68,0.00,-11.19,1.94,11.19,1019.00,109.00,1009.00,1019.00
94749,1,0,350.00,80.32,2.92,0.00,-5.87,2.23,8.75,1018.00,1010.00,1010.00,1018.00
94971,1,0,350.00,80.32,2.43,0.00,9.75,1.90,-7.75,101.00,1016.00,1016.00,1012.00
95193,0,0,350.00,80.32,1.44,0.00,-1.12,074,1.12,1014.00,1014.00,1014.00,1014.00
95243,0,0,350.00,80.32,1.88,0.00,-12.25,0.93,12.06,1019.00,1009.00,1009.00,1019.00
95332,0,0,350.00,80.32,2.20,0.00,0.31,1.52,1.69,1015.00,1013.00,1013.00,1015.00
95444,0,0,350.00,80.32,2.,0.00,-6.69,1.81,8.19,1018.00,1010.00,1010.00,1018.00
95565,0,0,350.00,80.32,2.02,0.00,5.50,1.38,-6.12,1013.00,1015.00,1015.00,1013.00
95661,0,0,350.00,82,1.50,0.00,8.88,0.88,-7.37,1012.00,1016.00,1016.00,1012.00
95685,0,0,350.00,80.32,1.29,0.00,10.88,0.80,-8.88,.00,1017.00,1017.00,1011.00
95788,0,0,350.00,80.32,1.22,0.00,-7.12,0.39,6.69,1016.00,1012.00,1012.00,1016.00
95823,0,0,350.00,80.32,1.30,0.00,-2.12,0.55,4.12,1015.00,1013.00,1013.00,1015.00
96018,0,0,350.00,80.32,2.01,0.00,1.12,1.32,2.62,1015.00,1013.00,1013.00,101
96055,0,0,350.00,80.32,1.93,0.00,2.44,1.28,-2.37,1014.00,1014.00,1014.00,1014.00
96100,0,0,350.00,80.32,1.90,0.00,-1.75,1.28,0.56,1014.00,1014.00,1014.00,1014.00
96122,0,0,350.00,80.32,1.98,0.00,-3.94,1.28,3.62,1016.00,1012.00,1012.00,1016.00
96288,0,0,350.00,80.32,1.25,0.00,1.37,0.59,-4.50,1013.00,1015.00,1015.00,1013.00
96355,0,0,350.00,80.32,1.11,0.00,4.00,0.50,-2.06,1014.00,1014.00,1014.00,1014.00
96592,0,0,350.00,80.32,1.28,0.00,-2.69,0.61,0.88,1014.00,1014.00,1014.00,1014.00
96802,0,0,350.00,80.32,1.61,0.00,1.62,0.92,-2.56,1014.00,1014.00,014.00,1014.00
96827,0,0,350.00,80.32,1.59,0.00,-1.56,0.91,0.56,1014.00,1014.00,1014.00,1014.00
97053,0,0,350.00,80.32,0.83,0.00,1.94,0.16,0.25,1014.00,1014.00,1014.00,1014.00
97089,0,0,350.00,80.32,0.73,0.00,3.75,0.11,-2.69,1014.00,1014.00,1014.00,1014.00
97268,0,0,350.00,80.32,1.19,0.00,-1.31,0.45,31,1014.00,1014.00,1014.00,1014.00
97293,0,0,350.00,80.32,1.18,0.00,0.13,0.49,0.81,1014.00,1014.00,1014.00,1014
97321,0,0,350.00,80.32,1.24,0.00,-3.44,0.52,1.06,1014.00,1014.00,1014.00,1014.00
97370,0,0,0,80.32,1.38,0.00,-5.75,0.64,5.37,1016.00,1012.00,1012.00,1016.00
97496,0,0,350.00,80.32,1.23,0.00,3.69,03,-3.69,1013.00,1015.00,1015.00,1013.00
97558,0,0,350.00,80.32,1.14,0.00,0.13,0.44,-0.44,1014.00,1014.00,1014.00,1014.00
97638,0,0,350.00,80.32,0.78,0.00,7.44,0.23,-6.50,1015.00,1019.00,1019.00,1015.00
97732,0,0,350.00,80.32,0.5,0.00,-2.75,-0.18,2.50,1090.00,1090.00,1090.00,1090.00
97775,0,0,350.00,80.32,0.59,0.00,-0.44,-0.04,0.00,1118.00,1118.00,1118.00,111
97859,0,0,350.00,80.32,0.58,0.00,-3.12,-0.19,1.62,1165.00,1165.00,1165.00,1165.00
97898,0,0,350.00,80.32,0.67,0.00,-6.56,-0.05,3.50,1181.00,1179.00,1179.00,1181.00
98087,0,0,350.00,80.32,1.56,0.00,-11.13,0.75,5.94,1307.00,1303.00,1303.00,130
98126,0,0,350.00,80.32,1.73,0.00,-4.31,1.06,6.12,1325.00,1319.00,1319.00,1325.00
98174,0,0,350.00,80.32,1.77,0.00,-2.50,1.11,-0.06,1344.00,1344.00,1344.00,1344.00
98197,0,0,350.00,80.32,1.82,0.00,-4.19,1.07,0.44,1358.00,1358.00,1358.00,1358.00
98247,0,0,350.00,80.32,2.05,0.00,-3.37,1.27,4.81,13,1390.00,1390.00,1394.00
98358,0,0,350.00,80.32,1.94,0.00,6.06,1.37,-5.00,1417.00,1419.00,1419.00,1417.00
98426,0,0,350.00,80.32,1.78,0.00,-0.50,1.09,-0.50,1452.00,1452.00,1452.00,1452.00
98576,0,0,350.00,80.32,1.49,0.00,2.75,0.81,-4.19,1495.00,1497,1496.00,1496.00
98676,0,0,350.00,80.32,2.05,0.00,-1.44,1.40,5.19,1510.00,1506.00,1506.00,1510.00
98892,0,0,350.00,80.32,2.21,0.00,4.12,1.62,-5.00,1556.00,1558.00,1558.00,1556.00
99124,0,0,350.00,80.32,1.49,0.00,-0.25,0.79,-0.81,1592.00,1592.00,1592.00,1592.00
99161,0,0,350.00,80.32,1.53,0.00,-1.12,0.88,1.19,1592.00,1592.00,1592.00,1592.00
99590,0,0,350.00,80.32,1.46,0.00,3.31,0.80,-3.44,1633.00,1633.00,1633.00,00
99622,0,0,350.00,80.32,1.37,0.00,1.87,0.69,-3.44,1636.00,1636.00,1636.00,1636.00
99692,0,0,350.00,80.32,1.60,0.00,-6.69,0.84,5.69,1641.00,1637.00,1637.00,1641.00
99793,0,0,350.00,80.32,1.65,0.00,106,0.95,-1.62,1641.00,1641.00,1641.00,1641.00
99846,0,0,350.00,80.32,1.93,0.00,-7.25,1.13,6.25,1646.00,1640.00,1640.00,1646.00
99900,0,0,350.00,80.32,1.98,0.00,0.25,1.28,1.81,1646.00,1644.00,1644.00,1646.00
99928,0,0,350.00,80.32,1.87,0.00,4.81,1.22,-2.81,1647.00,1647.00,1647.00,1647.00
100049,0,0,350.00,80.32,1.63,0.00,-0.25,0.93,1.75,1649.00,0,1649.00,1649.00
100168,0,0,350.00,80.32,1.18,0.00,2.81,0.51,-5.25,1648.00,1650.00,1650.00,1648.00
100270,0,0,350.00,832,1.41,0.00,0.69,0.71,3.69,1650.00,1648.00,1648.00,1650.00
100295,0,0,350.00,80.32,1.39,0.00,1.37,0.71,-0.69,100,1649.00,1649.00,1649.00
100392,0,0,350.00,80.32,1.70,0.00,-5.81,0.95,7.50,1652.00,1646.00,1646.00,1652.00
100424,0,0,350.00,80.32,1.86,0.00,-5.00,1.11,4.44,1651.00,1647.00,1647.00,1651.00
100489,0,0,3500,80.32,1.90,0.00,4.31,1.29,-3.87,1651.00,1651.00,1651.00,1651.00
100704,0,0,350.00,80.32,1.64,0.00,1.87,0.98,-4.19,1648.00,1650.00,1650.00,1648.00
100760,0,0,350.00,80.32,1.66,0.00,-,0.96,1.62,1650.00,1648.00,1648.00,1650.00
100856,0,0,350.00,80.32,1.71,0.00,1.06,1.01,-1.31,1651.00,1651.00,1651.00,10
100890,0,0,350.00,80.32,1.64,0.00,1.87,0.96,-2.50,1651.00,1651.00,1651.00,1651.00
100959,1,1,14.88,0.02,1.71,466.67,-5.25,-14.87,-462.48,1461.00,1841.00,1841.00,1461.00
100981,1,1,22.49,0.15,2.60,466.67,-23.94,-29.94,-458.35,1454.00,1848.00,1848.00,1454.00
101081,1,1,68.92,7.05,17.95,466.67,-295.75,-61.86,-215.85,1530.00,1768.00,1768.00,1530.00
101174,1,2,108.39,24.03,45.54,466.67,-381.19,-84.36,-94.67,1567.00,1735.01734.00,1734.00,1568.00
101317,1,2,180.71,50.28,87.05,466.67,-147.12,-130.4-137.04,-319.54,1446.00,1852.00,1852.00,1446.00
101689,1,3,343.62,87.89,155.80160.16,0.00,-450.00,155.10,397.62,1800.00,1407.00,1407.00,1800.00
101785,1,0,350.00,87.89,-153.63,0.00,-480.81,-163.97,543.87,1773.00,1529.00,1529.00,1773.00
101816,1,0,350.00,87.89,-139.74,0.00,-481.50,-149.72,477.00,1753.00,1545.00,1545.00,1753.00
101912,1,0,350.00,87.89,-94.97,0.00,-569.87,-106.77,555.06,1800.00,1490.00.00,1478.00,1800.00
102023,1,0,350.00,87.89,-29.39,0.00,-576.81,-35.68,599.37.81,1800.00,1439.00,1439.00,1800.00
102105,1,0,350.00,87.89,7.02,0.0.00,-273.19,6.39,300.19,1771.00,1527.00,1527.00,1771.00
102124,1,0,350.00,87.89,14.22,0.00,-222.12,8.97,273.19,1744.00,1554.00,1554.00,1744.00
102240,1,0,350.00,87.89,12.01,0.00,219.37,13.43,-200.44,1569.00,1729.00,1729.00,1569.00
102351,1,0,350.00,87.89,-9.37,0.00,77.81,-8.35,-107.12,1603.00,1685.00,1685.00,1613.00
102470,1,0,350.00,87.89,-11.24,0.00,-50.31,-12.42,15.94,1649.000,1638.00,1638.00,1664.00
102580,1,0,350.00,87.89,1.91,0.00,-80.44,0.51,97.94,1689.00,1613,1617.00,1681.00
102688,1,0,350.00,87.89,2.47,0.00,8.56,1.84,-6.12,1648.00,1650.00,1650.00,1648.00
102828,1,0,350.00,87.89,-4.49,.00,58.06,-5.19,-76.62,1616.00,1682.00,1682.00,1616.00
102930,1,0,350.00,87.89,-4.64,0.00,-24.81,-5.34,24.81,1657.00,1645.00,1645.00,1657.00
103020,1,0,350.00,87.89,-3.65,0.00,-31.00,-4.35,5.94,1651.00,1651.00,1651.00,1651.00
103150,1,0,350.00,87.89,-0.41,0.00,29.50,-0.60,-12.31,1644.00,1654.00,1654.00,1637.00
103193,1,0,350.00,87.89,-1.65,0.00,46.75,-1.46,-35.44,1637.00,1665.00,1665.00,1637.00
103240,1,0,350.00,87.89,-2.70,0.00,-3.00,-3.39,-21.81,1641.00,1661.00,1651.00,1651.00
103263,1,0,350.00,87.89,-2.60,0.00,-0.13,-3.35,4.00,1651.00,1651.00,1651.00,1651.00
103296,1,0,350.00,87.89,-2.67,0.00,5.62,-3.30,-0.88,1647.00,1651.00,1651.00,1647.00
103346,1,0,350.00,8787.89,-3.97,0.00,41.88,-3.92,-30.87,1635.00,1663.00,1663.00,1635.00
103375,1,0,350.00,87.89,-4.97,0.00,25.81,-5.07,-41.56,1632.00,1670.00,1670.00,1632.00
103401,1,0,350.00,87.89,-4.98,0.00,-10.06,-5.78,-12.88,1643.00,1659.00,1659.00,1643.00
103506,1,0,350.00,87.89,-2.95,00,14.56,-3.65,0.62,1648.00,1650.00,1650.00,1648.00
103575,1,0,350.00,87.89,-3.42,0.00,15.94,-3.96,-1-7.25,1644.00,1654.00,1654.00,1644.00
103625,1,0,350.00,87.89,-2.68,0.00,-19.50,-3.77,9.50,1654.00,1644.00,1644.00,1654.00
103718,1,0,350.00,87.89,-2.40,0.00,28.00,-2.10,-28.00,1637.00,1661.00,1661.00,1637.00
103741,1,0,350.00,87.89,-3.42,0.00,36.38,-3.78,-34.81,1634.00,1664.00,1665.00,1633.00
103925,1,0,350.00,87.89,-4.48,0.00,13.00,-5.05,-11.19,1644.00,1658.00,1658.00,1644.00
103955,1,0,350.00,87.89,-4.59,0.00,-4.56,-5.33,-4.56,1647.00,1655.00,1655.00,1647.00
103979,1,0,350.00,.89,-3.62,0.00,-30.31,-4.92,25.44,1656.00,1642.00,1642.00,1656.00
104039,1,0,350.00,87.89,-3.30,0.00.00,-27.69,-3.35,33.38,1662.00,1640.00,1640.00,1662.00
104090,1,0,350.00,87.89,-2.30,0.00,63,-3.00,-5.37,1648.00,1654.00,1654.00,1648.00
104173,1,0,350.00,87.89,-2.35,0.00,-21.19,-3.05,18.87,1656.00,1646.00,1646.00,1656.00
104199,1,0,350.00,87.89,-1.73,0.00,-19.25,-2.63,21.19,165.00,1643.00,1643.00,1655.00
104305,1,0,350.00,87.89,-2.53,0.00,17.06,-2.92,-17.37,1643.00,1659.00,159.00,1643.00
104391,1,0,350.00,87.89,-2.27,0.00,-14.25,-3.10,10.38,1653.00,164648.00,1648.00,1654.00
104417,1,0,350.00,87.89,-1.67,0.00,-9.38,-2.63,19.31,1655.00,1643.00,1643.00,1655.00
104502,1,0,350.50.00,87.89,-2.30,0.00,9.50,-2.85,-10.31,1646.00,1656.00,1656.00,1646.00
104531,1,0,350.00,87.89,-2.15,0.00,-11.50,-3.01,-1.56,1647.00,1651.00,1651.00,1647.00
104568,1,0,35000,87.89,-1.56,0.00,-22.12,-2.67,17.31,1656.00,1646.00,1646.00,1656.00
104767,1,0,350.00,87.89,-0.80,0.00,-13.13,-1.75,13.06,165300,1645.00,1645.00,1653.00
104851,1,0,350.00,87.89,-0.72,0.00,5.25,-1.38,-6.37,1647.00,1651.00,1651.00,1647.00
104909,1,0,350.00,87.89,-0.86,0.00,-3.56,-1.60,-3.62,1647.00,1651.00,1651.00,1647.00
104958,1,0,350.00,87.89,-0.32,0.00,-10.50,-1.21,13.56,1652.00,1644.00,1644.00,1652.00
104987,1,0,350.00,87.89,-0.30,0.00,0.56,-0.97,4.06,1638.00,1636.00,1636.00,1638.00
105009,1,0,350,87.89,-0.55,0.00,11.44,-1.06,-7.25,1623.00,1629.00,1629.00,1623.00
105091,1,0,350.00,87.89,-0.87,0.00,-3.44,-1.63,0.31,1623.00,1623.00,1623.00,1623.00
105117,1,0,350.00,87.89,-0.83,0.00,-94,-1.53,4.31,1612.00,1612.00,1612.00,1612.00
105226,1,0,350.00,87.89,-0.85,0.00,5.37,-1.50,-6.62,1599.00,16.00,1602.00,1598.00
105315,1,0,350.00,87.89,-0.35,0.00,-9.50,-1.07,10.19,1582.00,1576.00,1576.00,1582.00
105337,1,0,350.00,87.89,-0.26,0.00,0.25,-0.96,2.94,1579.00,1579.00,1579.00,1579.00
105368,1,0,350.00,87.89,-0.48,0.00,6.31,-1.03,-4.69,1557.00,1561.00,1561.00,1557.00
105421,1,0,350.0,87.89,-0.71,0.00,2.94,-1.31,-5.50,1538.00,1542.00,1542.00,1538.00
105455,1,0,350.00,87.89,-0.68,0.00,-2.56,-1.34,1.37,1530.00,1530.00,1530.00,1530.00
105565,1,0,350.00,87.89,-0.92,0.00,7.56,-1.55,-6.75,1377.00,1383.00,1383.00,1377.00
105613,1,0,350.00,87.89,-1.21,0.00,2.56,-1.85,-6.87,1316.00,1322.00,1361.00,1259.00
105684,1,0,350.00,87.89,-1.10,0.00,-0.88,-1.80,2.25,1141.00,1141.00,1141.00,.00
105725,1,0,350.00,87.89,-1.18,0.00,4.19,-1.84,-2.37,1095.00,1097.00,1097.00,1095.00
105774,1,0,350.00,87.89,-1.52,0.00,5.19,-2.10,-7.19,1018.00,1026.00,1026.00,1019.00
105798,1,0,350.00,87.89,-1.52,0.00,-2.44,-2.25,-2.75,1017.00,1021.00,1021.00,1017.00
105830,1,0,350,87.89,-1.38,0.00,-4.94,-2.13,4.19,1017.00,1017.00,1017.00,1017.00
105921,1,0,350.00,87.89,-1.63,0.00,6.62,.33,-6.62,1011.00,1017.00,1017.00,1011.00
106015,1,0,350.00,87.89,-1.53,0.00,-5.9,-2.23,5.94,1015.00,1013.00,1013.00,1015.00
106077,1,0,350.00,87.89,-1.48,0.00,4.81,-2.11,-0.19,1013.00,1015.00,1015.00,1013.00
106151,1,0,350.00,87.89,-1.77,0.00,0.13,-2.47,-2.00,1012.00,1016.00,1016.00,1012.00
106181,1,0,350.00,87.89,-1.60,0.00,-5.62,-2.41,4.25,1014.00,1014.00,1014.00,1014.00
106227,1,0,350.00,87.89,-1.51,0.00,0.00,-2.21,1.37,1014.00,1014.00,1014.00,1014.00
106253,1,0,350.00,87.89,-1.59,0.00,4.62,-2.25,-2.75,1012.00,1016.00,1016.00,1012.00
106275,1,0,350.00,87.89,-1.71,0,3.06,-2.41,-5.94,1011.00,1017.00,1017.00,1011.00
106462,0,0,350.00,87.89,-1.75,0.00,4.31,-2.36,-4.37,1011.00,1017.00,1017.00,1011.00
106577,0,0,350.00,87.89,-1.58,0.00,0.69,-2.29,2.94,1014.00,1014.00,1014.00,1014.00
106599,0,0,350.00,87.89,-1.69,0.00,4.12,-2.35,-2.62,1012.00,1016.00,1016.00,1012.00
106638,0,0,350.00,89,-1.81,0.00,3.81,-2.46,-4.12,1011.00,1017.00,1017.00,1011.00
106705,0,0,350.00,7.89,-1.61,0.00,-3.87,-2.39,5.25,1014.00,1014.00,1014.00,1014.00
106833,0,0,350.00,87.89,-1.77,0.00,0.75,-2.46,-3.19,1012.00,1016.00,10160,1013.00
106874,0,0,350.00,87.89,-1.67,0.00,-2.81,-2.45,0.75,1013.00,1015.00,1015.00,1013.00
106923,0,0,350.00,87.89,-1.63,0.00,0.75,-2.30,1.06,1014.00,1014.00,1014.00,1013.00
106951,0,0,350.00,87.89,-1.62,0.00,3.06,-2.30,-1.56,1013.00,1015.00,1015.00,1013.00
107032,0,0,350.00,87.89,-1.66,0.00,-2.75,-2.35,2.75,1014.00,1014.00,1014.00,1014.00
107167,0,0,350.00,87.89,-1.51,0.00,.81,-2.21,-3.94,1012.00,1016.00,1016.00,1012.00
107195,0,0,350.00,87.89,-1.54,0.00,-0.69,-2.25,-0.81,1013.00,10.00,1014.00,1014.00
107302,0,0,350.00,87.89,-1.37,0.00,2.37,-2.06,-2.50,1012.00,1016.00,1016.00,1012.00
107328,0,0,350.00,87.89,-1.37,0.00,1.87,-2.07,-1.94,1013.00,1015.00,1015.00,1013.00
107379,0,0,350.00,87.89,-1.25,0.00,-3.81,-2.00,1.81,1014.00,1014.00,1014.00,1014.00
107406,0,0,350.00,87.89,-1.13,0.00,-2.81,-1.87,3.06,1014.00,1014.00,1014.00,1014.00
107425,0,0,350.00,87.89,-9,0.00,-1.19,-1.74,2.37,1014.00,1014.00,1014.00,1014.00
107532,0,0,350.00,87.89,-1.15,0.00,0.50,-1.83,-2.50,013.00,1015.00,1015.00,1013.00
107627,0,0,350.00,87.89,-0.97,0.00,0.13,-1.64,0.88,1014.00,1014.00,1014.00,1014.00
107656,0,0,350.00,87.89,-0.95,0.00,2.31,-1.65,-1.00,1013.00,1015.00,1015.00,1013
107680,0,0,350.00,87.89,-0.99,0.00,1.06,-1.67,-2.81,1012.00,1016.00,1016.00,1012.00
107748,0,0,350.00,87.89,-0.76,0.00,-3.25,-1.55,3.69,1014.00,1014.00,1014.00,1014.00
107766,0,0,3500,87.89,-0.68,0.00,-0.44,-1.43,2.31,1014.00,1014.00,1014.00,1014.00
107865,0,0,350.00,87.89,-0.78,0.00,1.50,-1.44,-3.31,1012.00,1016.00,1016.00,1012.00
107889,0,0,350.00,87.89,-0.79,0.00,0.94,-9,-0.94,1013.00,1015.00,1015.00,1013.00
108079,0,0,350.00,87.89,-0.61,0.00,-2.31,-1.34,2.25,1014.00,1014.00,1014.00,1014.00
108106,0,0,350.00,87.89,-0.49,0.00,-3.25,-1.26,2.81,1014.00,1014.00,1014.00,1014.00
108131,0,0,350.00,87.89,-0.41,0.00,-1.62,-1.15,2.62,1014.00,1014.00,1014.00,1014.00
108233,0,0,350.00,87.89,-0.56,00,0.31,-1.26,-1.31,1013.00,1015.00,1015.00,1013.00
108320,0,0,350.00,87.89,-0.45,0.00,0.13,-1.08,0.69,1014.00,1014.00,1014.00,1014.00
108459,0,0,350.00,87.89,-0.34,0.00,-2.69,-1.07,2.62,1014.00,1014.00,1014.00,1014.0
108485,0,0,350.00,87.89,-0.28,0.00,-1.25,-1.02,2.12,1014.00,1014.00,1014.00,1014.00
108527,0,0,350.00,87.89,-0.30,0.00,2.44,-0.96,-1.31,1013.00,1015.00,1015.00,1013.00
108551,0,0,350.00,87.89,-0.37,0.00,2.19,-1.05,-2.81,1013.00,1015.00,1015.00,1013.00
108575,0,0,350.00,87,-0.40,0.00,0.50,-1.10,-1.87,1013.00,1015.00,1015.00,1013.00
108638,0,0,350.00,87.89,-0.38,0.00,-1.037,-1.06,1.81,1014.00,1014.00,1014.00,1014.00
108786,0,0,350.00,87.89,-0.28,0.00,-1.44,-0.93,1.44,1014.00,1014.00,1014.00,1014.00
108830,0,0,350.00,87.89,-0.16,0.00,0.25,-0.80,1.12,1014.00,1014.00,1014.00,1014.00
108899,0,0,350.00,87.89,-0.28,0.00,1.87,-0.96,-2.44,1013.00,1015.00,1015.00,1013.00
109073,0,0,350.00,87.89,-0.21,0.00,1.56,-0.82,-1.50,1013.00,1014.00,1014.00,1014.00
109160,0,0,350.00,87.89,-0.14,0.00,-1.87,-0.86,1.75,1014.00,1.00,1014.00,1014.00
109224,0,0,350.00,87.89,-0.16,0.00,2.19,-0.75,-1.81,1013.00,1015.00,1015.00,1013.00
109252,0,0,350.00,87.89,-0.21,0.00,1.25,-0.89,-2.00,1013.00,1015.00,1015.00,1013.00
109285,0,0,350.00,87.89,-0.19,0.00,-1.31,-0.84,0.44,1014.00,1014.00,1014.00,1014.00
109369,0,0,350.00,87.89,-0.07,0.00,0.06,-0.78,0.56,1014.00,1014.00,1014.00,1014.00
109476,0,0,350.00,87.89,03,0.00,-9.25,-0.45,9.00,1017.00,1011.00,1011.00,1017.00
109499,0,0,350.00,87.89,0.54,0.00,-4.19,-0.27,9.25,1017,1013.00,1013.00,1015.00
109521,0,0,350.00,87.89,0.50,0.00,3.69,-0.15,1.87,1014.00,1014.00,1014.00,1.00
109591,0,0,350.00,87.89,-0.28,0.00,11.31,-0.76,-11.25,1010.00,1018.00,1018.00,1010.0
109634,0,0,350.00,87.89,-0.58,0.00,10.13,-1.02,-10.81,1010.00,1018.00,1018.00,1010.00
109679,0,0,350.00,87.89,-0.95,0.00,5.75,-1.54,-6.56,1011.00,1017.00,1017.00,1011.00
109703,0,0,350.00,87.89,-1.09,0.00,5.69,-1.70,-5.75,1011.00,1017.00,1017.00,1011.00
109729,0,0,350,87.89,-1.19,0.00,4.25,-1.84,-5.62,1011.00,1017.00,1017.00,1011.00
109932,0,0,350.00,87.89,-0.01,0.000,-10.25,-0.64,13.38,1018.00,1010.00,1010.00,1018.00
109993,0,0,350.00,87.89,0.54,0.00,-4.56,-0.25,6.12,1016.00,1012.00,1012.00,1010
110060,0,0,350.00,87.89,0.61,0.00,-1.25,-0.08,1.31,1014.00,1014.00,1014.00,1014.00
110088,0,0,350.00,87.89,0.69,0.00,-2.06,-0.04,2.44,1014.00,1014.00,1014.00,1014.00
110290,0,0,350.00,87.89,-0.01,0.00,12.19,-0.40,-10.25,1010.00,1018.00,101800,1009.00
110329,0,0,350.00,87.89,-0.47,0.00,15.13,-0.80,-15.94,1008.00,1020.00,1020.00,1008.00
110378,0,0,350.00,87.89,-0.96,0.00,8.19,-1.46,-10.88,1009.00,101900,1018.00,1010.00
110399,0,0,350.00,87.89,-0.97,0.00,-2.00,-1.62,-3.62,1012.00,1016.00,1016.00,1012.00
110436,0,0,350.00,87.89,-0.77,0.00,-9.94,-1.55,4.62,1014.00,1014.00,1014.00,1014.00
110513,0,0,350.00,87.89,0.52,0.00,-16.87,-0.52,18.50,1021.00,1007.00,1007.00,1021.00
110543,0,0,350.00,7.89,0.90,0.00,-10.94,0.09,15.19,1020.00,1008.00,1008.00,1020.00
110661,0,0,350.00,87.89,1.08,0.00,0.62,0.38,-1.19,1014.00,1014.00,1014.00,101
110756,0,0,350.00,87.89,1.18,0.00,-1.75,0.46,2.00,1015.00,1013.00,1013.00,1015.00
110971,0,0,350.00,87.89,0.15,0.00,11.38,-0.44,-10.44,1010.00,1018.00,1018.00,1010.00
111013,0,0,350.00,87.89,-0.19,0.00,11.56,-0.78,-11.88,1009.00,1019.00,1019.00,1009.00
111060,0,0,350.00,87.89,-0.71,0.00,10.06,-1.32,-10.31,1010.00,1018.00,1018.000,1010.00
111085,0,0,350.00,87.89,-1.07,0.00,9.69,-1.53,-9.69,1010.00,1018.00,1018.00,1010.00
111174,0,0,350.00,87.89,-1.33,0.00,3.56,-2.13,-5.12,1011.00,1017.00,1017.00,1011.00
111299,0,0,350.00,87.89,-0.92,0.00,-9.00,-1.62,8.25,1016.00,1012.00,1012.00,1016.00
111330,0,0,350.00,87.89,-0.65,0.00,-8.81,-1.53,9.00,1016.00,1.00,1012.00,1016.00
111519,0,0,350.00,87.89,0.72,0.00,-0.75,-0.01,2.81,1015.00,1013.00,1013.00,1015.00
111543,0,0,350.00,87.89,0.71,0.00,0.75,0.02,0.00,1014.00,1014.00,1014.00,1014.00
111595,0,0,350.00,87.89,0.59,0.00,3.06,-0.04,-2.69,1000,1015.00,1015.00,1013.00
111688,0,0,350.00,87.89,0.09,0.00,9.69,-0.51,-9.25,1011.00,1017.0,1018.00,1010.00
111759,0,0,350.00,87.89,-0.69,0.00,9.06,-1.31,-9.50,1010.00,1018.00,1018.00,1010.00
111780,0,0,350.00,87.89,-1.01,0.00,7.87,-1.56,-8.31,1010.00,1018.00,1018.00,1010.00
111814,0,0,350.00,87.89,-1.21,0.00,6.62,-1.78,-6.87,1011.00,1017.00,1017.00,1011.00
111887,0,0,350.00,87.89,-1.47,0.00,1.31,-2.16,-2.44,1012.00,1016.00,1016.00,1012.00
111907,0,0,350.00,87.,-1.39,0.00,-3.19,-2.16,1.50,1014.00,1014.00,1014.00,1014.00
111993,0,0,350.00,87.9,-0.84,0.00,-7.94,-1.70,7.69,1016.00,1012.00,1012.00,1016.00
112055,0,0,350.00,87.89,-0.51,0.00,-8.75,-1.29,8.81,1016.00,1012.00,011.00,1017.00
112131,0,0,350.00,87.89,0.23,0.00,-9.38,-0.65,9.63,1017.00,1011.00,1011.00,.00
112164,0,0,350.00,87.89,0.45,0.00,-7.19,-0.25,8.81,1017.00,1011.00,1011.00,1017.00
112210,0,0,350.00,87.89,0.62,0.00,-1.69,-0.12,3.50,1015.00,1013.00,1013.00,1015.0
112236,0,0,350.00,87.89,0.62,0.00,0.62,-0.00,0.69,1014.00,1014.00,1014.00,1014.00
112367,0,0,350.00,87.89,0.10,0.00,8.63,-0.52,-8.00,1000,1017.00,1017.00,1011.00
112480,0,0,350.00,87.89,-0.91,0.00,7.94,-1.53,-8.50,1010.00,1018.00,1018.00,1010
112506,0,0,350.00,87.89,-1.18,0.00,6.62,-1.75,-6.75,1011.00,1017.00,1017.00,1011.00
112579,0,0,350.00,87.89,-1.45,0.00,1.81,-2.07,-2.62,1012.00,1016.00,1016.00,1012.00
112613,0,0,3500,87.89,-1.45,0.00,-1.50,-2.16,0.13,1013.00,1015.00,1015.00,1013.00
112695,0,0,35.00,87.89,-1.01,0.00,-8.06,-1.79,7.63,1016.00,1012.00,1012.00,1016.00
112718,0,0,350.00,87.89,-0.86,0.00,-8.00,.56,8.00,1016.00,1012.00,1012.00,1016.00
112861,0,0,350.00,87.89,0.33,0.00,-7.63,-0.44,9.13,1017.00,1011.00,1011.00,1017.00
112904,0,0,350.00,87.89,0.59,0.00,-3.06,-0.18,6.00,1016.00,1012.00,1012.,1015.00
112928,0,0,350.00,87.89,0.64,0.00,-1.25,-0.09,2.12,1014.00,1014.00,1014.00,1014.00
112962,0,0,300,87.89,0.63,0.00,1.12,-0.06,0.37,1014.00,1014.00,1014.00,1014.00
113143,0,0,350.00,87.89,-0.51,0.00,10.31,-1.1.21,-10.31,1010.00,1018.00,1018.00,1010.00
113192,0,0,350.00,87.89,-1.10,0.00,7.56,-1.65,-7.87,1010.00,1018.00,1018.00,1010.00
113276,0,0,350.00,87.89,-1.46,0.00,4.00,-2.12,-4.12,1012.00,1016.00,1016.00,1012.00
113314,0,0,350.00,87.89,-1.48,0.00,0.13,-2.19,-0.94,1013.00,1015.00,1015.00,1013.00
113362,0,0,350.00,87.89,-1.35,0.00,-5.37,-2.11,3.75,1014.00,1014.00,1014.00,1014.00
113386,0,0,350.00,87.89,-1.15,0.00,-7.44,-1.92,7.19,1015.00,1013.00,1013.00,1015.00
113595,0,0,350.00,87.89,0.62,0.00,-5.00,-0.18,5.87,10500,1050.00,1050.00,1052.00
113707,0,0,350.00,9,0.57,0.00,4.56,-0.05,-2.87,1075.00,1077.00,1077.00,1075.00
113844,0,0,350.00,87.89,-0.30,0.00,8.56,-1.00,-9.25,1119.00,1127.00,1127.00,1119.00
113873,0,0,350.00,87.89,-0.55,0.00,8.63,-1.16,-8.56,1130.00,1100,1138.00,1130.00
113962,0,0,350.00,87.89,-1.03,0.00,0.44,-1.73,-1.19,1167.00,1169.00,1169.00,1167.00
114051,0,0,350.00,87.89,-0.83,0.00,-5.25,-1.58,3.87,1191.00,1191.00,1191.00,1191.00
114073,0,0,350.00,87.89,-0.62,0.00,-9.00,-1.34,6.31,1194.00,1192.00,1192.00,1194.00
114129,0,0,350.00,87.89,-0.18,0.00,-9.06,-.72,7.25,1208.00,1204.00,1204.00,1208.00
114198,0,0,350.00,87.89,0.41,0.00,-5.31,-0.33,6.81,.00,1219.00,1219.00,1221.00
114295,0,0,350.00,87.89,0.76,0.00,-3.37,0.10,4.19,1233.00,41.00,1241.00,1243.00
114320,0,0,350.00,87.89,0.84,0.00,-1.06,0.11,1.81,1242.00,1242.00,1242.00,1242.00
114347,0,0,350.00,87.89,0.80,0.00,2.87,0.14,0.06,1246.00,1246.00,1246.00,1246.00
114432,0,0,350.00,87.89,0.60,0.00,4.62,0,-4.62,1288.00,1290.00,1290.00,1288.00
114524,0,0,350.00,87.89,0.18,0.00,6.62,-0.39,-.62,1301.00,1305.00,1305.00,1301.00
114548,0,0,350.00,87.89,0.05,0.00,2.75,-0.56,-4.31,1303.00,1307.00,1307.00,.00
114572,0,0,350.00,87.89,-0.07,0.00,3.12,-0.67,-3.44,1306.00,1308.00,1308.00,1306.00
114650,0,0,350.00,87.89,0.04,0.00,-2.44,-0.69,1.87,1320.00,1320.00,1320.00,1320.00
114671,0,0,350,87.89,0.13,0.00,-2.00,-0.62,3.50,1335.00,1333.00,1333.00,1335.00
114755,0,0,350.00,8.89,0.30,0.00,-3.19,-0.37,3.19,1337.00,1335.00,1335.00,1337.00
114805,0,0,350.00,87.89,0.41,0.00,-3.75,-0.33,3.75,1349.00,1347.00,1300,1360.00
114926,0,0,350.00,87.89,0.60,0.00,0.00,-0.10,0.88,1374.00,1374.00,1374.00,1374.00
114974,0,0,350.00,87.89,0.59,0.00,-0.13,-0.11,0.06,1384.00,1384.00,1384.00,1384.00
114996,0,0,350.00,87.89,0.59,0.00,0.13,-0.11,0.00,1397.00,1397.00,1397.00,1397.00
115140,0,0,350.00,87.89,0.46,0.00,1.25,-0.16,-1.75,1432.00,140,1432.00,1432.00
115204,0,0,350.00,87.89,0.42,0.00,1.25,-0.27,-0.69,1444.00,1444.00,444.00,1444.00
115226,0,0,350.00,87.89,0.37,0.00,1.81,-0.31,-1.75,1444.00,1444.00,1444.00,1444.00
115447,0,0,350.00,87.89,0.32,0.00,-3.12,-0.41,.12,1492.00,1490.00,1490.00,1492.00
115469,0,0,350.00,87.89,0.43,0.00,-2.37,-0.30,3.44,1494.00,1492.00,1492.00,.00
115503,0,0,350.00,87.89,0.46,0.00,-1.25,-0.26,1.12,1501.00,1501.00,1501.00,1501.00
115569,0,0,350.00,87.89,0.80,0.00,-6.31,0.03,6.19,1518.00,1514.00,1514.00,1518.00
115680,0,0,350.00,87.89,1.03,0,-2.12,0.33,1.31,1543.00,1543.00,1543.00,1543.00
115806,0,0,350.00,87.89,0.93,0.00,5.87,0.29,-5.56,1555.00,1559.00,1559.00,1555.00
115841,0,0,35,87.89,0.74,0.00,5.87,0.10,-6.75,1557.00,1561.00,1561.00,1557.00
115910,0,0,350.00,87.8,0.53,0.00,3.56,-0.13,-1.62,1569.00,1569.00,1569.00,1569.00
115930,0,0,350.00,87.89,0.45,0.00,3.81,-0.17,-3.56,.00,1570.00,1570.00,1568.00
116121,0,0,350.00,87.89,0.71,0.00,-3.94,-0.07,3.06,1593.00,1591.00,1591.00,1593.00
116144,0,0,350.00,87.89,0.86,0.00,-5.31,0.06,4.69,1594.00,1592.00,1592.00,1594.00
116191,0,0,350.00,87.89,1.04,0.00,-4.31,0.30,5.56,15,1596.00,1596.00,1598.00
116316,0,0,350.00,87.89,1.30,0.00,-0.56,0.59,1.94,1609.00,1607.00,1607.00,1609.00
116376,0,0,350.00,87.89,0.99,0.00,5.12,0.39,-4.94,1619.00,1621.00,1621.00,1619.00
116503,0,0,350.00,87.89,0.52,0.00,4.50,-0.09,-3.19,1629.00,160,1631.00,1629.00
116596,0,0,350.00,87.89,0.18,0.00,1.31,-0.48,-3.31,1630.00,1632.00,1631.00,1631.00
116622,0,0,350.00,87.89,0.24,0.00,-5.75,-0.52,0.44,1631.00,1631.00,1631.00,1631.00
116869,0,0,350.00,87.89,0.83,0.00,4.31,0.25,-4.37,1648.00,1650.00,1650.00,1648.00
117052,0,0,350.00,87.89,0.64,0.00,0.9,-0.06,-0.75,1651.00,1651.00,1651.00,1651.00
117109,0,0,350.00,87.89,0.78,0.00,1.44,0.09,-1.69,1652.00,1652.00,1652.00,1652.00
117188,0,0,350.00,87.89,1.22,0.00,-2.75,0.26,4.31,1653.00,1651.00,1651.00,1653.00
117287,0,0,350.00,87.89,1.1,0.00,-3.56,0.43,1.50,1652.00,1652.00,1652.00,1652.00
117418,0,0,350.00,87.89,0.90,0.00,1.44,0.21,-6.75,1650.00,1654.00,1654.00,1650.00
117525,0,0,350.00,89,0.82,0.00,3.19,0.17,-0.75,1652.00,1652.00,1652.00,1652.00
117551,0,0,350.00,87.89,0.78,0.00,3.37,0.12,-3.19,.00,1653.00,1653.00,1651.00
117643,0,0,350.00,87.89,0.86,0.00,0.62,0.15,0.69,1652.00,1652.00,1652.00,1652.00
117681,0,0,350.00,87.89,0.81,0.00,1.87,0.13,0.13,1652.00,1652.00,1652.00,1652.00
117750,0,0,0.00,87.89,0.93,0.00,0.75,0.24,3.06,1653.00,1651.00,1651.00,1653.00
117798,0,0,350.00,87.89,0.86,0.00,1.31,0.17,-1.94,1652.00,1652.00,.00,1652.00
117969,0,0,350.00,87.89,0.81,0.00,-0.62,0.10,-1.62,1652.00,1652.00,1652.00,1652.00
117993,1,0,350.00,87.89,0.88,0.00,-3.19,0.13,2.12,1652.00,1652.00,1652.00,1652.00
118013,1,1,0.00,0.03,0.96,466.67,-3,-7.37,-462.73,1466.00,1838.00,1838.00,1466.00
118115,1,1,53.39,3.69,10.44,466.67,-23-257.19,-55.15,-235.42,1529.00,1775.00,1775.00,1529.00
118471,1,2,213.39,55.40,93.70,466.67,-103.75,-157.98165.03,-362.92,1416.00,1888.00,1888.00,1416.00
118562,1,2,262.08,62.52,105.76,466.67,-160.44,-199.56,-315.23,1416.00,1888.00,1888.00,1416.00
118906,1,0,350.00,88.76,-114.58,0.00,-530.00,-125.66,543.81,1796.00,1508.00,1508.00,1796.00
119045,1,0,350.00,88.76,-43.68,0.00,-648.50,-57.00,649.56,1800.00,1428.00,1428.00,1800.00.00
119071,1,0,350.00,88.76,-25.96,0.00,-587.37,-38.27,631.56,1800.00,1425.00,1425.00,1800.00
119124,1,0,350.00,88.76,-2.87,0.00,-394.75,-11.59,475.25,1801800.00,1499.00,1499.00,1800.00
119149,1,0,350.00,88.76,6.58,0.00,-291.81,3.06,323.94,1781.00,1523.00,1523.00,1770.00
119179,1,0,350.00,88.76,14.82,0.00,-196.81,10.57,225.62,1747.00,1557.00,1557.00,1747.00
119275,1,0,350.00,88.76,16.35,0.00,126.87,17.62,-32.38,1650.00,1654.00,1654.00,1650.000
119307,1,0,350.00,88.76,10.50,0.00,226.31,13.99,-171.56,1593.00,1711.00,1711.00,1593.00
119376,1,0,350.00,88.76,-8.29,0.00,190.56,-5.00,-246.31,1552.00,1752.00,1752.00,1552.00
119406,1,0,350.00,88.76,-11.68,0.00,83.50,-11.56,-151.50,1586.00,1718.00,1718.00,1586.00
119488,1,0,350.00,88.76,-13.21,0.00,-16.37,-14.07,9.50,1648.00,1656.00,1656.00,1648.00
119536,1,0,350.00,88.76,-11.49,0.00,-62.50,-13.28,38.88,1659.00,1645.00,1645.00,1659.00
119582,1,0,350.00,88.76,-5.23,0.00,-165.75,-9.05,136.06,1700.00,1604.00.00,1590.00,1714.00
119609,1,0,350.00,88.76,-0.58,0.00,-153.37,-4.33,164.06,1714.00,1590.00,1590.00,1714.00
119641,1,0,350.00,88.76,3.35,0.00,-120.88,1.47,147.37,1711.00,1593.00,1593.00,1711.00
119726,1,0,350.00,88.76,3.96,0.00,36.88,3.63,-28.37,1643.00,1661.00,1661.00,1643.00
119827,1,0,350.0.00,88.76,-1.46,0.00,81.94,-1.31,-50.44,1632.00,1672.00,1672.00,1632.00
119859,1,0,350.00,88.76,-3.18,0.00,89.8,-3.81,-89.87,1615.00,1689.00,1689.00,1615.00
119961,1,0,350.00,88.76,-7.37,0.00,-38.81,-8.74,1481,1662.00,1642.00,1642.00,1662.00
120048,1,0,350.00,88.76,-3.28,0.00,-36.1912,-3.98,36.19,1664.00,1640.00,1640.00,1664.00
120072,1,0,350.00,88.76,-2.42,0.00,-30.25,-3.40,30.12,1661.00,162.00,1642.00,1662.00
120178,1,0,350.00,88.76,2.86,0.00,-38.13,1.51,42.44,1669.00,1635.00,1635.00,1669.
120215,1,0,350.00,88.76,2.58,0.00,10.88,2.26,10.19,1657.00,1647.00,1647.00,1657.00
120263,1,0,350.00,88.76,1.00,0.00,46.50,0.74,-41.81,1636.00,1668.00,1668.00,1636.00
120287,1,0,350.00,88.76,-0.42,0.00,47.50,-0.67,-51.06,1632.00,1672.00,1672.00,1632.00
120373,1,0,350.00,88.76,-1.28,0.00,17.56,-2.30,-17.37,1644.00,1660.00,1660.00,1644.00
120427,1,0,350.00,88.76,-2.91,0.00,27.31,-3.61,-31.62,1638.00,1666.00,1666.00,1638.00
120564,1,0,350.00,88.76,-1.76,0.00,-35.75,-3.13,5.75,1661.00,1637.00,1637.00,1661.00
120640,1,0,350.00,88.76,-0.31,0.00,-1.87,-1.10,1.87,1639.00,1639,1639.00,1639.00
120726,1,0,350.00,88.76,0.78,0.00,-7.06,-0.02,11.63,1632.00,16200,1626.00,1630.00
120750,1,0,350.00,88.76,0.59,0.00,4.56,0.07,0.37,1628.00,1628.00,1628.00,1628.00
120838,1,0,350.00,88.88.76,-0.99,0.00,11.94,-1.48,-16.75,1618.00,1632.00,1632.00,1618.00
120865,1,0,350.00,88.76,-1.04,0.00,-3.56,-1.76,-5.94,1622.00,1628.00,1628.00,1622.00
120901,1,0,350.00,88,-0.75,0.00,-9.56,-1.66,8.44,1625.00,1621.00,1621.00,1625.00
120970,1,0,350.00,88.76,-0.91,0.00,10.25,-1.47,-5.00,1620.00,1624.00,1624.00,1620.00
120994,1,0,350.00,88.76,-1.00,0.00,10.19,-1.61,-.19,1618.00,1626.00,1626.00,1618.00
121183,1,0,350.00,88.76,-0.74,0.00,9.81,-1.34,-8.37,1614.00,1622.00,1622.00,1614.00
121210,1,0,350.00,88.76,-0.89,0.00,-1.00,-1.59,-4.19,1615.00,1619.00,1619.00,1615.00
121243,1,0,350.00,88.76,-0.77,0.00,-2.94,-1.52,3.94,1607.00,1607.00,1607.00,1607.00
121291,1,0,350.00,88.,-0.84,0.00,6.06,-1.48,-1.81,1605.00,1607.00,1607.00,1605.00
121340,1,0,350.00,88.76,-157,0.00,9.00,-2.08,-11.13,1597.00,1607.00,1607.00,1597.00
121596,1,0,350.00,88.76,-2.02,0.00,-10.00,-2.82,7.94,1562.00,1560.00,1560.00,1562.00
121644,1,0,350.00,88.76,-1.53,0.00,-7.06,-2.30,10.81,1534.00,1530.00,151.00,1523.00
121670,1,0,350.00,88.76,-1.53,0.00,2.81,-2.20,-0.37,1503.00,1505.00,1505.00,1503.00
121751,1,0,350.00,88.76,-1.65,0.00,-2.12,-2.37,0.37,1457.00,1459.00,1459.00,1457.00
121903,1,0,350.00,88.76,-2.12,0.000,9.19,-2.75,-9.81,1309.00,1319.00,1319.00,1309.00
121958,1,0,350.00,88.76,-2.39,0.00,0.00,-3.09,-3.44,1177.00,1183.00,1183.00,110.00
122273,1,0,350.00,88.76,-2.88,0.00,1.62,-3.56,-6.,1012.00,1016.00,1016.00,1012.00
122341,1,0,350.00,88.76,-2.59,0.00,-2.12,-3.24,3.2,1013.00,1015.00,1015.00,1013.00
122364,1,0,350.00,88.76,-2.65,0.00,3.69,-3.31,-1.81,1012.00,1016.00,1016.00,1.00
122394,1,0,350.00,88.76,-2.83,0.00,6.75,-3.47,-6.50,1010.00,1018.00,1018.00,1010.00
122478,1,0,350.00,88.76,-2.75,0.00,-6.50,-3.52,6.00,1014.00,1014.00,1014.00,1014.00
122515,1,0,.00,88.76,-2.60,0.00,-3.37,-3.35,4.94,1014.00,1014.00,1014.00,1014.00
122587,0,0,350.00,88.76,-2.90,0.00,5.25,-3.55,-5.75,1010.00,1018.00,1018.00,1010.00
122608,0,0,350.00,88.76,-2.94,0.00,0.75,.64,-0.75,1012.00,1016.00,1016.00,1012.00
122714,0,0,350.00,88.76,-2.69,0.00,3.25,-3.27,0.56,1013.00,1015,1017.00,1011.00
122804,0,0,350.00,88.76,-2.90,0.00,-1.87,-3.62,-1.50,1012.00,1016.00,1015.00,1013.00
122838,0,0,350.00,88.76,-2.76,0.00,-5.31,-3.50,3.81,1014.00,1014.00,1014.00,1014.00
122864,0,0,350.00,88.76,-2.66,0.00,-2.25,-3.38,4.69,1014.00,1014.00,1014.00,1014.00
122906,0,0,350.00,876,-2.80,0.00,5.44,-3.40,-3.25,1011.00,1017.00,1017.00,1011.00
122955,0,0,350.00,88.76,-2.,0.00,-1.50,-3.60,-2.00,1012.00,1016.00,1016.00,1012.00
123035,0,0,350.00,88.76,-2.63,0.00,-0.81,-3.27,3.87,1014.00,1014.00,1014.00,1014.00
123060,0,0,350.00,88.76,-2.67,0.00,1.37,-3.26,0.81,1010,1016.00,1016.00,1012.00
123177,0,0,350.00,88.76,-2.82,0.00,-3.69,-3.59,2.81,1014.00,1014.00,1014.00,1010
123206,0,0,350.00,88.76,-2.74,0.00,-1.50,-3.48,3.56,1014.00,1014.00,1014.00,1014.00
123256,0,0,350.00,88.76,-2.83,0.00,4.31,-3.48,-2.81,1011.00,1017.00,1017.00,101100
123285,0,0,350.00,88.76,-2.97,0.00,3.56,-3.62,-4.75,1011.00,1017.00,1017.00,1011.00
123331,0,0,350.00,88.76,-2.87,0.00,6.12,-3.45,6.50,1014.00,1014.00,1014.00,1014.00
123405,0,0,350.00,88.76,-2.56,0.00,0.13,-,-0.13,1013.00,1015.00,1015.00,1013.00
123502,0,0,350.00,88.76,-2.80,0.00,2.06,-3.50,-2.06,1012.00,1016.00,1016.00,1012.00
123529,0,0,350.00,88.76,-2.78,0.00,-0.56,-3.48,-1.44,1012.00,1016.00,1.00,1013.00
123552,0,0,350.00,88.76,-2.76,0.00,-0.13,-3.46,0.69,1013.00,1015.00,1015.00,1013.00
123627,0,0,350.00,88.76,-2.84,0.00,1.50,-3.45,-3.50,1011.00,1017.00,1017.00,1011.00
123663,0,0,350.00,88.76,-2.80,0.00,-3.12,-3.45,1.56,1013.00,1015.00,1015.00,1013.00
123742,0,0,350.00,88.76,-2.40,0.00,-3.25,-3.06,5.75,1014.00,1014.00,1014.00,1014.00
123763,0,0,350.00,88.76,-2.24,0,0.25,-2.87,1.00,1013.00,1015.00,1015.00,1013.00
123954,0,0,350.00,88.76,-2.05,0.00,3.56,-2.78,-3.31,1012.00,1016.00,1016.00,1012.00
124069,0,0,35.00,88.76,-1.67,0.00,-4.56,-2.44,4.81,1014.00,1014.00,1014.00,1014.00
124102,0,0,350.00,88.76,-1.46,0.00,-3.25,-2.16,4.69,1014.00,1014.00,1014.00,1014.00
124125,0,0,350.00,88,-1.38,0.00,-0.62,-2.14,1.94,1014.00,1014.00,1014.00,1014.00
124207,0,0,350.00,88.76,-1.35,0.00,0.69,-2.04,-1.56,1013.00,1015.00,1015.00,1013.00
124356,0,0,350.00,88.76,-1.49,0.00,1.44,-2.20,-2.75,1012.00,1016.00,1016.00,1012.00
124407,0,0,350.00,88.76,-1.36,0.00,-3.31,-2.10,2.44,1014.00,1014.00,1014.00,1014.00
124430,0,0,350.00,88.76,-1.22,0.00,-2.94,-1.97,3.31,1014.00,1014.00,1014.00,1014.00
124451,0,0,.00,88.76,-1.10,0.00,-1.00,-1.85,1.62,1014.00,1014.00,1014.00,1014.00
124516,0,0,350.00,88.76,-1.09,00,0.37,-1.76,0.00,1014.00,1014.00,1014.00,1014.00
124562,0,0,350.00,88.76,-1.03,0.00,-0.,-1.73,0.37,1014.00,1014.00,1014.00,1014.00
124778,0,0,350.00,88.76,-0.88,0.00,-2.69,-1.66,2.62,1053.00,1053.00,1053.00,1053.00
124814,0,0,350.00,88.76,-0.78,0.00,-1.31,-1.52,2.25,1064.00,1064.00,1064.00,1064.00
124861,0,0,350.00,88.76,-0.74,0.00,-0.37,-1.45,0.88,1097.00,1097.00,1097.00,1097.00
124883,0,0,350.00,88.76,-0.72,0.00,-0.75,-1.44,-0.06,1117.00,1117.00,1117.00,1117.00
124971,0,0,350.00,88.76,-0.68,0.00,-0.75,-1.41,31,1152.00,1152.00,1152.00,1152.00
125026,0,0,350.00,88.76,-0.69,0.00,2.06,-1.38,-2.37,1190,1197.00,1197.00,1195.00
125111,0,0,350.00,88.76,-0.69,0.00,-1.12,-1.40,1.87,121.00,1219.00,1219.00,1219.00
125168,0,0,350.00,88.76,-0.53,0.00,-2.12,-1.28,1.19,1242.00,1242.00,1242.00,1242.00
125235,0,0,350.00,88.76,-0.37,0.00,-3.25,-1.05,3.56,1263.00,1263.00,1263.00,1263.00
125389,0,0,350.00,88.76,-0.04,0.00,1.81,-0.72,2.62,1325.00,1325.00,1325.00,1325.00
125515,0,0,350.00,88.76,0.12,0.00,-2.56,-0.61,1.81,1348.00,1348.00,1348.00,1348.00
125562,0,0,350.00,88.76,0.18,0.00,-0.44,-0.53,1.62,1361.00,1361.00,1361.00,13600
125587,0,0,350.00,88.76,0.20,0.00,-1.25,-0.51,0.88,1381.00,1381.00,1381.00,1381.00
125615,0,0,350.00,76,0.26,0.00,-2.31,-0.47,0.62,1393.00,1393.00,1393.00,1393.00
125791,0,0,350.00,88.76,0.49,0.00,-1.37,-0.15,0.44,1480.0,1493.00,1493.00,1493.00
125814,0,0,350.00,88.76,0.55,0.00,-2.62,-0.11,1.37,1504.00,1504.00,1504.00,1504.00
125952,0,0,350.00,88.76,0.58,0,-1.37,-0.05,0.00,1547.00,1547.00,1547.00,1547.00
126047,0,0,350.00,88.76,0.50,0.00,4.75,-0.15,-4.44,1566.00,1568.00,100,1575.00
126075,0,0,350.00,88.76,0.32,0.00,5.00,-0.30,-4.87,1585.00,1589.00,1589.00,1585.00
126165,0,0,350.00,88.76,0.24,0.00,2.56,-0.43,-0.81,1607.00,1607.00,1607.00,1607.00
126269,0,0,350.0,88.76,0.15,0.00,-3.37,-0.59,3.00,1637.00,1637.00,1637.00,1637.00
126388,0,0,350.00,88.76,0.27,0.00,0.00,-0.45,1.37,1663.00,1663.00,1663.00,160
126431,0,0,350.00,88.76,0.28,0.00,-2.19,-0.44,0.62,1672.00,1672.00,1672.00,1672.00
126476,0,0,350.00,88.76,0.38,0.00,-2.62,-0.34,2.06,1672.00,1672.00,1672.00,1672.00
126498,0,0,350.00,88.76,0.33,0.00,1.81,-0.33,0.25,1674.00,1674.00,1674.00,1674.00
126584,0,0,350.00,88.76,0.03,0.00,7.81,-0.59,-4.75,1684.00,1688.00,1688.00,1684.00
126724,0,0,350.00,88.76,-0.08,0.00,1.12,-0.74,-3.19,11699.00,1699.00,1699.00,1699.00
126741,0,0,350.00,88.76,-0.03,0.00,-1.87,-0.77,0.88,1700.00,1700.00,1700.00,170
126775,0,0,350.00,88.76,0.02,0.00,-1.81,-0.70,1.37,1700.00,1700.00,1700.00,1700.00
126844,0,0,350.00,88.76,0.22,0.00,3.06,-0.45,2.06,1703.00,1703.00,1703.00,1703.00
126946,0,0,350.00,88.76,08,0.00,-3.87,-0.69,2.87,1706.00,1706.00,1706.00,1706.00
126999,0,0,350.00,88.76,0.10,0.00,1.56,-0.56,-0.37,1707.00,1707.00,1707.00,17.00
127090,0,0,350.00,88.76,0.12,0.00,-3.94,-0.62,3.44,1709.00,1707.00,1707.00,1709.00
127167,0,0,350.00,88.76,0.43,0.00,-1.25,-0.28,2.75,1708.00,1708.00,1708.00,1708.00
127190,0,0,350.00,88.76,0.42,0.00,0.94,-0.28,0.31,1708.00,1708.00,1708.00,1708.00
127352,0,0,350.00,88.76,0.49,0.00,2.69,-0.15,-1.56,1708.00,1708.00,1708.00,1708.00
127401,0,0,350.00,88.76,0.34,0.00,2.94,-0.33,-4.06,1707.00,1709.00,1709.00,1707.00
127427,0,0,350.00,88.76,0.41,0.00,-4.37,-0.33,2.62,1708.00,1708.00,1708.00,1708.00
127508,0,0,350.00,88.76,0.66,0,1.19,-0.00,1.00,1705.00,1705.00,1705.00,1705.00
127637,0,0,350.00,88.76,0.82,0.00,0.50,0.14,2.00,17.00,1700.00,1700.00,1700.00
127886,0,0,350.00,88.76,0.55,0.00,4.19,-0.07,-3.19,1699.00,1701.00,100,1699.00
127927,0,0,350.00,88.76,0.44,0.00,4.25,-0.18,-3.62,1699.00,1701.00,1701.00,1699.00
127997,0,0,350.00,88.76,0.61,0.00,-2.19,-0.15,3.94,1701.00,1699.00,1699.00,1701.00
128103,0,0,350.00,88.76,0.47,0.00,-1.50,-0.26,0.62,1700.00,1700.00,1700.00,1700.00
128232,0,0,350.00,88.76,0.33,0.00,-1.50,-0.39,-2.75,1699.00,1701.00,1701.00,169
128271,0,0,350.00,88.76,0.38,0.00,-2.12,-0.34,0.75,1700.00,1700.00,1700.00,1700.00
128559,0,0,350.00,88.76,0.09,0.00,4.06,-0.58,-0.06,1700.00,1701.00,1701.00,1699.00
128584,0,0,350.00,88.76,-0.06,0.00,4.81,-0.71,-4.75,1698.00,1702.00,1702.00,1698.00
128609,0,0,350.00,88.76,-0.19,0.00,3.94,-0.85,-4.62,1698.00,1702.00,1702.00,1698.00
128666,0,0,350.00,8.76,-0.26,0.00,1.25,-0.96,-1.06,1700.00,1700.00,1700.00,1700.00
128713,0,0,350.00,88.76,-2,0.00,0.88,-1.12,-3.25,1699.00,1701.00,1701.00,1699.00
128794,1,1,0.00,0.05,-0.251,466.67,-3.50,-7.36,-463.29,1513.00,1887.00,1887.00,1513.00
128821,1,1,14.88,0.12,-0.19,466.67,-0.69,-14.77,-4465.98,1504.00,1896.00,1896.00,1504.00
129055,1,2,124.57,33.657.11,64.74,466.67,-322.62,-95.38,-119.92,1600.00,1800.00,1800.00,1600.00
129389,1,3,278.26,68.81,116.46,466.67,-245.81,-209.45,-255.54,1482.00,1918.00,1918.00,1482.00
129631,1,0,350.00,95.93,-129.63,0.00,-678.-724.75,-130.33,678.94,1800.00,1506.00,1506.00,1800.00
129725,1,0,350.00,95.93,-58.19,0.00,-750.62,-66.16,737.56,1800.00,1446.00,1446.00,1800.00
129760,1,0,350.00,95.95.93,-29.51,0.00,-720.06,-44.32,747.44,1800.00,1430.00,1430.00,1800.00
129837,1,0,350.00,95.93,18.25,0.00,-504.56,7.40,575.81,1800.00,1469.00,1469.00,1800.00
129875,1,0,350..00,95.93,29.90,0.00,-344.19,25.86,401.37,1800.00,1527.00,1527.00,1800.00
129924,1,0,350.00,95.93,38.28,0.00,-51.56,37.08,176.19,1790.00,1610.00,1610.00,1790.00
129950,1,0,350.00,95.93,35.26,0.00,102.75,37.02,-54.06,1700.00,1700.00,1700.00,1700.00
129975,1,0,350.00,955.93,28.42,0.00,274.50,32.74,-196.12,1641.00,1759.00,1759.00,1641.00
130111,1,0,350.00,95..93,-8.33,0.00,306.37,-6.05,-336.37,1564.00,1800.00,1800.00,1564.00
130189,1,0,350.00,95.93,-22.04,0.00,58.25,-22.18,-94.25,1651.00,1749.00,1749.00,1651.00
130220,1,0,350.0.00,95.93,-20.94,0.00,-79.81,-22.86,12.13,1692.00,1708.00,1708.00,1692.00
130300,1,0,350.00,95.93,-6.64,0.00,-226.50,-11.72,214.81,1778.00,1622.00,1622.00,1778.00
130339,1,0,350.00,95.93,-0.23,0.00,-212.44,-3.00,220.75,1785.00,1615.00,1615.00,1785.00
130393,1,0,350.00,95.93,7.63,0.00,-124.87,5.71,145.06,1760.00,1640.00,1640.00,1760..00
130420,1,0,350.00,95.93,10.46,0.00,-60.75,8.75,82.37,1737.00,1663.00,1663.00,1737.00
130450,1,0,350.,95.93,10.44,0.00,1.75,9.94,17.94,1712.00,1688.00,1688.00,1712.00
130541,1,0,350.00,95.93,1.15,0.00,144.00,0.45,-144.94,1644.00,1756.00,1756.00,1644.00
130646,1,0,350.00,95.5.93,-8.38,0.00,35.19,-8.38,-68.25,1669.00,1731.00,1731.00,1669.00
130669,1,0,350.00,95.93,-8.49,0.00,21.50,-9..19,-21.50,1687.00,1713.00,1713.00,1687.00
130779,1,0,350.00,95.93,-1.22,0.00,-89.50,-3.65,87.75,734.00,1666.00,1666.00,1734.00
130859,1,0,350.00,95.93,5.38,0.00,-52.75,3.48,83.65,1722.00,1676.00,1676.00,1722.00
130879,1,0,350.00,95.93,6.01,0.00,-10.31,5.09,34.81,1716.00,1684.00,1684.00,100
130913,1,0,350.00,95.93,5.78,0.00,18.62,5.32,1.44,1703.00,1697.00,1697.00,1703.00
130994,1,0,350.00,95.93,2.38,0.00,48.38,2.59,-44.75,1684.00,1716.00,1716.00,1684.00
131141,1,0,350.00,95.93,-1.89,0.00,2.06,-2.59,-11.50,1695.00,1705.00,1705.00,1695.00
131185,1,0,350.00,95.93,-1.63,0.00,-16.69,-2.57,2.25.06,1708.00,1692.00,1692.00,1708.00
131328,1,0,350.00,95.93,2.35,0.00,-6.44,1.55,7.81,13.00,1697.00,1697.00,1703.00
131462,1,0,350.00,95.93,-1.28,0.00,42.56,-1.17,-43.38,1683.00,1717.00,1717.00,1683.00
131488,1,0,350.0,95.93,-2.52,0.00,41.63,-2.40,-43.50,1682.00,1718.00,1718.00,1682.00
131578,1,0,350.00,95.93,-4.43,0,-2.37,-5.13,-5.31,1696.00,1704.00,1704.00,1696.00
131645,1,0,350.00,95.93,-4.30,0.00,-4.50,-5.11,2.5,1700.00,1700.00,1700.00,1700.00
131702,1,0,350.00,95.93,-3.95,0.00,-7.31,-4.65,5.50,17000,1700.00,1700.00,1700.00
131782,1,0,350.00,95.93,-2.38,0.00,-17.37,-3.18,27.37,1705.00,1695.00,1695.00,1705.00
131840,1,0,350.00,95.93,-2.57,0.00,11.50,-3.08,-6.94,1696.00,1704.00,1704.00,1696.00
131914,1,0,350.00,95.93,-3.44,0.00,4.94,-4.05,-6.81,1695.00,1703.00,1703.00,1695.00
131950,1,0,350.00,95.93,-3.69,0.00,9.69,-4.21,-6.75,1694.00,1704.00,1704.00,1694.00
132000,1,0,350.00,95.93,-4.51,0.00,19.19,-4.86,-19.75,1690.00,1710.00,1710.00,1690.00
132029,1,0,350.00,95.93,-4.82,0.00,7.87,-5.34,-13.00,1691.00,1707.00,1707.00,1691.00
132110,1,0,350.00,95.93,-4.85,0.00,-2.3156,-5.45,10.50,1696.00,1694.00,1694.00,1696.00
132168,1,0,350.00,95.93,-3.89,0.00,-13.19,-4.59,13.81,1679.00,1675.00,1675.00,1679.00
132243,1,0,350.00,95.93,-3.51,0.00,-1.87,-4.21,3.06,1676.00,1678.00,1678.00,1676.00
132275,1,0,350.00,95.93,-3.39,0.00,-4.94,-4.17,1.87,1674.00,1600,1674.00,1674.00
132372,1,0,350.00,95.93,-2.97,0.00,12.81,-3.35,-10.81,1647.00,1659.00,1659.00,1645.00
132414,1,0,350.00,95.93,-3.16,0.00,1.56,-3.70,-10.31,1637.00,1649.00,1649.00,1637.00
132461,1,0,350.00,95.93,-3.14,0.00,-1.12,-3.77,0.00,1620.00,1624.00,1624.00,621.00
132490,1,0,350.00,95.93,-3.04,0.00,-3.50,-3.74,2.94,1612.00,1612.00,1612.00,1612.00
132513,1,0,3500,95.93,-3.15,0.00,7.06,-3.68,0.37,1601.00,1603.00,1603.00,1601.00
132564,1,0,350.00,95.93,-3.23,0.,1.75,-4.06,-5.44,1578.00,1586.00,1586.00,1578.00
132723,1,0,350.00,95.93,-3.10,0.00,3.44,-3.77,-1.50,1430.00,1434.00,93.00,1387.00
132843,1,0,350.00,95.93,-3.48,0.00,1.69,-4.17,-1.87,1220.00,1226.00,1226.00,1220.00
132869,1,0,350.00,95.93,-3.65,0.00,4.62,-4.24,-4.31,1122.00,1130.00,1130.00,1122.00
132915,1,0,350.00,95.93,-3.93,0.00,9.81,-4.53,-8.00,1009.00,1019.00,1019.00,1009.00
132939,1,0,350.00,95.93,-4.11,0.00,5.25,-4.77,-6.50,1009.00,1019.00,1019.00,1009.00
132963,1,0,350.00,95.93,-4.15,0,-1.87,-4.85,-0.75,1011.00,1017.00,1017.00,1011.00
132994,1,0,350.00,95.93,-4.02,0.00,-6.19,-4.79,131,1014.00,1014.00,1014.00,1014.00
133069,1,0,350.00,95.93,-3.68,0.00,-0.37,-4.40,4.25,100,1016.00,1016.00,1012.00
133160,1,0,350.00,95.93,-3.52,0.00,-4.94,-4.29,2.25,101.00,1014.00,1014.00,1014.00
133222,1,0,350.00,95.93,-3.15,0.00,-3.50,-3.89,6.06,1014.00,1014.00,1014.00,1014.00
133298,1,0,350.00,95.93,-3.23,0.00,1.69,-3.88,-3.87,1011.00,1017.00,1017.00,1011.00
133331,1,0,350.00,.93,-3.26,0.00,0.75,-3.95,-1.12,1012.00,1016.00,1016.00,1012.00
133411,0,0,350.00,5.93,-3.27,0.00,3.44,-3.92,-0.62,1012.00,1016.00,1016.00,1012.00
133433,0,0,350.00,95.93,-3.38,0.00,4.87,-3.97,87,1010.00,1018.00,1018.00,1010.00
133533,0,0,350.00,95.93,-3.83,0.00,0.69,-4.55,-0.88,1012.00,1016.00,10160,1012.00
133569,0,0,350.00,95.93,-3.83,0.00,-0.13,-4.53,-0.44,1012.00,1016.00,1016.00,1012.00
133611,0,0,350.00,95.93,-3.95,0.00,3.62,-4.61,-3.50,1011.00,1017.00,1017.00,1010.00
133634,0,0,350.00,95.93,-4.02,0.00,1.69,-4.69,-2.25,1011.00,1017.00,1017.00,1011.00
133725,0,0,350.00,95.93,-357,0.00,-6.69,-4.40,6.87,1014.00,1014.00,1014.00,1014.00
133856,0,0,350.00,95.93,-3.13,0.00,-4.12,-3.83,3.00,1014.00,1014.00,1014.00,1014.00
133882,0,0,350.00,95.93,-2.92,0.00,-5.12,-3.70,4.12,1014.00,1.00,1014.00,1014.00
134071,0,0,350.00,95.93,-2.78,0.00,0.50,-3.48,-2.19,1012.00,1016.00,1016.00,1012.00
134095,0,0,350.00,95.93,-2.79,0.00,4.69,-3.44,-1.81,1012.00,1016.00,1016.00,1012.00
134113,0,0,350.00,95.93,95,0.00,5.37,-3.60,-5.50,1010.00,1018.00,1018.00,1010.00
134180,0,0,350.00,95.93,-2.99,0.00,6.75,-3.1,-7.06,1010.00,1018.00,1018.00,1010.00
134242,0,0,350.00,95.93,-3.13,0.00,-1.69,-3.86,0,1013.00,1015.00,1015.00,1013.00
134311,0,0,350.00,95.93,-2.92,0.00,-0.25,-3.64,0.5,1013.00,1015.00,1015.00,1013.00
134336,0,0,350.00,95.93,-2.86,0.00,-0.50,-3.59,0.06,1013.00,1015.00,1015.00,13.00
134370,0,0,350.00,95.93,-2.76,0.00,-3.75,-3.53,1.12,1013.00,1015.00,1015.00,1013.00
134439,0,0,350.00,95.93,-2.21,0.00,-3.87,-3.04,5.25,1014.00,1014.00,1014.00,1014.00
134461,0,0,.00,95.93,-2.08,0.00,-0.19,-2.85,2.75,1014.00,1014.00,1014.00,1014.00
134542,0,0,50.00,95.93,-2.01,0.00,-1.62,-2.75,1.25,1013.00,1015.00,1015.00,1013.00
134772,0,0,350.00,95.93,-2.17,0.00,0.31,-2.87,-2.12,1012.00,1016.00,1015.00,1013.00
134795,0,0,350.00,95.93,-2.18,0.00,1.81,-2.86,-0.69,1013.00,1015.00,1015.00,1013.00
134822,0,0,350.00,95.93,-2.29,0.00,4.00,-2.94,-3.69,1011.00,1017.00,1017.00,1011.00
135019,0,0,350.00,95.93,-1.7.49,0.00,-26.44,-2.44,21.50,1021.00,1007.00,1007.00,1021.00
135046,0,0,350.00,95.93,-0.91,0.00,-29.06,-2.19,26.6,1024.00,1004.00,1004.00,1024.00
135073,0,0,350.00,95.93,-0.22,0.00,-22.25,-1.14,25.56,1023.00,100506.00,1006.00,1022.00
135243,0,0,350.00,95.93,2.17,0.00,9.38,1.55,-3.44,1014.00,1014.00,1014.00,1014.00
135460,0,0,350.00,95.93,-1.54,0.00,11.650,-2.24,-11.63,1009.00,1019.00,1019.00,1009.00
135485,0,0,350.00,95.93,-2.04,0.00,14.69,-2.45,-11.50,1009.00,1021.00,1021.00,1007.00
135521,0,0,350.00,95.93,-2.40,0.00,6.81,-2.91,-16.94,1006.00,1022.00,1022.00,009.00
135635,0,0,350.00,95.93,-2.37,0.00,-2.56,-3.07,4.31,1014.00,1014.00,1014.00,1014.00
135678,0,0,350.00,95.93,-2.15,0.00,-4.94,-2.94,5.75,1014.00,1014.00,1014.00,1014.00
135704,0,0,350.00,95.93,-2.07,0.00,-2.31,-2.80,4.69,1014.00,1014.00,1014.00,1014.00
135730,0,0,350.00,9,-2.09,0.00,1.31,-2.70,0.00,1013.00,1015.00,1015.00,1013.00
135788,0,0,350.00,95.93,-2.09,0.00,0.31,-2.72,0.19,1013.00,1015.00,1015.00,1013.00
135930,0,0,350.00,95.93,-1.60,0.00,-4.56,-2.34,.56,1014.00,1014.00,1014.00,1014.00
135983,0,0,350.00,95.93,-1.42,0.00,-2.87,-2.17,3.12,1014.00,1014.00,1014.00,1014.00
136055,0,0,350.00,95.93,-1.24,0.00,-2.37,-1.96,2.62,1014.00,1014.00,1014.00,1014.00
136167,0,0,350.00,95.93,-1.35,0.00,3.94,-2.01,-3.12,1012.00,1016.00,1016.00,1012.00
136211,0,0,350.00,95.93,-1.48,0.00,2.56,-2.13,-2.06,1012.0,1016.00,1016.00,1012.00
136289,0,0,350.00,95.93,-1.74,0.00,5.31,-2.34,-3.62,1012.00,10160,1017.00,1011.00
136382,0,0,350.00,95.93,-2.04,0.00,1.69,-2.69,-4.06,1011.00,1017.00,1016.00,1012.00
136405,0,0,350.00,95.93,-2.07,0.00,0.75,-2.76,-1.12,1013.00,1015.00,1015.00,1013.00
136435,0,0,350.00,95.93,-2.06,0.00,-0.94,-2.76,-0.19,1013.00,1015.00,1015.00,1013.00
136531,0,0,350.00,95.93,-1,0.00,-2.50,-2.73,0.62,1013.00,1015.00,1015.00,1013.00
136619,0,0,350.00,95.93,-1.67,0.00,-4.25,-2.46,5.00,1014.00,1014.00,1014.00,1014.00
136644,0,0,350.00,95.93,-1.60,0.00,-3.44,-2.37,4.25,1.00,1014.00,1014.00,1014.00
136672,0,0,350.00,95.93,-1.53,0.00,-2.62,-2.28,2.25,1014.00,1014.00,101400,1014.00
136747,0,0,350.00,95.93,-1.38,0.00,-2.87,-2.11,2.94,1014.00,1014.00,1014.00,1010
136789,0,0,350.00,95.93,-1.28,0.00,-2.50,-2.03,2.19,1014.00,1014.00,1014.00,1014.00
136837,0,0,350.00,95.93,-1.27,0.00,1.44,-1.95,-0.37,1013.00,1015.00,1015.00,1013.00
136858,0,0,350.00,95.93,-1.32,0.00,2.12,-2.00,-1.75,1013.00,1015.00,1015.00,1013.00
137072,0,0,350.00,95.93,-1.91,0.00,3.81,-2.51,-3.81,1012.00,1016.00,1016.00,1012.00
137091,0,0,350.00,95.93,-1.97,0.00,1.44,-2.66,-2.75,1012.00,1016.00,1010,1012.00
137126,0,0,350.00,95.93,-1.99,0.00,0.25,-2.69,-1.19,1013.00,1015.00,1015.00,1013.00
137203,0,0,350.00,95.93,-1.98,0.00,-0.19,-2.68,-0.37,1013.00,1015.00,1015.00,1013.00
137318,0,0,350.00,95.93,-1.68,0.00,-4.50,-2.48,3.94,1014.00,1014.00,1014.00,1014.00
137553,0,0,350.00,95.93,-1.16,0.00,1.69,-1.84,-1.31,1013.00,1015.00,1015.00,1013.00
137635,0,0,350.0,95.93,-1.31,0.00,1.94,-1.98,-1.94,1013.00,1015.00,1015.00,1013.00
137663,0,0,350.00,95.93,-1.35,0.00,1.81,-2.02,-1.56,1013.00,1015.00,1015.00,1013.00
137780,0,0,350.00,95.93,-1.61,0.00,2.62,-2.26,-3.19,1012.00,1016.00,1016.00,1012.00
137842,0,0,350.00,95.93,-1.64,0.00,0.56,-2.35,-1.12,1013.00,1015.00,1015.00,1013.00
137902,0,0,350.00,95.93,-1.57,0.00,0.44,-2.27,-0.69,1013.00,1015.00,1015.00,13.00
137939,0,0,350.00,95.93,-1.56,0.00,-0.06,-2.27,0.31,1013.00,1015.00,1015.00,1013.00
137986,0,0,350.00,95.93,-1.49,0.00,-2.56,-2.25,1.69,1014.00,1014.00,1014.00,1014.00
138017,0,0,350.00,95.93,-1.40,0.00,-3.44,-2.13,3.00,1014.00,1014.00,1014.00,1014.00
138045,0,0,300,95.93,-1.27,0.00,-3.81,-2.01,4.00,1014.00,1014.00,1014.00,1014.00
138161,0,0,350.00,95.93,-1.05,0.00,-1,-1.68,1.62,1014.00,1014.00,1014.00,1014.00
138219,0,0,350.00,95.93,-0.87,0.00,-2.69,-1.57,2.31,1014.00,1014.00,1014.00,1014.00
138288,0,0,350.00,95.93,-0.87,0.00,1.50,-1.56,-1.00,1013.00,1015.00,1015.00,1013.00
138375,0,0,350.00,95.93,-1.02,0.00,1.75,-1.69,-1.62,1013.00,1015.00,1015.00,1013.00
138404,0,0,350.00,95.93,-1.06,0.00,1.31,-1.74,-1.69,1013.00,1015.00,1015.00,1013.00
138447,0,0,350.00,95.93,-1.15,0.00,2.37,-1.81,-3.06,1012.00,1016.00,1016.00,1012.00
138473,0,0,350.00,95.93,-1.24,0.00,3.81,-1.88,-2.75,1015.00,1019.00,1019.00,1015.00
138590,0,0,350.00,95.93,-1.31,0.00,0.19,-2.02,0.19,13.00,1085.00,1085.00,1083.00
138683,0,0,350.00,95.93,-1.24,0.00,-1.75,-1.89,1.31,1118.00,1118.00,1118.00,1118.00
138706,0,0,350.00,95.93,-1.13,0.00,-3.37,-1.81,3.06,1130.00,1130.00,1130.00,1130
138732,0,0,350.00,95.93,-0.97,0.00,-4.62,-1.77,3.75,1168.00,1168.00,1168.00,1168.00
138836,0,0,350.00,95.93,-0.70,0.00,-3.62,-1.36,3.50,1238.00,1238.00,1238.00,1238.00
138860,0,0,350,95.93,-0.53,0.00,-4.50,-1.32,4.56,1293.00,1291.00,1291.00,1293.00
138924,0,0,350.00,95.93,-0.08,0.00,-8.44,-0.86,4.62,1357.00,1355.00,1355.00,1357.00
139044,0,0,350.00,95.93,0.29,0.00,-2.37,-0.46,3.06,1410.00,1410.00,1410.00,.00
139084,0,0,350.00,95.93,0.33,0.00,-0.37,-0.39,2.06,1422.00,1422.00,1422.00,1422.00
139128,0,0,350.00,95.93,0.20,0.00,3.31,-0.43,-3.31,1434.00,1436.00,1436.00,1434.00
139155,0,0,350.00,95.93,0.11,0.00,3.12,-0.46,-3.81,1446.00,1448.00,1448.00,1446.00
139240,0,0,350.00,95.93,-0.01,0.00,1.87,-079,-4.50,1486.00,1490.00,1490.00,1486.00
139293,0,0,350.00,95.93,-0.34,0.00,3.75,-1.01,-4.,1515.00,1519.00,1519.00,1515.00
139387,0,0,350.00,95.93,-0.42,0.00,-0.62,-1.05,0.62,1549.00,1549.00,1549.00,1549.00
139411,0,0,350.00,95.93,-0.35,0.00,-2.75,-1.08,2.19,1559.00,1559.00,1559.00,1.00
139428,0,0,350.00,95.93,-0.29,0.00,-1.81,-0.94,2.00,1571.00,1571.00,1571.00,1571.00
139514,0,0,350.00,95.93,0.03,0.00,-7.25,-0.74,5.75,1601.00,1599.00,1599.00,1601.00
139541,0,0,.00,95.93,0.21,0.00,-5.44,-0.55,6.19,1614.00,1610.00,1610.00,1614.00
139751,0,0,350.00,95.93,0.16,0.00,4.25,-0.40,-4.44,1652.00,1654.00,1654.00,1652
139780,0,0,350.00,95.93,0.07,0.00,2.44,-0.57,-2.81,1654.00,1656.00,1656.00,1654.00
139856,0,0,350.00,95.93,-0.19,0.00,2.37,-0.80,-3.19,1663.00,1665.00,1665.00,1663.00
139886,0,0,350.00,95.3,-0.10,0.00,-3.94,-0.87,2.69,1675.00,1675.00,1675.00,1675.00
140074,0,0,350.00,95.93,-0.07,0.00,-3.62,-0.84,3.62,1699.00,1699.00,1699.00,1699.00
140137,0,0,350.00,95.93,0.42,0.00,-7.06,-0.35,10.69,1704.00,1696.00,1696.00,1704.00
140167,0,0,350.00,95.93,0.47,0.00,0.88,-0.23,0.75,1702.00,1702.00,1702.00,1702.00
140193,0,0,350.00,95.93,0.38,0.00,3.75,-0.26,-2.37,1704.00,1706.00,1706.00,1704.00
140298,0,0,350.00,95.3,0.08,0.00,3.00,-0.55,-3.81,1710.00,1712.00,1712.00,1710.00
140347,0,0,350.00,95.93,-0.23,0.00,7.94,-0.71,-6.37,1717.00,1721.00,1720.00,1718.00
140436,0,0,350.00,95.93,-0.56,0.00,2.50,-1.16,-5.94,1717.00,1721.00,1721.00,18.00
140472,0,0,350.00,95.93,-0.47,0.00,-2.94,-1.15,3.81,1719.00,1719.00,1719.00,1719.00
140521,0,0,350.00,95.93,-0.26,0.00,-6.75,-1.02,5.00,1723.00,1721.00,1721.00,1724.00
140546,0,0,350.00,95.93,-0.11,0.00,-3.12,-0.84,4.31,1723.00,1721.00,1721.00,1723.00
140577,0,0,300,95.93,-0.02,0.00,-2.25,-0.77,1.06,1723.00,1723.00,1723.00,1723.00
140682,0,0,350.00,95.93,0.26,0.00,-3.94,4,3.94,1726.00,1724.00,1724.00,1726.00
140755,0,0,350.00,95.93,0.22,0.00,2.37,-0.36,-037,1726.00,1728.00,1728.00,1726.00
140782,0,0,350.00,95.93,0.11,0.00,5.31,-0.49,-1.94,1726.00,1728.00,1728.00,100
140819,0,0,350.00,95.93,-0.03,0.00,5.19,-0.64,-4.75,1725.00,1729.00,1729.00,1725.00
140887,0,0,350.00,95.93,-0.23,0.00,2.94,-0.88,-4.06,1727.00,1731.00,1731.00,1727.00
140925,0,0,300,95.93,-0.31,0.00,3.00,-0.96,-2.62,1728.00,1730.00,1730.00,1728.00
141007,0,0,350.00,95.93,-0.46,0.00,-0.25,-1.15,-1.94,1730.00,1732.00,1732.00,1730.00
141118,0,0,350.00,95.93,-0.35,0.00,1.00,-1.04,-2.25,1732.00,1734.,1733.00,1733.00
141208,0,0,350.00,95.93,-0.22,0.00,-1.50,-0.93,0.37,1735.00,1735.0,1735.00,1735.00
141232,0,0,350.00,95.93,-0.12,0.00,-3.12,-0.85,3.12,1735.00,1735.00,1735.00,1735.00
141257,0,0,350.00,95.93,-0.04,0.00,-2.06,-0.76,2.81,1735.00,1735.00,1735.00,1735.00
141319,0,0,350.00,95,0.06,0.00,-1.87,-0.66,1.44,1737.00,1737.00,1737.00,1737.00
141469,0,0,350.00,95.93,0.20,0.00,0.81,-0.48,-1.00,1742.00,1742.00,100,1742.00
141505,0,0,350.00,95.93,0.12,0.00,3.44,-0.52,-2.50,1741.00,1743.00,1743.00,1741.00
141574,0,0,350.00,95.93,-0.29,0.00,5.87,-0.88,-6.25,1743.00,1747.00,1747.00,1743.00
141689,0,0,350.00,95.93,-0.41,0.00,2.75,-1.05,-3.06,1746.00,1748.00,1748.00,1746.00
141904,0,0,350.00,95.93,-0.04,0.00,-0.62,-0.74,2.19,1752.0,1752.00,1752.00,1752.00
142030,0,0,350.00,95.93,-0.35,0.00,2.50,-1.03,-1.25,1751.00,1753.00,1753.00,1751.00
142050,0,0,350.00,95,-0.51,0.00,6.31,-1.16,-5.81,1750.00,1754.00,1754.00,1750.00
142149,0,0,350.00,95.93,-0.80,0.00,0.06,-1.49,-1.94,1751.00,1753.00,1753.00,1751.00
142173,0,0,350.00,95.93,-0.75,0.00,-3.19,-1.50,-9,1752.00,1752.00,1752.00,1752.00
142191,0,0,350.00,95.93,-0.67,0.00,-1.37,-1.41,3.44,1752.00,1752.0,1752.00,1752.00
142311,0,0,350.00,95.93,-0.35,0.00,-5.75,-1.14,3.56,1755.00,1755.00,1755.00,1755.00
142354,0,0,350.00,95.93,-0.05,0.00,-6.37,-0.88,5.69,1756.00,1754.00,1754.0,1757.00
142378,0,0,350.00,95.93,0.14,0.00,-6.06,-0.69,7.00,1757.00,1753.00,1753.00,1757.00
142397,0,0,30,95.93,0.26,0.00,-2.12,-0.50,5.81,1757.00,1753.00,1753.00,1757.00
142595,0,0,350.00,95.93,0.49,0.00,0.94,-0.18,-0.31,155.00,1755.00,1755.00,1755.00
142654,0,0,350.00,95.93,0.41,0.00,0.75,-0.28,-0.62,1755.00,1755.00,1755.00,1755.00
142720,0,0,350.00,95.93,0.50,0.00,-1.94,-0.22,2.56,1755.00,1755.00,1755.00,1755.00
142828,1,1,30.09.69,0.47,2.71,466.67,-109.06,-37.23,-429.67,1565.00,1945.00,1945.00,1565.00
143644,1,0,350.00,101.76,-61.18,0.00,-921.19,-79.83,928.94,1800.00,1434.00,1434.00,1800.00
143684,1,0,350.00,101.76,-35.70,0.00,-858.69,-44.74,895.69,1800.00,1427.00,1427.00,1800.00
143738,1,0,350.00,101.76,2.48,0.00,-721.87,-5.21,763.12,1800.00,1457.09.00,1469.00,1800.00
143794,1,0,350.00,101.76,41.85,0.00,-487.94,31.35,554.12,1800.00,1519.00,1519.00,1800.00
143885,1,0,350.00,101.76,58.85,0.00,15.75,58.30,112.56,1800.00,1678.00,1678.00,11781.00
143922,1,0,350.00,101.76,53.09,0.00,172.87,56.23,-125.81,1737.00,1773.00,1773.00,1737.00
143999,1,0,350.00,101.76,21.14,0.00,473.81,29.72,-482.06,1582.00,1800.00,180800.00,1580.00
144232,1,0,350.00,101.76,-21.56,0.00,-215.56,-24.362.26,215.56,1800.00,1683.00,1683.00,1800.00
144348,1,0,350.00,101.76,5.31,0.00,-132.19,4.61,146.44,1800.00,1695.00,1695.00,1800.00
144436,1,0,350.00,101101.76,14.07,0.00,-45.75,12.68,64.19,1787.00,1723.00,1723.00,1787.00
144463,1,0,350.00,101.76,14.07,0.00,0.56,1.37,-0.56,1762.00,1748.00,1748.00,1762.00
144692,1,0,350.00,101.76,-5.69,0.00,4.56,-6.23,-13.63,750.00,1760.00,1760.00,1750.00
144724,1,0,350.00,101.76,-5.46,0.00,-12.50,-6.28,3.06,1753.00,1757.0050.00,1750.00,1760.00
144806,1,0,350.00,101.76,-0.58,0.00,-108.62,-2.34,104.75,17957.00,1713.00,1713.00,1797.00
144890,1,0,350.00,101.76,4.89,0.00,-6.31,4.12,28.1,1759.00,1751.00,1751.00,1759.00
144915,1,0,350.00,101.76,3.87,0.00,32.13,3.89,-20.50,1750.00,1760.00,1760.00,45.00
144942,1,0,350.00,101.76,2.59,0.00,40.25,2.72,-46.50,1739.00,1771.00,1771.00,1739.00
145038,1,0,350.00,101.76,1.33,0.00,4.94,0.80,-4.06,1754.00,1756.00,1756.00,1754.00
145123,1,0,350.00,101.76,-1.80,0.00,42.88,-1.71,-43.75,1737.00,1773.00,1773.00,1737.00
145148,1,0,350.00,101.76,-2.27,0.00,-0.31,-2.74,-30.50,1742.00,1768.00,1768.00,1742.00
145176,1,0,350.00,11.76,-1.33,0.00,-44.63,-2.46,18.44,1760.00,1750.00,1750.00,1760.00
145272,1,0,350.00,101.76,1.80,0,3.56,1.10,1.56,1756.00,1754.00,1754.00,1756.00
145358,1,0,350.00,101.76,1.94,0.00,-21.25,1.24,13.50,1761.00,1749.00,1749.00,1761.00
145376,1,0,350.00,101.76,2.56,0.00,-22.75,1.44,21.25,1764.00,15.00,1745.00,1765.00
145408,1,0,350.00,101.76,2.71,0.00,5.25,2.00,15.19,1759.00,1745.00,1745.00,1759.00
145509,1,0,350.00,101.76,-0.14,0.00,43.81,0.04,-46.19,1737.00,1773.00,1773.00,1737.000
145542,1,0,350.00,101.76,-0.89,0.00,13.06,-1.20,-36.94,1740.00,1770.00,1770.00,1740.00
145581,1,0,350.00,101.76,-0.57,0.00,-12.88,-1.44,9.38,1754.00,1750.00,1751748.00,1756.00
145605,1,0,350.00,101.76,-0.33,0.00,-2.25,-1.14,12.38,1756.00,1748.00,1748.00,1756.00
145638,1,0,350.00,101.76,-0.50,0.00,7.94,-1.12,-3.56,1753.00,1757.00,1757.00,1753.00
145713,1,0,350.00,101.76,-0.47,0.00,-21.19,-1.37,3.12,1755.00,1755.00,1755.00,1755.00
145736,1,0,350.00,01.76,0.42,0.00,-33.75,-0.60,31.81,1764.00,1740.00,1740.00,1764.00
145820,1,0,0.00,101.76,1.40,0.00,12.00,0.82,-4.06,1754.00,1756.00,1756.00,1754.00
145884,1,0,350.00,101.76,0.69,0.00,11.13,0.09,-15.50,1746.00,1755.00,1755.00,1755.00
145960,1,0,350.00,101.76,1.38,0.00,-9.56,0.47,14.19,1760.00,100,1751.00,1759.00
146174,1,0,350.00,101.76,1.25,0.00,8.69,0.63,-0.13,1755.00,1755.00,1755.00,1755.00
146290,1,0,3550.00,101.76,0.91,0.00,-15.19,0.07,10.75,1759.00,1751.00,1751.00,1759.00
146318,1,0,350.00,101.76,1.23,0.00,-160,0.53,16.19,1761.00,1749.00,1749.00,1761.00
146344,1,0,350.00,101.76,1.46,0.00,-1.00,0.67,14.00,1760,1753.00,1753.00,1751.00
146418,1,0,350.00,101.76,0.45,0.00,11.38,0.01,-16.31,1736.00,16.00,1746.00,1738.00
146506,1,0,350.00,101.76,1.37,0.00,-15.63,0.35,17.75,17219.00,1707.00,1707.00,1719.00
146552,1,0,350.00,101.76,1.21,0.00,14.44,0.76,-5.87,1710.00,1712.00,1712.00,1710.00
146634,1,0,350.00,101.76,0.47,0.00,-9.56,-0.34,-8.31,1679.00,1685.00,1685.00,1679.00
146658,1,0,3500,101.76,0.97,0.00,-17.69,0.10,16.31,1678.00,1666.00,1666.00,1678.00
146737,1,0,3500,101.76,0.84,0.00,15.19,0.37,-7.12,1643.00,1647.00,1647.00,1643.00
146763,1,0,350.00,101.76,0.48,0.00,18.00,0.22,-18.00,1627.00,1641.00,1641.00,1627.00
146878,1,0,350.00,101.76,0.45,0.00,-5.44,-0.38,11.75,4.00,1600.00,1600.00,1604.00
146971,1,0,350.00,101.76,-0.04,0.00,12.50,-0.46,-15.0.50,1564.00,1574.00,1574.00,1564.00
147028,1,0,350.00,101.76,0.16,0.00,-9.75,-0.63,6.44,1547.00,1543.00,1543.00,1547.00
147117,1,0,350.00,101.76,0.49,0.00,3.87,-0.14,-2.69,1515.00,1517.00,1517.00,1515.00
147209,1,0,350.00,101.76,0.56,0.00,-8.31,-0.30,7.44,1434.00,1430.00,1430.00,1434.00
147354,1,0,350.00,101.76,0.14,0.00,5.94,-0.43,-9.56,1282.00,66.00,1266.00,1262.00
147429,1,0,350.00,101.76,0.38,0.00,-2.44,-0.27,5.37,1039.00,19.00,1019.00,1019.00
147454,1,0,350.00,101.76,0.16,0.00,9.00,-0.29,-4.00,1018.00,1020.00,1020.00,1018.00
147478,1,0,350.00,101.76,-0.20,0.00,12.63,-0.58,-11.31,1013.00,1021.00,1021.00,1013.00
147556,1,0,350.00,101.76,-0.09,0.00,-9.00,-0.98,8.37,1016.00,1012.00,1012.00,1016.00
147682,1,0,350.00,101.76,-0.21,0.00,-0.13,-0.89,-4.19,1012.00,1016.00,1016.00,1012.00
147701,1,0,350.00,101.76,-0.18,0.,-9.69,-0.88,3.37,1014.00,1014.00,1014.00,1014.00
147794,1,0,350.00,101.76,0.44,0.00,4.69,-0.21,-1.81,1.00,1015.00,1015.00,1013.00
147894,1,0,350.00,101.76,0.26,0.00,-5.06,-0.49,2.44,1015.00,1013.00,1013.00,1015.00
147918,1,0,350.00,101.76,0.54,0.00,-7.87,-0.30,7.63,1016.00,1012.00,1012.00,1016
147936,1,0,350.00,101.76,0.58,0.00,1.81,-0.12,4.31,1015.00,1013.00,1013.00,1015.00
148017,1,0,350.00,101.76,-0.05,0.00,7.44,-0.63,-9.44,1010.00,1018.00,1018.00,1010.00
148060,1,0,3.00,101.76,-0.03,0.00,-3.00,-0.77,-2.00,1013.00,1015.00,1015.00,1013.00
148146,1,0,350.00,101.76,-0.02,0.00,8.1,-0.72,-8.19,1011.00,1017.00,1017.00,1011.00
148279,1,0,350.00,101.76,-0.05,0.00,-8.37,-0.82,8.50,1000,1012.00,1012.00,1016.00
148344,1,0,350.00,101.76,0.00,0.00,5.12,-0.65,-3.31,1013.00,1016.00,1016.00,1012.00
148363,1,0,350.00,101.76,-0.09,0.00,1.75,-0.77,-3.56,1013.00,1015.00,1015.00,1013.0
148396,1,0,350.00,101.76,0.02,0.00,-6.69,-0.75,3.62,1015.00,1013.00,1013.00,1015.00
148489,1,0,350.00,101.76,0.49,0.00,1.25,-0.20,2.37,1014.00,1014.00,1014.00,1014.00
148587,1,0,350.00,101.76,0.28,0.00,-4.81,-0.47,4.69,1015.00,1013.00,1013.00,1015.00
148608,1,0,350.00,101.76,0.38,0.00,-5.44,-02,5.44,1015.00,1013.00,1013.00,1015.00
148710,0,0,350.00,101.76,-0.02,0.00,5.69,-0.54,-6.94,1011.00,1017.00,16.00,1012.00
148800,0,0,350.00,101.76,0.18,0.00,-2.69,-0.58,4.37,1015.00,1013.00,1014.00,1014.00
148822,0,0,350.00,101.76,0.16,0.00,3.62,-0.51,1.62,1014.00,1014.00,1014.00,1014.00
148855,0,0,350.00,101.76,-0.05,0.00,7.44,-0.61,-6.37,1012.00,1016.00,1016.00,1012.00
148907,0,0,350.00,1011.76,-0.24,0.00,0.06,-0.91,-4.56,1012.00,1016.00,1016.00,1012.00
149052,0,0,350.00,101.766,-0.05,0.00,3.25,-0.72,-5.56,1012.00,1016.00,1016.00,1012.00
149090,0,0,350.00,101.76,-0.08,0.00,0.69,-0.75,-369,1014.00,1014.00,1014.00,1014.00
149170,0,0,350.00,101.76,0.34,0.00,0.19,-0.38,3.31,1015.00,1013.00,1010,1014.00
149212,0,0,350.00,101.76,0.22,0.00,4.69,-0.39,-2.94,1013.00,1015.00,1015.00,1013.00
149263,0,0,350.00,101.76,0.21,0.00,-2.19,-0.55,0.44,1014.00,1014.00,1014.00,1014.00
149289,0,0,350.00,101.76,0.33,0.00,-7.25,-0.49,5.31,1015.00,1013.00,1013.00,1015.00
149363,0,0,350.00,101.76,05,0.00,5.94,-0.33,-4.31,1013.00,1015.00,1015.00,1013.00
149496,0,0,350.00,101.76,0.11,0.00,4.06,-0.59,0.44,1014.00,1014.00,1014.00,1014.00
149521,0,0,350.00,101.76,-0.01,0.00,5.75,-0.66,-4.06,1013.00,16.00,1016.00,1012.00
149551,0,0,350.00,101.76,-0.21,0.00,7.12,-0.84,-6.81,1011.00,1017.00,1017.00,101011.00
149634,0,0,350.00,101.76,-0.24,0.00,-4.37,-1.02,3.69,1014.00,1014.00,1014.00,10.00
149678,0,0,350.00,101.76,-0.13,0.00,-2.19,-0.89,4.56,1015.00,1013.00,1013.00,1015.00
149721,0,0,350.00,101.76,-0.22,0.00,3.37,-0.88,-3.19,1013.00,1015.00,1015.000,1013.00
149745,0,0,350.00,101.76,-0.32,0.00,3.00,-0.91,-3.31,1013.00,1015.00,1015.00,1013.00
149866,0,0,350.00,101.76,0.18,0,2.75,-0.45,-1.62,1014.00,1014.00,1014.00,1014.00
149957,0,0,350.00,101.76,0.12,00.00,-6.31,-0.51,3.81,1015.00,1013.00,1013.00,1015.00
150008,0,0,350.00,101.76,0.41,0.00,-2.50,-0.32,4.06,1015.00,1013.00,1013.00,14.00
150135,0,0,350.00,101.76,0.06,0.00,0.31,-0.64,-1.75,1013.00,1015.00,1015.00,1013.00
150203,0,0,350.00,101.76,0.11,0.00,2.81,-0.57,-1.31,1014.00,1014.00,1014.00,1014.00
150235,0,0,350.00,101,-0.05,0.00,6.69,-0.62,-5.75,1012.00,1016.00,1016.00,1012.00
150329,0,0,350.00,101.76,-0.22,0.00,-32,-0.92,3.75,1014.00,1014.00,1014.00,1014.00
150419,0,0,350.00,101.76,-0.26,0.000,3.50,-0.96,-3.62,1013.00,1015.00,1015.00,1013.00
150470,0,0,350.00,101.76,-0.27,0.00,-4.25,-1.01,2.44,1014.00,1014.00,1014.000,1015.00
150564,0,0,350.00,101.76,0.07,0.00,-0.81,-0.64,4.25,1015.00,1013.00,1013.00,100
150596,0,0,350.00,101.76,0.04,0.00,2.00,-0.64,-1.37,1014.00,1014.00,1014.00,1014.00
150647,0,0,350.00,101.76,0.01,0.00,-1.75,-0.71,-1.25,1014.00,1014.00,1014.00,1014.00
150673,0,0,350.00,101.76,0.13,0.00,-5.25,-0.61,3.62,1015.00,1013.00,1013.00,1015.00
150818,0,0,350.00,101.76,0.07,0.00,2.94,-3,-2.94,1013.00,1015.00,1015.00,1013.00
150869,0,0,350.00,101.76,0.14,0.00,-0.56,0.56,0.56,1014.00,1014.00,1014.00,1014.00
150906,0,0,350.00,101.76,0.07,0.00,4.06,-0.57,-0.81,1014.00,1014.00,1.00,1013.00
150934,0,0,350.00,101.76,-0.10,0.00,5.81,-0.61,-5.37,1012.00,1016.00,1016.00,1012.00
151014,0,0,350.00,101.76,-0.16,0.00,-2.37,-0.82,2.06,1014.00,1014.00,1014.00,1014.00
151048,0,0,350.00,101.76,-0.11,0.00,-0.88,-0.75,2.31,1014.00,1014.00,1014.00,1014.00
151119,0,0,350.00,101.76,-0.28,0.00,1.50,-0.88,-3.12,1013.00,1015.00,1015.00,1013.00
151140,0,0,350.00,1.76,-0.28,0.00,-3.06,-0.94,-1.25,1013.00,1015.00,1015.00,1013.00
151351,0,0,350.00,101.76,-0.01,0.0,-5.12,-0.71,2.94,1014.00,1014.00,1014.00,1014.00
151376,0,0,350.00,101.76,0.13,0.00,-5.50,-0.67,5.12,1015.00,13.00,1013.00,1015.00
151404,0,0,350.00,101.76,0.22,0.00,-1.87,-0.53,4.31,1015.00,1013.00,1013.00,1000
151665,0,0,350.00,101.76,-0.11,0.00,5.37,-0.85,-4.06,1086.00,1090.00,1090.00,1086.00
151713,0,0,350.00,101.76,-0.17,0.00,-0.81,.87,0.81,1149.00,1149.00,1149.00,1149.00
151819,0,0,350.00,101.76,-0.27,0.00,2.69,-0.97,-2.69,1214.00,1216.00,1216.00,1214.00
151850,0,0,350.00,101.76,-0.33,0.00,0.94,-1.02,-2.19,1230.00,1232.00,1240.00,1240.00
151969,0,0,350.00,101.76,0.35,0.00,1.50,-0.36,3.12,1312.00,1310.00,1310.00,1312.00
152017,0,0,350.00,101.76,0.48,0.00,-2.31,-0.31,3.69,1326.00,1324.00,1324.00,1326.00
152043,0,0,350.00,101.76,0.75,0.00,-8.00,-0.12,9.56,1349.00,1343.00,1343.00,1349.00
152067,0,0,350.00,10,0.91,0.00,-4.37,0.10,4.81,1357.00,1355.00,1355.00,1357.00
152173,0,0,350.00,101.76,0.67,0.00,4.69,0.01,-4.06,1370,1380.00,1380.00,1378.00
152256,0,0,350.00,101.76,0.62,0.00,1.00,-0.07,0.69,1379.00,1379.00,1379.00,1379.00
152314,0,0,350.00,101.76,0.26,0.00,8.50,-0.36,-8.06,1376.00,1382.00,1382.00,1376.00
152397,0,0,350.00,101.76,0.08,0.00,-2.94,-0.66,-0.31,1379.00,1379.00,1379.00,1379.00
152506,0,0,350.00,101.76,0.09,0.00,-0.37,-0.61,-1.12,1379.00,1379.00,1379.00,1379.00
152547,0,0,350.00,101.76,0.29,0.00,-6.75,-0.53,4.62,1380.00,1378.00,1378.00,1382.00
152645,0,0,350.00,101.76,0.66,0.00,0.25,-0.07,2.50,1380.00,1380.00,1300,1380.00
152671,0,0,350.00,101.76,0.63,0.00,1.06,-0.05,-1.19,1380.00,1380.00,1380.00,1380.00
152719,0,0,350.00,101.76,0.65,0.00,-2.50,-0.05,1.44,1380.00,1380.00,130.00,1380.00
152754,0,0,350.00,101.76,0.74,0.00,-2.69,-0.01,3.62,1381.00,1379.00,1379.00,1381.00
152955,0,0,350.00,101.76,0.66,0.00,-181,0.03,1.69,1381.00,1381.00,1381.00,1381.00
152977,0,0,350.00,101.76,0.63,0.00,2.62,0.02,0.81,1381.00,1381.00,.00,1380.00
153006,0,0,350.00,101.76,0.55,0.00,2.56,-0.06,-2.62,1380.00,1382.00,1382.00,1380.00
153081,0,0,350.00,101.76,0.62,0.00,-5.12,-0.13,3.06,1384.00,1382.00,1382.00,1384.00
153123,0,0,350.00,101.76,0.74,0.00,-3.31,0.01,4.44,1384.00,1382.00,1382.00,1384.00
153210,0,0,350.00,101.76,0.59,0.00,2.,-0.11,-2.56,1380.00,1382.00,1382.00,1380.00
153409,0,0,350.00,101.76,0.47,0.00,0.00,-0.23,0.13,1381.00,1381.00,1381.00,1381.00
153436,0,0,350.00,101.76,0.55,0.00,-3.31,-0.22,2.50,1381.00,1381.00,1381.00,1381.00
153549,0,0,350.00,101.76,0.22,0,-1.31,-0.48,-0.75,1375.00,1375.00,1375.00,1375.00
153638,0,0,350.00,101.76,0.27,000,0.69,-0.43,-0.06,1371.00,1371.00,1371.00,1371.00
153856,0,0,350.00,101.76,0.06,0.00,3.87,-0.50,-2.06,1348.00,1350.00,1350.00,1348.00
153881,0,0,350.00,101.76,-0.04,0.00,3.06,-0.71,-3.87,1347.00,1349.00,1349.00,1347.00
153901,0,0,350.00,1076,-0.09,0.00,0.31,-0.79,-1.31,1346.00,1346.00,1346.00,1346.00
154016,0,0,350.00,101.76,-0.05,0.00,2.,-0.68,-2.12,1340.00,1342.00,1342.00,1340.00
154099,0,0,350.00,101.76,-0.20,0.000,-2.81,-0.90,1.00,1338.00,1338.00,1338.00,1338.00
154127,0,0,350.00,101.76,-0.13,0.00,-1.81,-0.87,2.81,1338.0,1338.00,1338.00,1338.00
154154,0,0,350.00,101.76,-0.04,0.00,-3.12,-0.78,2.94,1338.00,1338.00,1338.0,1338.00
154257,0,0,350.00,101.76,-0.07,0.00,0.56,-0.76,-2.12,1337.00,1339.00,1339.00,138.00
154281,0,0,350.00,101.76,-0.08,0.00,0.00,-0.78,0.44,1338.00,1338.00,1338.00,1338.00
154327,0,0,350.00,101.76,0.06,0.00,-3.62,-0.70,3.62,1339.00,1337.00,1337.00,1339.00
154352,0,0,350.00,101.76,0.11,0.00,0.13,-0.59,3.62,1339.00,1337.00,1337.00,1339.00
154380,0,0,300,101.76,0.05,0.00,3.62,-0.63,-1.56,1338.00,1338.00,1338.00,1338.00
154567,0,0,350.00,101.76,0.01,0.000,3.50,-0.69,-2.56,1335.00,1337.00,1337.00,1335.00
154625,0,0,350.00,101.76,-0.02,0.00,-1.00,-0.68,-0.56,1336.00,1336.00,1336.00,1336.00
154739,0,0,350.00,101.76,0.07,0.00,2.00,-0.58,-0.62,1336.00,1336.00,1336.00,1336.00
154792,0,0,350.00,101.76,-0.02,0.00,-0.94,-0.71,-2.31,1335.00,1337.00,1337.00,13356.00
154824,0,0,350.00,101.76,0.04,0.00,-2.50,-0.71,1.44,1336.00,1336.00,1336.00,1336.00
154937,0,0,350.00,101.76,0.00,0.00,2.56,-00,-2.56,1335.00,1337.00,1337.00,1335.00
155019,0,0,350.00,101.76,0.19,0.00,-4.31,-0.51,4.31,1335.00,1333.00,1333.00,1335.00
155041,0,0,350.00,101.76,0.24,0.00,0.25,-0.45,2.44,1334.00,1334.00,1.00,1334.00
155070,0,0,350.00,101.76,0.12,0.00,4.19,-0.50,-3.37,1333.00,1335.00,1335.00,1333.00
155152,0,0,350.00,101.76,0.11,0.00,-3.50,-0.67,2.19,1331.00,1331.00,1331.00,1331.00
155193,0,0,350.00,101.76,0.20,0.00,-2.00,-0.55,3.75,1331.00,1329.00,1329.00,1331.00
155241,0,0,350.00,101.76,0.15,0.00,3.81,-0.51,-2.31,1326.00,1328.00,1328.00,1326.00
155263,0,0,350.00,101.76,0.02,0.00,3.94,-0.57,-5.19,1324.00,1328.00,1328.00,1324.00
155389,0,0,350.00,101.76,0.12,0.00,2.12,-0.57,0.56,1.00,1326.00,1326.00,1324.00
155489,0,0,350.00,101.76,-0.07,0.00,-1.12,-0.78,-1.512,1322.00,1322.00,1322.00,1322.00
155534,0,0,350.00,101.76,0.07,0.00,-1.94,-0.58,3.62,1323.00,1321.00,1321.00,1323.00
155621,0,0,350.00,101.76,-0.06,0.00,2.25,-0.74,-2.56,1318.00,1320.00,1320.00,1318.00
155715,0,0,350.00,101.76,0.10,0.00,-1.69,-0.62,2.75,1317.00,1317.00,1317.00,1317.00
155865,0,0,350.00,101.76,0.03,0.00,-3.12,-0.70,2.62,1.00,1314.00,1314.00,1314.00
155941,0,0,350.00,101.76,0.04,0.00,2.62,-0.62,-1.31,1304.00,1306.00,1306.00,1304.00
155969,0,0,350.00,101.76,-0.03,0.00,1.56,-0.69,-2.87,1304.00,1306.00,1306.00,1304.
155995,0,0,350.00,101.76,-0.01,0.00,-1.12,-0.73,-0.25,1305.00,1305.00,1305.00,1305.00
156067,0,0,350.00,101.76,0.15,0.00,-0.06,-0.55,0.00,1305.00,1305.00,1305.00,1305.00
156088,0,0,300,101.76,0.17,0.00,0.25,-0.53,0.88,1305.00,1305.00,1305.00,1305.00
156190,0,0,350.00,101.76,0.20,0.00,-4.44,-0.59,2.69,1305.00,1305.00,1305.00,1305.00
156213,0,0,350.00,101.76,0.29,0.00,-4.37,41,4.37,1306.00,1304.00,1304.00,1306.00
156236,0,0,350.00,101.76,0.36,0.00,-3.69,-0.39,1.81,1305.00,05.00,1305.00,1305.00
156404,0,0,350.00,101.76,0.36,0.00,-5.69,-0.46,1.94,1305.00,1305.00,1303.00,1307.00
156428,0,0,350.00,101.76,0.41,0.00,-0.88,-0.32,2.69,1305.00,1305.00,1305.00,1305.00
156642,0,0,350.00,101.76,0.24,0.00,3.50,-0.46,-2.00,1304.00,1306.00,1306.00,1304.00
156695,0,0,350.00,101.76,0.06,0.00,-1.06,-0.65,-2.75,1304.00,1306.00,1306.00,1306.00
156807,0,0,350.00,101.76,0.18,0.00,4.00,-0.48,-3.12,1304.00,1306.00,1306.00,1304.00
156851,0,0,350.00,101.76,0.14,0.00,1.06,-0.55,0.19,1305.00,1305.00,1305.00,1305.00
156875,0,0,350.00,101.76,0.20,0.00,-5.25,-0.55,-0.13,1305.00,1305.00,1305.00,1305.00
156908,0,0,350.00,.76,0.30,0.00,-1.75,-0.42,2.19,1305.00,1305.00,1305.00,1305.00
157094,0,0,350.00,101.76,0.43,0.00,-3.25,-0.27,3.25,1306.00,1304.00,1304.00,1306.00
157119,1,0,350.00,101.76,0.51,0.00,-1.75,-0.24,3.00,1306.00,1304.00,130,1122.00
157141,1,1,7.28,-0.00,0.38,466.67,5.62,-7.28,-468.73,1116.00,1494.00,1494.00,1116.00
157229,1,1,45.46,0.39,1.88,466.67,-60.69,-45.07,-434.17,1109.00,1501.00,1501.00,11116.00
157273,1,1,60.83,1.91,4.56,466.67,-108.94,-58.92,-375.35,1124.00,1486.00,1486.00,1124.00
157566,1,2,204.65,32.28,54.44,466.67,-69.25,-172.37,-380.23,1059.00,1551.00,1551.00,1059.00
157686,1,2,260.30,33.54,55.32,466.67,19.06,-226.76,-484.17,1000.00,1623.00,1623.628.00,1000.00
157941,1,0,350.00,32.38,55.60,0.00,-39.63,5.90,39.63,1351.00,1259.00,1259.00,1351.00
158008,1,0,350.00,32.38,53.90,0.00,77134.06,53.20,-77.12,1305.00,1305.00,1305.00,1305.00
158036,1,0,350.00,32.38,49.46,0.00,169.56,51.91,-134.06,12866.00,1344.00,1344.00,1266.00
158150,1,0,350.00,32.38,22.06,0.00,324.81,24.50,-293.871,1189.00,1421.00,1421.00,1189.00
158250,1,0,350.00,32.38,-1.87,0.00,267.6.06,-2.57,-267.50,1198.00,1412.00,1412.00,1198.00
158497,1,0,350.00,32.38,-3.17,0.00,-150.69,-6..87,150.69,1362.00,1248.00,1248.00,1362.00
158631,1,0,350.00,32.38,8.97,0.00,-74.94,7.62,99.31,19.00,1271.00,1271.00,1339.00
158695,1,0,350.00,32.38,9.58,0.00,47.37,9.66,-16.12,1292.00,1318.00,1318.00,1292.00
158719,1,0,350.00,32.38,7.83,0.00,63.94,7.75,-55.75,1288.00,1322.00,1322.00,1288
158750,1,0,350.00,32.38,5.71,0.00,75.44,5.75,-73.81,1280.00,1330.00,1330.00,1280.00
158832,1,0,350.00,32.38,0.20,0.00,76.31,0.24,-74.00,1276.00,1334.00,1334.00,1276.00
158872,1,0,350.0,32.38,-1.99,0.00,75.94,-1.96,-75.62,1275.00,1335.00,1335.00,1275.00
158956,1,0,350.00,32.38,-5.01,0.00,2.06,-5.70,-12.06,1298.00,1312.00,1312.00,1298.00
158981,1,0,350.00,32.38,-4.74,.00,-27.06,-5.44,18.94,1309.00,1301.00,1301.00,1309.00
159173,1,0,350.00,32.38,2.35,0.00,-35.56,1.65,50.31,1325.00,1285.00,1285.00,1325.00
159210,1,0,350.00,32.38,3.36,0.00,-27.56,2.40,35.56,1320.00,1200,1293.00,1317.00
159293,1,0,350.00,32.38,2.98,0.00,11.00,2.38,-11.19,1302.00,1308.00,1308.00,1302.00
159335,1,0,350.00,32.38,2.67,0.00,11.63,2.08,-9.94,1303.00,1307.00,1307.00,1303.00
159403,1,0,350.00,32.38,0.37,0.00,36.81,0.03,-40.00,1290.00,1320.00,1320.00,1290.00
159425,1,0,350.00,32.38,-0.31,000,24.81,-1.01,-34.81,1291.00,1319.00,1319.00,1291.00
159621,1,0,350.00,32.38,-0.92,0.00,-14.87,-1.76,0.4.87,1309.00,1301.00,1301.00,1309.00
159645,1,0,350.00,32.38,-0.21,0.00,-26.31,-1.41,21.69,1312.00,1298.00,12980,1314.00
159670,1,0,350.00,32.38,0.66,0.00,-29.62,-0.26,29.25,1316.00,1294.00,1294.00,1316.00
159753,1,0,350.00,32.38,1.59,0.00,-1.44,0.88,1.94,1306.00,1304.00,1304.00,1306.00
159857,1,0,350.0,32.38,2.43,0.00,-4.44,1.61,9.63,1286.00,1278.00,1278.00,1286.00
159983,1,0,350.00,32.38,0.75,0.00,5.37,0.10,-12.81,1114.00,1124.00,1124.00,10
160024,1,0,350.00,32.38,0.68,0.00,2.50,0.07,-1.56,1035.00,1035.00,1035.00,1035.00
160073,1,0,350.00,32.38,0.16,0.00,18.19,-0.30,-10.13,1015.00,1023.00,1023.00,1015.000
160104,1,0,350.00,32.38,-0.50,0.00,23.94,-0.90,-20.94,1009.00,1025.00,1025.00,1009.00
160134,1,0,350.0,32.38,-1.08,0.00,15.63,-1.56,-20.75,1006.00,1024.00,1024.00,1006.00
160176,1,0,350.00,32.38,-1.24,0.00,-7.31,-1.93,-1.50,1013.00,1015.00,1015.00,1013.00
160321,1,0,350.00,32.38,-0.94,0.00,-11.06,-1.57,6.12,1015.00,1013.00,1013.00,1015.00
160344,1,0,350.00,32.38,-0.49,0.00,-19.31,-1.53,11.06,1017.00,1008.00,1008.00,1020.00
160529,0,0,350.00,32.38,1.83,0.00,-16.44,0.82,13.81,1019.00,1009.00,1009.00,1019.00
160557,0,0,350.00,32.38,2.20,0.00,-9.75,1.28,15.69,1020.00,1008.00,1008.00,1020.00
160605,0,0,350.00,32.38,1.99,0.00,8.94,1.51,-4.37,101.00,1019.00,1019.00,1009.00
160766,0,0,350.00,32.38,0.57,0.00,13.88,0.18,-7.81,1012.00,1016.00,1016.00,1009.00
160790,0,0,350.00,32.38,0.00,0.00,21.62,-0.42,-17.25,1007.00,1021.00,1021.00,1007.00
160872,0,0,350.00,32.32.38,-0.85,0.00,-2.31,-1.57,-5.19,1012.00,1016.00,1016.00,1012.00
161007,0,0,350.00,32.38,-0.85,0.00,-4.25,-1.52,0.31,1014.00,1014.00,1014.00,1014.00
161030,0,0,350.00,32.38,-0.63,0.00,-13.19,-1.55,4.25,1018.00,1010.00,1010.00,1018.00
161134,0,0,350.00,32.38,0.65,0.00,-2.00,-0.10,3.94,1015.00,1013.00,101,1014.00
161175,0,0,350.00,32.38,0.77,0.00,-6.19,0.01,2.56,1015.00,1013.00,1013.00,1015.00
161220,0,0,350.00,32.38,1.41,0.00,-16.00,0.40,14.06,1019.00,1009.00,1009.00,1020.00
161243,0,0,350.00,32.38,1.77,0.00,-9.25,0.85,14.75,1020.00,1008.00,1008.00,1020.00
161327,0,0,350.00,32.38,1.75,0.00,6.69,4,-11.44,1010.00,1018.00,1018.00,1010.00
161373,0,0,350.00,32.38,1.05,0.00,2.94,0.38,-5.56,10,1014.00,1014.00,1014.00
161457,0,0,350.00,32.38,0.68,0.00,13.50,0.20,-6.75,1012.00,10169.00,1019.00,1009.00
161485,0,0,350.00,32.38,0.15,0.00,19.69,-0.36,-16.50,1008.00,1020.00,1020.00,1008.00
161516,0,0,350.00,32.38,-0.38,0.00,16.31,-0.92,-19.62,1006.00,1022.00,1022.00,1006.00
161588,0,0,350.00,32.38,-0.66,0.00,-1.12,-1.37,1.12,1014.00,1014.00,1014.00,1014.00
161691,0,0,350.00,32.38,-1.09,0.00,-3.19,-1.83,-3.94,1012.00,1016.00,1016.00,1012.00
161715,0,0,350.00,32.38,-0.92,0.00,-10.63,-1.,10.63,1017.00,1011.00,1011.00,1017.00
161757,0,0,350.00,32.38,-0.48,0.00,-16.37,-1.49,13.56,1018.00.00,1008.00,1008.00,1020.00
161925,0,0,350.00,32.38,1.06,0.00,-16.44,0.05,14.06,1019.00,1009.00,1008.00,1020.00
161953,0,0,350.00,32.38,1.48,0.00,-12.75,0.58,16.06,1020.00,1008.00,1008.00,1020.00
162067,0,0,350.00,32.38,1.21,0.00,2.37,0.53,37,1014.00,1014.00,1014.00,1014.00
162142,0,0,350.00,32.38,1.00,0.00,9.75,0.47,-4.19,10130,1017.00,1017.00,1011.00
162167,0,0,350.00,32.38,0.56,0.00,17.56,0.18,-12.81,1010.00,1018.00,1018.00,1010.00
162198,0,0,350.00,32.38,0.06,0.00,16.50,-0.31,-17.94,1008.00,1022.00,1022.00,1008.00
162290,0,0,350.00,32.38,-0.43,0.00,0.62,-1.13,-2.12,1018.00,1020.00,1020.00,1018.00
162322,0,0,3500,32.38,-0.54,0.00,5.25,-1.19,-1.75,1029.00,1031.00,1031.00,1029.00
162404,0,0,350.00,32.38,-1.05,0.00,0.62,-1.74,-6.75,1050.00,1056.00,1056.00,1050.00
162431,0,0,350.00,32.38,-0.95,0.00,-3.06,-65,3.06,1064.00,1064.00,1064.00,1064.00
162533,0,0,350.00,32.38,0.08,0.00,-4.00,-0.62,4.94,1106.00,1.00,1118.00,1120.00
162606,0,0,350.00,32.38,0.63,0.00,-14.87,-0.15,12.13,1148.00,1141.00,1151.00,1161.00
162629,0,0,350.00,32.38,1.21,0.00,-13.00,0.31,16.06,1164.00,1152.00,1152.00,1164.00
162661,0,0,350.00,32.38,1.49,0.00,-7.50,0.70,11.75,1183.00,1173.00,1173.00,1183.00
162844,0,0,350.00,32.38,1.30,0.00,7.75,0.81,-1.7,1251.00,1255.00,1255.00,1251.00
162863,0,0,350.00,32.38,0.95,0.00,14.25,0.58,-10.00,1263.00,1269.00,1269.00,1200
162889,0,0,350.00,32.38,0.58,0.00,9.50,0.18,-14.56,1287.00,1297.00,1297.00,1287.00
162968,0,0,350.00,32.38,0.45,0.00,-1.37,-0.22,0.37,1312.00,1312.00,1312.00,1312.00
163100,0,0,350.00,32.38,0.39,0.00,-5.44,-0.36,3.56,.00,1337.00,1337.00,1339.00
163132,0,0,350.00,32.38,0.65,0.00,-10.44,-0.15,9.44,1341.00,1335.00,133500,1345.00
163365,0,0,350.00,32.38,1.19,0.00,3.37,0.58,0.50,1369.00,13,1373.00,1369.00
163439,0,0,350.00,32.38,0.68,0.00,3.19,0.02,-7.63,1371.00,1377.00,1377.00,1370
163477,0,0,350.00,32.38,0.72,0.00,-3.94,-0.02,1.25,1375.00,1375.00,1375.00,1375.00
163521,0,0,350.00,32.38,0.86,0.00,-1.81,0.13,2.87,1378.00,1376.00,1376.00,1378.00
163691,0,0,350.00,32.38,0.74,0.00,-7.81,-0.03,7.31,1395.00,10,1390.00,1396.00
163752,0,0,350.00,32.38,0.79,0.00,5.62,0.13,-2.81,1392.00,1394.00,1394.,1391.00
163775,0,0,350.00,32.38,0.68,0.00,1.87,-0.01,-5.56,1391.00,1395.00,1395.00,1391.00
163798,0,0,30,32.38,0.75,0.00,-4.81,0.07,-0.19,1393.00,1393.00,1393.00,1393.00
163901,0,0,350.00,32.38,1.04,0.00,4.56,0.39,-2.81,10,1396.00,1396.00,1394.00
163984,0,0,350.00,32.38,0.78,0.00,-3.19,0.05,-2.25,1397.00,13900,1396.00,1398.00
164014,0,0,350.00,32.38,0.88,0.00,-3.37,0.15,3.50,1398.00,1396.00,1396.00,1398.00
164217,0,0,350.00,32.38,0.73,0.00,-4.44,-0.02,4.,1403.00,1401.00,1401.00,1403.00
164327,0,0,350,32.38,0.49,0.00,-0.44,-0.21,-3.94,1401.00,1403.00,1403.00,1401.00
164352,0,0,350.00,32.38,0.65,0.00,-7.56,-0.12,5.62,1404.00,1400.00,1400.00,1404.00
164460,0,0,350.00,32.38,0.74,0.00,7.,0.04,-7.37,1400.00,1404.00,1404.00,1400.00
164481,0,0,350.00,32.38,0.60,0.00,3.31,-0.07,-5.25,1400.00,1404.00,3.00,1401.00
164511,0,0,350.00,32.38,0.69,0.00,-5.31,-0.09,1.62,1402.00,1402.00,1402.00,1402.00
164588,0,0,350.00,32.38,0.92,0.00,2.50,0.25,0.19,1403.00,1403.00,1403.00,1403.00
164725,0,0,350.00,32.38,0.90,0.00,-6.37,0.08,7.12,140,1401.00,1401.00,1405.00
164748,0,0,350.00,32.38,1.02,0.00,-1.50,0.33,5.69,1405.00,1401.00,1401.00,1
164811,0,0,350.00,32.38,0.75,0.00,3.12,0.11,-2.87,1402.00,1404.00,1404.00,1402.00
164930,0,0,350,32.38,1.17,0.00,-1.44,0.53,4.37,1404.00,1400.00,1400.00,1404.00
165165,1,1,14.88,-0.15,1.11,466.67,7.31,-15.03,-475.04,1207.00,1599.00,1599.00,1207.00
165191,1,1,22.49,-0.22,1.179,466.67,-43.19,-30.41,-460.79,1204.00,1602.00,1602.00,1204.00
165733,1,3,285.05,42.94,72.46,466.67,-11.06,-242.11,-459.92,1085.00,1719.00,1719.00,1085.00
165772,1,3,301.07,43.26,73.31,466.67,-24.56,-257.81,-446.23,1082.00,1724.00,1724.00,1082.00
165896,1,0,350.00,45.81,79.72,0.00,-75.19,77.52,69.50,1473.00,1333.00,1333324.00,1482.00
166062,1,0,350.00,45.81,76.66,0.00,279.62,78.66,-236.69,1351336.00,1470.00,1470.00,1336.00
166087,1,0,350.00,45.81,62.18,0.00,435.12,69.49,-353.12,1303.00,1503.00,1503.0000,1266.00
166197,1,0,350.00,45.81,5.95,0.00,479.50,9.89,-504.44,1210.00,1596.00,1596.00,1217.00
166344,1,0,350.00,45.81,-26.08,0.00,52.50,-25.22,-149.00,1330.00,1476.00,1438.00,1368.00
166431,1,0,350.00,45.81,-6.40,0.00,-260.44,-12.08,261.37,14991.00,1305.00,1305.00,1501.00
166532,1,0,350.00,45.81,11.48,0.00,-203.44,6.810.85,203.44,1489.00,1317.00,1317.00,1489.00
166559,1,0,350.00,45.81,16.62,0.00,-160.31,12.71,192.81,1486.00,13331.00,1331.00,1475.00
166669,1,0,350.00,45.81,18.93,0.00,97.00,19.17,-79.62,1382.00,1422.00,1430.00,1374.00
166750,1,0,350.00,45.81,9.69,0.00,113.87,10.08,-117.00,1364.00,1442.00,1442.00,1364.00
166770,1,0,350.00,45.81,5.55,0.00,106.00,6.91,-105.81,1366.00,1440.00,1440.00,1364.00
166801,1,0,350.00,45.81,2.40,0.00,107.12,3.80,-107.56,1363.00,1443.00,1443.00,1363.00
166982,1,0,350.00,45.81,2.27,0.00,-59.69,0.36,65.25,1428.00,1378.00,1378.00,1428.0
167006,1,0,350.00,45.81,3.74,0.00,-47.56,2.58,54.56,1425.00,1381.00,1381.00,1425.00
167031,1,0,350.00,.81,5.13,0.00,-48.25,3.96,47.56,1424.00,1382.00,1382.00,1424.00
167121,1,0,350.00,45.81,10.52,0.00,-42.94,92,42.94,1424.00,1380.00,1380.00,1424.00
167208,1,0,350.00,45.81,9.34,0.00,38.56,9.04,-38.56,1392.00,1412.00,1412.00,1392.00
167237,1,0,350.00,45.81,8.04,0.00,32.69,7.92,-36.50,1394.00,1412.00,1400,1394.00
167270,1,0,350.00,45.81,7.49,0.00,15.56,7.18,-22.56,1398.00,1406.00,1406.00,1398.00
167360,1,0,350.00,45.81,4.93,0.00,47.88,5.14,-41.56,1390.00,1416.00,1416.00,1390.00
167471,1,0,350.00,45.81,4.25,0.00,-200,3.55,27.00,1399.00,1375.00,1375.00,1399.00
167595,1,0,350.00,45.81,5.23,0.00,-18.94,4.23,4.87,1388.00,1380.00,1.00,1393.00
167619,1,0,350.00,45.81,6.13,0.00,-35.13,5.09,25.62,1395.00,1371.00,1371.00,1395.00
167670,1,0,350.00,45.81,7.67,0.00,-21.94,6.48,34.13,1388.00,1354.00,1359.00,1383.00
167696,1,0,350.00,45.81,7.80,0.00,4.12,7.22,14.25,1379.00,1361.00,1361.00,1379.00
167911,1,0,350.00,45.81,5.24,0.00,34.75,4.84,-34.75,1306.00,1328.00,1328.00,1306.00
167934,1,0,350.00,45.81,4.55,0.00,16.00,4.00,-23.50,1298.00,1312.00,130,1289.00
167956,1,0,350.00,45.81,4.54,0.00,-6.19,3.78,-0.31,1284.00,1280.00,1280.00,1284.00
168036,1,0,350.00,45.81,4.89,0.00,12.75,4.39,-4.81,1246.00,1246.00,1246.00,1246.00
168141,1,0,350.00,45.81,5.26,0.00,-27.62,4.28,22.25,1152.00,1130.00,1130.00,1152.00
168162,1,0,350.00,45.81,5.77,0.00,-24.19,4.56,19,1090.00,1066.00,1066.00,1090.00
168278,1,0,350.00,45.81,5.67,0.00,-4.37,5.01,-7.50,1019.00,1019.00,1019.00,101
168304,1,0,350.00,45.81,6.11,0.00,-20.12,5.06,10.56,1024.00,1010.00,1010.00,1024.00
168353,1,0,350.00,45.81,6.90,0.00,-13.00,6.01,17.75,1025.00,1005.00,1005.00,1025.
168375,1,0,350.00,45.81,6.70,0.00,7.44,6.27,-0.44,1017.00,1011.00,1011.00,1017.00
168461,1,0,350.00,45.81,5.96,0.00,17.25,5,-7.44,1014.00,1014.00,1014.00,1014.00
168511,1,0,350.00,45.81,6.20,0.00,-10.44,5.41,11.94,100,1007.00,1007.00,1021.00
168590,1,0,350.00,45.81,5.28,0.00,24.44,5.05,-20.56,1009.00,1021.00,1021.00,1007.00
168847,0,0,350.00,45.81,5.31,0.00,-22.69,4.38,20.31,1024.00,1.00,1003.00,1025.00
168954,0,0,350.00,45.81,5.49,0.00,4.12,4.83,-10.06,1013.00,1015.00,1015.00,1013.00
169233,0,0,350.00,45.81,6.31,0.00,-0.81,5.54,8.94,1020.00,1008.00,1008.00,1020.00
169275,0,0,350.00,45.81,5.86,0.00,18.19,5.33,-14.38,1012.00,1016.00,1016.00,1010.00
169302,0,0,350.00,45.81,5.31,0.00,17.44,4.78,-19.62,1009.00,1019.00,1019.00,1009.00
169326,0,0,00,45.81,5.05,0.00,4.44,4.38,-9.63,1013.00,1015.00,1015.00,1013.00
169514,0,0,350.00,45.81,4.90,0.00,-4.62,4.14,-0.25,101600,1010.00,1010.00,1018.00
169744,0,0,350.00,45.81,6.51,0.00,-5.75,5.81,10.00,1021.00,1007.00,1007.00,1021.00
169801,0,0,350.00,45.81,6.27,0.00,11.19,5.68,-7.44,1014.00,1014.00,1014.00,1014.00
169872,0,0,350.00,45.81,6.29,0.00,-9.88,5.41,6.00,1019.00,1009.00,1009.00,1019.00
169978,0,0,350.00,45.1,5.63,0.00,16.81,5.24,-16.81,1011.00,1017.00,1017.00,1011.00
170031,0,0,350.00,45.81,5.39,0.00,0.31,4.69,-4.12,1015.00,1013.00,10,1018.00
170111,0,0,350.00,45.81,5.57,0.00,6.00,4.93,1.44,1017.00,1011.00,1011.00,1017.00
170198,0,0,350.00,45.81,4.84,0.00,0.94,4.19,-9.19,1013.00,1015.00,1015.00,1013.00
170233,0,0,350.00,45.81,5.05,0.00,-11.19,4.16,3.31,1017.00,1011.00,1011.00,1017.00
170339,0,0,350.00,45.81,5.41,0.00,3.25,4.75,-5.19,1019.00,1019.00,100,1020.00
170379,0,0,350.00,45.81,5.52,0.00,-7.69,4.74,3.37,1022.00,1016.00,1016.00,1022.00
170423,0,0,350.00,45.81,6.22,0.00,-14.87,5.22,16.06,1039.00,1021.00,1021.00,1039.00
170447,0,0,350.00,45.81,6.50,0.00,-5.94,5.73,12.75,1051.00,1035.00,1035.00,1051.00
170585,0,0,350.00,45.81,6.23,0.00,-7.37,5.53,5.44,100,1088.00,1088.00,1100.00
170666,0,0,350.00,45.81,6.22,0.00,11.75,5.64,-4.44,1118.00,1116.00,1131.00,1129.00
170689,0,0,350.00,45.81,5.80,0.00,14.94,5.24,-13.94,1128.00,1132.00,1132.00,1128.00
170718,0,0,350.00,45.81,5.49,0.00,7.19,4.86,-10.69,1130.00,1132.00,1132.00,1130.00
170888,0,0,350.00,45.81,5.02,0.00,2.87,4.34,2.87,1186.00,1184.00,1184.00,1186.00
170912,0,0,350.00,45.81,5.14,0.00,-8.06,4.37,4.75,1189.00,1181.00,1181.00,.00
170941,0,0,350.00,45.81,5.60,0.00,-12.25,4.67,11.88,1195.00,1181.00,1181.00,1195.00
171040,0,0,350.00,45.81,5.75,0.00,1.50,5.06,-1.06,1192.00,1188.00,1188.00,1192.00
171148,0,0,350.00,45.81,6.43,0.00,-7.19,5.77,14.75,1202.00,1184.00,1184.00,1202.00
171255,0,0,350.00,45.81,6.05,0.00,-4.12,5.24,4.94,1210.00,1202.00,1202.00,1210.00
171356,0,0,50.00,45.81,5.98,0.00,16.19,5.45,-13.19,1205.00,1209.00,1209.00,1205.00
171536,0,0,350.00,45.81,5.72,0.00,3.87,5.07,1.12,1210.00,1204.00,1204.00,1210.00
171829,0,0,350.00,45.81,6.52,0.00,-7.94,5.64,9.94,1220.00,1206.00,1206.00,1220.00
172038,0,0,350.00,45.81,6.27,0.00,2.44,5.65,-0.69,1222.00,1218.00,18.00,1222.00
172066,0,0,350.00,45.81,5.99,0.00,11.00,5.48,-8.56,1220.00,1220.00,1220.00,1220.00
172309,0,0,350.00,45.81,5.79,0.00,-4.94,5.03,-2.62,1223.00,1221.00,1221.00,1223.00
172329,0,0,350.00,45.81,6.05,0.00,-9.88,5.23,7.44,1227.00,1217.00,1217.00,1227.00
172511,0,0,350.00,45.81,6.17,0.00,-9.81,5.30,6.,1235.00,1223.00,1223.00,1235.00
172565,0,0,350.00,45.81,6.43,0.00,3.06,5.76,3.62,1233.00,1225.00,1225.00,1233.00
172808,0,0,350.00,45.81,5.75,0.00,6.75,5.21,-10.13,1233.00,1235.00,1235.00,1233.00
172862,0,0,350.00,45.81,6.10,0.00,-6.19,5.26,8.75,1241.00,1229.00,1229.00,1241.00
172979,0,0,350.00,45.81,5.74,00,-0.50,5.04,-4.69,1237.00,1237.00,1237.00,1237.00
173011,0,0,350.00,45.81,5.82,0.00,-6.06,5.04,0.50,1240.00,10,1232.00,1242.00
173102,0,0,350.00,45.81,6.13,0.00,8.63,5.59,-3.81,1239.00,1237.00,1237.00,1239.00
173134,0,0,3,45.81,5.93,0.00,5.50,5.36,-8.19,1238.00,1238.00,1238.00,1238.00
173331,0,0,350.00,45.81,5.76,0.00,0.19,5.17,-7.25,1256.00,1256.00,1256.00,1256.00
173362,0,0,350.00,45.81,5.91,0.00,-6.81,5.15,2.19,1259.00,1253.00,1253.00,1259.00
173427,0,0,300,45.81,6.03,0.00,5.44,5.46,-2.62,1262.00,1258.00,1258.00,1262.00
173482,0,0,350.00,45.81,5.75,0.00,4.19,5.10,-7.56,1260.00,1260.00,100,1263.00
173648,0,0,350.00,45.81,5.94,0.00,6.94,5.40,-5.87,1260.00,1260.00,1260.00,1260.00
173673,0,0,350.00,45.81,5.81,0.00,0.69,5.17,-7.19,1260.00,1260.00,1260.00,1260.00
173699,0,0,350.00,45.81,5.82,0.00,-,5.12,1.50,1265.00,1259.00,1259.00,1265.00
173792,0,0,350.00,45.81,6.06,0.00,9.56,5.51,-4.44,1261.00,1259.00,1259.00,.00
173827,0,0,350.00,45.81,5.81,0.00,7.75,5.18,-8.19,1260.00,1260.00,1260.00,1260.00
174022,0,0,350.00,45.81,5.73,0.00,0.25,5.03,-7.81,1260.00,1260.00,8.00,1262.00
174061,0,0,350.00,45.81,5.89,0.00,-6.56,5.12,2.31,1263.00,1257.00,1257.00,1263.00
174106,0,0,350.00,45.81,6.28,0.00,-5.56,5.48,9.31,1262.00,1250.00,1250.00,1.00
174129,0,0,350.00,45.81,6.22,0.00,5.06,5.58,-0.69,1258.00,1254.00,1254.00,1258.00
174340,0,0,350.00,45.81,6.15,0.00,8.25,5.61,-9.00,1235.00,1235.00,15.00,1235.00
174359,0,0,350.00,45.81,5.98,0.00,3.00,5.38,-6.75,1234.00,1234.00,1234.00,1234.00
174594,0,0,350.00,45.81,6.19,0.00,-7.87,5.42,7.56,1235.00,1223.00,1223.00,1235.00
174620,0,0,350.00,45.81,6.27,0.00,-0.31,5.64,4.94,1232.00,1222.00,1222.00,1232.00
174807,0,0,350.00,45.81,6.07,0.00,-3.87,5.25,8.44,30.00,1222.00,1222.00,1230.00
175056,0,0,350.00,45.81,5.81,0.00,2.06,5.13,-6.87,1220.00,1220.00,1220.00,.00
175084,0,0,350.00,45.81,5.92,0.00,-6.19,5.23,3.75,1223.00,1215.00,1215.00,1223.00
175166,0,0,350.00,45.81,6.22,0.00,4.31,5.65,0.75,1220.00,1214.00,1214.00,1220.00
175329,0,0,350.00,45.81,6.09,0.00,0.31,5.39,6.69,1216.00,1206.00,1206.00,1216.00
175393,0,0,350.00,45.81,5.64,0.00,6.44,5.06,-6.75,1210.00,1210.00,1210.00,1210.00
175558,0,0,350.00,45.81,5.79,0.00,11.38,5.20,-10.31,1209.00,1211.00,1211.00,1.00
175639,0,0,350.00,45.81,5.96,0.00,-13.69,5.13,5.69,1214.00,1204.00,1204.00,1214.00
175670,0,0,350.00,45.81,6.20,0.00,-8.75,5.41,7.50,1215.00,1203.00,1203.00,1215.00
175898,0,0,350.00,45.81,5.95,0.00,11.25,5.43,-10.19,1208.00,1208.00,1208.00,1208.00
175942,0,0,350.00,45.81,5.71,0.00,-2.50,5.06,-5.62,1207.00,1207.00,1207.00,1207.00
175961,0,0,350.00,45.81,5.87,0.00,-4.19,5.20,5.44,1212.00,1202.00,1202.00,1212.00
176013,0,0,350.00,45.81,6.15,0.00,-3.25,5.43,8.19,1,1204.00,1204.00,1208.00
176134,0,0,350.00,45.81,5.75,0.00,0.69,5.04,-3.94,1207.00,1205.00,1205.00,1207.00
176181,0,0,350.00,45.81,5.97,0.00,-8.81,5.18,4.87,1209.00,1201.00,1201.00,1209.
176205,0,0,350.00,45.81,6.11,0.00,-3.00,5.38,8.69,1211.00,1199.00,1199.00,1211.00
176331,0,0,350.00,45.81,5.96,0.00,-6.75,5.13,7.00,1208.00,10,1196.00,1206.00
176404,0,0,350.00,45.81,5.86,0.00,9.31,5.25,-1.44,1203.00,1199.00,1199.,1201.00
176429,0,0,350.00,45.81,5.64,0.00,5.25,4.99,-8.06,1199.00,1199.00,1199.00,1199.00
176552,0,0,350.00,45.81,5.92,0.00,4.94,5.31,1.62,12,1199.00,1199.00,1199.00
176638,0,0,350.00,45.81,5.58,0.00,-1.69,4.87,-2.19,1200.00,1198,1196.00,1202.00
176665,0,0,350.00,45.81,5.57,0.00,-9.81,5.01,8.63,1205.00,1193.00,1193.00,1205.00
176805,0,0,350.00,45.81,5.48,0.00,3.69,4.85,-,1200.00,1198.00,1198.00,1200.00
176871,0,0,350.00,45.81,5.90,0.00,-8.06,5.13,8.19,1204.,1192.00,1192.00,1204.00
176894,0,0,350.00,45.81,5.99,0.00,-1.37,5.28,1.87,1201.00,1195.00,1195.00,1201.00
176925,0,0,350.00,45.81,5.83,0.00,6.87,5.20,-5.50,1199.00,1199.00,1199.00,1199.00
177026,0,0,350.00,45.81,5.83,0.00,-5,5.13,10.38,1204.00,1192.00,1192.00,1204.00
177105,0,0,350.00,45.81,5.79,0.00,7.25,5.16,-55,1198.00,1198.00,1198.00,1198.00
177132,0,0,350.00,45.81,5.48,0.00,7.19,4.92,-7.37,1198.00,1198.00,1198.00,119
177159,0,0,350.00,45.81,5.46,0.00,1.12,4.75,-1.81,1199.00,1197.00,1197.00,1199.00
177212,0,0,.00,45.81,5.73,0.00,-5.94,4.97,8.25,1204.00,1192.00,1192.00,1204.00
177235,0,0,350.00,45.81,5.84,0.00,-1.62,5.12,3.75,1202.00,1194.00,1194.00,1202.00
177388,0,0,350.00,45.81,5.38,0.00,-5.94,4.82,3.62,1202.00,1194.00,11,1203.00
177417,0,0,350.00,45.81,5.57,0.00,-5.50,4.83,9.06,1204.00,1192.00,1192.00,1204.00
177466,1,1,0.00,-0.06,5.23,466.67,9.25,-0.06,-472.92,1012.00,1384.00,1384.00,1012.00
177488,1,1,7.44,0.19,5.12,466.67,1.87,-15.07,-469.98,1004.00,1392.00,1392.00,1004.00
177580,1,1,53.39,0.85,7.80,466.67,-63.50,-52.54,-419.54,1003.00,1393.00,1393.00,1003.00
177603,1,1,60.99,1..21,10.11,466.67,-85.37,-66.55,-394.04,1006.00,1390.00,1390.00,1006.00
177702,1,2,107.74,7.58,19.31,466.67,-144.25,-100.16,-336.23,1009.00,1387.00,1387.00,1009.00
177744,1,2,123.76,10.59,25.42,466.67,-162.25,-113.17,-309.98,1013.00,1383.00,1383.00,1013.00
178047,1,2,267.90,22.06,41.41,466.67,20.25,-245.85,-491.35,1000.00,1530.00,1530.00,1000.00
178160,1,3,323.07,21.45,40.71,466.67,-3.50,-301.62,-467.98,1000.00,1552.00,1552.00,1000.00
178205,1,3,338.92,21.58,41.12,466.67,-11.44,-317.34,-456.73,1000.00,1556.00,1556.00,1000.00
178263,1,0,350.00,21.70,42.50,0.00,-39.06,41.09,28.25,1232.00,11640.00,1160.00,1236.00
178285,1,0,350.00,21.70,43.78,0.00,-43.06,42.22,43.06,1238.00,1158.00,1158.00,1238.00
178316,1,0,350.00,21.70,43.97,0.00,13.38,43.41,27.44,1233.00,1163.00,1163.00,1233.00
178402,1,0,350.00,21.70,36.04,0.00,150.25,36.86,-137.06,1165.00,1231.00,1231.00,1165.00
178432,1,0,350.00,21.70,29.17,0.00,184.75,32.26,-170.31,1149.00,1247.00,1247.00,1149.00
178483,1,0,350.00,21.70,20.81,0.00,229.75,22.40,-218.12,1125.00,1271.00,1271.00.00,1119.00
178521,1,0,350.00,21.70,10.78,0.00,264.75,15.21,-259.44,1105.00,1291.00,1291.00,1105.00
178546,1,0,350.00,21.70,3.40,0.00,246.00,7.55,-261.06,1100.00,1296.00,1296.00,1100.00
178616,1,0,350.00,21.70,-9.91,0.00,109.31,-8.34,-141.25,1138.00,1258.00,1258.00,1138.00
178658,1,0,350.00,21.70,-12.25,0.00,65.69,-12.24,-79.81,1160.00,1236.00,1236.00,1160.00
178736,1,0,350.00,21.70,-11.64,0.00,-61.87,-13.70,39.56,1205.00,1191.00,1191.00,1205.00
178762,1,0,350.00,21.70,-8.33,0.00,-130.25,-11.39,97.31,1230.00,1166.00,1166.00,1230.00
178850,1,0,350.00,21.70,2.94,0.00,-134.25,-0.41,148.75,1256.00,1140.00,1140.00,1256.00
178886,1,0,350.00,21.70,6.56,0.00,-117.37,4.71,124.94,1249.00,1147.00,1147.00,1249.00
178961,1,0,350.00,21.70,14.40,0.00,-76.75,13.03,89.37,1240.00,1156.00,1156.00,1240.00
178985,1,0,350.0,21.70,16.15,0.00,-39.88,14.84,52.88,1227.00,1169.00,1169.00,1227.00
179044,1,0,350.00,21.70,16.18,0.00,40.31,15.09,-31.31,1195.00,1201.00,1201.00,1195.00
179189,1,0,350.00,21.70,.09,0.00,90.75,6.09,-82.12,1169.00,1227.00,1227.00,1169.00
179217,1,0,350.00,21.70,4.19,0.00,93.56,4.39,-90.75,65.00,1233.00,1233.00,1165.00
179248,1,0,350.00,21.70,1.60,0.00,85.81,1.73,-89.00,1164.00,1232.00,12225.00,1171.00
179315,1,0,350.00,21.70,-1.30,0.00,0.25,-2.00,-8.50,1194.00,1202.00,1202.00,1197.00
179404,1,0,350.00,21.70,-0.12,0.00,-20.81,-1.02,17.19,1204.00,11991.00,1191.00,1205.00
179430,1,0,350.00,21.70,1.04,0.00,-32.13,-0.34,25.87,1208.00,1188.00,1188.00,1208.00
179466,1,0,350.00,21.70,2.61,0.00,-61.63,0.80,47.25,1217.00,1179.00,1179.00,1217.00
179533,1,0,350.00,21.70,7.28,0.00,-47.00,5.73,57.44,1223.00,1173.00,1173.00,1223.00
179639,1,0,350.00,21.70,8.6,0.00,-12.19,7.74,12.19,1207.00,1189.00,1189.00,1207.00
179689,1,0,350.00,21.70,8.28,0.00,20.06,7.78,-13.13,1198.00,1198.00,1198.00,187.00
179815,1,0,350.00,21.70,3.98,0.00,28.44,3.56,-36.31,1186.00,1210.00,1210.00,1186.00
179863,1,0,350.00,21.70,3.18,0.00,16.62,2.78,-14.31,1194.00,1202.00,1202.00,1194.00
179888,1,0,350.00,21.70,2.57,0.00,26.50,2.12,-16.50,1193.00,1203.00,1203.00,1193.00
179916,1,0,350.00,21,1.73,0.00,27.31,1.29,-30.81,1187.00,1209.00,1209.00,1187.00
180009,1,0,350.00,21.70,2.32,0.00,-27.06,1.16,06,1209.00,1187.00,1187.00,1209.00
180095,1,0,350.00,21.70,3.75,0.00,-9.25,3.02,125,1203.00,1193.00,1193.00,1203.00
180119,1,0,350.00,21.70,4.24,0.00,-13.75,3.23,10.13,1203.00,1193.00,1193.00,5.00
180148,1,0,350.00,21.70,4.99,0.00,-25.62,3.74,21.44,1208.00,1188.00,1188.00,1208.00
180231,1,0,350.00,21.70,6.75,0.00,-9.25,5.96,16.25,1207.00,1189.00,1189.00,1207.00
180462,1,0,350.00,21.70,3.58,0.00,32.56,3.50,-32.69,1188.00,1208.00,1208.00,1180
180499,1,0,350.00,21.70,3.12,0.00,8.81,2.65,-24.25,1190.00,1206.00,1206.00,1190.00
180699,1,0,350.00,21.70,3.18,0.00,-27.31,2.28,13.06,1204.00,6.00,1186.00,1210.00
180782,1,0,350.00,21.70,4.51,0.00,-5.12,3.71,12.31,1204.00,11.00,1194.00,1202.00
180817,1,0,350.00,21.70,4.59,0.00,-3.06,3.86,2.56,1201.00,1195.00,1195.00,1201.00
181018,1,0,350.00,21.70,4.91,0.00,9.3,4.21,-9.31,1195.00,1197.00,1197.00,1195.00
181041,1,0,350.00,21.70,4.85,0.00,-1.94,4.13,-0.13,1197.00,1193.00,00,1186.00
181072,1,0,350.00,21.70,4.92,0.00,-2.25,4.20,3.31,1186.00,1180.00,1180.00,1186.00
181118,1,0,350.00,21.70,4.50,0.00,16.31,4.07,-9.63,1179.00,1181.00,1181.00,1179.00
181146,1,0,350.00,21.70,3.81,0.00,25.00,3.36,-25.69,1172.00,1188.00,1188.00,1172.00
181168,1,0,350,21.70,3.32,0.00,13.56,2.75,-17.25,1163.00,1173.00,1173.00,1163.00
181465,1,0,350.00,21.70,4.75,0.00,-0.69,4.04,5.12,1023.00,1015.00,1015.00,1023.00
181489,1,0,350.00,21.70,4.57,0.00,4.94,3.92,-5.19,1017.00,1017.00,1017.00,1017.00
181543,1,0,350.00,21.70,4.75,0.00,-10.38,3.94,3.50,021.00,1007.00,1007.00,1021.00
181701,1,0,350.00,21.70,4.76,0.00,8.56,4.20,-11.75,1012.00,1016.00,15.00,1013.00
181727,1,0,350.00,21.70,4.81,0.00,-3.94,4.12,-1.37,1015.00,1013.00,1013.00,1015.00
181944,0,0,350.00,21.70,3.82,0.00,-6.50,2.99,5.62,18.00,1010.00,1010.00,1018.00
182179,0,0,350.00,21.70,4.45,0,3.12,3.82,-1.31,1015.00,1013.00,1013.00,1015.00
182312,0,0,350.00,21.70,5.34,0.00,-7.75,4.56,13.31,1021.00,1007.00,1007.00,1021.00
182405,0,0,3500,21.70,4.83,0.00,-0.56,4.22,-5.31,1014.00,1014.00,1014.00,1014.00
182571,0,0,350.00,21.70,4.02,0.00,11.06,3.42,-13.50,1011.00,1017.00,1017.00,1011.00
182616,0,0,350.00,21.70,3.95,0.00,-3.81,3.21,-0.62,1015.00,1013.00,1013.00,1015.00
182724,0,0,350.00,21.70,3.76,0.00,10.50,3.25,-6.19,012.00,1016.00,1016.00,1012.00
182865,0,0,350.00,21.70,4.21,0.00,-3.87,3.48,6.87,1018.00,1010.00,1.00,1017.00
182890,0,0,350.00,21.70,4.18,0.00,2.81,3.51,-1.31,1015.00,1013.00,1013.00,1015.00
183085,0,0,350.00,21.70,4.78,0.00,4.25,4.19,-5.44,10140,1014.00,1014.00,1014.00
183106,0,0,350.00,21.70,4.79,0.00,-3.62,4.90,0.81,1017.00,1011.00,1011.00,1017.00
183367,0,0,350.00,21.70,3.78,0.00,9.75,3.24,-4.44,1014.00,1014.00,1014.00,1014.00
183449,0,0,350.00,21.70,3.42,0.00,-2.00,2.65,-1.50,1014.00,1014.00,1014.00,1014.00
183574,0,0,350.00,21.70,3.93,0.00,1.56,3.33,-0.88,1043.00,10,1052.00,1054.00
183681,0,0,350.00,21.70,4.80,0.00,-9.56,3.90,12.38,1104.00,1090.00,1090.00,1104.00
183706,0,0,350.00,21.70,4.88,0.00,1.19,4.17,6.44,1134.00,1126.00,1126.00,1134.00
183782,0,0,3500,21.70,4.64,0.00,0.75,3.95,-2.94,1184.00,1182.00,1182.00,1184.00
183836,0,0,350.00,21.70,4.86,0.00,-5.12,4.12,5.25,1207.00,1199.00,10,1217.00
183957,0,0,350.00,21.70,4.18,0.00,8.56,3.73,-12.69,1235.00,1239.00,1239.00,1235.00
184002,0,0,350.00,21.70,4.17,0.00,-2.69,3.45,-0.31,1264.00,1262.00,1262.00,1264.00
184023,0,0,350.00,21.70,4.30,0.00,-3.94,3.52,4.69,1274.00,1268.00,1268.00,1274.00
184182,0,0,350.00,21.70,3.98,0.00,-8.06,3.19,3.44,1290.00,1284.00,1284.00,1290.00
184250,0,0,350.00,21.70,4.09,0.00,3.06,3.57,-2.81,1300.00,1300.00,1300.00,1300.00
184386,0,0,350.00,21.70,4.42,0.00,-10.06,3.60,6.00,1319.00,131,1309.00,1321.00
184485,0,0,350.00,21.70,4.15,0.00,1.06,3.49,-4.25,1327.00,1327.00,1327.00,1327.00
184716,0,0,350.00,21.70,4.33,0.00,-4.75,3.55,6.00,1348.00,1340.00,1340.00,1348.00
184951,0,0,350.00,21.70,4.35,0.00,5.31,3.74,-1.87,1365.00,1363.00,1363.00,1365.00
184982,0,0,350.00,21.70,4.19,0.00,5.44,3.60,-6.00,1366.00,1366.00,1366.00,1366.00
185157,0,0,350.00,21.70,4.32,0.00,7.56,3.77,-7.87,76.00,1376.00,1376.00,1376.00
185399,0,0,350.00,21.70,4.26,0.00,-5.06,3.,5.06,1389.00,1383.00,1383.00,1389.00
185446,0,0,350.00,21.70,4.56,0.00,-1.56,3.84,5.06,1392.00,1384.00,1384.00,1392.00
185515,0,0,350.00,21.70,4.10,0.00,3.31,3.50,-7.94,1392.00,1394.00,1394.00,1392.00
185627,0,0,350.00,21.70,4.33,0.00,75,3.63,1.12,1399.00,1395.00,1395.00,1399.00
185646,0,0,350.00,21.70,4.20,0.00,5.50,3.59,-0.75,1398.00,1396.00,00,1397.00
185673,0,0,350.00,21.70,3.98,0.00,6.19,3.34,-7.81,1396.00,1398.00,1398.00,1396.00
185748,0,0,350.00,21.70,4.18,0.00,-8.00,3.33,6.69,1407.00,1399.00,1399.00,1407.00
185887,0,0,350.00,21.70,4.01,0.00,1.50,3.32,-6.31,1407.00,100,1406.00,1408.00
185984,0,0,350.00,21.70,4.44,0.00,3.25,3.78,2.19,1410.00,1406.00,1406.00,1410.00
186081,0,0,350.00,21.0,4.22,0.00,-7.25,-0.04,3.75,1409.00,1407.00,1407.00,1409.00
186106,0,0,350.00,21.70,4.30,0.00,-7.81,0.09,7.25,.00,1406.00,1406.00,1410.00
186214,0,0,350.00,21.70,4.18,0.00,4.19,-23.01,-6.87,1393.00,1423.00,1423.00,1393.
186252,0,0,350.00,21.70,4.30,0.00,-7.87,-24.54,4.44,1396.00,1420.00,1420.00,1396.00
186326,0,0,350.00,21.70,5.45,0.00,-12.00,-24.62,14.06,1400.00,1416.00,1416.00,1400.00
186412,0,0,350.00,21.70,5.6.27,0.00,-16.56,-15.38,10.50,1404.00,1412.00,1412.00,1404.00
186478,0,0,350.00,21.70,.33,0.00,-13.44,-9.19,15.75,1409.00,1407.00,1407.00,1409.00
186581,0,0,350.00,21.70,6.57,0.00,15.44,6.73,-15.50,14060,1410.00,1410.00,1406.00
186674,0,0,350.00,21.70,4.93,0.00,26.19,4.69,-17.81,1404.00,1412.00,1412.00,1404.
186712,0,0,350.00,21.70,4.03,0.00,30.94,3.63,-29.81,1399.00,1417.00,1417.00,1399.00
186757,0,0,350.00,21.70,2.95,0.00,13.50,2.56,-23.25,1401.00,1415.00,1415.00,1401.0
186782,0,0,350.00,21.70,2.78,0.00,2.44,2.16,-8.44,1406.00,1410.00,1410.00,1406.00
186933,0,0,350.00,21.70,2.92,0.00,-4.87,2.17,2.25,1410.00,10,1405.00,1411.00
186996,0,0,350.00,21.70,4.26,0.00,-21.81,3.12,23.50,1419.00,1397.0,1398.00,1418.00
187021,0,0,350.00,21.70,4.74,0.00,-12.88,3.92,16.94,1416.00,1400.00,1400.00,1416.00
187056,0,0,350.00,21.70,4.90,0.00,-2.06,4.18,5.25,1412.00,1404.00,1404.00,1412.00
187233,0,0,350.00,21.70,4.87,0.00,17.00,33..94,-17.00,1419.00,1397.00,1397.00,1419.00
187279,0,0,350.00,21.70,3.49,0.00,16.00,35.19,-21.94,1419.00,1397.00,1397.00,1419.00
187457,0,0,350.00,21.70,0.42,0.00,19.06,27.41,-23.87,1413.00,1403.00,1403.00,1413.00
187487,0,0,350.00,21.70,0.26,0.00,1.06,16.01,-9.56,1413.00,1403.00,1403.00,1413.00
187512,0,0,350.00,20,0.39,0.00,-6.56,1.89,2.06,1409.00,1407.00,1407.00,1409.00
187597,0,0,350.00,21.70,1.09,0.00,-10.81,0.35,7.75,1411,1404.00,1404.00,1412.00
187691,0,0,350.00,21.70,3.37,0.00,-38.50,2.00,36.81,1423.00,1392.00,1392.00,1424.00
187793,0,0,30.00,21.70,5.50,0.00,-7.69,4.70,10.56,1414.00,1402.00,1402.00,1414.00
187819,0,0,350.00,21.70,5.74,0.00,-8.00,5.03,8.19,1414.00,1402.00,1402.00,1414.00
187938,0,0,350.00,21.70,5.46,0.00,3.19,4.76,-17.62,1404.00,1412.00,1412.00,1404.00
187965,0,0,350.00,21.70,4.57,0.00,23.87,4.33,-23.19,1402.00,1400,1415.00,1401.00
188052,0,0,350.00,21.70,3.35,0.00,5.44,-14.40,-5.31,1398.00,1418.00,1418.00,1398.00
188091,0,0,350.00,21.70,3.11,0.00,8.56,-18.63,-7.06,1395.00,1421.00,1421.00,1395.00
188139,0,0,350.00,21.70,2.98,0.00,-1.56,-30.09,-2.12,1391.00,1425.00,1425.00,1391.00
188164,0,0,350.00,21.70,3.59,0.00,-19.00,-31.83,13.19,1396.00,1420.00,1420.00,1396.00
188187,0,0,350.00,21.7,4.49,0.00,-32.25,-31.13,28.94,1402.00,1414.00,1414.00,1402.00
188438,0,0,350.00,21.70,8.62,0.00,15.81,9.51,-4.06,1411.00,1405.00,141.00,1405.00
188521,0,0,350.00,21.70,6.84,0.00,23.56,6.44,-24.62,1402.00,1414.00,1414.00,1.00
188560,0,0,350.00,21.70,6.16,0.00,23.62,5.78,-22.25,1403.00,1413.00,1413.00,1403.00
188606,0,0,350.00,21.70,5.02,0.00,34.69,4.59,-30.62,1399.00,1417.00,1417.00,1397.00
188630,0,0,350.00,21.70,3.90,0.00,38.69,3.58,-38.50,1395.00,1421.00,1421.00,1395.00
188662,0,0,350,21.70,2.66,0.00,25.56,2.51,-34.75,1396.00,1420.00,1420.00,1396.00
188837,0,0,350.00,21.70,2.94,0.00,-11.88,2.04,5.62,1411.00,1403.00,1403.00,1413.00
188953,0,0,35.00,21.70,5.01,0.00,-11.25,4.12,18.87,1417.00,1399.00,1399.00,1417.00
188984,0,0,350.00,21.70,5.11,0.00,0.50,9.85,6.81,1416.00,1400.00,1400.00,1416.00
189083,0,0,350.00,21.70,4.94,000,1.87,32.94,-0.56,1426.00,1390.00,1390.00,1426.00
189104,0,0,350.00,21.70,4.80,0.00,8.63,35.61,-1.87,1427.00,2.00,1392.00,1424.00
189205,0,0,350.00,21.70,1.93,0.00,27.06,36.57,-30.37,1416.00,1400.00,1400.00,14160
189246,0,0,350.00,21.70,1.35,0.00,17.31,35.89,-20.00,1420.00,1396.00,1396.00,1420.00
189293,0,0,350.00,21.70,0.63,0.00,16.19,35.16,-13.63,1422.00,1394.00,1394.00,1421.00
189327,0,0,350.00,21.70,0.09,0.00,19.75,34.65,-19.31,1419.00,1397.00,1397.00,1419.00
189406,0,0,350.00,21.70,--0.49,0.00,-9.00,12.03,3.69,1416.00,1400.00,1400.00,1416.00
189544,0,0,350.00,21.70,179,0.00,-20.37,0.67,16.94,1415.00,1401.00,1401.00,1415.00
189572,0,0,350.00,21.70,2.06,0.00,-26.94,1.09,20.37,1.00,1397.00,1397.00,1419.00
189667,0,0,350.00,21.70,5.09,0.00,-12.31,4.27,22.12,1419.00,1397.00,1397.00,1400
189703,0,0,350.00,21.70,5.24,0.00,-2.69,4.52,5.12,1412.00,1404.00,1404.00,1412.00
189748,0,0,350.00,21.70,5.36,0.00,-3.75,4.60,3.19,1411.00,1405.00,1405.00,1411.00
189856,0,0,350.00,21.70,4.86,0.00,17.50,4.54,-13.0,1401.00,1415.00,1415.00,1401.00
190016,0,0,350.00,21.70,2.89,0.00,6.94,2.26,-5.87,1407.00,1409.00,1409.00,1407.00
190132,0,0,350.00,21.70,3.74,0.00,-18.00,4,18.00,1416.00,1400.00,1400.00,1416.00
190218,0,0,350.00,21.70,4.07,0.00,1.94,3.41,-1.0,1409.00,1407.00,1407.00,1409.00
190273,0,0,350.00,21.70,4.48,0.00,-10.69,3.56,9.25,1413.00,1403.00,1403.00,1413.00
190322,0,0,0.00,21.70,4.79,0.00,-3.87,4.05,7.63,1413.00,1403.00,1403.00,1413.00
190343,0,0,350.00,21.70,4.69,0.00,7.50,4.07,-2.94,1409.00,1407.00,1407.00,1409.00
190465,0,0,350.00,21.70,3.83,.00,-2.87,3.13,1.37,1410.00,1406.00,1406.00,1410.00
190488,0,0,350.00,21.70,3.92,0.00,-2.75,3.16,2.87,1410.00,10,1406.00,1410.00
190594,0,0,350.00,21.70,3.12,0.00,8.94,2.54,-12.38,1392.00,1398.00,1398.00,1392.00
190694,0,0,3.00,21.70,3.71,0.00,-1.31,3.00,4.06,1373.00,1367.00,1367.00,1373.00
190742,0,0,350.00,21.70,3.50,0.00,4.81,2.84,-5.19,1346.00,1346.00,10,1334.00
190852,0,0,350.00,21.70,4.13,0.00,-4.87,3.31,9.75,1312.00,1302.00,1302.00,1312.00
190901,0,0,350.00,21.70,4.00,0.00,7.94,3.38,-5.50,1286.00,1286.00,1286.00,1286.00
190922,0,0,350.00,21.70,3.67,0.00,7.25,3.10,-11.81,1260.00,1264.00,1264.00,1260.00
190969,0,0,350.00,21.70,3.73,0.00,-4.94,2.98,4.25,12220,1184.00,1184.00,1196.00
191049,0,0,350.00,21.70,3.98,0.00,7.94,3.40,0.19,1120.00,1118.00,1110,1093.00
191095,0,0,350.00,21.70,3.64,0.00,13.06,3.07,-10.44,1051.00,1055.00,1055.00,1051.00
191173,0,0,350.00,21.70,3.46,0.00,-6.19,2.65,2.31,1021.00,1017.00,1017.00,1021.00
191366,0,0,350.00,21.70,3.89,0.00,-10.63,2.97,12.81,1020.00,109.00,1009.00,1019.00
191391,0,0,350.00,21.70,4.05,0.00,-2.44,3.27,8.37,1019.00,1009.00,1009.00,1019.00
191422,0,0,350.00,21.70,4.00,0.00,2.94,3.33,-0.19,1015.00,1013.00,1013.00,1015.00
191668,0,0,350.00,21.70,4.23,0.00,-2.62,3.50,0.25,1016.00,1012.00,1012.00,1016.00
191833,0,0,350.00,21.70,3.53,0.00,.37,2.83,-0.62,1015.00,1013.00,1013.00,1015.00
191882,0,0,350.00,21.70,3.66,0.00,0.50,2.96,1.50,1016.00,1012.00,1012.00,1016.00
191940,0,0,350.00,21.70,3.36,0.00,9.31,2.83,-6.31,1014.00,1014.00,1014.00,1014.00
191972,0,0,350.00,21.70,3.15,0.00,4.87,2.58,-8.75,1012.00,1016.00,1016.00,1012.00
192088,0,0,350.00,21.70,3.,0.00,-2.62,2.96,7.19,1018.00,1010.00,1010.00,1018.00
192207,0,0,350.00,21.70,4.06,0.00,-11.63,3.24,9.19,1019.00,1009.00,1009.00,1019.00
192302,0,0,350.,21.70,4.27,0.00,4.69,3.67,-4.50,1014.00,1014.00,1014.00,1014.00
192353,0,0,350.00,21.70,4.31,0.00,-3.44,3.53,1.37,1016.00,1012.00,10,1017.00
192443,0,0,350.00,21.70,4.41,0.00,5.25,3.76,-2.37,1015.00,1013.00,1013.00,1015.00
192511,0,0,350.00,21.70,3.71,0.00,5.00,3.13,-9.44,1013.00,1015.00,1015.00,1013.00
192534,0,0,350.00,21.70,3.70,0.00,-1.31,2.99,-2.12,1014.00,1014.00,1014.00,1014.00
192551,0,0,350.00,21.70,3.73,0.00,4,3.03,1.75,1016.00,1012.00,1012.00,1016.00
192699,0,0,350.00,21.70,3.16,0.00,-0.94,2.45,-2.12,1014.00,1014.00,1014.00,1014.00
193010,0,0,350.00,21.70,4.07,0.00,3.00,3.40,-3.75,1015.00,1015.00,1015.00,1015.00
193235,0,0,350.00,21.70,3.44,0.00,-0.56,2.87,-0.56,1015.00,1013.00,1013.00,1015.00
193478,0,0,350.00,21.70,3.02,0.00,-0.37,2.32,2.12,1017.00,1013.00,1013.00,1017.00
193501,0,0,350.00,21.70,2.91,0.00,2.62,2.28,-2.44,1014.00,1014.00,1014.00,1014.00
193679,0,0,350.00,21.70,3.55,0.00,1.44,2.86,-0.69,15.00,1013.00,1013.00,1015.00
193901,0,0,350.00,21.70,3.32,0.00,2.25,2.6,-2.25,1014.00,1014.00,1014.00,1014.00
193951,0,0,350.00,21.70,3.21,0.00,0.31,2.53,0.44,1015.00,1013.00,1013.00,1015.00
194049,0,0,350.00,21.70,2.66,0.00,7.06,2.02,-8.06,1012.00,1016.00,1016.00,1012.00
194198,0,0,350.00,21.70,2.48,0.00,3.00,1.89,-3.00,1014.00,1014.00,1014.00,1014.00
194262,0,0,350.00,21.70,2.67,0.00,-7.87,1.89,6.62,1018.00,1012.00,1012.00,1018.00
194385,0,0,350.00,21.70,2.98,0.00,0.06,2.27,-0.81,1015.00,100,1013.00,1015.00
194505,0,0,350.00,21.70,3.26,0.00,-0.13,2.56,1.94,1017.00,1013.00,1013.00,1017.00
194602,0,0,350.00,21,2.75,0.00,-0.75,2.14,-1.69,1015.00,1015.00,1015.00,1015.00
194619,0,0,350.00,21.70,2.71,0.00,-1.31,2.05,0.75,10,1014.00,1014.00,1016.00
194725,0,0,350.00,21.70,2.19,0.00,6.50,1.55,-6.94,1014.00,1016.00,1016.00,1014.00
194828,0,0,3.00,21.70,2.12,0.00,0.06,1.42,1.00,1018.00,1016.00,1016.00,1018.00
194882,0,0,350.00,21.70,1.91,0.00,3.25,1.31,-3.44,1017.00,1017.00,10,1017.00
195186,0,0,350.00,21.70,2.45,0.00,1.00,1.79,0.62,1018.00,1016.00,1016.00,101
195225,0,0,350.00,21.70,2.29,0.00,3.87,1.70,-3.56,1017.00,1017.00,1017.00,1017.00
195271,0,0,350.00,21.70,2.20,0.00,0.69,1.51,-2.81,1017.00,1017.00,1017.00,1017.00
195298,0,0,350.00,21.70,2.12,0.00,-1.56,1.45,1.56,1018.00,1016.00,1016.00,1018.00
195455,0,0,350.00,21.70,1.52,0.00,0.62,0.87,-2.06,1017.00,1017.00,1017.00,1017.00
195525,0,0,350.00,21.70,1.45,0.00,2.37,0.77,-0.88,1017.00,1017.00,1017.00,1017.00
195738,0,0,350.00,21.70,1.40,0.00,0.56,0.71,0.00,1017.00,1017.00,1017.00,117.00
195762,0,0,350.00,21.70,1.30,0.00,-0.56,0.65,0.06,1017.00,1017.00,1017.00,1017.00
196001,0,0,350.00,21.70,1.21,0.00,-2.00,0.50,2.12,1018.00,1016.00,1016.00,1018.00
196226,0,0,350.00,21.70,0.59,0.00,2.87,-0.04,-1.75,1017.00,1017.00,1017.00,1017.00
196260,0,0,350.00,21.70,0.46,0.00,3.81,-0.15,-4.00,1016.00,1018.00,1018.00,1016.00
196432,0,0,350.00,21.70,0.46,0.00,0.5,-0.24,-0.69,1017.00,1017.00,1017.00,1017.00
196569,0,0,350.00,21.70,0.69,0.00,0.25,-0.02,2.25,1017.00,1017.00,1017.00,1017.00
