micros,flip,phase,spf_roll,roll_rlv,roll,spf_r_rate,gxrs,error_roll,error_r_rate,m1,m2,m3,m4
370,0,0,0.00,0.00,2.03,0.00,18.12,1.86,18.94,1008.00,1000.00,1000.00,1008.00
453,0,0,0.00,0.00,3.16,0.00,1.69,3.16,3.62,1003.00,1000.00,1000.00,1003.00
513,0,0,0.00,0.00,2.57,0.00,-12.00-13.50,2.57,-12.00,1000.00,1003.00,1003.00,1000.00
554,0,0,0.00,0.00,1.62,0.00,-17.87,1.80,-16.56,1000.00,1005.00,1005.00,1000.00
578,0,0,0.00,0.00,0.69,0.00,-19.06,1.06,-19.19,1000.00,1006.00,1006.00,100
603,0,0,0.00,0.00,0.13,0.00,-18.62,0.50,-19.06,1000.00,1007.00,1007.00,1000.00
660,0,0,0.00,0.00,-0.53,0.00,-15.44,-0.37,3.00,1000.00,1005.00,1005.00,1000.00
707,0,0,0.00,0.00,-1.25,0.00,-3.00,-1.23,-7.69,1000.00,0,1001.00,1000.00
844,0,0,0.00,0.00,1.37,0.00,19.50,1.19,19.81,1008.00,1000.00,1000.00,1008.00
945,0,0,0.00,0.00,3.09,0.00,3.19,3.07,4.81,1003.00,1000.00,1000.00,1003.00
1042,0,0,0.00,0.00,1.36,0.00,-18.25,1.71,-17.06,1000.00,1000,1006.00,1000.00
1064,0,0,0.00,0.00,0.81,0.00,-19.00,1.18,-18.75,1000.00,1006.00,1006.00,1000.00
1192,0,0,0.00,0.00,-1.06,0.00,5.94,-1.19,4.12,1000.00,1000.00,1000.00,1000.00
1297,0,0,0.00,0.00,1.20,0.00,19.06,0.83,19.19,1008.00,1000.00,1000.00,1008.00
1317,0,0,0.00,0.00,1.89,0.00,17.56,1.73,18.62,1008.00,1000.00,1000.00,1008.00
1408,0,0,0.00,0.00,2.97,0.00,-2.44,3.02,0.81,1002.00,1000.00,1000.00,1002.00
1482,0,0,0.00,0.00,2.11,0.00,-14.50,2.39,-50,1000.00,1004.00,1004.00,1000.00
1515,0,0,0.00,0.00,1.10,0.00,-18.25,1.46,-17.37,1000.00,1006.00,1006.00,1000.00
1566,0,0,0.00,0.00,-0.41,0.00,-15,-0.41,-15.00,1000.00,1006.00,1006.00,1000.00
1635,0,0,0.00,0.00,-1.14,0.00,4.62,-1.21,1.62,1000.00,1000.00,1000.00,1000.00
1755,0,0,0.00,0.00,1.65,0.00,17.50,1.49,17.87,1007.00,1000.00,1000.00,1007.00
1880,0,0,0.00,0.00,2.10,0.00,-13.19,2.35,-11.19,1000.00,1,1004.00,1000.00
1936,0,0,0.00,0.00,0.29,0.00,-17.50,0.63,-17.62,1000.00,1006.00,1006.00,1000.00
1998,0,0,0.00,0.00,-0.93,00,-8.63,-0.93,-9.56,1000.00,1004.00,1004.00,1000.00
2017,0,0,0.00,0.00,-1.15,0.00,-5.62,-1.02,-8.63,1000.00,1,1002.00,1000.00
2072,0,0,0.00,0.00,-0.90,0.00,9.25,-0.99,7.75,1002.00,1000.00,1000.00,1002.00
2248,0,0,0.00,0.00,2.78,0.00,6.00,2.73,7.44,1004.00,1000.00,1000.00,1004.00
2271,0,0,0.00,0.00,2.83,0.00,0.13,2.85,1.37,1002.00,1000.00,1000.00,1002.00
2389,0,0,0.00,0.00,1.12,0.00,-16.81,1.45,-16.25,1000.00,1005.00,1005.00,1000.00
2460,0,0,0.00,0.00,0.47,0.00,-13.75,-0.34,-15.38,1000.00,1006.00,1006.00,1000.00
2539,0,0,0.00,0.00,-1.14,0.00,2.19,-1.16,0.69,1000.00,1000.00,1000.00,1000.00
2622,0,0,0.00,0.00,0.61,0.00,17.56,0.44,16.94,1006.00,1000.00,1000.00,1006.00
2714,0,0,0.00,0.00,2.76,0.00,1.37,2.75,2.56,1002.00,1000.00,1000.00,1002.00
2993,0,0,0.00,0.00,-0.37,0.00,12.38,-0.49,11.38,1,1000.00,1000.00,1004.00
3041,0,0,0.00,0.00,1.37,0.00,17.06,1.03,17.12,1007.00,1000.00,1000.00,1007.00
3110,0,0,0.00,0.00,2.77,0.00,6.37,2.64,9.13,1005.00,1000.00,1000.00,1005.00
3184,0,0,0.00,0.00,2.16,0.00,-12.00,2.28,-11.13,1000.00,1003.00,1003.00,1000.00
3229,0,0,0.00,0.00,1.44,0.00,-15.75,1.60,-14.50,1000.00,1004.00,1004.00,1000.00
3249,0,0,0.00,0.00,0.96,0.00,-16.37,1.28,-16.44,1000.00,1005.00,1005.00,1000.00
3411,0,0,0.00,0.00,-0.89,0.00,-5.75,-0.84,-7.19,1000.00,1003.00,1003.00,1000.00
3454,0,0,0.00,0.00,-0.97,0.00,1.06,-0.98,-1.56,1000.00,1001.00,1001.00,1000.00
3603,0,0,0.00,0.00,0.58,0.00,16.62,0.27,15.56,1006.00,1000.00,1000.00,1006.00
3753,0,0,0.00,0.00,2.54,0.00,8.75,2.40,9.88,1005.00,1000.00,1000.00,1005.00
3870,0,0,0.00,0.00,2.40,0.00,-7.56,2.47,-6.44,1000.00,1001.00,1001.00,1000.00
3940,0,0,0.00,0.00,1.43,0.00,-14.87,1.72,-13.63,1000.00,1004.00,1004.00,1000.00
3988,0,0,0.00,0.00,0.81,0.00,-16.19,0.97,-16.19,0,1006.00,1006.00,1000.00
4068,0,0,0.00,0.00,-0.35,0.00,-12.81,-0.22,-14.31,1000.00,1005.00,100,1000.00
4106,0,0,0.00,0.00,-0.67,0.00,-9.94,-0.57,-12.13,1000.00,1005.00,1005.00,1000.00
4174,0,0,0.00,0.00,-1.03,0.00,0.19,-1.02,-2.69,1000.00,1001.00,1001.00,1000.00
4291,0,0,0.00,0.00,-0.05,0.00,14.19,-0.31,12.56,1004.00,1000.00,1000.00,1004.00
4439,0,0,0.00,0.00,2.17,0.00,12.56,1.93,13.81,1006.00,1000.00,1000.00,1006.00
4635,0,0,0.00,0.00,2.13,0.00,-11.06,2.34,-8.69,1000.00,1002.00,1002.00,1000.00
4792,0,0,0.00,0.00,-0.02,0.00,-14.00,0.12,-14.87,1000.00,1005.00,1005.00,1000.00
4838,0,0,0.00,0.00,-0.59,0.00,-10.63,-0.38,-11.63,1000.00,1004.00,1004.00,00.00
4862,0,0,0.00,0.00,-0.80,0.00,-6.19,-0.66,-8.37,1000.00,1003.00,1003.00,1000.00
5023,0,0,0.00,0.00,-0.21,0.00,12.38,-0.44,10.44,1003.00,1000.00,1000.00,1003.00
5066,0,0,0.00,0.00,0.33,0.00,15.00,0.18,14.56,1005.00,1000.00,1000.00,1005.00
5206,0,0,0.00,0.00,2.35,0.00,9.75,2.26,11.81,1005.00,1000.00,1000.00,1005.00
5324,0,0,0.00,0.00,2.48,0.00,-6.56,2.59,-2.56,1000.00,1000.00,1000.00,1000.00
5449,0,0,0.00,0.00,1.02,0.00,-15.19,1.32,-14.75,1000.00,0,1005.00,1000.00
5529,0,0,0.00,0.00,0.02,0.00,-13.25,0.15,-14.13,1000.00,1005.00,1005.00,00.00
5553,0,0,0.00,0.00,-0.33,0.00,-11.13,-0.22,-11.88,1000.00,1004.00,1004.00,1000.00
5714,0,0,0.00,0.00,-0.53,0.00,6.87,-0.68,5.69,1001.00,1000.00,1000.00,1001.00
5760,0,0,0.00,0.00,-0.12,0.00,12.06,-0.24,10.06,1003.00,1000.00,1000.00,1003.00
5783,0,0,0.00,0.00,0.28,0.00,14.38,0.14,13.00,1005.00,1000.00,1000.00,1005.00
5915,0,0,0.00,0.00,2.00,0.00,13.06,1.88,14.38,1006.00,1000.00,1000.00,1006.00
6017,0,0,0.00,0.00,2.68,0.00,-0.37,2.68,2.31,1002.00,1000.00,1000.00,1002.00
6138,0,0,0.00,0.00,1.72,0.00,-12.13,1.98,-11.50,1000.00,1,1003.00,1000.00
6230,0,0,0.00,0.00,0.72,0.00,-15.00,0.87,-15.00,1000.00,1005.00,1005.00,100
6265,0,0,0.00,0.00,0.30,0.00,-14.19,0.44,-14.50,1000.00,1005.00,1005.00,1000.00
6408,0,0,0.00,0.00,-0.77,0.00,0.94,-0.78,-0.37,1000.00,1000.00,1000.00,1000.00
6576,0,0,0.00,0.00,0.88,0.00,15.25,0.60,14.94,1006.00,1000.0000.00,1000.00,1006.00
6602,0,0,0.00,0.00,1.32,0.00,15.31,1.03,15.25,1006.00,1000.00,1000.00,1006.00
6748,0,0,0.00,0.00,2.62,0.00,1.94,2.58,4.12,1003.00,1000.00,1000.00,1003.00
6911,0,0,0.00,0.00,1.39,0.00,-14.06,1.53,-12.75,1000.00,1004.00,1004.00,0.00
6937,0,0,0.00,0.00,0.97,0.00,-14.62,1.11,-14.06,1000.00,1004.00,1004.00,1000.00
7016,0,0,0.00,0.00,0.28,0.00,-13.56,0.54,-,1000.00,1004.00,1004.00,1000.00
7102,0,0,0.00,0.00,-0.57,0.00,-3.87,-0.53,-5.00,1000.00,1002.00,1002.00,1000.00
7167,0,0,0.00,0.00,-0.45,0.00,6.12,-0.55,3.75,1001.00,1000.00,1000.00,1001.00
7281,0,0,0.00,0.00,0.87,0.00,15.00,0.59,14.13,1005.00,1000.00,1000.00,1005.00
7431,0,0,0.00,0.00,2.54,0.00,7.75,2.42,8.81,1004.00,1000.00,1000.00,1004.00
7603,0,0,0.00,0.00,1.94,0.00,-11.06,2.16,-9.56,1000.00,1002.00,1002.00,1.00
7629,0,0,0.00,0.00,1.57,0.00,-12.81,1.83,-11.69,1000.00,1003.00,1003.00,1000.00
7789,0,0,0.00,0.00,-0.30,0.00,-8.94,-0.12,-10.75,1000.00,1004.00,1004.00,1000.00
7831,0,0,0.00,0.00,-0.60,0.00,-4.75,-0.51,-5.87,1000.00,1002.00,1002.00,1000
7854,0,0,0.00,0.00,-0.64,0.00,-1.37,-0.62,-2.62,1000.00,1001.00,1001.00,1000.00
8118,0,0,0.00,0.00,1.98,0.00,11.94,1.87,12.44,1005.00,1000.00,1000.00,1005.00
8316,0,0,0.00,0.00,2.16,0.00,-8.50,2.25,-7.63,1000.00,1001.00,1001.00,1000.00
8482,0,0,0.00,0.00,0.17,0.00,-12.31,0.43,-13.38,1000.00,1005.00,1005.00,1000.00
8520,0,0,0.00,0.00,-0.23,0.00,-8.81,-0.15,-9.56,1000.00,1003.00,1003.00,1000.00
8550,0,0,0.00,0.00,-0.46,0.00,-5.50,-0.40,-7.87,1000.00,1003.00,1003.00,1000.00
8670,0,0,0.00,0.00,-0.26,0.00,7.94,-0.34,7.06,1002.00,1000.00,1000.00,1002.00
8828,0,0,0.00,0.00,1.52,0.00,13.69,1.39,13.88,1006.00,1000.00,1000.00,1006.00
9002,0,0,0.00,0.00,2.41,0.00,-4.37,2.45,-3.50,1000.00,1000.00,1000.00,1000.00
9239,0,0,0,0.00,-0.14,0.00,-9.88,0.05,-11.38,1000.00,1004.00,1004.00,1000.00
9354,0,0,0.00,0.00,-0.58,0.00,2.56,-0.62,0.44,1000.00,1000.00,1000.00,1000.00
9504,0,0,0.00,0.00,0.82,0.00,13.75,0.56,13.31,1005.00,1000.00,1000.00,1005.00
9813,0,0,0.00,0.00,1.73,0.00,-10.69,1.94,-9.13,1000.00,1002.00,1002.00,1000.00
10052,0,0,0.00,0.00,-0.58,0.00,-4.06,-0.51,-5.06,1000.00,1002.00,1002.00,1000.00
10189,0,0,0.00,0.00,0.28,0.00,11.56,0.05,11.06,1004.00,1000.00,1000.00,1004.00
10364,0,0,0.00,0.00,2.15,0.00,8.31,1.98,10.06,1005.00,1000.00,1000.00,1
10385,0,0,0.00,0.00,2.33,0.00,5.69,2.22,7.63,1004.00,1000.00,1000.00,1004.00
10501,0,0,0.00,0.00,2.17,0.00,-6.25,2.24,-5.19,1000.00,1000.00,1000.00,1000.00
10599,0,0,0.00,0.00,1.13,0.00,-63,1.13,-12.50,1000.00,1004.00,1004.00,1000.00
10650,0,0,0.00,0.00,0.40,0.00,-12.13,0.63,-12.63,1000.00,1004.00,1004.00,1000.00
10733,0,0,0.00,0.00,-0.28,0.00,-7.56,-0.21,-9.31,1000.00,1003.00,1003.00,1000.00
11046,0,0,0.00,0.00,1.68,0.00,12.13,1.46,12.63,1005.00,1000.00,1000.00,100
11073,0,0,0.00,0.00,1.89,0.00,10.63,1.79,11.13,1005.00,1000.00,1000.00,1005.00
11172,0,0,0.00,0.00,2.38,0.00,2.25,2.35,3.12,1002.00,1000.00,1000.00.00,1002.00
11193,0,0,0.00,0.00,2.35,0.00,-1.19,2.38,0.00,1001.00,1000.00,1000.00,1001.00
11527,0,0,0.00,0.00,-0.48,0.00,-3.75,-0.40,-5.62,100,1001.00,1001.00,1000.00
11554,0,0,0.00,0.00,-0.52,0.00,-0.37,-0.51,-2.50,1000.00,1001.00,1001.00,1000.00
11579,0,0,0.00,0.00,-0.47,0.00,2.81,-0.52,0.75,1000.00,1000.00,1000.00,1000.00
11702,0,0,0.00,0.00,0.51,0.00,12.00,0.28,11.63,1004.00,1000.00,1000.00,1004.00
11749,0,0,0.00,0.00,1.00,0.00,12.88,0.87,12.94,1005.00,1000.00,1000.00,1005.00
11883,0,0,0.00,0.00,2.21,0.00,3.00,2.14,4.94,1003.00,1000.00,1000.00,1003.00
12001,0,0,0.00,0.00,1.75,0.00,-8.69,1.91,-7.12,1000.00,1001.00,1001.00,1000.00
12205,0,0,0.00,0.00,-0.25,0.00,-7.87,-0.18,-8.50,1000.00,1003,1003.00,1000.00
12228,0,0,0.00,0.00,-0.43,0.00,-5.31,-0.38,-6.19,1000.00,1002.00,1002.00,1000.00
12383,0,0,0.00,0.00,-0.03,0.00,9.31,-0.12,8.44,1003.00,1000.00,1000.00,1003.00
12430,0,0,0.00,0.00,0.49,0.00,11.94,0.27,10.81,1004.00,1000.00,1000.00,1004.00
12460,0,0,0.00,0.00,0.85,0.00,12.50,0.61,12.06,1005.00,1000.00,1000.00,1005.00
12578,0,0,0.00,0.00,2.10,0.00,8.50,1.95,9.25,1004.00,1000.00,1000.00,1004.00
12703,0,0,0.00,0.00,2.23,0.00,-3.50,2.28,-2.37,1000.00,1000.00,1000.00,1000.00
12869,0,0,0.00,0.00,0.86,0.00,-11.81,0.97,-11.88,1000.00,1004.00,1004.00,1000.00
12900,0,0,0.00,0.00,0.30,0.00,-10.75,0.51,-11.31,1000.00,1004.00,1004.00,1000.
12922,0,0,0.00,0.00,0.02,0.00,-8.88,0.20,-10.19,1000.00,1003.00,1003.00,1000.00
13076,0,0,0.00,0.00,-0.30,0.00,4.87,-0.34,3.00,1000.00,1000.00,1000.00,1000.00
13275,0,0,0.00,0.00,1.57,0.00,10.88,1.46,11.31,1005.00,1000.00,1000.00,1005.00
13384,0,0,0.00,0.00,2.19,0.00,0.31,2.20,2.69,1002.00,1000.00,1000.00,1002.00
13581,0,0,0.00,0.00,0.76,0.00,-11.63,0.88,-11.56,1000.00,1004.00,1004.00,1000.00
13731,0,0,0.00,0.00,-0.43,0.00,-3.00,-0.40,-3.62,1000.00,1001.00,1001.00,1000.00
13889,0,0,0.00,0.00,0.24,0.00,10.13,0.14,9.63,1003.00,1000.00,1000.00,1003.00
14064,0,0,0.00,0.00,2.19,0.00,6.19,2.09,6.81,1003.00,1000.00,1000.00,1003.00
14186,0,0,0.00,0.00,2.09,0.00,-4.87,2.14,-4.12,1000.00,1000.00,1000.00,1000.00
14280,0,0,0.00,0.00,1.30,0.00,-9,1.30,-10.88,1000.00,1003.00,1003.00,1000.00
14304,0,0,0.00,0.00,0.96,0.00,-11.13,1.07,-11.19,1000.00,1003.00,00,1000.00
14335,0,0,0.00,0.00,0.63,0.00,-10.81,0.74,-11.19,1000.00,1004.00,1004.00,1000.00
14689,0,0,0.00,0.00,1.05,0.00,11.56,0.83,11.44,1004.00,1000.00,1000.00,1004.00
14734,0,0,0.00,0.00,1.47,0.00,10.81,1.37,11.25,1005.00,1000.00,1000.00,1005.00
14758,0,0,0.00,0.00,1.74,0.00,9.25,1.57,10.56,1005.00,1000.00,1000.00,1005.00
14895,0,0,0.00,0.00,2.19,0.00,-0.56,2.20,1.00,1001.00,1000.00,1000.00,1001.00
15027,0,0,0.00,0.00,1.46,0.00,-9.81,1.56,-9.25,1000.00,1002.00,1002.00,1000.00
15196,0,0,0.00,0.00,-0.25,0.00,-3.37,-0.22,-5.12,1000.00,1002.00,1002.00,1.00
15221,0,0,0.00,0.00,-0.29,0.00,-0.31,-0.29,-1.31,1000.00,1000.00,1000.00,1000.00
15318,0,0,0.00,0.00,0.05,0.00,7.50,-0.03,5.62,1002.02.00,1000.00,1000.00,1002.00
15341,0,0,0.00,0.00,0.29,0.00,9.13,0.21,8.06,1003.00,1000.00,1000.00,1003.00
15490,0,0,0.00,0.00,1.83,0.00,9.13,1.65,10.00,1004.00,1000.00,1000.00,1004.00
15607,0,0,0.00,0.00,2.25,0.00,0.19,2.26,1.06,1001.00,1000.00,1000.00,1001.00
15648,0,0,0.00,0.00,2.10,0.00,-4.31,2.19,-2.62,1000.00,1000.00,1000.00,1000.00
15922,0,0,0.00,0.00,-0.16,0.00,-3.94,-0.08,-5.62,1000.00,10,1001.00,1000.00
16020,0,0,0.00,0.00,-0.09,0.00,4.87,-0.14,4.12,1001.00,1000.00,1000.00,1001.00
16123,0,0,0.00,0.00,0.61,0.00,10.25,0.52,10.25,1004.00,10,1000.00,1004.00
16149,0,0,0.00,0.00,0.91,0.00,10.63,0.81,10.56,1004.00,1000.00,1000.00,1004.00
16410,0,0,0.00,0.00,1.90,0.00,-4.81,2.01,-4.25,1000.00,1000.00,1000.00,1000.00
16584,0,0,0.00,0.00,0.42,0.00,-8.88,0.50,-9.75,1000.00,10,1003.00,1000.00
16610,0,0,0.00,0.00,0.18,0.00,-7.25,0.33,-8.44,1000.00,1003.00,1003.00,1000.00
16758,0,0,0.00,0.00,0.03,0.00,4.75,-0.06,3.31,1001.00,1000.00,1000.00,1001.00
16800,0,0,0.00,0.00,0.29,0.00,7.94,0.21,7.12,1002.00,1000.00,1000.00,1002.00
16956,0,0,0.00,0.00,1.73,0.00,9.38,1.64,10.25,1004.00,1000.00,1000.00,1004.00
17074,0,0,0.00,0.00,2.26,0.00,1.75,2.24,2.62,1002.00,1000.00,1000.00,1002.00
17162,0,0,0.00,0.00,1.97,0.00,-5.69,2.03,-5.12,1000.0000.00,1001.00,1001.00,1000.00
17322,0,0,0.00,0.00,0.33,0.00,-8.25,0.42,-8.81,1000.00,1003.00,1003.00,1000.00
17413,0,0,0.00,0.00,-0.09,0.00,-2.75,-0.03,-4.31,1000.00,1001.00,1001.00,1000.00
17531,0,0,0.00,0.00,0.21,0.00,7.12,0.10,5.87,1002.00,1000.00,1000.00,1002.00
17780,0,0,0.00,0.00,2.14,0.00,2.31,2.12,3.87,1002.00,1000.00,1000.00,1002.00
17957,0,0,0.00,0.00,1.38,0.00,-9.00,1.47,-8.69,1000.00,1002.00,1002.00,100
17980,0,0,0.00,0.00,1.10,0.00,-9.69,1.19,-9.56,1000.00,1003.00,1003.00,1000.00
18094,0,0,0.00,0.00,0.09,0.00,-5.44,0.15,-7.25,1000.00,1002.00,1002.00,1000.00
18264,0,0,0.00,0.00,0.19,0.00,6.12,0.14,5.25,1002.00,1000.00,1000.00,1002.00
18332,0,0,0.000.00,0.00,0.75,0.00,9.75,0.66,9.38,1004.00,1000.00,1000.00,1004.00
18550,0,0,0.00,0.00,2.08,0.00,-0.31,2.11,0.31,1001.00,1000.00,1000.00,1001.00
18648,0,0,0.00,0.00,1.68,0.00,-7.06,1.75,-6.44,10,1001.00,1001.00,1000.00
18670,0,0,0.00,0.00,1.44,0.00,-8.44,1.52,-7.94,1000.00,1002.00,1002.00,1000.00
18831,0,0,0.00,0.00,0.16,0.00,-6.19,0.22,-7.12,1000.00,1002.00,1002.00,1000.00
18874,0,0,0.00,0.00,-0.07,0.00,-2.69,-0.00,-4.56,1000.00,1001.00,1001.00,1000.00
18896,0,0,0.00,0.00,-0.11,0.00,-0.37,-0.09,-2.00,1000.00,1000.00,1000.00,1000.00
19012,0,0,0.00,0.00,0.37,0.00,7.50,0.23,7.06,1002.00,1000.00,1000.00,1002.00
19140,0,0,0.00,0.00,1.35,0.00,9.38,1.26,9.69,1004.00,1000.00,1000.00,1004.00
19397,0,0,0.00,0.00,1.52,0.00,-7.56,1.60,-6.81,1000.00,1001.00,1001.00,1000.00
19581,0,0,0.00,0.00,0.11,0.00,-6.06,0.23,-7.19,1000.00,1002.00,0,1000.00
19609,0,0,0.00,0.00,-0.04,0.00,-4.31,0.05,-5.62,1000.00,1002.00,1002.00,1000.00
19747,0,0,0.00,0.00,0.30,0.00,7.44,0.16,6.25,1002.00,1000.00,1000.00,1002.00
19863,0,0,0.00,0.00,1.28,0.00,9.56,1.18,9.25,1004.00,1000.00,1000.00,1004.00
19988,0,0,0.00,0.00,2.04,0.00,3.12,1.98,4.75,1002.00,1000.00,1000.00,1002.00
20027,0,0,0.00,0.00,2.09,0.00,-0.06,2.09,0.81,1001.00,1000.00,1000.00,1001.00
20164,0,0,0.00,0.00,1.29,0.00,-8.75,1.37,-8.19,1000.00,1002.00,1002.00,1000.00
20444,0,0,0.00,0.00,0.20,0.00,4.31,0.12,3.00,1001.00,1000.00,1000.00,1001.00
20486,0,0,0.00,0.00,0.44,0.00,6.87,0.37,5.69,1002.00,1000.00,1000.00,1002.00
20740,0,0,0.00,0.00,2.13,0.00,1.31,2.12,2.44,1002.00,1000.00,1000.00,1002.00
20848,0,0,0.00,0.00,1.86,0.00,-5.25,1.97,-3.94,1000.00,1000.0001.00,1001.00,1000.00
20870,0,0,0.00,0.00,1.67,0.00,-6.62,1.74,-5.62,1000.00,1001.00,1001.00,1000.00
21011,0,0,0.00,0.00,0.43,0.00,-7.00,0.57,-7.94,1000.00,1002.00,1002.00,1000.00
21211,0,0,0.00,0.00,0.29,0.00,5.87,0.23,4.50,1001.00,1000.00,1000.00,1001.00
21300,0,0,0.00,0.00,0.95,0.00,9.19,0.78,8.81,1003.00,1000.00,1000.00,10031004.00
21322,0,0,0.00,0.00,1.20,0.00,9.13,1.04,9.19,1004.00,1000.00,1000.00,1004.00
21431,0,0,0.00,0.00,1.88,0.00,4.19,1.84,4.87,1002.00,1000.00,1000.00,1002.00
21701,0,0,0.00,0.00,0.61,0.00,-8.06,0.77,-8.56,1000.00,1002.00,1002.00,1000.00
21767,0,0,0.00,0.00,0.15,0.00,-5.25,0.20,-5.50,1000.00,1002.00,1002.00,1000.00
21892,0,0,0.00,0.00,0.06,0.00,3.06,0.03,2.50,1001.00,1000.00,1000.00,1001.00
21998,0,0,0.00,0.00,0.60,0.00,8.25,0.45,7.31,1003.03.00,1000.00,1000.00,1003.00
22023,0,0,0.00,0.00,0.85,0.00,8.63,0.69,8.56,1003.00,1000.00,1000.00,1003.00
22281,0,0,0.00,0.00,1.90,0.00,-3.19,1.97,-2.25,1000.00,1000.00,1000.00,1000.00
22323,0,0,0.00,0.00,1.69,0.00,-5.69,1.75,-5.25,1000.00,1001.00,1001.00,1000.00
22480,0,0,0.00,0.00,0.52,0.00,-7.19,0.11,-7.56,1015.00,1019.00,1019.00,1015.00
22740,0,0,0.00,0.00,0.73,0.00,8.37,0.09,7.37,1019.00,1015.00,1015.00,1019.00
22783,0,0,0.00,0.00,1.05,0.00,8.81,0.48,8.69,1020.00,1014.00,1014.00,1020.00
23045,0,0,0.00,0.00,1.56,0.00,-5.50,1.20,-4.56,1016.00,1018.00,1018.00,1016.00
23397,0,0,0.00,0.00,0.22,0.00,4.69,-0.35,3.44,1018.00,1016.00,1016.00,1018.00
23500,0,0,0.00,0.00,1.08,0.00,8.50,0.43,8.50,1020.00,1014.00,1014.00,1020.00
23640,0,0,0.00,0.00,1.83,0.00,4.87,1.29,5.37,1019.00,1015.00,1015.00,1019.00
24087,0,0,0.00,0.00,0.14,0.00,1.50,-0.36,0.25,1017.00,1017.00,1017.00,1017.00
24237,0,0,0.00,0.00,0.95,0.00,8.31,0.31,7.81,1020.00,1014.00,1014.00,1020.00
24349,0,0,0.00,0.00,1.70,0.00,5.81,1.15,6.37,1020.00,1014.00,1014.00,1020.00
24457,0,0,0.00,0.00,1.85,0.00,-1.75,1.38,-0.44,1017.00,1017.00,1017.00,1017.00
24534,0,0,0.00,0.00,1.52,0.00,-5.56,1.10,-5.56,1016.00,1018.00,1018.00,1016.00
24637,0,0,0.00,0.00,0.87,0.00,-7.44,0.45,-7.50,1015.00,10,1019.00,1015.00
24663,0,0,0.00,0.00,0.65,0.00,-6.62,0.23,-7.06,1013.00,1017.00,1017.00,1013.00
24812,0,0,0.00,0.00,0.19,0.00,1.06,-0.31,0.31,1015.00,1015.00,1015.00,1015.00
24851,0,0,0.00,0.00,0.33,0.00,3.44,-0.23,3.06,1018.00,1016.00,1016.00,1018.00
24999,0,0,0.00,0.00,1.29,0.00,7.75,0.72,8.00,1018.00,1012.00,1012.00,1018.00
25091,0,0,0.00,0.00,1.80,0.00,4.75,1.22,5.62,1019.00,1015.00,1015.00,1
25114,0,0,0.00,0.00,1.89,0.00,3.25,1.34,4.37,1019.00,1015.00,1015.00,1019.00
25230,0,0,0.00,0.00,1.75,0.00,-3.81,1.31,-3.37,1015.00,1015.00,1015.00,1015.00
25398,0,0,0.00,0.00,0.76,0.00,-7.06,0.34,-7.25,1013.00,1017.00,1017.00,1013.00
25588,0,0,0.00,0.00,0.24,0.00,3.19,-0.30,1.81,1015.00,1015.00,1015.00,1015.00
25711,0,0,0.00,0.00,0.86,0.00,7.63,0.30,7.69,1018.00,1012.00,1012.00,1018.00
25812,0,0,0.00,0.00,1.63,0.00,5.44,1.09,6.25,1018.00,1012.00,1012.00,1018.00
25960,0,0,0.00,0.00,1.68,0.00,-3.31,1.26,-2.19,1015.00,1015.00,1015.00,1015.00
26144,0,0,0.00,0.00,0.48,0.00,-5.50,0.11,-6.31,1013.00,1017.00,1017.00,1013.00
26243,0,0,0.00,0.00,0.20,0.00,-0.88,-0.27,-,1015.00,1015.00,1015.00,1015.00
26418,0,0,0.00,0.00,0.94,0.00,7.37,0.30,7.00,1017.00,1013.00,1013.00,1017.00
26532,0,0,0.00,0.00,1.66,0.00,5.75,1.12,5.87,1017.00,1013.00,1013.00,1017.00
26604,0,0,0.00.00,0.00,1.87,0.00,1.81,1.36,2.37,1016.00,1014.00,1014.00,1016.00
26710,0,0,0.00,0.00,1.72,0.00,-3.31,1.27,-2.87,1015.00,1015.00,1015.00,10
26748,0,0,0.00,0.00,1.58,0.00,-4.87,1.14,-4.44,1014.00,1016.00,1016.00,1014.00
26847,0,0,0.00,0.00,0.78,0.00,-6.50,0.36,-6.87,1013.00,1017.00,1017.00,1013.00
26995,0,0,0.00,0.00,0.21,0.00,-0.13,-0.28,-1.31,1015.00,1015.00,1015.00,1015.00
27067,0,0,0.00,0.00,0.39,0.00,4.19,-0.17,3.50,1016.00,1014.00,1014.00,1016.00
27186,0,0,0.00,0.00,1.06,0.00,7.12,0.51,7.50,1018.00,1012.00,1012.00,1018.00
27295,0,0,0.00,0.00,1.71,0.00,3.75,1.15,4.87,1017.00,1013.00,1013.00,1017.00
27391,0,0,0.00,0.00,1.73,0.00,-0.88,1.28,-0.62,10,1015.00,1015.00,1015.00
27415,0,0,0.00,0.00,1.68,0.00,-2.56,1.21,-2.12,1015.00,1015.00,1015.00,1015.00
27576,0,0,0.00,0.00,0.81,0.00,-6.50,0.39,-6.56,1013.00,1017.00,1017.00,1013.00
27622,0,0,0.00,0.00,0.51,0.00,-5.50,0.13,-5.94,1013.00,1017.00,1017.00,1013.00
27779,0,0,0.00,0.00,0.27,0.00,2.75,-0.27,1.69,1015.00,1015.00,1015.00,1015.00
27907,0,0,0.00,0.00,0.86,0.00,7.56,0.29,7.50,1018.00,1012.00,1012.00,1018.00
27968,0,0,0.00,0.00,1.40,0.00,5.87,0.86,6.65.87,1019.00,1015.00,1015.00,1019.00
28155,0,0,0.00,0.00,1.57,0.00,-2.94,1.12,-2.12,1061.00,1061.00,1061.00,1061.00
28310,0,0,0.00,0.00,0.56,0.00,-5.19,0.18,-6.69,1137.00,1141.00,11,1137.00
28339,0,0,0.00,0.00,0.43,0.00,-4.50,0.02,-4.37,1150.00,1152.00,1152.00,1150.00
28616,0,0,0.00,0.00,1.13,0.00,6.37,0.58,7.06,1159.00,1153.00,1153.00,1159.00
28681,0,0,0.00,0.00,1.41.51,0.00,4.19,0.95,5.00,1158.00,1154.00,1154.00,1158.00
28729,0,0,0.00,0.00,1.61,0.00,2.69,1.07,3.19,1157.00,1155.00,1155.00,1157.00
28773,0,0,0.00,0.00,1.62,0.00,-0.06,1.14,-0.13,1156.00,1156.00,1156.00,1156.00
28914,0,0,0.00,0.00,1.09,0.00,-4.25,0.65,-4.69,1155.00,1157.00,1157.00,1155.00
29127,0,0,0.00,0.00,0.60,0.00.00,1.81,0.11,1.81,1156.00,1156.00,1156.00,1156.00
29191,0,0,0.00,0.00,0.76,0.00,3.87,0.20,3.12,1157.00,1155.00,1155.00,1157.00
29303,0,0,0.00,0.00,1.16,0.00,4.19,0.63,4.12,1157.00,1155.00,1155.00,1157.00
29602,0,0,0.00,0.00,0.97,0.00,-2.81,0.51,-3.37,1155.00,1157.00,1157.00,1155.00
29759,0,0,0.00,0.00,0.69,0.00,0.00,0.21,-0.19,1156.00,1156.00,1156.00,1156.00
29871,0,0,0.00,0.00,0.85,0.00,2.31,0.31,2.44,1157.00,1155.00,1155.00,1157.00
29913,0,0,0.00,0.00,0.95,0.00,2.56,0.41,3.12,1159.00,1157.00,1157.00,1159.00
30072,0,0,0.00,0.00,1.19,0.00,1.12,0.70,1.44,1156.00,1156.00,1156.00,1156.00
30177,0,0,0.00,0.00,1.14,0.00,-1.37,0.67,-1.19,1156.00,1156.00,1156.00,1156.00
30444,0,0,0.00,0.00,0.77,0.00,0.69,0.27,-0.13,1156.00,1156.00,1156.00,1156.00
30758,0,0,0.00,0.00,1.13,0.00,0.50,0.64,0.69,1156.00,1156.00,1156.00,1156.00
30868,0,0,0.00,0.00,1.09,0.00,-0.69,0.60,-0.69,1156.00,1156.00,1156.00,1156.00
31021,0,0,0.00,0.00,0.88,0.00,-1.06,0.41,-0.69,1156.00,1156.00,1156.00,1156.00
31219,0,0,0.00,0.00,0.84,0.00,1.37,0.34,0.81,1158.00,1158.00,1158.00,1158.00
31325,0,0,0.00,0.00,1.02,0.00,2.06,0.50,1.87,1165.00,1163.00,1163.00,1165.00
31437,0,0,0.00,0.00,1.16,0.00,2.44,0.65,-0.50,1168.00,1168.00,1168.00,1168.00
31543,0,0,0.00,0.00,1.09,0.00,-0.75,0.61,1.31,10,1185.00,1185.00,1185.00
31570,0,0,0.00,0.00,1.01,0.00,-3.00,0.58,-1.87,1185.00,1185.00,1185.00,1185.00
31713,0,0,0.00,0.00,0.90,0.00,-0.13,0.42,0.00,1195.00,1195.00,1195.00,1195.00
31831,0,0,0.00,0.00,0.94,0.00,0.81,0.44,0.75,1198.00,1198.00,1198.00,1198.00
31990,0,0,0.00,0.00,1.05,0.00,1.50,0.55,0.94,1199.00,1199.00,1199.00,1199.00
32142,0,0,0.00,0.00,1.11,0.00,0.25,0.62,0.81,1199.00,1199.00,1199.00,1199.00
32246,0,0,0.00,0.00,1.09,0.00,0.50,0.60,0.50,1199.00,1199.00,1199.00,1199.00
32510,0,0,0.00,0.00,1.01,0.00,-0.37,0.52,-0.75,1199.00,1199.00,1199.00,1199.00
32680,0,0,0.00,0.00,1.06,0.00,1.06,0.55,1.31,1199.00,1199.00,1199.00,1199.00
32833,0,0,0.00,0.00,1.25,0.00,0.50,0.76,1.19,1201.00,1201.00,1201.00,1201.00
32932,0,0,0.00,0.00,1.32,0.00,-0.75,0.83,0.62,1207.00,1207.00,1207.00,1207.00
33050,0,0,0.00,0.00,1.39,0.00,-1.06,0.89,-1.56,1215.00,1215.00,1215.00,1215.00
33336,0,0,0.00,0.00,1.56,0.00,-1.75,1.08,0.37,1224.00,1224.00,1224.00,1224.00
33373,0,0,0.00,0.00,1.31,0.00,-3.75,0.89,-5.25,1223.00,1225.00,1225.00,1223.00
33508,0,0,0.00,0.00,1.09,0.00,1.87,0.59,-1.81,1227.00,1227.00,1227.00,1227.00
33629,0,0,0.00,0.00,1.04,0.00,1.62,0.54,-3.87,1233.00,1235.00,1235.00,1233.00
33728,0,0,0.00,0.00,1.22,0.00,1.31,0.71,2.69,1231238.00,1238.00,1238.00,1238.00
34017,0,0,0.00,0.00,1.48,0.00,0.25,0.99,1.31,1250.00,1248.00,1248.00,1250.00
34056,0,0,0.00,0.00,1.55,0.00,-0.19,1.06,1.69,1251.00,1249.00,1249.00,1251.00
34223,0,0,0.00,0.00,1.55,0.00,0.31,1.06,0.06,1256.00,1256.00,1256.00,1256.00
34317,0,0,0.00,0.00,1.71,0.00,0.62,1.21,3.12,1261.00,1259.00,1259.00,1261.00
34433,0,0,0.00,0.00,1.79,0.00,2.06,1.30,0.69,1263.00,1261.00,1261.00,1263.00
34713,0,0,0.00,0.00,1.56,0.00,-0.25,1.08,-0.31,1266.00,1266.00,1266.00,1266.00
34753,0,0,0.00,0.00,1.57,0.00,1.19,1.07,0.19,1266.00,1266.00,1266.00,1266.00
34981,0,0,0.00,0.00,2.11,0.00,2.25,1.57,1.44,1277.00,1275.00,1275.00,1
35004,0,0,0.00,0.00,2.13,0.00,0.81,1.64,0.81,1277.00,1275.00,1275.00,1277.00
35130,0,0,0.00,0.00,1.96,0.00,-2.06,1.53,-2.19,1279.00,1279.00,1279.00,1279.00
35397,0,0,0.00,0.00,1.82,0.00,2.81,1.29,0.19,1283.00,1283.00,1283.00,1283.00
35439,0,0,0.00,0.00,1.85,0.00,2.31,1.33,-0.75,1284.00,1284.00,1284.00,1284.00
35578,0,0,0.00,0.00,2.04,0.00,1.25,1.54,0.94,1290.00,1288.00,1288.00,1290.00
35694,0,0,0.00,0.00,2.06,0.00,-0.06,1.57,-1.25,1291.00,1291.00,1291.00,1291.00
35969,0,0,0.00,0.00,1.84,0.00,-1.06,1.36,-0.81,1291.00,1291.00,1291.00,1291.00
36153,0,0,0.00,0.00,1.92,0.00,0.13,1.43,0.62,1293.00,1291.00,1291.00,1293.00
36295,0,0,0.00,0.00,1.94,0.00,-0.37,1.45,0.31,1295.00,1295.00,1295.00,1295.00
36392,0,0,0.00,0.00,1.97,0.00,0.25,1.48,1.00,1296.00,1294.00,1294.00,1296.00
36648,0,0,0.00,0.00,1.98,0.00,1.00,1.49,-0.13,1297.00,1297.00,1297.00,1297.00
36723,0,0,0.00,0.00,1.921.92,0.00,0.19,1.43,0.19,1297.00,1297.00,1297.00,1297.00
36785,0,0,0.00,0.00,1.87,0.00,0.06,1.39,-0.81,1297.00,1297.00,1297.00,1297.00
36824,0,0,0.00,0.00,1.87,0.00,0.06,1.38,-0.25,1297.00,1297.00,1297.00,1297.00
36844,0,0,0.00,0.00,1.90,0.00,1.37,1.38,0.31,1297.00,1297.00,1297.00,1297.00
36966,0,0,0.00,0.00,1.92,0.00,0.94,1.43,0.25,1297.00,1297.00,1297.00,1297.00
37055,0,0,0.00,0.00,1.96,0.00,-0.06,1.47,0.44,1298.00,1296.00,1,1297.00
37074,0,0,0.00,0.00,1.96,0.00,-0.56,1.47,0.06,1297.00,1297.00,1297.00,1297.00
37170,0,0,0.00,0.00,1.95,0.00,-0.25,1.47,-0.50,1297.0297.00,1297.00,1297.00,1297.00
37339,0,0,0.00,0.00,1.98,0.00,-0.75,1.50,0.25,1298.00,1298.00,1298.00,1298.00
37470,0,0,0.00,0.00,2.05,0.00,-0.31,1.56,0.62,1299.00,1297.00,1297.00,1299.00
37508,0,0,0.00,0.00,2.05,0.00,0.37,1.56,0.50,1299.00,1297.00,1297.00,1299.00
37653,0,0,0.00,0.00,2.03,0.00,-1.25,1.55,0.25,1298.00,1298.00,1298.00,1298.00
37765,0,0,0.00,0.00,2.06,0.00,0.81,1.56,1.00,1298.00,1296.00,1296.00,1298.00
37869,0,0,0.00,0.00,2.08,0.00,0.13,1.59,-0.75,1298.00,12981297.00,1297.00,1297.00
37891,0,0,0.00,0.00,2.05,0.00,-1.75,1.57,-0.94,1297.00,1297.00,1297.00,1297.00
38049,0,0,0.00,0.00,1.97,0.00,0.19,1.48,-1.37,1297.00,1297.00,1297.00,1297.00
38160,0,0,0.00,0.00,1.97,0.00,0.37,1.49,-0.88,1297.00,1297.00,1297.00,1297.00
38198,0,0,0.00,0.00,2.00,0.00,-0.19,1.51,1.44,1298.00,1296.00,1296.00,1298.00
38349,0,0,0.00,0.00,1.83,0.00,0.37,1.37,0.13,1297.00,1297.00,1297.00,1297.00
38483,0,0,0.00,0.00,1.83,0.00,-0.06,1.34,-0.37,1297.00,1297.00,1297.00,1297.00
38692,1,1,30.04,1.22,4.65,307.99,59.81,-28.82,-265.43,1160.00,1436.00,443.00,1151.00
38727,1,1,40.69,2.51,7.02,352.46,97.44,-38.19,-283.59,1140.00,1454.00,1454.00,1140.0024.00
38822,1,1,73.63,8.75,17.98,448.14,176.06,-64.87,-286.76,1109.00,1487.00,148794.00,1102.00
38944,1,2,131.56,23.01,42.45,532.58,226.56,-108.55,-303.01,1050.008.00,1556.00,1556.00,1038.00
39063,1,2,196.42,38.25,67.35,545.64,209.196.00,-165.31,-332.09,1000.00,1623.00,1623.00,1000.00
39164,1,2,258.33,51.953.78,91.47,468.80,192.31,-212.63,-284.49,1000.00,1660.00,1660.00,1000.00
39314,1,3,314.80,67.84,115.12,330.71,220.12,-246.96,-118.77,1000.00,1635.00,1635.00,1000.00
39408,1,3,337.61,79.98,134.46,203.20,275.37,-257.62,62.74,1018.00,1576.62.00,1562.00,1032.00
39739,1,0,350.00,10303.68,-2.60,0.00,811.87,-18.57,830.75,1614.00,1000.00,1000.00,1614.00
39831,1,0,350.00,103.68,43.08,0.00,468.31,33.96,514.12,1519.00,1075.00,1075.00,1519.00
39864,1,0,350.00,103.68,46..31,0.00,257.06,46.23,375.81,1471.00,1123.00,1123.00,1471.00
40097,1,0,350.00,103.68,-5.33,0.00,-290.31,0.05,-350.81,1159.00,1435.00,1435.00,1159.00
40182,1,0,350.00,103.68,-22.14,0.00,-137.75,-19.60,-203.44,1207.00,1389.00,1389.00,1207.00
40304,1,0,350.00,103.68,-10.81,0.00,235.06,-15.89,235.62,1381.00,1213.00,1213.00,1381.00
40331,1,0,350.00,103.68,-4.45,0.00,209.69,-9.10,226.94,1381.00,1213.00,1213.00,1381.00
40416,1,0,350.00,103.68,8.59,0.00,144.81,6.69,158.50,1364.00,1232.00,1232.00,1364.00
40562,1,0,350.00,103.68,13.03,0.00,-111.12,12.54,-95.94,1268.00,1328.00,1328.00,1268.00
40655,1,0,350.00,103.68,0.97,0.00,-64.12,0.48,-80.94,1267.00,1329.00,1329.00,1267.00
40748,1,0,350.00,103103.68,-4.78,0.00,-50.44,-4.16,-63.37,1270.00,1324.00,1324.00,1270.00
40838,1,0,350.00,103.68,-5.31,0.00,11.06,-5.93,-9.63,12303.00,1291.00,1291.00,1303.00
40888,1,0,350.00,103.68,-0.77,0.00,69.25,-2.61,72.87,13240,1272.00,1272.00,1324.00
41016,1,0,350.00,103.68,2.72,0.00,17.50,1.84,24.00,1308.00,1288.00,1288.00,1308.00
41039,1,0,350.00,103.68,3.27,0.00,24.69,2.37,15.06,1304.00,1290.00,1290.00,1304.00
41207,1,0,350.00,103.68,0.60,0.00,-25.37,0.11,-37.06,1283.00,1311.00,1311.00,1283.00
41265,1,0,350.00,103.68,-0.13,0.00,1.75,-0.63,1.37,1297.00,1297.00,12298.00,1296.00
41348,1,0,350.00,103.68,-0.83,0.00,-25.31,-1.08,-21.06,1290.00,1306.00,1308.00,1288.00
41432,1,0,350.00,103.68,-1.17,0.00,13.50,-1.79,6.06,1298.00,1296.000,1293.00,1301.00
41456,1,0,350.00,103.68,0.12,0.00,37.63,-1.07,34.13,1310.00,1286.00,1286.00,1310.00
41491,1,0,350.00,103.68,0.87,0.00,24.56,-0.09,28.75,1309.00,1287.00,1287.00,1309.00
41659,1,0,350.00,103.68,2.12,0.00,22.19,1.25,.19,1306.00,1288.00,1288.00,1306.00
41688,1,0,350.00,103.68,2.28,0.00,4.25,1.71,8.50,1301.00,1293.00,1293.00,13
41716,1,0,350.00,103.68,2.25,0.00,-8.56,1.84,4.75,1299.00,1295.00,1295.00,1299.00
41764,1,0,350.00,103.68,1.37,0.00,-20.62,1.08,-25.94,1288.00,1306.00,1306.00,1288.00
41792,1,0,350.00,103.68,0.79,0.00,-15.19,0.61,-12.63,1293.00,1301.00,1301.00,1293.00
41813,1,0,350.,103.68,0.62,0.00,3.00,0.16,-14.62,1292.00,1302.00,1302.00,1292.00
41941,1,0,350.00,103.68,0.90,0.00,-10.25,0.52,4.62,12990,1300.00,1300.00,1294.00
42026,1,0,350.00,103.68,0.63,0.00,18.69,-0.17,4.00,1298.00,1296.00,1296.00,1298
42067,1,0,350.00,103.68,1.12,0.00,13.00,0.50,20.56,1305.00,1289.00,1289.00,1305.00
42110,1,0,350.00,103.68,1.73,0.00,9.13,1.00,15.31,1303.00,1291.00,1291.00,1303.00
42303,1,0,350.00,103.68,1.67,0.00,6.87,1.12,3.94,1299.00,1295.00,1295.00,1299.00
42348,1,0,350.00,103.68,1.68,0.00,-9.25,1.34,1.31,1298.00,1296.00,1296.00,1298.00
42380,1,0,350.00,103.68,1.42,0.00,-7.56,1.09,-10.31,1294.00,1300.00,1300.00,1294.00
42412,1,0,350.00,18,1.12,0.00,-12.06,0.85,-8.37,1295.00,1299.00,1299.00,1295.00
42453,1,0,350.00,103.68,0.94,0.00,-10.,0.44,-1.25,1297.00,1297.00,1297.00,1297.00
42586,1,0,350.00,103.68,1.53,0.00,-1.56,1.06,-0.94,1297.00,1297.0,1297.00,1297.00
42611,1,0,350.00,103.68,1.41,0.00,-5.56,1.02,-2.37,1297.00,1297.00,1297.00,1297.00
42840,1,0,350.00,103.68,1.62,0.00,-7.63,1.20,-8.88,1295.00,1299.00,1299.00,1295.00
42864,1,0,350.00,103.68,1.51,0.00,-2.69,1.04,-5.00,1296.00,1298.00,1298.00,1296.00
42921,1,0,350.00,18,1.59,0.00,6.25,0.99,2.00,1299.00,1297.00,1297.00,1299.00
43073,1,0,350.00,103.68,1.58,0.00,-2.69,1.11,-2.69,1297.00,1297.00,1297.00,1297
43100,1,0,350.00,103.68,1.51,0.00,-0.25,1.02,-2.50,1297.00,1297.00,1297.00,1297.00
43286,1,0,350.00,103.68,1.85,0.00,-3.56,136,-3.56,1297.00,1297.00,1297.00,1297.00
43325,1,0,350.00,103.68,1.73,0.00,1.81,1.23,0.37,1298.00,1298.00,1298.00,1298.00
43404,1,0,350.00,103.68,2.01,0.00,2.81,1.46,5.56,1300.00,1294.00,1294.00,1300.00
43515,1,0,350.00,103.68,1.86,0.00,-62,1.37,-1.69,1297.00,1297.00,1297.00,1297.00
43538,1,0,350.00,103.68,1.88,0.00,1.37,1.38,1.62,1298.00,1296.00,0,1298.00
43564,1,0,350.00,103.68,1.97,0.00,3.69,1.44,2.94,1298.00,1296.00,1296.00,1298.00
43640,1,0,350.00,103.68,2.23,0.00,0.94,1.72,1.75,1298.00,1296.00,1296.00,1298.00
43736,1,0,350.00,103.68,1.97,000,-1.81,1.48,-3.12,1297.00,1297.00,1297.00,1297.00
43759,1,0,350.00,103.68,1.91,0.00,-1.62,1.44,-1.81,1297.00,00,1297.00,1297.00
43894,1,0,350.00,103.68,1.90,0.00,-2.75,1.44,-0.62,1297.00,1297.00,1297.00,1297.00
43970,1,0,350.,103.68,1.56,0.00,-0.06,1.09,-3.06,1297.00,1297.00,1297.00,1297.00
44110,1,0,350.00,103.68,1.68,0.00,-0.50,1.19,0.37,1297.00,1297.00,1297.00,1297.00
44139,1,0,350.00,103.68,1.65,0.00,-1.12,1.18,-0.94,1297.00,1297.00,1297.00,1297.00
44263,1,0,350.00,103.68,1.74,0.00,3.87,1.22,3.50,1299.00,1295.00,0,1298.00
44412,1,0,350.00,103.68,1.62,0.00,0.00,1.13,-0.44,1297.00,1297.00,1297.00,1297.00
44437,1,0,350.00,103.68,1.62,0.00,0.13,1.13,0.19,1297.00,1297.00,1297.00,1297.00
44561,1,0,350.00,103.68,1.55,0.00,-1.75,1.09,-0.94,1298.00,1298.00,1298.00,7.00
44599,1,0,350.00,103.68,1.50,0.00,-1.81,1.03,-2.00,1297.00,1297.00,1297.00,1297.00
44829,1,0,350.00,103.68,1.72,0.00,0.75,1.22,0.50,1297.00,1297.00,1297.00,1297.00
44871,1,0,350.00,103.68,1.73,0.00,0.94,1.23,0.37,1297.00,1297.00,1297.00,1297.00
44892,1,0,350.00,103.68,1.75,0.00,0.50,1.25,1.06,1298.00,1296.00,1296.00,1298.00
44942,1,0,350.00,103.68,1.81,0.00,1.00,1.31,2.44,1298.00,0,1297.00,1297.00
45062,1,0,350.00,103.68,1.81,0.00,0.44,1.32,-0.50,1297.00,1297.00,1297.00,1297.00
45106,1,0,350.00,103.68,1.91,0.00,2.25,1.37,2.12,1298.00,1296.00,1296.00,1298.00
45255,1,0,350.00,103.68,2.07,0.00,1.00,1.57,0.94,1298.00,1296.00,1296.00,12
45286,1,0,350.00,103.68,2.13,0.00,1.44,1.62,2.25,1298.00,1296.00,1296.00,1298.00
45331,1,0,350.00,103.68,2.20,0.00,1.81,1.67,1.31,1299.00,1297.00,1297.00,1299.00
45400,1,0,350.00,103.68,2.23,0.00,-0.50,1.74,-0.06,1297.00,1.00,1297.00,1297.00
45523,1,0,350.00,103.68,2.13,0.00,0.13,1.64,-0.62,1297.00,1297.00,1297.00,1297.00
45757,1,0,350.00,103.68,2.12,0.00,0.81,1.62,0.44,1298.00,1296.00,1296.00,1298.00
45797,1,0,350.00,103.68,2.13,0.00,0.50,1.64,1.06,1298.00,1296.00,1296.00,1298.
45833,1,0,350.00,103.68,2.11,0.00,-1.12,1.64,-0.56,1297.00,1297.00,1297.00,1297.00
45902,1,0,350.00,103.68,2.07,0.00,-0.62,1,-2.06,1297.00,1297.00,1297.00,1297.00
45950,1,0,350.00,103.68,2.02,0.00,-0.62,1.53,-0.25,129,1298.00,1298.00,1298.00
46033,1,0,350.00,103.68,2.02,0.00,-0.13,1.54,-0.37,1297.00,1297.,1297.00,1297.00
46057,1,0,350.00,103.68,2.00,0.00,-1.12,1.53,-0.19,1297.00,1297.00,1297.00,1297.00
46296,1,0,350.00,103.68,2.09,0.00,0.50,1.60,0.81,1298.00,1296.00,1296.00,1298.00
46514,1,0,350.00,103.68,2.19,0.00,0.62,1.69,-0.62,1297.00,1297.00,1297.00,1297.00
46539,1,0,350.00,103.68,2.23,0.00,1.62,1.72,1.56,1298.00,1296.00,1296.00,1298.00
46716,1,0,350.00,103.68,2.54,0.00,0.06,2.05,1.37,1298.00,1290,1296.00,1298.00
46742,1,0,350.00,103.68,2.54,0.00,-0.75,2.05,-0.37,1298.00,1296.00,1296.00,1298.00
46950,1,0,350.00,103.68,2.52,0.00,0.44,2.02,-0.88,129,1296.00,1296.00,1298.00
46974,1,0,350.00,103.68,2.53,0.00,0.94,2.03,0.56,1298.00,1296.00,1296.00,1298.00
47001,1,0,350.00,103.68,2.58,0.00,1.44,2.06,1.06,1298.00,1296.00,1296.00,1298.00
47195,1,0,350.00,103.68,2.60,0.00,1.12,2.12,0.56,1298.00,1290,1296.00,1298.00
47228,1,0,350.00,103.68,2.58,0.00,1.12,2.09,1.44,1298.00,1296.00,1296.00,1298.00
47407,1,0,350.00,103.68,2.39,0.00,-0.13,1.90,0.06,1298.00,16.00,1296.00,1298.00
47432,1,0,350.00,103.68,2.40,0.00,1.56,1.89,1.12,1298.00,1296.00,1296.00,1298.00
47667,1,0,350.00,103.68,2.44,0.00,-0.62,1.96,0.13,1298.00,1296.00,1296.00,1298.00
47872,1,0,350.00,103.68,2.34,0.00,-0.94,1.86,0.1,1297.00,1297.00,1297.00,1297.00
47896,1,0,350.00,103.68,2.32,0.00,-0.88,1.83,-0.94,1297.00,1297.00,1297.00,129
47925,1,0,350.00,103.68,2.28,0.00,-1.19,1.81,-0.75,1298.00,1298.00,1298.00,1298.00
48007,1,0,350.00,103.68,2.22,0.00,-1.37,1.74,-0.88,1298.00,1298.00,1298.00,1298.00
48144,1,0,350.00,103.68,2.28,0.00,0.06,1.80,0.19,1298.00,1296.00,00,1298.00
48173,1,0,350.00,103.68,2.28,0.00,0.62,1.78,-0.69,1297.00,1297.00,1297.00,1297.00
48238,1,0,350.00,103.68,2.30,0.00,0.50,1.81,0.62,1298.00,1296.00,1296.00,1298.00
48360,1,0,350.00,103.68,2.30,0.00,-0.13,1.81,0.56,1298.00,1296.00,12,1297.00
48386,1,0,350.00,103.68,2.30,0.00,0.69,1.81,0.13,1298.00,1296.00,1296.00,1298.00
48472,0,0,350.00,103.68,2.27,0.00,0.62,1.78,0.44,1298.00,1296.00,1296.00,1298.00
48583,0,0,350.00,103.68,2.27,0.00,-0,1.78,-0.06,1297.00,1297.00,1297.00,1297.00
48647,0,0,350.00,103.68,2.23,0.00,1.00,1.76,0.69,1298.00,1296.00,1296.00,1298.00
48820,0,0,350.00,103.68,2.23,0.00,0.25,1.74,0.75,1298.00,1296.00,1296.00,12
48850,0,0,350.00,103.68,2.20,0.00,0.94,1.72,0.75,1298.00,1296.00,1296.00,1298.00
49026,0,0,350.00,103.68,2.08,0.00,-144,1.59,-1.19,1297.00,1297.00,1297.00,1297.00
49078,0,0,350.00,103.68,2.03,0.00,-0.37,1.54,-0.75,1297.00,1297.00,1297.00,1297.00
49157,0,0,350.00,103.68,2.01,0.00,-0.44,1.52,0.06,1297.00,1297.00,1297.00,1297.00
49313,0,0,350.00,103.68,2.08,0.00,0.56,1.59,0.31,1298.00,1296.00,1296.00,1298.00
49398,0,0,350.00,103.68,2.11,0.00,0.19,1.61,1.00,1298.00,1296.00,1296.00,1298.00
49421,0,0,350.00,8,2.11,0.00,-0.37,1.62,-0.19,1297.00,1297.00,1297.00,1297.00
49545,0,0,350.00,103.68,2.14,0.00,-0.31,1.65,0.50,1298.00,1296.00,1296.00,1298.00
49633,0,0,350.00,103.68,2.14,0.00,0.88,1.64,-0.19,1297.00,1297.00,1297.00,1297.00
49736,0,0,350.00,103.6,2.08,0.00,-1.06,1.60,-0.69,1279.00,1279.00,1279.00,1279.00
49758,0,0,350.00,103.68,2.08,0.00,0.00,1.59,-1.06,10,1268.00,1268.00,1268.00
49861,0,0,350.00,103.68,1.92,0.00,-0.50,1.43,-1.50,1229.00,1229.00,1229.00,1229.00
49885,0,0,350.00,103.68,1.73,0.00,-1.87,1.29,-2.19,1206.00,1206.00,1206.00,1206.00
49932,0,0,350.00,103.68,1.70,0.00,1.19,1.22,-2.12,1183.00,1183.00,1183.00,1183.00
49977,0,0,350.00,103.68,1.62,0.00,5,1.13,-0.37,1102.00,1102.00,1102.00,1102.00
50005,0,0,350.00,103.68,1.51,0.00,-2.50,1.09,-1.75,1077,1019.00,1019.00,1019.00
50147,0,0,350.00,103.68,1.41,0.00,-0.06,0.93,0.25,1017.00,1017.00,1017.00,1017.00
50170,0,0,350.00,103.68,1.39,0.00,1.25,0.89,0.56,1014.00,1014.00,1014.00,1014
50194,0,0,350.00,103.68,1.43,0.00,1.69,0.91,1.81,1015.00,1013.00,1013.00,1015.00
50348,0,0,350.00,103.68,1.70,0.00,2.37,1.19,2.50,1015.00,1013.00,1013.00,1015.00
50394,0,0,350.00,103.68,1.77,0.00,1.87,1.26,2.56,1015.00,1013.00,1013.00,1015.00
50420,0,0,350.00,103.68,1.81,0.00,1.44,1.30,2.06,1015.00,1013.00,1013.00,1015.00
50589,0,0,350.00,103.68,1.67,0.00,-1.69,1.20,-1.50,1015.00,1015.00,1015.00,1015.00
50634,0,0,350.00,103.68,1.56,0.00,-1.81,1.12,-1.87,1015.00,1015.00,1015.00,10.00
50658,0,0,350.00,103.68,1.49,0.00,-2.12,1.05,-2.25,1015.00,1015.00,1015.00,1015.00
50689,0,0,350.00,.68,1.41,0.00,-2.25,0.97,-2.12,1015.00,1015.00,1015.00,1015.00
50861,0,0,350.00,103.68,1.19,0.00,0.88,0.70,0.25,1015.00,1.00,1015.00,1015.00
50885,0,0,350.00,103.68,1.21,0.00,1.12,0.72,1.06,1015.00,1015.00,1015.00,1015.00
51102,0,0,350.00,103.68,1.58,0.00,2.31,1.06,2.19,1016.00,1014.00,4.00,1016.00
51131,0,0,350.00,103.68,1.63,0.00,1.56,1.11,2.00,1016.00,1014.00,1014.00,1016.00
51250,0,0,350.00,103.68,1.61,0.00,-0.81,1.13,-0.50,100,1015.00,1015.00,1015.00
51325,0,0,350.00,103.68,1.44,0.00,-1.94,1.00,-1.87,1015.00,015.00,1015.00,1015.00
51351,0,0,350.00,103.68,1.37,0.00,-2.06,0.93,-2.00,1015.00,1015.00,1015.00,1015.00
51378,0,0,350.00,103.68,1.30,0.00,-2.06,0.83,-2.19,1015.00,1015.00,1015.00,1015.00
51427,0,0,350.00,108,1.19,0.00,-1.75,0.74,-1.94,1015.00,1015.00,1015.00,1015.00
51565,0,0,350.00,103.68,1.09,0.00,0.56,0,0.56,1015.00,1015.00,1015.00,1015.00
51592,0,0,350.00,103.68,1.12,0.00,1.19,0.62,0.94,1015.00,1015.00,1015.00,0
51633,0,0,350.00,103.68,1.16,0.00,1.62,0.66,1.44,1015.00,1015.00,1015.00,1015.00
52014,0,0,350.00,103.68,1.56,0.00,-1.62,1.10,1.62,1015.00,1015.00,1015.00,1015.00
52071,0,0,350.00,103.68,1.44,0.00,-2.12,0.97,-1.81,1015.00,1015.00,1015.00,1015.00
52149,0,0,350.00,103.68,1.32,0.00,-1.19,0.86,-1.62,1015.00,1015.00,1015.00,1015.00
52388,0,0,350.00,103.68,1.51,0.00,2.37,0.98,2.25,1016.00,1014.00,1014.00,1016.00
52488,0,0,350.00,103.68,1.72,0,2.12,1.23,2.25,1016.00,1014.00,1014.00,1016.00
52526,0,0,350.00,103.68,1.78,0.00,1.31,1.28,1.75,1016.00,1014.00,1014.00,1016.00
52618,0,0,350.00,103.68,1.77,0.00,-0.13,1.29,-0.06,1015.00,1015.00,1015.00,1015.00
52647,0,0,350.00,18,1.75,0.00,-0.56,1.28,-0.31,1015.00,1015.00,1015.00,1015.00
52729,0,0,350.00,103.68,.61,0.00,-1.56,1.16,-1.31,1015.00,1015.00,1015.00,1015.00
52749,0,0,350.00,103.68,1.59,0.00,-1.87,1.12,-1.56,100,1015.00,1015.00,1015.00
52922,0,0,350.00,103.68,1.31,0.00,0.06,0.83,-0.06,1015.00,1015.00,1015.00,1015.00
52945,0,0,350.00,103.68,1.31,0.00,0.75,0.81,0.50,1015.00,1015.00,1015.00,1015.00
53179,0,0,.00,103.68,1.62,0.00,1.87,1.11,2.12,1016.00,1014.00,1014.00,1016.00
53302,0,0,350.00,103.68,1.65,0.00,-0.06,1.18,0.00,1015.00,1015.00,1015.00,1015.00
53337,0,0,350.00,103.68,1.64,0.00,-0.56,1.16,-0.44,1015.00,1015.00,1015.00,1015.00
53538,0,0,350.00,103.68,1.29,0.00,-1.19,0.82,-1.50,1015.00,1015.00,100,1015.00
53574,0,0,350.00,103.68,1.26,0.00,-0.50,0.78,-0.94,1015.00,1015.00,1015.00,1015.00
53623,0,0,350.00,103.68,1.25,0.00,0.13,0.76,-0.56,1015.00,1015.00,1015.00,5.00
53652,0,0,350.00,103.68,1.25,0.00,0.31,0.76,-0.13,1015.00,1015.00,1015.00,1015.00
53677,0,0,350.00,8,1.27,0.00,0.88,0.76,0.75,1015.00,1015.00,1015.00,1015.00
53807,0,0,350.00,103.68,1.47,0.00,2.12,0.94,2.12,1016.00,1014.00,1014.00,1016.00
53849,0,0,350.00,103.68,1.57,0.00,2.06,1.04,2.25,1016.00,1014.00,1014.00,1016.
53874,0,0,350.00,103.68,1.63,0.00,1.75,1.11,1.94,1018.00,1016.00,1016.00,1018.00
54036,0,0,350.00,103.68,1.74,0.00,-0.06,1.25,0.00,1017.00,1017.00,1017.00,1017.00
54081,0,0,350.00,103.68,1.71,0.00,-1.12,1.24,-0.81,1017.00,1017.00,1017.00,1017.0
54106,0,0,350.00,103.68,1.67,0.00,-1.19,1.20,-1.06,1017.00,1017.00,1017.00,1017.00
54232,0,0,350.00,103.68,1.45,0.00,-1.12,0.98,-1.31,100,1017.00,1017.00,1017.00
54326,0,0,350.00,103.68,1.36,0.00,-0.06,0.89,-0.44,1017.00,7.00,1017.00,1017.00
54349,0,0,350.00,103.68,1.35,0.00,0.31,0.87,0.00,1017.00,1017.00,1017.00,1017.00
54566,0,0,350.00,103.68,1.61,0.00,1.81,1.09,2.12,1018.00,1016.00,1016.00,1018.00
54778,0,0,350.00,103.68,1.60,0.00,-0.62,1.13,-0.69,1017.00,1017.00,017.00,1017.00
54800,0,0,350.00,103.68,1.55,0.00,-1.31,1.09,-1.19,1017.00,1017.00,1017.00,1017.00
55057,0,0,350.00,103.68,1.26,0.00,0.81,0.77,0.37,1017.00,1017.00,1017.00,1017.00
55465,0,0,350.00,103.68,1.66,0.00,-0.69,1.18,-0.3,1015.00,1015.00,1015.00,1015.00
55488,0,0,350.00,103.68,1.63,0.00,-1.00,1.16,-0.75,1015.00,1015.00,1015.00,101
55522,0,0,350.00,103.68,1.59,0.00,-1.31,1.13,-1.25,1015.00,1015.00,1015.00,1015.00
55598,0,0,350.00,103.68,1.49,0.00,-1.44,1.02,-1.62,1015.00,1015.00,1015.00,1015.00
55713,0,0,350.00,103.68,1.4,0.00,-0.31,0.94,-0.37,1015.00,1015.00,1015.00,1015.00
55852,0,0,350.00,103.68,1.49,0.00,1.25,0.97,1.94,1016.00,1014.00,1014.00,1016.00
55930,0,0,350.00,103.68,1.61,0,2.37,1.12,2.12,1016.00,1014.00,1014.00,1016.00
55983,0,0,350.00,103.68,1.65,0.00,0.94,1.15,1.75,1016.00,1014.00,1014.00,1016.00
56057,0,0,350.00,103.68,1.66,0.00,-0.13,1.18,0.00,1015.00,1015.00,1015.00,1015.00
56160,0,0,350.00,103.68,1.4,0.00,-1.56,1.07,-1.44,1017.00,1017.00,1017.00,1017.00
56210,0,0,350.00,103.68,1.44,0.00,-1.25,0.99,-1.50,1017.00,1017.00,1017.00,1.00
56296,0,0,350.00,103.68,1.30,0.00,-1.31,0.84,-1.06,1015.00,1015.00,1015.00,1015.00
56334,0,0,350.00,103.68,1.26,0.00,-0.62,0.80,-1.25,1015.00,1015.00,1015.00,1015.00
56521,0,0,350.00,103.68,1.41,0.00,2.12,0.89,2.12,1018.00,1016.00,1016.00,1018.00
56623,0,0,350,103.68,1.58,0.00,1.37,1.08,1.94,1064.00,1062.00,1062.00,1064.00
56753,0,0,350.00,103.68,1.59,0.00,0.06,1.11,0.56,1089.00,1089.00,1089.00,1089.00
56868,0,0,30.00,103.68,1.40,0.00,-1.06,0.93,-1.75,1115.00,1115.00,1115.00,1115.00
57026,0,0,350.00,103.68,1.20,0.00,-0.50,0.71,0.19,1129.00,1129.00,1129.00,1129.00
57230,0,0,350.00,103.68,1.40,0.00,1.75,0.87,1.56,1155.00,1153.00,1153.00,0
57256,0,0,350.00,103.68,1.43,0.00,0.88,0.93,2.25,1156.00,1154.00,1154.00,1156.00
57299,0,0,350.00,103.68,1.47,0.00,1.25,0.98,1.00,1158.00,1158.00,1158.00,1158.00
57323,0,0,350.00,103.68,1.47,0.00,0.56,0.99,0.25,1160.00,1160.00,1160.00,1160.00
57462,0,0,350.00,103.68,1.48,0.00,2.69,0.99,2.12,1173.00,1171.00,1171.00,11
57481,0,0,350.00,103.68,1.45,0.00,-0.13,0.97,-1.81,1175.00,1175.00,1175.00,1175.00
57528,0,0,350.00,103.68,1.46,0.00,0.25,0.98,1.25,1178.00,1176.00,1176.00,1178.00
57552,0,0,350.00,103.68,1.40,0.00,0.37,0.91,-3.00,1177.00,1177.00,1177.00,1177.00
57600,0,0,350.00,103.68,1.29,0.00,-0.37,0.83,-2.25,1.00,1180.00,1180.00,1180.00
57722,0,0,350.00,103.68,1.28,0.00,0.50,0.80,1.81,1185.00,1183.00,1183.00,1185.00
57799,0,0,350.00,103.68,1.37,0.00,2.00,0.86,1.12,1188.00,1188.00,1188.00,1188.00
57966,0,0,350.00,103.68,1.57,0.00,1.62,1.06,0.62,1198.00,1198.00,1198.00,1198.00
58012,0,0,350.00,103.68,1.54,0.00,-1.12,1.06,-0.13,1199.00,1199.00,1199.00,1199.00
58065,0,0,350.00,103.68,1.48,0.00,-1.25,1.03,-9,1204.00,1204.00,1204.00,1204.00
58255,0,0,350.00,103.68,1.26,0.00,0.94,0.76,-1.81,1212.00,1212.00,1212.00,1212.00
58460,0,0,350.00,103.68,1.33,0.00,0.50,0.85,4.75,1245.00,1240,1243.00,1243.00
58482,0,0,350.00,103.68,1.30,0.00,0.06,0.84,3.44,1244.00,1242.00,1242.00,1244.00
58615,0,0,350.00,103.68,1.46,0.00,1.25,0.95,2.87,0,1259.00,1259.00,1261.00
58692,0,0,350.00,103.68,1.47,0.00,-1.00,0.99,-1.62,1262.00,1262.,1262.00,1262.00
58715,0,0,350.00,103.68,1.44,0.00,1.00,0.95,-0.50,1263.00,1263.00,1263.00,1263.00
58921,0,0,350.00,103.68,1.17,0.00,-0.94,0.70,-1,1271.00,1271.00,1271.00,1271.00
58945,0,0,350.00,103.68,1.16,0.00,-0.50,0.69,0.50,1271.00,1271.00,1271.00,1271
58980,0,0,350.00,103.68,1.14,0.00,-0.62,0.67,-0.37,1276.00,1276.00,1276.00,1276.00
59169,0,0,350.00,103.68,1.28,0.00,-1.25,0.81,-1.00,1283.00,1283.00,1283.00,.00
59202,0,0,350.00,103.68,1.30,0.00,0.69,0.79,-0.25,1286.00,1286.00,1286.00,1286.00
59288,0,0,350.00,103.68,1.29,0.00,0.50,0.80,-0.56,1287.00,1287.00,1287.00,1287.00
59383,0,0,350.00,103.68,1.24,0.00,.88,0.75,-0.94,1292.00,1292.00,1292.00,1292.00
59439,0,0,350.00,103.68,1.24,0.00,0.56,0.75,-0.37,1295.00,1295.00,1295.00,1295.00
59522,0,0,350.00,103.68,1.25,0.00,0.50,0.76,-0.06,1299.00,1299.00,1299.00,1299.00
59636,0,0,350.00,103.68,1.39,0.00,1.62,0.86,1.62,1306.00,1304.00,1,1308.00
59658,0,0,350.00,103.68,1.43,0.00,1.50,0.91,1.31,1308.00,1306.00,1306.00,1308.00
59758,0,0,350.00,103.68,1.47,0.00,0.94,0.98,0.19,1309.00,1309.00,1309.00,1309.00
59850,0,0,350.00,103.68,1.45,0.00,-0.,0.96,-0.62,1314.00,1314.00,1314.00,1314.00
59872,0,0,350.00,103.68,1.43,0.00,-0.25,0.94,-1.19,1314.00,1314.00,4.00,1314.00
59905,0,0,350.00,103.68,1.40,0.00,-0.19,0.91,-1.06,1314.00,1314.00,1314.00,1314.00
59970,0,0,350.00,103.68,1.39,0.00,-0.19,0.90,-0.69,1315.00,1315.00,1315.00,1315.00
59989,0,0,30,103.68,1.35,0.00,0.00,0.87,-0.44,1315.00,1315.00,1315.00,1315.00
60133,0,0,350.00,103.68,1.36,0.00,-0.44,0.87,0.50,1315.00,1315.00,1315.00,13150
60224,0,0,350.00,103.68,1.36,0.00,0.94,0.86,1.12,1317.00,1317.00,1317.00,1317.00
60431,0,0,350.00,103.68,1.59,0.00,-0.19,1.10,0.13,1319.00,1319.00,1319.00,1319.00
60455,0,0,00,103.68,1.57,0.00,-1.31,1.10,-0.94,1319.00,1319.00,1319.00,1319.00
60666,0,0,350.00,103.68,1.59,0.00,2.00,1.07,1.31,1321.00,1319.00,1319.00,1321.00
60699,0,0,350.00,103.68,1.61,0.00,1.00,1.11,0.88,1320.00,1320.00,1320.00,1320.00
60900,0,0,350.00,103.68,1.75,0.00,-1.25,1.27,-1.12,1322.00,1322.00,1322.00,1322.00
61125,0,0,350.00,103.68,1.60,0.00,-0.50,1.10,-0.25,1326.00,1326.00,1326.00,100
61163,0,0,350.00,103.68,1.58,0.00,-0.44,1.09,-0.25,1326.00,1326.00,1326.00,1326.00
61398,0,0,350.00,103.68,1.61,0.00,0.75,1.12,0.44,1328.00,1328.00,1328.00,1328.00
61443,0,0,350.00,103.68,1.59,0.00,-0.69,1.11,-0.06,1331.00,1331.00,1331.00,1331.00
61467,0,0,350.00,103.68,1.57,0.00,-0.44,1.09,-0.13,1331.00,1331.00,1331.00,1331.00
61631,0,0,350.00,103.68,1.53,0.00,0.00,1.04,1.31,1335.00,1333.00,1333.00,1335.00
61672,0,0,350.00,103.68,1.57,0.00,2.31,1.06,1.50,1337.00,1335.00,1335.00,1337.
61698,0,0,350.00,103.68,1.60,0.00,0.69,1.10,1.31,1337.00,1335.00,1335.00,1337.00
61866,0,0,350.00,103.68,1.80,0.00,1.94,1.30,1.94,1337.00,1335.00,1335.00,1337.00
61912,0,0,350.00,103.68,1.83,0.00,-0.56,1.34,0.19,1336.00,1336.00,1336.00,1336.00
62053,0,0,350.00,103.68,1.69,0.00,-3.06,1.23,-2.06,1336.00,.00,1336.00,1336.00
62138,0,0,350.00,103.68,1.49,0.00,-1.75,1.03,-2.56,1336.00,1336.0,1336.00,1336.00
62162,0,0,350.00,103.68,1.45,0.00,-0.94,0.97,-1.62,1336.00,1336.00,1336.00,1336.00
62245,0,0,350.00,103.68,1,0.00,0.00,0.91,-0.56,1336.00,1336.00,1336.00,1336.00
62375,0,0,350.00,103.68,1.56,0.00,3.56,1.05,2.06,1337.00,1.00,1334.00,1338.00
62399,0,0,350.00,103.68,1.65,0.00,1.87,1.14,3.31,1337.00,1335.00,1335.00,1337.00
62513,0,0,350.00,103.68,1.79,0.00,0.44,1.30,1.25,0,1336.00,1336.00,1336.00
62602,0,0,350.00,103.68,1.72,0.00,-1.94,1.26,-0.62,1336.00,1336.0,1336.00,1336.00
62630,0,0,350.00,103.68,1.66,0.00,-2.12,1.21,-2.12,1336.00,1336.00,1336.00,1336.00
62700,0,0,350.00,103.68,7,0.00,-2.81,1.03,-2.81,1336.00,1336.00,1336.00,1336.00
62828,0,0,350.00,103.68,1.23,0.00,-0.37,0.4,-0.37,1336.00,1336.00,1336.00,1336.00
62886,0,0,350.00,103.68,1.23,0.00,-0.25,0.74,-0.25,1336.00,1336.00,1336.00,1336.00
62965,0,0,350.00,103.68,1.41,0.00,4.06,0.89,2.87,1337.00,1335.00,1335.00,1337.00
63057,0,0,350.00,103.68,1.72,0.00,2.19,3,2.19,1337.00,1335.00,1335.00,1337.00
63118,0,0,350.00,103.68,1.88,0.00,1.69,1.37,2.81,1337.00,1335.00,1335.00,1337.00
63329,0,0,350.00,103.68,1.70,0.00,-2.19,1.24,-2.31,1336.00,1336,1336.00,1336.00
63433,0,0,350.00,103.68,1.47,0.00,-1.56,1.00,-1.81,1336.00,1336.00,1336.00,1336.00
63550,0,0,3.00,103.68,1.40,0.00,0.94,0.91,0.31,1336.00,1336.00,1336.00,1336.00
63671,0,0,350.00,103.68,1.68,0.00,3.50,1.16,2.62,1337.00,1335.00,1335.00,1337.00
63765,0,0,350.00,.68,2.01,0.00,1.25,1.49,2.06,1337.00,1335.00,1335.00,1337.00
63783,0,0,350.00,103.68,2.02,0.00,1.31,1.52,1.25,1,1335.00,1335.00,1337.00
63805,0,0,350.00,103.68,2.04,0.00,0.75,1.54,1.50,1337.00,1335.00,1335.00,13
63888,0,0,350.00,103.68,2.09,0.00,0.06,1.60,0.00,1336.00,1336.00,1336.00,1336.00
64008,0,0,350.0,103.68,1.94,0.00,-1.06,1.49,-1.19,1336.00,1336.00,1336.00,1336.00
64116,0,0,350.00,103.68,1.84,0.00,-1.44,1.36,-0.69,1336.00,1336.00,1336.00,133
64155,0,0,350.00,103.68,1.82,0.00,0.25,1.33,-1.06,1336.00,1336.00,1336.00,1336.00
64205,0,0,350.00,103.68,1.82,0.00,-0.50,1.34,-0.31,1336.00,1336.00,1336.00,1336.00
64234,0,0,350.00,103.68,1.83,0.00,0.13,1.33,0.19,1336.00,1336.00,1336.00,1336.00
64371,0,0,350.00,103.68,1.91,0.00,1.87,1.41,2.00,1337.00,1335.00,1335.00,0
64400,0,0,350.00,103.68,1.97,0.00,1.37,1.47,2.00,1337.00,1335.00,1335.00,1337.00
64434,0,0,350.00,103.68,1.99,0.00,0.31,1.50,0.25,1336.00,1336.00,1336.00,1336.00
64456,0,0,350.00,103.68,2.03,0.00,1.69,1.51,1.12,1337.00,1335.00,1335.00,1337.00
64660,0,0,350.00,103.68,2.15,0.00,0.69,1.64,1.44,1373.00,1371.00,1371.00,1373.00
65193,0,0,350.00,103.68,2.41,0.00,0.44,1.92,0.88,1398.00,1396.00,0,1408.00
65406,0,0,350.00,103.68,2.27,0.00,-,1.78,-2.50,1410.00,1410.00,1410.00,1410.00
65501,0,0,350.00,103.68,2.10,0.00,-1.00,1.64,-2.19,1410.00,1410.00,.00,1410.00
65545,0,0,350.00,103.68,2.08,0.00,-0.69,1.60,-0.62,1410.00,1410.00,1410.00,1410.00
65619,0,0,350.00,103.68,2.04,0.00,-1.19,1.57,-1.19,1410.00,1410.00,1410.00,1410.00
65818,0,0,350.00,103.68,2.16,0.00,-1.00,1.69,-1.00,1397.00,1397.00,1390,1397.00
65844,0,0,350.00,103.68,2.18,0.00,0.75,1.67,0.25,1398.00,1396.00,1396.00,1398.00
66054,0,0,350.00,103.68,2.06,0.00,-0.81,1.59,-0.81,1395.00,1390,1395.00,1395.00
66077,0,0,350.00,103.68,2.08,0.00,1.25,1.57,0.25,1395.00,1395.00,1395.00,1395.00
66276,0,0,350.00,103.68,2.21,0.00,0.62,1.70,1.56,1396.00,13.00,1394.00,1396.00
66300,0,0,350.00,103.68,2.21,0.00,-0.88,1.72,-0.19,1395.00,1395.00,1395.00,1395.00
66328,0,0,350.00,103.68,2.18,0.00,-0.69,1.70,-1.19,1395.00,1395.00,1395.00,1395.00
66522,0,0,350.00,103.68,2.33,0.00,2.00,1.79,1.06,1396.00,1300,1394.00,1396.00
66548,0,0,350.00,103.68,2.39,0.00,2.25,1.86,2.50,1397.00,1393.00,1393.00,1397.00
66752,1,1,9.82,0.15,2.79,181.54,9.44,-9.67,-177.42,1314.00,147687.00,1487.00,1303.00
66778,1,1,16.34,0.44,3.73,232.00,27.12,-15.91,-212.06,1293.00,1497.00,1497.00,1293.00
66894,1,1,52.18,5.98,14.37,391.64,155.19,-46.20,-255.95,1240.00,1550.00,1550.00,1240.00
66918,1,1,65.71,9.16,19.39,429.40,181.19,-56.56,-266.90,1223.00,1567.00,1567.00,1223.00
66999,1,2,104.57,20.14,37.05,503.29,248.19,-84.44,-259.48,1193.00,1597.00,1597.00,1193.00
67036,1,2,121.86,25.23,47.11,523.82,260.37,-96.63,-262.63,1178.00,1612.00,1612.00,1178.00
67121,1,2,167.70,38.43,67.55,549.30,264.75,-129.27,-280.61,1132.00,1658.668.00,1668.00,1122.00
67352,1,3,288.75,79.112.99,144.70,398.14,420.44,-212.69,-9.71,1141.00,1649.00,1649.00,1141.00
67449,1,3,324.73,107.43,-174.56,284.60,627.56,-217.29,280.27,1250.00,1540.00,1540.00,1250.00
67488,1,3,333.69,120.71,-154.25,231.79,738.75,-212.98,468.21,1329.00,1461.00,1461.00,1329.00
67696,1,0,350.00,197.28,42.82,0.00,830.62,25.73,830.62,1746.00,1044.00,1044.00,1746.00
67807,1,0,350.00,197.28,85.32,0.00,-39.81,85.21,67..81,1426.00,1364.00,1364.00,1426.00
68042,1,0,350.00,197.28,-16.54,0.00,-294.164.69,-17.03,-294.19,1270.00,1520.00,1520.00,1270.00
68175,1,0,350.00,197.28,-21.96.91,0.00,281.75,-22.42,201.44,1461.00,1329.00,1329.00,1461.00
68357,1,0,350.00,197.28,18.47,0.00,7.00,17.91,38.94,1420.00,1370.00,1370.00,1420.00
68393,1,0,350.00,197.28,18.16,0.00,-23.12,167,-23.12,1395.00,1395.00,1395.00,1395.00
68519,1,0,350.00,197.28,3.81,0.00,-196.62,5.21,-196.62,1320.00,1470.00,1470.00,1320.00
68588,1,0,350.00,197.28,-5.63.86,0.00,1.00,-6.12,-49.81,1372.00,1418.00,1418.00,1372.00
68614,1,0,350.00,197.28,-5.37,0.00,19.56,-6.35,1.00,99.00,1391.00,1391.00,1399.00
68729,1,0,350.00,197.28,-0.56,0.00,63.50,-2.34,55.50,1415.00,1375.00,13.00,1419.00
68758,1,0,350.00,197.28,1.69,0.00,82.44,-0.34,73.44,1423.00,1367.00,1367.00,1423.00
68809,1,0,350.00,197.28,5.36,0.00,94.94,3.95,98.37,1436.00,1354.00,1354.,1435.00
68836,1,0,350.00,197.28,8.03,0.00,63.06,6.41,73.50,1427.00,1363.00,1363.00,1427.00
68862,1,0,35,197.28,8.73,0.00,5.25,7.94,41.38,1415.00,1375.00,1375.00,1415.00
68918,1,0,350.00,197.28,8.57,0.00,50.06,7.29,-46.00,1381.00,1409.00,1409.00,1381.00
68982,1,0,350.00,197.28,4.67,0.00,-585,4.18,-58.31,1375.00,1415.00,1415.00,1375.00
69058,1,0,350.00,197.28,2.22,0.00,-17.75,1.73,-20.69,1388.00,1402.00,1402.00,1388.00
69181,1,0,350.00,197.28,-0.61,0.00,8.81,-1.43,-3.06,1393.00,1397.00,1397,1397.00
69218,1,0,350.00,197.28,0.72,0.00,48.44,-0.70,40.75,1410.00,1380.00,1380.00,1410.00
69264,1,0,350.00,197.28,2.45,0.00,47.13,1.51,44.06,1413.00,1377.00,1377.00,414.00
69289,1,0,350.00,197.28,3.38,0.00,18.37,2.71,33.69,1409.00,1381.00,1381.00,1409.00
69422,1,0,350.00,197.28,3.83,0.00,18.62,2.96,12.94,.00,1386.00,1386.00,1404.00
69503,1,0,350.00,197.28,4.20,0.00,-5.06,3.76,6.31,1399.00,1391.00,1395.00,1395.00
69529,1,0,350.00,197.28,2.93,0.00,-39.06,3.19,-33.63,1384.00,1406.00,1406.00,1384.00
69558,1,0,350.00,197.28,2.07,0.00,-28.62,2.14,-31.44,1384.00,1406.00,1406.00,1384.00
69632,1,0,350.00,197.28,1.06,0.00,6.19,0.43,0.94,1395.00,1395.00,1395.00,1395.00
69781,1,0,350.00,197.28,1.77,0.00,-5.62,1.39,-10.56,1392.00,130,1396.00,1394.00
69864,1,0,350.00,197.28,2.80,0.00,21.06,1.91,20.06,1403.00,1387.00,1387.00,1403.00
69986,1,00,350.00,197.28,2.69,0.00,-15.25,2.50,-17.31,1388.00,1398.00,1398.00,1388.00
70012,1,0,350.00,197.28,2.54,0.00,3.88,2.05,-15.63,1378.00,1388.00,1388.00,1378.00
70148,1,0,350.00,197.28,2.92,0.00,6.31,2.37,12.06,1323.00,1311.00,1311.00,1323.00
70191,1,0,350.00,197.28,2.39,0.00,-15.94,2.21,-14.31,1220.00,1228.00,12288.00,1188.00
70215,1,0,350.00,197.28,2.04,0.00,-11.00,1.66,-12.88,1132.00,1140.00,1140.00,1132.00
70418,1,0,350.00,197.28,2.58,0.00,-7.81,2.17,-7.4,1014.00,1016.00,1016.00,1014.00
70445,1,0,350.00,197.28,2.35,0.00,-7.06,1.93,-8.44,1013.00,1017.00,1017.00,101
70473,1,0,350.00,197.28,2.24,0.00,-2.12,1.77,-3.50,1014.00,1014.00,1014.00,1014.00
70657,1,0,350.00,197.28,3.24,0.00,.69,2.75,-7.19,1013.00,1015.00,1015.00,1013.00
70787,0,0,350.00,197.28,2.75,0.00,5.19,2.21,5.25,1017.00,1011.00,1011.00,1017.00
70886,0,0,350.00,197.28,2.5,0.00,-9.00,2.35,-5.87,1013.00,1015.00,1015.00,1013.00
70910,0,0,350.00,197.28,2.54,0.00,-9.75,2.26,-9.00,1012,1016.00,1016.00,1012.00
71046,0,0,350.00,197.28,2.07,0.00,5.69,1.45,2.19,1015.00,1013.00,1013.00,1015.00
71068,0,0,350.00,197.28,2.21,0.00,6.69,1.65,7.44,1017.00,1011.00,1011.00,1017.00
71248,0,0,350.00,197.28,2.65,0.00,-0.62,2.17,0.00,1015.00,1013.00,1013.00,1015.00
71371,0,0,350.00,197.28,3.26,0.00,-0.13,2.78,2.87,5.00,1013.00,1013.00,1015.00
71566,0,0,350.00,197.28,2.50,0.00,-1.81,2.03,-0.31,1015.00,1013.00,1013.00,1015.00
71591,0,0,350.00,197.28,2.46,0.00,2.06,2.00,-0.19,1015.00,1013.00,1013.00,1015.00
71732,0,0,350.00,197.28,2.33,0.00,-3.87,1.91,-4.62,1014.00,1014.00,100,1014.00
71755,0,0,350.00,197.28,2.27,0.00,-2.62,1.82,-2.06,1014.00,1014.00,1014.00,1014.00
71796,0,0,350.00,197.28,2.19,0.00,2.06,1.68,0.37,1015.00,1013.00,1013.00,1010
71820,0,0,350.00,197.28,2.25,0.00,3.44,1.74,3.12,1016.00,1012.00,1012.00,1016.00
71981,0,0,350.00,197.28,2.79,0.00,1.06,2.30,1.44,1016.00,1014.00,1014.00,1016.00
72054,0,0,350.00,197.28,2.65,0.00,-0.50,2.18,-0.69,1015.00,1015.00,1015.00,1015.00
72216,0,0,350.00,197.28,2.41,0.00,-1.69,1.98,-0.88,1014.00,1014.00,1014.00,1014.00
72265,0,0,350.00,197.28,2.26,0.00,-4.81,1.82,-3.75,1014.00,1014.00,1014.0,1014.00
72294,0,0,350.00,197.28,2.08,0.00,-5.31,1.65,-5.19,1014.00,1016.00,1016.00,1014.00
72323,0,0,30,197.28,1.90,0.00,-4.81,1.47,-4.75,1014.00,1016.00,1016.00,1014.00
72493,0,0,350.00,197.28,1.78,0.00,2.87,1.26,2.56,1015.00,1000,1013.00,1015.00
72520,0,0,350.00,197.28,1.83,0.00,1.12,1.33,1.94,1015.00,1013.00,1013.00,1015.00
72669,0,0,350.00,197.28,1.98,0.00,3.31,1.45,3.56,10,1065.00,1065.00,1069.00
72742,0,0,350.00,197.28,2.18,0.00,2.87,1.68,3.69,1104.00,1100.00,1100,1104.00
72766,0,0,350.00,197.28,2.22,0.00,1.81,1.73,2.69,1115.00,1111.00,1111.00,1115.00
72956,0,0,350.00,197.28,1.83,0.00,-0.19,1.35,-1.81,1.00,1218.00,1218.00,1218.00
73667,0,0,350.00,197.28,2.54,0.00,0.81,2.04,0.31,1345.00,1343.00,1343.00,1345.00
73701,0,0,350.00,197.28,2.54,0.00,-0.37,2.05,-0.25,1357.00,1355.00,1355.00,1357.00
73789,0,0,350.00,197.28,2.48,0.00,4,1.99,-1.44,1361.00,1361.00,1361.00,1361.00
73887,0,0,350.00,197.28,2.36,0.00,-2.31,87,-2.31,1374.00,1374.00,1374.00,1374.00
73908,0,0,350.00,197.28,2.33,0.00,-0.75,1.85,-1.00,1383.00,1383.00,1380,1384.00
73930,0,0,350.00,197.28,2.31,0.00,0.19,1.82,-0.19,1385.00,1385.00,1385.00,1385.00
74005,0,0,350.00,197.28,2.48,0.00,3.12,1.96,2.81,1399.00,1395.00,1395.00,1399.00
74112,0,0,350.00,197.28,2.52,0.00,-03,2.03,-0.62,1403.00,1403.00,1403.00,1403.00
74135,0,0,350.00,197.28,2.54,0.00,1.06,2.03,0.13,1415.00,1413.00,1,1415.00
74156,0,0,350.00,197.28,2.57,0.00,0.94,2.08,1.31,1416.00,1414.00,1414.00,1416.00
74233,0,0,350.00,197.28,2.64,0.00,0.81,2.14,1.00,1427.00,1425.00,1425.00,1427.00
74356,0,0,350.00,197.28,2.60,0.00,-0.94,2.12,-0.62,1452.00,1452.00,100,1454.00
74397,0,0,350.00,197.28,2.60,0.00,-0.31,2.11,-0.50,1454.00,1454.00,1454.00,1454.00
74443,0,0,350.00,197.28,2.67,0.00,2.69,2.13,1.44,1465.00,1463.00,1463.00,1465.00
74473,0,0,350.00,197.28,2.78,0.00,3.94,2.21,3.25,1467.00,1463.00,1463.00,1467.00
74622,0,0,350.00,197.28,3.10,0.00,4.69,2.56,2.56,1493.00,1489.00,1489.00,1493.00
74697,0,0,350.00,197.28,3.35,0.00,0.69,2.84,2.25,1514.00,1510.00,1510.00,1514.00
74801,0,0,350.00,197.28,2.99,0.00,3.31,2.50,-4.06,1513.00,1513.00,1513.00,1513.00
74933,0,0,350.00,197.28,2.61,0.00,-4.75,2.21,-4.56,1517.00,1517.00,1517.00,1517.00
75169,0,0,350.00,197.28,2.77,0.00,1.00,2.27,-0.19,1521.00,1519.00,1519.00,1521.00
75289,0,0,350.00,197.28,3.18,0.00,1.31,2.67,3.81,0,1538.00,1538.00,1542.00
75389,0,0,350.00,197.28,3.37,0.00,2.37,2.82,3.25,1545.00,1541.00,1541.00,1545.00
75488,0,0,350.00,197.2,3.40,0.00,-1.56,2.94,-0.88,1550.00,1548.00,1548.00,1550.00
75511,0,0,350.00,197.28,3.39,0.00,-0.94,2.91,-1.56,.00,1548.00,1548.00,1550.00
75624,0,0,350.00,197.28,3.43,0.00,-1.31,2.95,0.88,1553.00,1549.00,1549.00,1553.00
75851,0,0,350.00,197.28,3.85,0.00,2.81,3.31,2.06,1555.00,1551.00,1551.00,1555.00
75979,0,0,350.00,197.28,3.87,0.00,-0.88,3.40,8,1555.00,1553.00,1553.00,1555.00
76083,0,0,350.00,197.28,3.93,0.00,0.00,3.43,1.81,1556.00,1552.00,1552.00,1556.00
76123,0,0,350.00,197.28,3.85,0.00,-3.19,3.42,-2.25,1555.00,1553.00,1553.00,1555.00
76169,0,0,350.00,197.28,3.79,0.00,-0.31,3.30,-1.37,1555.00,1553.00,1553.00,1555.00
76349,0,0,350.00,197.28,4.00,0.00,0.62,3.49,0.44,1556.00,1552.00,1552.00,1556.00
76396,0,0,350.00,197.28,4.10,0.00,4.00,3.57,2.44,1556.00,1552.00,1552.00,1556.00
76466,1,1,1.75,0.12,4.25,77.58,-0.75,-1.63,-76.33,1522.00,1586.00,611.00,1497.00
76544,1,1,12.99,0.29,4.96,207.86,29.12,-12.70,-192.80,1463.00,1645.00,1645.0,1455.00
76582,1,1,20.51,0.96,6.39,258.26,60.50,-19.55,-220.19,1444.00,1664.00,1664.00,1444.00
76628,1,1,34.67,3.24,10.94,328.49,104.75,-31.44,-234.37,1425.00,1681693.00,1693.00,1415.00
76657,1,1,46.22,5.60,15.23,372.27,165.19,-40.63,-240.96,1411.00,1697.00,1697.00,1411.0000
76687,1,1,59.15,9.06,20.98,412.06,213.94,-50.09,-230.69,1404.00,1704.00,1704.00,1404.00
76772,1,2,96.98,21.86,41.76,492.12,299.87,-75.12,-198.30,1388.00,1720.00,1720.00.00,1379.00
76898,1,2,158.95,43.90,78.57,547.46,324.81,-115.05,-225.40,1330.023.00,1785.00,1785.00,1323.00
77115,1,3,274.41,95.00,165.44,452.47,596.69,-179.41,87.90,1377.00,1731.00,1731.00,1377.00
77359,1,3,346.20,229.85,32.77,113.90,918.56,-116108.85,833.52,1754.00,1354.00,1354.00,1754.00
77494,1,0,350.00,252.87,86.99,0.00,55.19,86.50,55.19,1624.00,1484.00,1484.00,1624.00
77582,1,0,350.00,252.8752.87,56.81,0.00,-559.81,66.40,-411.19,1429.00,1679.00,1679.00,1429.00
77611,1,0,350.00,252.87,50.76,0.00,-627.7.69,50.27,-627.19,1335.00,1773.00,1773.00,1335.00
77727,1,0,350.00,252.87,-9.51,0.000.00,-227.56,-10.00,-290.69,1434.00,1674.00,1674.00,1434.00
77804,1,0,350.00,252.87,-20.30,0.00,41.56,-21.12,-56.69,1520.00,1588.00,1588.00,1520.00
77843,1,0,350.00,2552.87,-16.82,0.00,148.69,-18.74,124.94,1592.00,1516.00,1516.00,1592.00
77928,1,0,350.00,252.87,3.92,0.00,263.19,-1.46,279.06,1663.00,1445.00,1445.00,1663.00
77950,1,0,350.00,2.87,9.46,0.00,164.62,5.51,213.94,1641.00,1467.00,1467.00,1641.00
78026,1,0,3500.00,252.87,9.77,0.00,-77.44,10.82,-66.06,1534.00,1574.00,1574.00,1534.00
78051,1,0,350.00,252.87,8.94,0.00,-8681,8.45,-86.75,1525.00,1583.00,1583.00,1525.00
78115,1,0,350.00,252.87,5.86,0.00,-121.87,6.56,-103.8140.06,1501.00,1607.00,1607.00,1501.00
78168,1,0,350.00,252.87,-5.18,0.00,-138.6975,-5.67,-138.69,1497.00,1611.00,1611.00,1497.00
78262,1,0,350.0050.00,252.87,-13.27,0.00,-21.37,-13.59,-42.00,1530.00,1578.00,1578.00,1530.00
78286,1,0,350.00,252.87,-12.98,0..00,77.56,-13.47,28.81,1557.00,1551.00,1551.00,1557.00
78476,1,0,350.00,252.87,3.74,0.00,43.94,25,43.94,1573.00,1535.00,1535.00,1573.00
78532,1,0,350.00,252.87,4.09,0.00,-2.50,3.61,2.44,1556.00,1552.00,1552.00,1556.00
78610,1,0,350.00,252.87,-0.49,0.00,-102.81,1.04,-88.62,1520.00,1588.00,1588.00,1520.00
78650,1,0,350.00,252.87,-3.51,0.00,-102.56,-2.02,-108.75,1510.00,1598.00,1598.00,1510.00
78725,1,0,350.00,252.87,-7.66,0.00,-4.50,-7.90,-31.19,1538.00,1570.00,1570.00,1538.00
78946,1,0,350.00,252.87,--0.90,0.00,40.06,-2.21,48.69,1570.00,1536.00,1536.00,1570.00
78968,1,0,350.00,252.87,-0.32,0.00,25.31,-1.39,40.,1562.00,1544.00,1544.00,1562.00
79000,1,0,350.00,252.87,-0.20,0.00,-9.69,-0.65,16.37,1559.00,1547.061.00,1561.00,1543.00
79077,1,0,350.00,252.87,-4.02,0.00,-50.31,-3.51,-58.44,1526.00,1571.00,1571.00,1527.00
79165,1,0,350.00,252.87,-6.13,0.00,-5.44,-6.47,-5.44,1542.00,1552.00,1552.00,1542.00
79191,1,0,350.00,252.87,-6.33,0.00,-9.00,-6.74,-5.56,1541.00,1551.00,155.00,1538.00
79358,1,0,350.00,252.87,-5.86,0.00,38.56,-7.06,29.94,1539.00,1525.00,1525.00,1539.00
79400,1,0,350.00,252.87,-4.31,0.00,37.38,-5.16,40.38,1533.00,1507.00,1507.00,1532.00
79429,1,0,350.00,252.87,-3.57,0.00,15.19,-4.27,23.94,1527.00,1513.00,1513.00,1527.00
79454,1,0,350.0,252.87,-3.77,0.00,-12.13,-4.07,-1.00,1508.00,1512.00,1512.00,1508.00
79654,1,0,350.00,252.87,-5.79,0.00,-27.62,-5.78,-27.62,1254.00,1282.00,1282.00,1254.00
79769,1,0,350.00,252.87,-6.10,0.00,12.19,-6.86,13.19,10230,1021.00,1021.00,1023.00
79867,1,0,350.00,252.87,-5.50,0.00,-4.75,-5.92,2.62,10010.00,1020.00,1020.00,1010.00
79890,1,0,350.00,252.87,-5.56,0.00,-0.50,-6.03,-4.06,1010.00,1018.00,1018.00,1010
79918,1,0,350.00,252.87,-5.46,0.00,5.25,-6.04,1.50,1012.00,1016.00,1016.00,1012.00
79994,1,0,350.00,252.87,-4.09,0.00,20.87,-4.99,21.00,1019.00,1009.00,1009.00,1019.00
80017,1,0,3500,252.87,-3.62,0.00,12.25,-4.23,19.69,1019.00,1009.00,1009.00,1019.00
80097,1,0,3350.00,252.87,-3.92,0.00,-8.19,-4.25,-6.56,1010.00,1018.00,1018.00,1010.00
80121,1,0,350.00,252.87,-4.03,0.00,-44,-4.52,-7.44,1009.00,1019.00,1019.00,1009.00
80148,1,0,350.00,252.87,-4.01,0.00,2.50,-4.53,-1.44,1.00,1015.00,1015.00,1013.00
80232,1,0,350.00,252.87,-3.88,0.00,-1.12,-4.30,2.56,1013.00,1015.00,1016.00,1012.00
80325,1,0,350.00,252.87,-5.21,0.00,-20.12,-5.33,-20.25.12,1003.00,1025.00,1025.00,1003.00
80350,1,0,350.00,252.87,-5.51,0.00,-6.25,-5.85,-15.38,1005.00,1023.00,1023.,1009.00
80380,0,0,350.00,252.87,-5.57,0.00,-0.06,-6.04,-4.62,1009.00,1019.00,1019.00,1009.00
80450,0,0,350.00,252.87,-5.58,0.00,-6.50,-5.96,-3.12,1010.00,1018.00,1018.00,1010.00
80489,0,0,350.00,252.87,-5.80,0.00,-8.06,-6.21,-7.00,1008.00,1020.00,1020.00,1008.00
80538,0,0,350.00,252.87,-5.87,0.00,5.19,-6.43,-2.06,1010.00,1018.00,1018.00,1010.00
80558,0,0,350.00,252.87,-5.58,0.00,11.94,-6.29,8.37,1014.00,1014.00,1014.00,1014.00
80646,0,0,350.00,252.87,-4.77,0.00,16.87,-5.62,14.50,1016.00,1012.00,1012.00,1016.00
80689,0,0,350.00,252.87,-4.29,0.00,2.56,-4.80,3.56,100,1015.00,1015.00,1013.00
80779,0,0,350.00,252.87,-3.82,0.00,9.63,-4.41,10.06,1015.0,1013.00,1013.00,1015.00
80914,0,0,350.00,252.87,-3.80,0.00,-11.56,-4.07,-9.63,1008.00,1020.00,1020.00,1008.00
80939,0,0,350.0,252.87,-4.01,0.00,-4.69,-4.38,-9.44,1008.00,1020.00,1020.00,1008.00
81025,0,00,350.00,252.87,-4.29,0.00,-4.12,-4.73,-1.25,1011.00,1017.00,1017.00,1011.00
81177,0,0,350.00,252.87,-5.51,0.00,-1.87,-500,-1.87,1010.00,1018.00,1018.00,1010.00
81246,0,0,350.00,252.87,-5.32,0.00,4.31,-5.81,4.31,1013.00,1015.00,1015.00,1013.00
81271,0,0,350.00,252.87,-5.34,0.00,-1.44,-5.82,-1.50,1011.00,1017.00,1010,1011.00
81296,0,0,350.00,252.87,-5.28,0.00,2.62,-5.81,2.31,1012.00,1016.00,1016.00,1012.00
81373,0,0,350.00,252.87,-4.52,0.00,11.50,-5.23,13.13,1016.00,1012.00,1012.00,1016.00
81458,0,0,350.00,252.87,-3.80,0.00,3.19,-4.33,5.62,1014.00,1014.00,1014.00,1014.00
81483,0,0,350.00,252.87,-3.59,0.00,6.62,-4.20,5.50,1014.00,1014.00,1014.00,1014.00
81530,0,0,350.00,252.87,-3.44,0.00,4.75,-3.97,1.50,101,1013.00,1013.00,1015.00
81647,0,0,350.00,252.87,-3.18,0.00,-7.63,-3.59,0.62,1013.00,1015.00,1015.00,1013.00
81693,0,0,350.00,252.87,-3.53,0.00,-7.44,-3.90,-6.81,1010.00,1018.000,1019.00,1009.00
81719,0,0,350.00,252.87,-3.74,0.00,-8.25,-4.06,-10.06,1008.00,1020.00,1020.00,1008.00
81747,0,0,350.00,252.87,-3.87,0.00,-3.62,-4.33,-5.37,1010.00,1018.00,1018.00,1010.00
81804,0,0,350.000,252.87,-3.98,0.00,-6.00,-4.56,-7.63,1010.00,1020.00,1020.00,1010.00
81833,0,0,350.00,252.87,-4.24,0.00,-12.38,-4.61,-6.00,1010.00,1018.00,1018.00,1010.00
81943,0,0,350.00,252.87,-4.58,0.00,2.19,-5.09,2.31,1013.00,1015.00,1015.00,1013.00
82063,0,0,350.00,252.87,-3.65,0.00,7.25,-4.28,5.62,1031.00,1031.00,103,1044.00
82110,0,0,350.00,252.87,-3.29,0.00,9.75,-4.02,7.44,1068.00,1068.00,1068.00,1068.00
82157,0,0,350.00,252.87,-2.74,0.00,10.69,-3.34,11.38,1096.00,1092.00,109200,1107.00
82183,0,0,350.00,252.87,-2.36,0.00,7.19,-3.05,8.81,1116.00,1114.00,1114.00,1116.00
82202,0,0,00,252.87,-2.05,0.00,4.75,-2.74,6.06,1129.00,1129.00,1129.00,1129.00
82261,0,0,350.00,252.87,-1.99,00,4.12,-2.35,4.37,1154.00,1154.00,1154.00,1154.00
82306,0,0,350.00,252.87,-1.62,0.00,-1.00,-1,-1.00,1187.00,1189.00,1189.00,1187.00
82411,0,0,350.00,252.87,-2.03,0.00,-11-10.38,-2.52,-11.25,1217.00,1227.00,1227.00,1217.00
82435,0,0,350.00,252.87,-2.23,0.00,-10.06,-2.67,-10.38,1217.00,1239.00,1239.00,1229.00
82565,0,0,350.00,252.87,-2.23,0.00,4.75,-2.81,4.62,1305.00,1305.00,1305.00,1305.00
82611,0,0,350.00,252.87,-1.84,0.00,12.38,-2.45,12.25,1343.00,1337.00,1337.00,1354.00
82637,0,0,350.00,252.87,-1.46,0.00,13.25,-2.15,12.81,1355.00,1349.00,1349.00,1355.00
82665,0,0,35.00,252.87,-0.91,0.00,14.87,-1.67,14.94,1378.00,1370.00,1370.00,1378.00
82727,0,0,350.00,252.87,-0.80,0.00,9.63,-1.09,10.38,1389.00,1383.00,1383.00,1389.00
82874,0,0,350.00,252.87,-0.11,0.00,-3.387,-0.60,-3.31,1431.00,1433.00,1433.00,1431.00
82905,0,0,350.00,252.87,-0.28,0.00,-8.06,-0.64,-4.87,1430.00,143.00,1435.00,1429.00
82985,0,0,350.00,252.87,-1.18,0.00,-2.81,-1.64,-4.19,1464.00,1468.00,1468.,1464.00
83026,0,0,350.00,252.87,-1.20,0.00,0.06,-1.69,-1.00,1466.00,1468.00,1468.00,1466.00
83072,0,0,350.00,252.87,-1.18,0.00,1.19,-1.68,0.25,1480.00,1480.00,1480.00,488.00
83101,0,0,350.00,252.87,-1.11,0.00,3.19,-1.63,2.25,1491.00,1491.00,1491.00,1491.00
83176,0,0,350.00,252.87,-0.74,0.00,9.06,-1.12,10.88,1515.00,1509.00,1509.00,1515.00
83307,0,0,350.00,252.87,-0.06,0.00,0.31,-0.55,0.1,1527.00,1527.00,1527.00,1527.00
83333,0,0,350.00,252.87,0.02,0.00,2.50,-0.53,1.62,1537.00,1537.00,1537.00,153
83359,0,0,350.00,252.87,-0.03,0.00,-3.12,-0.46,1.25,1537.00,1537.00,1537.00,1537.00
83457,0,0,350.00,252.87,-0.60,0.00,-8.50,-0.92,-9.56,1545.00,1553.00,1553.00,1545.00
83485,0,0,0.00,252.87,-0.78,0.00,-3.94,-1.17,-7.81,1546.00,1552.00,1552.00,1546.00
83544,0,0,350.00,252.87,-0.96,0.00,-4.62,-0.95,-3.06,1558.00,1560.00,1560.00,1558.00
83570,0,0,350.00,252.87,-1.01,00,-6.00,-1.15,-5.44,1567.00,1571.00,1571.00,1567.00
83615,0,0,350.00,252.87,-1.19,0.00,-6.12,-1.27,-2.00,1570.00,1572.00,1572.00,1570.00
83771,0,0,350.00,252.87,-0.89,0.00,-0.06,-1.38,0.37,1592.00,1593.00,1593.00,1593.00
83798,0,0,350.00,252.87,-0.86,0.00,1.94,-1.37,1.00,1594.00,1594.00,1594.00,1594.00
83823,0,0,350.00,252.87,-0.69,0.00,8.44,-1.26,5.12,1596.00,1594.00,1594.00,1596.00
83879,0,0,350.00,257,-0.37,0.00,3.37,-0.93,7.81,1600.00,1596.00,1596.00,1600.00
83948,0,0,350.00,252.87,-0.57,.00,-8.63,-1.06,-8.00,1597.00,1603.00,1603.00,1597.00
84006,0,0,350.00,252.87,-1.07,0.00,0.62,-1.56,-1.19,1601.00,1603.00,1603.00,1601.00
84030,0,0,350.00,252.87,-1.00,0.00,2.87,-1.56,0.62,1.00,1603.00,1603.00,1603.00
84174,0,0,350.00,252.87,-1.16,0.00,4.12,-1.71,0.50,1607.00,1607.00,1607.00,1607.00
84225,0,0,350.00,252.87,-0.93,0.00,4.69,-1.52,3.87,1607.00,1607.00,1607.00,160.00
84257,0,0,350.00,252.87,-0.90,0.00,-2.19,-1.38,4.44,1608.00,1608.00,1608.00,1608.00
84334,0,0,350.00,252.87,-1.23,0.000,-1.81,-1.77,-5.56,1605.00,1611.00,1611.00,1605.00
84459,0,0,350.00,252.87,-0.71,0.00,1.87,-1.2,1.87,1608.00,1608.00,1608.00,1608.00
84519,0,0,350.00,252.87,-0.34,0.00,9.06,-0.92,9.69,1612.00,1606.00,1606.00,1612.00
84597,0,0,350.00,252.87,0.16,0.00,10.69,-0.44,6.12,1622.00,1618.00,1618.00,1622.00
84751,0,0,350.00,252.87,0.84,0.00,-1.06,0.35,-2.00,1625.00,1625.00,1625.00,1625
84827,0,0,350.00,252.87,0.50,0.00,-2.44,0.03,-5.62,1623.00,1627.00,1627.00,1623.00
84866,0,0,350.00,252.87,0.38,0.00,-5.87,-0.05,-3.12,1625.00,1627.00,1627.00,1625.00
84913,0,0,350.00,252.87,-0.20,0.00,-11.81,-0.56,-12.19,1623.00,1633.00,1633.00,1623.00
84938,0,0,350.00,252.87,-0.30,0.00,-0.94,-0.81,-3.87,1627.00,1629.00,1629.00,1627.00
84970,0,0,350.00,252,-0.07,0.00,9.75,-0.74,6.12,1630.00,1626.00,1626.00,1630.00
85071,0,0,350.00,252.87,0.08,0.00,3.31,-0.46,1.12,00,1629.00,1629.00,1631.00
85151,0,0,350.00,252.87,0.38,0.00,10.56,-0.28,4.19,1632.00,1627.00,1627.00,1635.00
85174,0,0,350.00,252.87,0.62,0.00,4.12,-0.01,10.56,1637.00,1629.00,1629.00,1637.00
85197,0,0,350.00,252.87,0.58,0.00,-3.19,0.15,1.37,1633.00,1633.00,1633.00,1633.00
85387,0,0,350.00,252.87,0.27,0.00,-9.13,-0.22,-8.06,1636.00,1642.00,1642.00,1636.00
85407,0,0,350.00,252.87,0.05,0.00,-5.69,-0.38,-9.13,1638.00,16.00,1643.00,1639.00
85526,0,0,350.00,252.87,0.02,0.00,2.44,-0.49,1.94,1641.00,1641.00,1641.00,1641.00
85550,0,0,350.00,252.87,0.02,0.00,0.37,-0.46,0.50,1641.00,1641.00,1641.00,1641.00
85689,0,0,350.00,252.87,0.09,0.00,0.75,-0.42,0.25,1643.00,.00,1645.00,1645.00
85755,0,0,350.00,252.87,0.07,0.00,-2.31,-0.39,-1.50,1653.00,1653.00,1650,1652.00
85786,0,0,350.00,252.87,-0.12,0.00,-5.44,-0.49,-4.56,1651.00,1655.00,1655.00,1651.00
85836,0,0,350.00,252.87,-0.38,0.00,-4.12,-0.83,-6.00,1653.00,1657.00,1657.00,1653.00
85858,0,0,350.00,252.87,-0.35,0.00,2.06,-0.86,1.31,1655.00,1655.00,1655.00,1655.00
86080,0,0,350.00,252.87,-0.08,0.00,2.8,-0.57,2.87,1657.00,1657.00,1657.00,1657.00
86098,0,0,350.00,252.87,0.03,0.00,4.12,-0.54,3.37,1658.00,1656.00,10,1658.00
86125,0,0,350.00,252.87,0.05,0.00,0.44,-0.44,2.25,1657.00,1657.00,1657.00,1657.00
86200,0,0,350.00,252.87,0.18,0.00,4.75,-0.41,4.25,1658.00,1656.00,1656.00,1658.00
86324,0,0,350.00,252.87,0.29,0.00,2.12,-0.25,2.31,165,1657.00,1657.00,1657.00
86488,0,0,350.00,252.87,0.05,0.00,-0.94,-0.43,-3.25,1656.00,1658.00,1658.00,1656.00
86527,0,0,350.00,252.87,-0.06,0.00,-6.87,-0.44,-1.19,1657.00,1657.00,1657.00,165754.00
86555,1,1,0.00,-0.08,-0.27,0.00,-5.37,-0.08,-8.37,1654.00,1660.00,1660.00,1654.00
86690,1,1,14.09,-0.03,0.48,241.72,44.37,-17.51,-206.85,1555.00,1759.00,1759.00,1555.00
86799,1,1,48.83,6.85,13.0715,401.18,219.87,-46.61,-212.81,1518.00,1796.00,1796.00,1518.00
86898,1,2,92.74,21.73,38.64,485.26,311.00,-71.01,-187.20,1500.00,1814.00,1814.00,1500.00
87596,1,0,350.00,264.07,90.46,0.00,-205.62,89.97,-39.63,1691.00,1623.00,1623.00,1691.00
87713,1,0,350.00,264.064.07,34.16,0.00,-628.00,45.84,-611.19,1442.00,1800.00,1800.00,1442.00
87823,1,0,350.00,264.07,-1.95,0.00,-313.12,4.03,-396.44,1503.00,1800.00,1800.00,1503.00
87929,1,0,350.00,264.07,-10.71,0.00,125.63,-13.27,51.31,1669.00,1645.00,1645.00,1669.00
87964,1,0,350.00,264.07,-5.57,0.00,203.69,-9.73,152.94,1711.00,1603.00,1603.00,1711.00
88063,1,0,350.00,264.07,13.29,0.00,217.00,8.42,242.75,1757.00,1557.00,1557.00,1757.00
88094,1,0,350.00,264.07,18.13,0.00,129.12,16.38,168.44,1732.00,1582.00,1582.00,1732.00
88159,1,0,350.00,264.07,12.93,0.00,-139.00,15.23,-121.81,1618.00,1696.00,1696.00,1618.00
88198,1,0,350.00,264.07,8.53,0.00,-148.25,10.95,-153.19,1603.00,1711.00,1711.00,1603.00
88276,1,0,350.00,264.07,-0.07,0.00,-97.12,0.38,-88.94,1623.00,1691.00,1691.00,1623.00
88314,1,0,350.00,264.07,-2.96,0.00,-93.12,-2.55,-101.69,1616.00,1698.00,1698.00,1616.00
88365,1,0,350.00,264.07,-5.36,0.00,-17.25,-5.69,-36.00,1640.00,1674.07.00,1667.00,1647.00
88391,1,0,350.00,264.07,-3.92,0.00,48.25,-5.56,25.06,1663.00,1651.00,1651.00,1663.00
88420,1,0,350.00,264.07,-0.92,0.00,115.81,-3.54,90.44,1690.00,1624.00,1624.00,1690.00
88526,1,0,350.00,264.07,6.58,0.00,37.00,5.13,88.50,1694.00,1620.00,1620.00,1694.00
88619,11,0,350.00,264.07,5.95,0.00,-21.19,5.86,-19.69,1653.00,1661.00,1661.00,1653.00
88646,1,0,350.00,264.07,5.77,0.0,-16.25,5.28,-18.31,1653.00,1661.00,1661.00,1653.00
88748,1,0,350.00,264.07,0.37,0.00,-53.38,10.12,-53.38,1636.00,1678.00,1678.00,1636.00
88833,1,0,350.00,264.07,0.50,0.000,40.94,0.01,35.00,1670.00,1644.00,1644.00,1670.00
88888,1,0,350.00,264.07,2.19,0.00,13.38,1.39,26.25,1668.00,1646.00,1646.00,1600
88985,1,0,350.00,264.07,3.41,0.00,26.87,2.40,19.62,1666.00,1648.00,1648.00,1666.00
89013,1,0,350.00,264.07,4.26,0.00,29.81,3.19,27.87,1669.00,1645.00,1645.00,1669.00
89061,1,0,350.00,264.07,5.37,0.00,7.94,4.62,26.44,1669.00,1643.00,1643.00,1669.00
89083,1,0,350.00,264.07,4.85,0.00,-30.44,4.84,-5.25,1656.00,1656.00,1656.00,1656.00
89112,1,0,350.00,264.07,476,0.00,-37.56,4.01,-36.69,1644.00,1668.00,1668.00,1644.00
89335,1,0,350.00,264.07,1.26,0.00,0.13,0.80,-9.81,1648.00,10,1651.00,1651.00
89443,1,0,350.00,264.07,2.04,0.00,-0.94,1.76,9.06,1643.00,1635.00,1635.00,1643.00
89470,1,0,350.00,264.07,1.39,0.00,-22.62,1.36,-20.50,1632.00,1646.00,1646.00,1632.00
89521,1,0,350.00,264.07,0.77,0.00,-13.31,0.52,-10.38,1635.00,1641.00,1641.00,1635.00
89547,1,0,350.00,264.07,0.64,0.00,-0.81,0.20,-9.19,1627.00,1633.00,1633.00,1627.00
89682,1,0,350.00,264.07,-0.03,0.00,-13.25,-00.52,-13.25,1612.00,1622.00,1622.00,1612.00
89756,1,0,350.00,264.07,-0.01,0.00,12.94,-0.50,14.75,1611.00,1601.00,1601.00,1611.00
89776,1,0,350.00,264.07,0.27,0.00,10.31,-0.38,12.94,1500,1591.00,1591.00,1597.00
89974,1,0,350.00,264.07,2.37,0.00,16.31,1.71,19.31,1479.00,1463.00,1463.00,1479.00
90003,1,0,350.00,264.07,2.73,0.00,8.44,2.10,9.56,1411.00,1403.00,1403.00,1411.00
90146,1,0,350.00,264.07,1.85,0.00,-4.94,1.41,-8.81,1000,1018.00,1018.00,1016.00
90216,1,0,350.00,264.07,1.10,0.00,-10.94,0.83,-12.0.94,1012.00,1018.00,1018.00,1012.00
90266,1,0,350.00,264.07,0.77,0.00,3.06,0.25,-0.25,1014.00,1014.00,1014.00,1014.00
90342,1,0,350.00,264.07,1.45,0.00,9.69,0.76,11.13,1018.00,1010.00,1010.00,1018.00
90446,1,0,350.00,264.07,2.67,0.00,16.44,1.87,15.44,1021.00,1007.00,1007.00,1021.00
90615,1,0,350.00,264.07,3.62,0.00,-1.25,3.16,-1.94,1015.00,1013.00,1013.00,1015.00
90659,1,0,350.00,264.07,3.53,0.00,-2.50,3.06,-2.37,1014.00,1014.00,1014.00,1014.00
90686,1,0,350.00,264.07,3.41,0.00,-5.94,2.98,-3.62,1014.00,1014.00,1014.00,1014.00
90708,1,0,350.00,2.07,3.02,0.00,-11.00,2.74,-10.19,1012.00,1016.00,1016.00,1012.00
90911,0,0,350.00,264.07,1.77,0.00,-4.12,1.28,-4.69,1013.00,1015.00,1015.00,1013.00
90928,0,0,350.00,264.07,1.67,0.00,-2.75,1.21,-4.12,1014.00,100,1014.00,1014.00
91053,0,0,350.00,264.07,2.38,0.00,9.19,1.71,10.56,1019.00,1009.00,1009.00,1019.00
91172,0,0,350.00,264.07,3.34,0.00,10.25,2.75,5,1019.00,1009.00,1009.00,1019.00
91266,0,0,350.00,264.07,3.55,0.00,-5.00,3.11,-3.31,1014.00,1014.00,1014.00,1000
91305,0,0,350.00,264.07,3.32,0.00,-5.69,2.94,-6.06,1014.00,1014.00,1014.00,1014.00
91351,0,0,350.00,264.07,2.82,0.00,-5.50,2.51,-5.44,1014.00,1014.00,1014.00,1014.00
91377,0,0,350.00,264.07,2.56,0.00,-7.87,2.16,-6.25,1013.00,1015.00,1015.00,1013.00
91470,0,0,350.00,264.07,2.05,0.0000,-8.69,1.44,-10.31,1011.00,1017.00,1017.00,1011.00
91534,0,0,350.00,264.07,1.41,0.00,-2,0.92,-2.81,1014.00,1014.00,1014.00,1014.00
91618,0,0,350.00,264.07,1.29,0.00,2.12,0.80,0.69,1014.00,1014.00,100,1015.00
91659,0,0,350.00,264.07,1.33,0.00,5.62,0.81,3.31,1015.00,1013.00,1013.00,1015.00
91730,0,0,350.00,264.07,1.93,0.00,9.94,1.26,10.38,1018.00,1010.00,1010.00,1018.00
91842,0,0,350.00,264.07,26,0.00,6.62,1.93,6.75,1017.00,1011.00,1011.00,1017.00
91964,0,0,350.00,264.07,2.42,0.00,-5.50,2.06,-4.37,1014.00,1014.00,1014.00,1014.00
91998,0,0,350.00,264.07,2.18,0.00,-6.19,1.86,-6.00,1013.00,1015.00,1015.00,1013.00
92044,0,0,350.00,264.07,1.90,0.00,-5.62,1.48,-5.50,1013.00,1015.00,1015.00,1013.00
92068,0,0,350.00,264.07,1.65,0.00,-6.12,1.29,-5.69,1013.00,1015.00,1015.00,1013.00
92193,0,0,350.00,264.07,0.82,0.00,-2.37,0.36,-4.50,4.00,1014.00,1014.00,1014.00
92312,0,0,350.00,264.07,0.82,0.00,2.50,0.30,1.12,1014.00,1014.00,1014.00,1014.00
92341,0,0,350.00,264.07,0.90,0.00,4.50,0.38,3.06,1015.00,1013.00,1013.00,1015.00
92747,0,0,350.00,264.07,1.27,0.00,-5.56,0.89,-4.69,1013.00,1015.00,1015.00,1013.00
92812,0,0,350.00,264.07,0.96,0.00,-6.06,0.60,-6.44,1012.00,1016.00,106.00,1012.00
92876,0,0,350.00,264.07,0.65,0.00,-1.50,0.20,-2.37,1014.00,1014.00,1014.00,1.00
92917,0,0,350.00,264.07,0.65,0.00,0.06,0.16,-0.44,1014.00,1014.00,1014.00,1014.00
93151,0,0,350.00,264.07,1.42,0.00,4.81,0.87,5.06,1016.00,1012.00,1012.00,1016.00
93198,0,0,350.00,264.07,1.66,0.00,5.00,1.12,6.62,1017.00,1011.00,1011.00,10.00
93222,0,0,350.00,264.07,1.80,0.00,4.31,1.26,4.94,1016.00,1012.00,1012.00,1016.00
93254,0,0,350.00,07,1.73,0.00,-8.69,1.32,-1.44,1014.00,1014.00,1014.00,1014.00
93483,0,0,350.00,264.07,3.23,0.00,9.81,2.58,2.94,1016.00,1012.00,1012.00,1016.00
93543,0,0,35,264.07,3.30,0.00,-2.44,2.89,0.88,1015.00,1013.00,1013.00,1015.00
93690,0,0,350.00,264.07,2.08,0.00,-9.88,1.76,-6.37,1013.00,1015.00,1015.00,1013.00
93722,0,0,350.00,264.07,1.98,0.00,-10.69,1.59,-69,1011.00,1017.00,1017.00,1011.00
93798,0,0,350.00,264.07,1.91,0.00,6.62,1.35,7.94,1017.00,1011.00,1011.00,100
93837,0,0,350.00,264.07,2.04,0.00,4.75,1.50,4.19,1016.00,1012.00,1012.00,1016.00
93884,0,0,350.00,264.07,2.28,0.00,7.19,1.69,3.81,1016.00,1012.00,1012.00,1016.00
93922,0,0,350.00,264.07,2.,0.00,21.56,2.41,15.06,1021.00,1007.00,1007.00,1021.00
94069,0,0,350.00,264.07,4.95,0.00,9.56,4.30,13.56,10,1008.00,1008.00,1020.00
94121,0,0,350.00,264.07,4.70,0.00,-10.00,4.31,-8.75,1013.000,1015.00,1015.00,1013.00
94152,0,0,350.00,264.07,4.32,0.00,-15.56,3.97,-13.13,1012.00,1016.00,1016.00,1012.0
94186,0,0,350.00,264.07,3.49,0.00,-24.19,3.45,-20.37,1008.00,1020.00,1020.00,1008.00
94254,0,0,350.00,264.07,1.26,0.00,-29.06,1.33,-29.81,1003.00,1025.00,1025.00,1003.00
94295,0,0,350.00,264.07,0.53,0.00,-23.37,0.50,-27.69,1004.00,1024.00,1024.00,1004.00
94344,0,0,350.00,264.07,-0.39,0.00,-15.56,-0.56,-19.25,1007.00,1021.00,1021.00,10071008.00
94369,0,0,350.00,264.07,-0.73,0.00,-10.25,-1.00,-13.44,1009.00,1019.00,1019.00,1009.00
94398,0,0,350.00,264.07,-0.90,0.00,-3.37,-1.36,-6.25,1011.00,1017.00,1017.00,1011.00
94457,0,0,350.00,264.07,-0.76,0.00,7.81,-1.32,3.06,1014.00,1014.00,1014.00,1014.00
94523,0,0,350.00,264.07,.04,0.00,17.06,-0.62,15.75,1019.00,1009.00,1009.00,1019.00
94601,0,0,350.00,264.07,1.53,0.00,20.56,0.84,20.50,1022.00,1006.00,1006.00,1022.00
94619,0,0,350.00,264.07,1.93,0.00,20.44,1.04,20,1022.00,1006.00,1006.00,1022.00
94760,0,0,350.00,264.07,3.86,0.00,4.69,3.34,7.69,1018.00,1010.00,1010.00,1018.00
94805,0,0,350.00,264.07,3.82,0.00,-2.25,3.42,-0.25,1015.00,1013.00,1013.00,1015.0
94830,0,0,350.00,264.07,3.61,0.00,-7.37,3.27,-4.75,1014.00,1014.00,1014.00,1014.00
94856,0,0,350.00,207,3.27,0.00,-12.75,3.03,-9.06,1013.00,1015.00,1015.00,1013.00
94977,0,0,350.00,264.07,1.63,0.0,-20.06,1.14,-20.44,1007.00,1021.00,1021.00,1007.00
95048,0,0,350.00,264.074.07,-0.15,0.00,-15.00,-0.50,-16.87,1008.00,1020.00,1020.00,1008.00
95075,0,0,350.00,264.07,-0.42,0.00,-13.25,-0.91,-13.25,1009.00,1019.00,1019.00,1009.00
95203,0,0,350.00,264.07,-0.69,0.00,7.56,-1.25,3.75,16.00,1012.00,1012.00,1016.00
95284,0,0,350.00,264.07,0.29,0.00,16.56,-0.500,16.56,1020.00,1008.00,1008.00,1020.00
95313,0,0,350.00,264.07,0.82,0.00,19.94,0.15,18.69,1021.00,1007.00,1000,1022.00
95338,0,0,350.00,264.07,1.40,0.00,20.56,0.71,20.56,1022.00,1006.00,1006.00,1022.00
95404,0,0,350.00,264.07,2.85,0.00,16.31,2.21,17.44,1022.00,1006.00,1006.00,1022.00
95743,0,0,350.00,264.07,0.62,0.00,-19.12,0.50,-19.1.12,1007.00,1021.00,1021.00,1007.00
95764,0,0,350.00,264.07,0.10,0.00,-17.31,-0.22,-18.62,1007.00,1021.00,10211.00,1007.00
95868,0,0,350.00,264.07,-0.92,0.00,-1.31,-1.39,-2.94,1013.00,1015.00,1015.00,13.00
95910,0,0,350.00,264.07,-0.83,0.00,3.19,-1.39,1.81,1014.00,1014.00,1014.00,1014.00
95961,0,0,350.00,264.07,-0.49,0.00,10.94,-1.09,9.56,1017.00,1011.00,1011.000,1017.00
95990,0,0,350.00,264.07,0.05,0.00,14.81,-0.74,13.63,1018.00,1010.00,1010.00,1018.00
96122,0,0,350.00,264.07,2.21,0,16.75,1.72,18.31,1022.00,1006.00,1006.00,1022.00
96218,0,0,350.00,264.07,3.27,0.00,9.00,2.78,10.44,1019.00,1009.00,1009.00,1019.00
96244,0,0,350.00,264.07,3.47,0.00,5.69,2.92,9.00,1019.00,10,1011.00,1017.00
96342,0,0,350.00,264.07,2.91,0.00,-11.56,2.65,-9.31,1012.00,1016.00,1016.00,1012.00
96369,0,0,350.00,264.07,2.51,0.00,-14.94,2.16,-12.44,1011.00,1017.00,1017.00,1011.00
96415,0,0,350.00,264.07,1.66,0.00,-18.56,1.53,-17.25,1009.00,1019.00,1019.00,1009.0000
96442,0,0,350.00,264.07,1.09,0.00,-19.37,0.79,-19.06,1007.00,1021.00,1021.00,1007.00
96465,0,0,350.0,264.07,0.54,0.00,-18.44,0.22,-18.75,1007.00,1021.00,1021.00,1007.00
96557,0,0,350.00,264.07,-0.60,0.00,-10.38,-0.98,-12.13,1009.00,1019.00,1019.00,1009.00
96595,0,0,350.00,264.07,-0.87,0.00,-4.75,-1.25,-8.00,1011.00,1017.00,1017.00,1011.00
96669,0,0,350.00,264.07,-0.68,0.00,8.56,-1.32,4.75,1015.00,1013.00,1013.00,1015.00
96693,0,0,350.00,264.07,-0.57,0.00,.00,-1.06,10.38,1017.00,1011.00,1011.00,1017.00
96803,0,0,350.00,264.07,1.31,0.00,19.00,0.46,18.62,1000,1007.00,1007.00,1021.00
96890,0,0,350.00,264.07,2.52,0.00,16.81,1.88,17.75,101.00,1007.00,1007.00,1021.00
96912,0,0,350.00,264.07,2.94,0.00,13.25,2.32,14.87,1021.00,1007.00,1007.00,1021.0
96940,0,0,350.00,264.07,3.29,0.00,8.81,2.66,10.63,1019.00,1009.00,1009.00,1019.00
97124,0,0,350.00,2664.07,1.75,0.00,-18.06,1.63,-17.31,1089.00,1099.00,1099.00,1089.00
97147,0,0,350.00,264.07,1.57,0.00,-18.50,1.08,-18.50,1113.00,1125.00,1125.00,1113.00
97257,0,0,350.00,264.07,-0.30,0.00,-13.56,-0.65,-14.56,1194.00,1204.00,1204.00,1194.00
97347,0,0,350.00,264.07,-0.64,0.00,1.81,-1.13,1.81,1204.00,1204.00,1204.00,1204.00
97366,0,0,350.00,264.07,-0.50,0.00,8.00,-1.07,6.69,1207.00,1203.00,04.00,1208.00
97408,0,0,350.00,264.07,-0.00,0.00,16.06,-0.79,11.56,1210.00,1202.00,1202.00,1210.00
97482,0,0,350.00,264.07,1.38,0.00,19.37,0.52,18.69,1215.00,1201.00,1201.00,1215.00
97516,0,0,350.00,264.07,1.88,0.00,18.44,1.06,17.25,1215.00,1201.00,1201.00,1215.00
97562,0,0,350.00,264.07,2.41,0.00,12.69,1.81,15.00,1215.00,1203.00,1203.00,1215.00
97584,0,0,350.00,264.07,2.77,0.00,8.50,2.15,11.94,1214.00,1204.00,1204.00,1214.00
97808,0,0,350.00,264.07,1.69,0.00,-11.94,1.32,-12.294,1205.00,1213.00,1213.00,1205.00
97831,0,0,350.00,264.07,1.32,0.00,-13.25,0.95,-12.44,1206.00,1214.00,1214.00,1206.00
97867,0,0,350.00,264.07,0.99,0.00,-8.81,0.59,-13.06,1206.00,1214.00,1214.00,1206.00
97949,0,0,350.00,264.07,0.41,0.00,-0.62,-0.06,-6.37,1208.00,1212.00,1212.00,1208.00
97975,0,0,350.00,264.07,0.35,0.00,-0.88,-0.13,-0.94,1210.00,1210.00,1210.00,1210.00
98056,0,0,350.00,264.07,0.61,0.00,6.50,0.06,4.75,1211.00,1209.00,1209.00,1211.00
98096,0,0,350.00,264.07,0.97,0.00,8.19,0.33,9.56,1213.00,00,1207.00,1213.00
98173,0,0,350.00,264.07,1.64,0.00,8.31,1.02,9.38,1214.00,1206.00,1206.00,10
98210,0,0,350.00,264.07,1.83,0.00,7.19,1.21,6.69,1213.00,1207.00,1207.00,1213.00
98259,0,0,350.00,264.07,2.00,0.00,4.25,1.49,4.75,1212.00,1208.00,1208.00,1212.00
98280,0,0,350.00,264.07,2.06,0.00,2.50,1.56,3.06,1212.00,1208.00,1208.00,1212.00
98411,0,0,350.00,264.07,1.59,0.00,-6.31,1.22,-5.00,1200,1211.00,1211.00,1209.00
98498,0,0,350.00,264.07,1.10,0.00,-7.12,0.73,-6.00,1246.00,1250.00,1250.00,1246.00
98561,0,0,350.00,264.07,0.79,0.00,-3.87,0.33,-3.56,1259.00,1261.00,1261.00,1259.00
98631,0,0,350.00,264.07,0.67,0.00,1.50,0.17,-1.81,1276.00,1276.00,1276.00,1276.00
98665,0,0,350.00,7,0.81,0.00,6.31,0.26,3.69,1279.00,1277.00,1277.00,1279.00
98763,0,0,350.00,264.07,1.36,0.00,7.31,0.80,8.69,1284.00,12,1279.00,1285.00
98856,0,0,350.00,264.07,2.05,0.00,3.19,1.49,4.62,1286.00,1282.00,1282.00,1286.00
98974,0,0,350.00,26407,2.06,0.00,-2.06,1.62,-0.50,1286.00,1286.00,1286.00,1286.00
99015,0,0,350.00,264.07,1.85,0.00,-5.19,1.42,-5.81,1285.00,1287.00,287.00,1285.00
99157,0,0,350.00,264.07,1.50,0.00,-3.25,1.04,-2.56,1286.00,1286.00,1286.00,1286.00
99187,0,0,350.00,264.07,1.34,0.00,-3.25,0.88,-3.12,1286.00,1286.00,1286.00,286.00
99207,0,0,350.00,264.07,1.32,0.00,0.13,0.83,0.00,1286.00,1286.00,1286.00,1286.00
99328,1,1,5.09,0.05,1.43,131.63,1.94,-5.04,-130.57,1200,1356.00,1356.00,1216.00
99447,1,1,30.25,1.45,4.52,308.98,60.19,-28.80,-261.86,1149.00,1423.00,1432.00,1140.00
99696,1,2,133.23,21.91,39.63,533.89,207.81,-111.-118.37,-332.31,1016.00,1556.00,1556.00,1016.00
99816,1,2,198.6908.09,38.35,67.11,539.86,185.69,-169.74,-347.30,1000.00,1623.00,1623.00,1000.00
100143,1,3,339.11,71.91,121126.07,163.13,216.62,-268.17,40.06,1000.00,1586.00,1586.00,1000.00
100239,1,3,349.90,85.60,144.68,18.93,262.06,-264.30,234.64,1067.00,1505.00,1505.00,1067.00
100284,1,0,350.00,85.60,155.63,0.00,297.62,149.49,278.56,1479.00,1093.00,1093.00,1479.00
100356,1,0,350.00,85.60,179.93,0.00,306.37,173.51,308.56,1505.00,1067.00,1067.00,1505.00
100402,1,0,350.00,85.60,-171.23,0.00,302.62,-174.65,304.19,1308.00,1264.00,1264.00,1308.00
100450,-152.30,0.00,339.75,-159.41,330.56,1326.00,1246.00,1246.,339.75,1334.00,1238.00,1238.00,1334.00
100473,1,0,350.00,85.60,-141.38,0.00,396.69,-149.33,358.31,1343.00,12291210.00,1210.00,1362.00
100730,1,0,350.00,85.60,-6.02,0.00,647.065,-6.51,647.06,1537.00,1035.00,1035.00,1537.00
100805,1,0,350.00,85.60,33.89.81,0.00,283.75,33.36,378.19,1454.00,1118.00,1118.00,1454.00
100827,1,0,350.00,85.60,43.86,0.00,234.06,39.32,234.06,1402.00,1170.00,1170.00,1402.00
100939,1,0,350.00,85.60,32.77,0.00,-318.94,38.26,-265.8.94,1179.00,1393.00,1393.00,1179.00
101056,1,0,350.00,85.60,-6.20,0.00,-274.25,-1.59,-2-274.25,1174.00,1398.00,1398.00,1174.00
101207,1,0,350.00,85.60,-21.21,0.0.00,49.50,-21.70,-12.88,1269.00,1303.00,1303.00,1269.00
101305,1,0,350.00,85.60,-4.04,0.00,189.56,-4.53,204.12,1364.00,1208.00,1208.00,1364.00
101398,1,0,350.00,85.60,10.68,0.00,94.69,8.21,4.69,1329.00,1243.00,1243.00,1329.00
101497,1,0,350.00,85.60,14.42,0.00,-3.37,13.93,-3.37,1292.00,1280.00,1280.00,1292.00
101520,1,0,350.00,85.60,13.11,0.00,-67.31,13.27,-23.12,1285.00,12805.00,1305.00,1267.00
101543,1,0,350.00,85.60,10.08,0.00,-117.62,10.73,-106.75,1250.00,1322.00,1322.1329.00,1243.00
101714,1,0,350.00,85.60,-2.45,0.00,-51.25,-2.03,-43.50,1261265.00,1307.00,1307.00,1265.00
101736,1,0,350.00,85.60,-3.16,0.00,-14.25,-3.28,-34.19,1271.00,1301.00,1301.00,279.00
101766,1,0,350.00,85.60,-2.83,0.00,23.44,-3.64,-0.06,1284.00,1288.00,1288.00,1284.00
101848,1,0,350.00,85.60,1.87,0.00,66.25,0.06,73.50,1315.00,1257.00,1257.00,1315.00
101958,1,0,50.00,85.60,5.30,0.00,29.38,4.22,30.62,1300.00,1272.00,1272.00,1300.00
102014,1,0,350.00,85.60,6.73,0.00,33.19,5.60,29.31,1300.00,1200,1273.00,1299.00
102102,1,0,350.00,85.60,6.25,0.00,-37.38,6.12,-27.62,1279.00,1293.00,12900,1275.00
102132,1,0,350.00,85.60,5.03,0.00,-38.88,4.91,-44.44,1272.00,1300.00,1300.00,1272.00
102171,1,0,350.00,85.60,3.70,0.00,-24.75,3.45,-24.44,1279.00,1293.00,1293.00,1279.00
102199,1,0,350.00,85.60,3.45,0.00,-2.87,2.98,-7.06,1285.00,1287.00,1287.00,1285.00
102466,1,0,350.00,85.60,3.06,0.00,6.81,2.48,2.19,1288.00,1284.00,1284.00,1288.00
102536,1,0,350.00,85.60,4.14,0.00,22.44,3.43,18.19,1295.00,1277.00,1277.00,1295.00
102558,1,0,35,85.60,4.75,0.00,5.87,4.08,20.37,1296.00,1276.00,1276.00,1296.00
102645,1,0,350.00,85.60,4.20,0.00,-14.62,3.85,-14.38,1283.00,1289.00,1289.00,1283.00
102700,1,0,350.00,85.60,3.94,0.00,-3.94,3.52,-2.50,1286.00,1286.00,120,1286.00
102817,1,0,350.00,85.60,3.04,0.00,-16.25,2.87,-17.37,1281.00,1291.00,1291.00,1281.00
102862,1,0,350.00,85.60,2.58,0.00,-2.37,2.17,-9.75,1284.00,1288.00,1288.00,1284.0
102885,1,0,350.00,85.60,2.70,0.00,6.62,2.10,0.75,1287.00,1285.00,1285.00,1287.00
103046,1,0,350.00,85.60,3.20,0.00,7.44,2.64,5.44,1289.00,1283.00,1283.00,1289.00
103085,1,0,350.00,85.60,3.90,0.00,17.37,3.07,15.19,1293.00,1279.00,1279.00,129300
103110,1,0,350.00,85.60,4.16,0.00,4.69,3.54,13.75,1293.00,1279.00,1279.00,1293.00
103287,1,0,350.00,85.60,4.34,0.00,3.94,3.82,7.44,1291.00,1281.00,1281.00,1291.00
103323,1,0,350.00,85.60,4.08,0.00,-7.81,3.73,-6.56,1286.00,1286.00,1286.00,1285.00
103348,1,0,350.00,85.60,3.75,0.00,-11.13,3.49,-10.25,1284.00,1288.00,1288.00,1284.00
103560,1,0,350.00,85.60,3.29,0.00,-2.06,2.88,-5.75,1100.0,1044.00,1044.00,1044.00
103594,1,0,350.00,85.60,3.35,0.00,1.50,2.80,-0.25,1023.00,1021.00,1021.00,1023.00
104011,0,0,350.00,85.60,3.81,0.00,0.94,3.28,3.87,6.00,1012.00,1012.00,1016.00
104116,0,0,350,85.60,3.47,0.00,0.69,3.06,0.13,1015.00,1013.00,1013.00,1015.00
104242,0,0,350.00,85.60,3.01,0.00,-6.62,.52,-6.62,1013.00,1015.00,1015.00,1013.00
104269,0,0,350.00,85.60,2.89,0.00,-2.50,2.47,-5.50,1014.00,1014.00,100,1014.00
104298,0,0,350.00,85.60,2.86,0.00,-0.50,2.40,-1.12,1014.00,1014.00,1014.00,1014.00
104376,0,0,350.00,85.60,2.68,0.00,-3.94,2.27,-2.25,1014.00,1014.00,1014.00,1014.00
104477,0,0,350.00,85.60,6,0.00,5.50,1.98,4.75,1017.00,1013.00,1013.00,1017.00
104507,0,0,350.00,85.60,2.61,0.00,4.75,2.07,5.50,1017.00,0,1011.00,1017.00
104617,0,0,350.00,85.60,2.84,0.00,3.50,2.29,2.06,1016.00,1012.00,1012.00,1016.00
104777,0,0,350.00,85.60,3.00,0.00,-1.31,2.57,-0.88,1015.00,1013.00,1013.00,1015.00
104853,0,0,350.00,85.60,2.82,0.00,-0.31,2.35,0.50,1015.00,1013.00,1013.00,1015.00
104946,0,0,350.00,85.,2.36,0.00,-3.75,1.93,-4.31,1014.00,1014.00,1014.00,1014.00
104966,0,0,350.00,85.60,2.26,0.00,-2.87,1.87,-3.75,4.00,1014.00,1014.00,1014.00
105158,0,0,350.00,85.60,1.90,0.00,2.19,1.39,1.50,1015.00,1013.00,1013.00,1015.00
105178,0,0,350.00,85.60,1.97,0.00,3.94,1.42,2.94,1015.00,1013.00,1013.00,1015.00
105531,0,0,350.00,85.60,2.25,0.00,-0.37,1.76,0.00,1111.00,1111.00,1111.00,1111.00
105618,0,0,350.00,85.60,2.14,0.00,0.06,1.66,-1.12,1165.00,1165.00,1165.00,1165.00
105644,0,0,350.00,85.60,2.13,0.00,1.00,1.64,0.19,1176.00,1176.00,1176.00,1176.00
105853,0,0,350.00,85.60,2.24,0.00,1.00,1.75,0.25,1202.00,1200.00,1200.00,1202.00
105876,0,0,350.00,85.60,2.27,0.00,2.12,1.75,0.06,1204.00,1202.00,1202.00,1204.00
106035,0,0,350.00,85.60,2.04,0.00,4.12,1.54,-0.06,1220.00,1220.00,1220.00,1220.00
106080,0,0,350.00,85.60,1.96,0.00,-0.62,1.51,3.19,1234.00,1230.00,1230.00,1234.00
106109,0,0,350.00,85.60,1.93,0.00,-2.31,1.47,-0.19,1234.00,1234.00,1234.00,1234.00
106155,0,0,350.00,85.60,1.92,0.00,-2.87,1.46,-5,1238.00,1238.00,1238.00,1238.00
106264,0,0,350.00,85.60,2.02,0.00,-1.44,1.52,3.31,1245.00,1241.00,1241.00,1245.00
106344,0,0,350.00,85.60,2.03,0.00,0.37,1.53,1.69,1253.00,1251.00,1251.00,1253.00
106454,0,0,350.00,85.60,2.12,0.00,1.06,1.60,0.37,1254.00,00,1253.00,1255.00
106549,0,0,350.00,85.60,2.08,0.00,2.62,1.58,3.25,1258.00,1254.00,12540,1257.00
106577,0,0,350.00,85.60,2.00,0.00,-1.50,1.56,-2.25,1256.00,1256.00,1256.00,1256.00
106600,0,0,0,85.60,2.04,0.00,2.00,1.52,1.00,1257.00,1255.00,1255.00,1257.00
106687,0,0,350.00,85.60,2.29,0.00,4.56,1.73,3.94,1260.00,0,1256.00,1260.00
106776,0,0,350.00,85.60,2.22,0.00,-1.75,1.77,-1.87,1258.00,1258.00,12500,1258.00
106801,0,0,350.00,85.60,2.23,0.00,1.75,1.73,0.00,1258.00,1258.00,1258.00,1258.00
107010,1,0,350.00,85.60,2.41,0.00,-0.25,1.92,2.50,1260.00,1256.00,18.00,1258.00
107032,1,1,0.20,-0.03,2.37,26.34,-0.81,-0.23,-28.77,1247.00,1269.00,1269.00,1247.00
107178,1,1,17.32,0.13,2.87,263.52,31.31,-21.08,-243.02,1138.00,1378.00,1378.00,1138.00
107276,1,1,53.96,3.94,10.61,397.0.39,123.25,-55.73,-310.52,1070.00,1446.00,1446.00,1070.00
107534,1,2,180.85,29.77,53.84,549.47,186.69,-151.08,-355.22,1000.00,1576.00,1576.00,1000.00
107836,1,3,322.62,58.29,100.81,295.29,149.44,-264.33,-146.47,1000.00,1627.00,1627.00,1000.00
107883,1,3,331.96,61.29,105.17,243.13,150.87,-270.67,-93.07,1000.00,1614.00,1614.00,1000.00
108071,1,0,350.00,73.29,133.86,0.00,133.81,132.08,142.81,11385.00,1131.00,1131.00,1385.00
108187,1,0,350.00,73.29,131.70,0.00,-153.31,133.98,-115.153.31,1271.00,1245.00,1245.00,1271.00
108520,1,0,350.00,73.29,-26.73,0.00,-385.19,-23.48,-450.94,1067.00,1449.00,1449.00,1067.00
108636,1,0,350.00,73.29,-40.96,0.00,152.69,-42.94,51.69,1255.00,1261.00,1261.00,1255.00
108673,1,0,350.00,73.29,-34.38,0.00,258.19,-37.39,191.62,1312.00,1204.00,1204.00,1312.00
108783,1,0,350.00,73.29,-5.72,0.00,313.12,-12.15,324.75,1379.00,1137.00,1137.00,13798.00
108809,1,0,350.00,73.29,2.75,0.00,284.87,-3.35,294.00,1372.00,1144.00,1144.00,1372.00
108842,1,0,350.00,73.29,14.98,0.00,229.50,9.94,251.00,1362.00,1154.00,1151160.00,1356.00
108867,1,0,350.00,73.29,20.76,0.00,182.44,16.58,216.50,1352.00,1164.00,1164.00,1352.00
108898,1,0,350.00,73.29,24.60,0.00,108.12,23.06,158.06,1333.00,1183.00,1183.00,1333.00
108982,1,0,350.00,73.29,21.78,0.00,-150.62,22.73,-94.37,1234.00,1282.00,1282.00,1234.00
109111,1,0,350.00,73.29,0.72,0.00,-137.87,3.04,-169.87,1193.00,1323.00,1323.00,1193.00
109133,11,0,350.00,73.29,-2.99,0.00,-127.31,-1.01,-129.31,1207.00,1309.00,1309.00,1207.00
109217,1,0,350.00,73.29,-11.26,0.00,-68.12,-11.10,-100.12,1213.00,1303.00,1303.00,1213.00
109254,1,0,350.00,73.29,-11.39,0.00,10.56,-12.27,-12.44,1247.00,1269.00,1269.00,1247.00
109302,1,0,350.00,73.29,-7.57,0.00,96.62,-10.08,78.50,1283.00,1233.00,1233.0.00,1291.00
109328,1,0,350.00,73.29,-4.22,0.00,111.19,-6.91,119.06,1301.00,1215.00,1215.00,1301.00
109356,1,0,350.00,73.29,-1.69,0.00,77.06,-3.77,97.00,1294.00,1222.00,1222.00,1294.00
109419,1,0,350.00,73.29,1.84,0.00,72.44,-0.04,71.69,1286.00,1230.00,1230.00,1286.00
109551,1,0,350.00,73.29,7.46,0.00,1.31,6.97,-7.44,1199.00,1199.00,1199.00,1199.00
109573,1,0,350.00,73.29,6.31,0.00,-55.44,6.35,-41.31,1146.00,11.00,1145.00,1109.00
109673,1,0,350.00,73.29,0.49,0.00,-32.13,0.31,-37.81,1005.00,1033.00,1033.00,100.00
109715,1,0,350.00,73.29,-0.65,0.00,-45.69,-0.70,-39.50,1002.00,1032.00,1032.00,1002.00
109770,1,0,350.00,73.29,-3.37,0.00,-62.69,-3.24,-60.44,1000.00,1040.0.00,1041.00,1000.00
109819,1,0,350.00,73.29,-4.97,0.00,-19.56,-4.92,-50.06,1000.00,1036.00,1036.00,1000.00
109849,1,0,350.00,73.29,-5.07,0.00,0.19,-5.53,-7.94,1008.00,1020.00,1020.00,1008.00
109878,1,0,3500,73.29,-3.87,0.00,35.69,-5.04,29.00,1022.00,1006.00,1006.00,1022.00
109911,1,0,350.00,73.29,-3.38,0.00,9.31,-4.11,25.37,1021.00,1007.00,1007.00,1021.00
109940,1,0,350.00,79,-2.97,0.00,18.50,-3.77,10.06,1015.00,1013.00,1013.00,1015.00
110015,0,0,350.000,73.29,0.25,0.00,58.94,-1.37,52.44,1033.00,1000.00,1000.00,1033.00
110174,0,0,350.00,73.29,4.67,0.00,12.50,4.06,15.69,1022.00,1006.00,1006.00,1022.00
110221,0,0,350.00,73.29,5.17,0.00,6.69,4.62,12.44,1021.00,1007.00,1007.00,1021.
110243,0,0,350.00,73.29,4.81,0.00,-21.81,4.53,-2.69,1015.00,1013.00,1013.00,1015.00
110261,0,0,350.00,729,3.91,0.00,-35.50,3.77,-30.25,1005.00,1023.00,1023.00,1005.00
110333,0,0,350.00,73.29,3.06,0.00,-437.44,2.12,-47.06,1000.00,1031.00,1031.00,1000.00
110381,0,0,350.00,73.29,0.19,0.00,-30.1,-0.30,-30.12,1002.00,1026.00,1026.00,1002.00
110496,0,0,350.00,73.29,-3.18,0.00,-27.00,-3.10,-27.00,1002.00,1026.00,1026.00,1002.00
110599,0,0,350.00,73.29,-2.50,0.00,17.69,-3.17,19.31,1019.00,10090,1009.00,1019.00
110685,0,0,350.00,73.29,-0.80,0.00,31.25,-1.60,22.06,1021.00,1003.00,1003.00,1025.00
110790,0,0,350.,73.29,3.19,0.00,26.87,2.45,29.50,1027.00,1001.00,1001.00,1027.00
110917,0,0,350.00,73.29,4.44,0.00,0.50,3.,0.50,1016.00,1012.00,1012.00,1016.00
110941,0,0,350.00,73.29,4.09,0.00,-12.38,3.90,-2.62,1015.00,1013.00,1013.,1012.00
110971,0,0,350.00,73.29,3.34,0.00,-28.00,3.37,-23.06,1007.00,1021.00,1021.00,1007.00
111052,0,0,350.00,73.29,0.83,0.00,-28.75,0.91,-31.94,1002.00,1026.00,1026.00,1002.00
111090,0,0,350.00,73.29,0.05,0.00,-25.87,0.07,-27.87,1004.00,1024.00,1024.00,1004.00
111139,0,0,350.00,73.29,-1.21,0.00,-27.56,-1.17,-25.37,1004.00,1024.00,1024.00,1004.3.00
111165,0,0,350.00,73.29,-1.96,0.00,-23.87,-1.97,-27.25,1003.00,1025.00,1025.00,1003.00
111199,0,0,3350.00,73.29,-2.48,0.00,-14.50,-2.83,-21.75,1004.00,1024.00,1024.00,1004.00
111247,0,0,350.00,73.29,-2.48,0.00,9.13,-3.12,0.88,1013.00,1015.00,1015.00,1013.00
111380,0,0,350.00,73.29,0.32,0.00,29.81,-0.46,25.19,1023.00,1005.00,1005.00,1023.00
111408,0,0,350.00,73.29,0.92,0.00,32.88,-0.17,29.81,.00,1001.00,1001.00,1027.00
111645,0,0,350.00,73.29,3.88,0.00,-11,3.39,-11.81,1012.00,1016.00,1016.00,1012.00
111751,0,0,350.00,73.29,1.13,0.00,-28.75,0.92,-30.37,10030,1024.00,1024.00,1004.00
111862,0,0,350.00,73.29,-1.41,0.00,-21.37,-1.69,-22.06,1008.00,1026.00,1036.00,1018.00
111893,0,0,350.00,73.29,-2.02,0.00,-14.50,-2.26,-17.31,1020.00,1036.00,1036.00,1020036.00
112016,0,0,350.00,73.29,-1.25,0.00,17.75,-2.09,14.87,1096.00,1088.00,1088.00,1096.00
112060,0,0,350.00,73.29,-0.45,0.00,22.94,-1.16,20.75,1136.00,1122.00,1122.00,1136.00
112088,0,0,350.00,73.29,0.64,0.00,29.19,-0.43,27.00,1170.00,1150.00,1150.00,1170.00
112319,0,0,350.00,73.29,4.09,0.00,-11.63,3.76,-2.12,1210.00,1208.00,1208.00,1210.00
112348,0,0,350.00,73.29,3.52,0.00,-22.06,3.44,-16.37,1218.00,1226.00,1226.00,1218.00
112414,0,0,3550.00,73.29,2.24,0.00,-27.12,2.31,-26.31,1215.00,1233.00,1233.00,1215.00
112444,0,0,350.00,73.29,1.41,0.00,-28.50,1.48,-28.00,1227.00,1247.00,1247.00,1227.00
112472,0,0,350.,73.29,0.70,0.00,-22.44,0.44,-25.56,1254.00,1272.00,1272.00,1254.00
112561,0,0,350.00,73.29,-0.65,00,-2.12,-1.14,-4.69,1284.00,1288.00,1288.00,1284.00
112672,0,0,350.00,73.29,0.39,0.00,16.81,-0.41,14.81,1.00,1283.00,1283.00,1295.00
112755,0,0,350.00,73.29,1.66,0.00,16.50,0.86,16.50,1297.0,1284.00,1284.00,1298.00
112780,0,0,350.00,73.29,2.11,0.00,15.00,1.32,15.69,1298.00,1286.00,1286.00,1298.00
112905,0,0,350.00,73.29,2.72,0.00,-,2.23,-3.50,1295.00,1295.00,1295.00,1295.00
113011,0,0,350.00,73.29,2.17,0.00,-9.13,168,-9.13,1294.00,1298.00,1298.00,1294.00
113034,0,0,350.00,73.29,1.91,0.00,-9.31,1.60,-8.13,1294.00,1298.00,1290,1294.00
113057,0,0,350.00,73.29,1.57,0.00,-12.13,1.31,-11.25,1293.00,1299.00,1299.00,1293.00
113123,0,0,350.00,73.29,0.87,0.00,-4.37,0.48,-7.81,1295.00,1299.00,1299.00,1295.00
113226,0,0,350,73.29,0.81,0.00,1.87,0.29,0.37,1297.00,1297.00,1297.00,1297.00
113364,0,0,350.00,73.29,1.57,0.00,5.94,0.96,8.06,1300.00,1294.00,1294.00,1300.00
113599,0,0,350.00,73.29,1.90,0.00,-4.12,1.49,-4.12,1297.00,1297.00,1297.00,1297.00
113689,1,1,1.92,-0.14,1.53,81.13,-3.75,-2.05,-84.95,1262.00,1332.00,1332.00,1262.00
113708,1,1,3.39,-0.17,1.48,107.67,-5.2,-5.60,-140.56,1235.00,1359.00,1359.00,1235.00
113758,1,1,7.73,-0.26,1.42,161.64,-0.50,-7.99,-164.2-209.49,1198.00,1396.00,1396.00,1198.00
113822,1,1,26.31,0.44,2.98,289.90,42.69,-20.36,-270.74,1155.00,1439.00,1439.00,1155.00
113918,1,1,54.51,4.21,10.7612.12,417.95,139.62,-55.80,-288.26,1118.00,1476.00,1476.00,1118.00
113941,1,1,68.41,6.90,15.17,436.04,161.37,-6-67.29,-291.57,1103.00,1491.00,1491.00,1103.00
114162,1,2,181.80,33.80,59.68,549.36,202.62,-148.00,-339.30,1000.00,1605.00,1605.00,1000.00
114205,1,2,200.58,37.83,65.45,543.87,197.00,-162.74,-343.31,1000.00,1624.00,1624.00,1000.00
114254,76.12,523.93,179.75,-184.54,-342.93,1000.00,1650.00,16504,-334.33,1000.00,1655.00,1655.00,1000.00
114527,1,3,332.46,70.40,119.87,239.90,212.62,-262.06,-35.71,1000.00,1620.00,1620.00,1000.00
114631,1,3,349.48,87.41,149.17,42.24,298.75,-262.07,236.32,1081.00,1513.00,1513.000.00,1104.00
114750,1,0,350.00,90.40,-166.61,0.00,423.00,-175.26,420.62,1364.070.00,1224.00,1224.00,1370.00
114842,1,0,350.00,90.40,-128.34-116.74,0.00,609.31,-128.83,573.87,1451.00,1143.00,1143.00,1451.00
115077,1,0,350.0.00,90.40,31.91,0.00,413.75,27.42,504.25,1511.00,1083.00,1083.00,1511.00
115103,1,0,350.00,90.40,38.56,0.00,319.87,38.07,319.69,1444.00,1150.00,1150.00,1444.00
115209,1,0,350.00,90.40,40.69,0.00,-251.0044,40.20,-251.00,1221.00,1373.00,1373.00,1221.00
115354,1,0,350.00,90.40,-1.03,0.00,--280.62,-1.52,-310.56,1173.00,1419.00,1419.00,1173.00
115450,1,0,350.00,90.90.40,-21.01,0.00,-28.94,-20.58,-96.81,1248.00,1346.00,1346.00,1248.00
115537,1,0,350.00,90.40,-12.36,0.00,205.75,-14.83,153.44,1349.00,1245.00,1245.00,1349.00
115560,1,0,350.000,90.40,-3.45,0.00,238.25,-8.48,234.00,1384.00,1210.00,1210.00,1384.00
115773,1,0,350.00,90.40,122.52,0.00,-15.38,12.17,15.56,1309.00,1285.00,1285.00,1309.00
115800,1,0,350.00,90.40,12.22,0.00,-31.25,12.03,-11.25,1292.00,1302.00,1302.00,1292.00
115905,1,0,350.00,90.40,-0.44,0.00,-93.94,0.86,-106.31,1260.00,1334.00,1334.00,1260.00
115995,1,0,350.00,90.40,-3.17,0.00,-17.62,-3-3.66,-17.62,1288.00,1306.00,1306.00,1288.00
116019,1,0,350.00,90.40,-4.00,0.00,-28.06,-3.93,-27.75,1284.00,1310.00,1310.00,1284.00
116044,1,0,350.00,90.40,-4.61,0.00,-16.19,-4.94,-26.12,1284.00,1310.00,1310.00,1296.00
116119,1,0,350.00,90.40,-1.85,0.00,69.19,-3.01,55.44,1317.00,1277.00,1277.00,13.00
116165,1,0,350.00,90.40,0.56,0.00,87.31,-0.78,76.87,1326.00,1268.00,1268.00,1326.00
116205,1,0,350.00,90.40,3.16,0.00,25.44,2.04,53.13,1319.00,1275.00,1275.00,1319.0
116232,1,0,350.00,90.40,3.44,0.00,3.81,2.90,16.62,1305.00,1289.00,1289.00,1305.00
116361,1,0,350.00,90.40,4.44,0.00,3.06,3.93,11.19,1303.00,1291,1294.00,1300.00
116445,1,0,350.00,90.40,1.31,0.00,-56.19,1.36,-58.50,1275.00,1318.00,1318.00,1276.00
116472,1,0,350.00,90.40,0.23,0.00,-30.19,0.04,-35.13,1284.00,1310.00,1310.00,1284.00
116500,1,0,350.00,90.40,-0.54,0.00,-18.69,-0.77,-24.44,1287.00,1307.00,1307.00,1287.00
116554,1,0,350.00,90.40,-0.18,0.00,3.56,-0.70,11.81,1301.00,1293.00,1293.00,1301.00
116582,1,0,350.00,90.40,-0.66,0.00,-15.50,-0.84,-12.25,1292.00,1302.00,1302.00,1292.00
116618,1,0,350.00,90.40,-1.19,0.00,-16.69,-1.33,-18.50,1289.00,1305.00,1305.00,1289.00
116668,1,0,350.00,90.40,-0.70,0.00,20.69,-1.62,13.38,1301.00,1293.00,1293.00,1301.00
116696,1,0,350.00,90.40,0.22,0.00,38.94,-0.94,25.31,1306.00,1288.00,1288.00,1306.00
116850,1,0,350.00,90.40,2.30,0.00,15.06,1.67,11.88,1301.00,1291.00,1291.00,1301.00
116932,1,0,350.00,90.40,3.04,0.00,-14.06,2.73,5.19,1299.00,1293.00,1293.00,1299.00
116956,1,0,3500,90.40,2.35,0.00,-27.50,2.36,-19.69,1289.00,1301.00,1301.00,1289.00
117138,1,0,350.00,90.40,0.41,0.00,-195.94,-0.08,-19.75,1286.00,1300.00,1300.00,1286.00
117162,1,0,350.00,90.40,-0.11,0.00,-12.25,-0.42,-15.94,1286.0,1297.00,1297.00,1287.00
117278,1,0,350.00,90.40,0.99,0.00,1.62,0.49,4.69,1270.00,1266.00,1266.00,1270.00
117304,1,0,350.00,90.40,0.94,0.00,-1.12,0.48,-3.00,1267.00,1267.00,1267.00,1267.00
117419,1,0,350.00,90.40,2.28,0.00,4.87,1.74,17.06,1136.00,8.00,1038.00,1038.00
117501,1,0,350.00,90.40,1.58,0.00,-5.00,1.23,-11.00,1011.00,1017.00,.00,1013.00
117544,1,0,350.00,90.40,1.56,0.00,0.62,1.07,-1.69,1014.00,1014.00,1014.00,1014.00
117592,1,0,350.00,90.40,1.64,0.00,2.62,1.15,3.75,1016.00,1012.00,1012.00,1016.
118151,1,0,350.00,90.40,1.32,0.00,-12.00,1.09,-6.87,1012.00,1016.00,1016.00,1012.00
118173,1,0,350.00,940,0.87,0.00,-15.56,0.68,-15.50,1007.00,1017.00,1017.00,1007.00
118301,1,0,350.00,90.40,0.37,0.00,-5.25,-0.01,-6.50,1012.00,1016.00,1016.00,1012.00
118344,1,0,350.00,90.40,0.50,0.00,10.56,-0.09,3.12,1013.00,1011.00,1011.00,1013.00
118365,0,0,300,90.40,1.16,0.00,13.38,0.40,14.31,1017.00,1007.00,1007.00,1017.00
118388,0,0,350.00,90.40,1.39,0.00,5.31,0.77,11.19,1018.00,1010.00,1010.00,1018.00
118447,0,0,350.00,90.40,1.70,0.00,9.25,1,9.25,1018.00,1010.00,1010.00,1018.00
118483,0,0,350.00,90.40,2.23,0.00,7.12,1.67,8.88,1018.00,1010.00,1010.00,1018.00
118517,0,0,350.00,90.40,1.92,0.00,-7.31,1.57,-6.25,1013.00,1015.00,1015.00,1013.00
118601,0,0,350.00,90.40,1.61,0.00,-7.94,1.24,-3.31,1014.00,1010,1016.00,1012.00
118628,0,0,350.00,90.40,1.27,0.00,-12.06,0.89,-11.94,1010.00,1018.00,1018.00,1010.00
118664,0,0,350.00,90.40,0.82,0.00,1.00,0.31,-2.81,1014.00,1014.00,1014.00,1014.00
118681,0,0,350.00,90.40,0.83,0.00,0.56,0.34,0.69,1014.00,1014.00,1014.00,1014.00
118749,0,0,50.00,90.40,0.64,0.00,-1.87,0.20,-4.19,1013.00,1015.00,1015.00,1013.00
118827,0,0,350.00,90.40,1.39,0.00,6.81,0.83,8.37,1017.00,1011.00,1011.00,1017.00
118900,0,0,300,90.40,1.87,0.00,9.44,1.24,7.87,1017.00,1011.00,1011.00,1017.00
118964,0,0,350.00,90.40,1.98,0.00,-2.31,1.51,-3.87,1014.00,1014.00,1014.00,1014.00
118981,0,0,350.00,90.40,1.90,0.00,-1.19,1.45,-2.19,1014.00,1014.00,1014.00,1014.00
119020,0,0,350.00,90.40,1.65,0.00,-7.06,1.28,-4.75,1014.00,1016.00,1016.00,1014.00
119038,0,0,350.00,90.40,1.57,0.00,4,1.08,-8.06,1013.00,1017.00,1017.00,1013.00
119064,0,0,350.00,90.40,1.22,0.00,-9.56,0.90,-9.94,1012,1019.00,1019.00,1015.00
119163,0,0,350.00,90.40,0.85,0.00,-3.06,0.39,-2.62,1017.00,1017.00,1017.00,1017.00
119199,0,0,350.00,90.40,0.69,0.00,-3.81,0.23,-3.56,1016.00,1018.00,1018.0,1016.00
119227,0,0,350.00,90.40,0.65,0.00,0.81,0.15,-3.00,1016.00,1018.00,1018.00,1016.00
119342,0,0,350.00,90.40,1.24,0.00,4.06,0.71,4.50,1019.00,1,1015.00,1019.00
119426,0,0,350.00,90.40,1.66,0.00,7.87,1.02,6.87,1022.00,1016.00,1016.00,1.00
119455,0,0,350.00,90.40,1.88,0.00,7.63,1.31,7.94,1022.00,1016.00,1016.00,1022.00
119617,0,0,350.00,90.40,1.98,0.00,0.00,1.49,0.25,1019.00,1019.00,1019.00,1019.00
119681,0,0,350.00,90.40,1.68,0.00,-7.19,1.33,-5.81,1018.00,1020.00,1020.00,1018.00
119717,0,0,35,90.40,1.46,0.00,-7.12,1.12,-7.31,1017.00,1021.00,1021.00,1017.00
119822,0,0,350.00,90.40,1.03,0.00,-3.94,0.59,-4,1018.00,1020.00,1020.00,1018.00
119895,0,0,350.00,90.40,0.69,0.00,-2.25,0.23,-4.50,9.00,1019.00,1019.00,1019.00
120149,0,0,350.00,90.40,1.75,0.00,5.06,1.21,6.87,1022.00,1016.00,1016.00,1022.00
120373,0,0,350.00,90.40,1.66,0.00,-4.94,1.28,-5.25,1018.00,1020.00,1020.00,1018.00
120404,0,0,350.00,90.40,1.52,0.00,-4.19,1.07,-4.56,1018.00,1020.00,1020.00,1018.00
120451,0,0,350.00,.40,1.30,0.00,-5.12,0.90,-4.25,1018.00,1020.00,1020.00,1018.00
120586,0,0,350.00,90.40,0.79,0.00,-75,0.30,-0.50,1019.00,1019.00,1019.00,1019.00
120619,0,0,350.00,90.40,0.80,0.00,0.62,0.31,0.75,1019.00,1019.00,0,1019.00
120640,0,0,350.00,90.40,0.83,0.00,0.75,0.33,0.88,1019.00,1019.00,1019.00,1019.00
120714,0,0,350.00,90.40,1.03,0.00,5.25,0.46,3.94,1020.00,1018.00,1018.00,1020.00
121188,0,0,350.00,90.40,1.68,0.00,4.25,1.15,4.44,1021.00,1017.00,1017.00,00
121211,0,0,350.00,90.40,1.80,0.00,4.62,1.27,4.25,1021.00,1017.00,1017.00,1021.00
121312,0,0,350.00,90.40,1.90,0.00,-2.50,.41,-2.50,1019.00,1019.00,1019.00,1019.00
121330,0,0,350.00,90.40,1.81,0.00,-2.81,1.37,-2.69,1019.00,1019.00,100,1019.00
121351,0,0,350.00,90.40,1.70,0.00,-4.12,1.24,-3.19,1019.00,1019.00,1019.00,1019.00
121393,0,0,350.00,90.40,1.24,0.00,-5.56,0.87,-6.06,1018.00,1020.00,1020.00,1018.00
121413,0,0,00,90.40,1.10,0.00,-3.87,0.65,-5.06,1018.00,1020.00,1020.00,1018.00
121479,0,0,350.00,90.40,0.88,0.00,-1.94,0.42,-,1019.00,1019.00,1019.00,1019.00
121535,0,0,350.00,90.40,1.09,0.00,4.69,0.56,4.31,1021.00,1017.00,1017.00,1021.00
121553,0,0,350.00,90.40,1.24,0.00,5.06,0.70,5.00,1021.00,1017.00,1017.00,1021.00
