millis,armed,fp,roll,pitch,yaw,gx,spr,err_roll,"u2,"
55,0,0,-2.42,6.16,0.00,-33.25,0.09,-2.51,-0.000005
70,0,0,-2.01.74,6.14,0.02,-35.88,0.09,-1.83,-0.000006
86,0,0,-1.39,6.13,0.02,-36.81,0.09,-1.48,-0.000006
103,0,0,0.08,6.09,0.06,-39.31,0.09,-0.01,-0.000007
133,0,0,1.57,6.06,0.09,-39.00,0.09,1.48,-0.000008
163,0,0,2.93,6.04,0.11,-31.81,0.09,2.84,-0.000007
226,0,0,4.31,6.03,0.11,-14.69,0.09,4.22,-0.000004
256,0,0,4.40,6.03,0.11,-11.44,0.09,4.31,-0.000.000002
268,0,0,4.50,6.03,0.10,-0.81,0.09,4.41,-0.000001
296,0,0,3.95,6.04,0.10,15.94,0.09,3.86,0.000002
328,0,0,3.05,6.05,0.10,23.31,0.09,2.96,0.000003
357,0,0,2.15,6.07,0.08,32.69,0.09,2.06,0.000005
395,0,0,-0.77,6.14,0.02,37.44,0.09,-0.86,0.000007
428,0,0,-2.16,6.17,-0.00,35.31,0.09,-2.25,0.000007
443,0,0,-3.06,6.20,-0.03,28.31,0.09,-3.15,0.000006
486,0,0,-3.88,6.22,-0.03,16.37,0.09,-3.97,0.000004
519,0,0,-4.21,6.22,-0.03,4.00,0.09,-4.30,0.000002
534,0,0,-4.08,6.22,-0.03,-8.44,0.09,-4.17,-0.000000
564,0,0,-3.43,6.22,-0.03,-18.69,0.09,-3.52,-0.000002
595,0,0,-2.66,6.19,-0.03,-29.38,0.09,-2.75,-0.000005
641,0,0,0.04,6.13,0.03,-39.19,0.09,-0.05,-0.000007
654,0,0,0.41,6.12,0.04,-39.1,0.09,0.68,-0.000007
666,0,0,1.14,6.10,0.05,-38.94,0.09,1.05,-0.000007
706,0,0,3.58,6.05,0.09,-25.87,0.09,3.49,-0.000006
782,0,0,4.46,6.05,0.09,-1.69,0.09,4.37,-0.000002
795,0,0,4.36,6.05,0.09,8.37,0.09,4.17,0.000000
807,0,0,4.14,6.05,0.09,11.06,0.09,4.05,0.000001
836,0,0,3.62,6.05,0.08,19.37,0.09,3.53,0.000003
884,0,0,0.89,6.13,0.05,36.81,0.09,0.80,0.000007
913,0,0,-0.19,6.15,0.02,37.56,0.09,-0.28,0.000007
941,0,0,-1.98,6.20,-0.02,35.38,0.09,-2.07,0.000007
954,0,0,-2.63,6.22,-0.02,32.63,0.09,-2.72,0.000007
966,0,0,-3.20,6.23,-0.03,30.50,0.09,-3.29,0.000007
982,0,0,-3.67,6.25,-0.03,22.94,0.09,-3.76,0.000005
1009,0,0,-4.37,6.25,-0.03,8.81,0.09,-4.46,0.00000
1049,0,0,-4.45,6.25,-0.03,2.69,0.09,-4.54,0.000002
1064,0,0,-4.41,6.25,-0.03,-4.06,0.09,-4.50,0.000000
1124,0,0,-3.00,6.21,-0.02,-27.44,0.09,-3.092.80,-0.000005
1139,0,0,-2.41,6.19,0.00,-31.13,0.09,-2.50,-0.000005
1172,0,0,-1.07,6.17,0.03,-37.12,0.09,-1.16,-0.000007
1223,0,0,2.13,6.09,0.10,-34.81,0.09,2.04,-0.000007
1249,0,0,2.97,6.08,0.11,-28.75,0.09,2.88,-0.000006
1264,0,0,3.80,6.07,0.11,-18.69,0.09,3.71,-0.000004
1316,0,0,4.12,6.07,0.11,-9.13,0.09,4.03,-0.000003
1331,0,0,4.18,6.07,0.10,-5.87,0.09,4.094.08,-0.000001
1344,0,0,4.12,6.07,0.10,3.37,0.09,4.03,-0.000000
1390,0,0,2.77,6.08,0.08,26.06,0.09,2.68,0.000004
1403,0,0,2.49,6.08,0.08,28.44,0.09,2.40,0.000005
1447,0,0,1.87,6.09,0.08,32.19,0.09,1.78,0.000005
1461,0,0,1.54,6.11,0.07,33.19,0.09,1.45.41,0.000007
1479,0,0,0.14,6.14,0.04,36.69,0.09,0.05,0.000007
1510,0,0,-0.94,6.17,0.02,37.31,0.09,-1.03,0.000007
1546,0,0,-2.33,6.20,-0.01,33.88,0.09,-2.42,0.000007
1593,0,0,-4.20,6.24,-0.03,13.00,0.09,-4.29,0.000004
1623,0,0,-4.53,6.25,-0.04,3.69,0.09,-4.62,0.000002
1698,0,0,-3.69,6.24,-0.03,-21.25,0.09,-3.78,-0.000003
1730,0,0,-2.64,6.22,-0.02,-30.19,0.09,-2.73,-0.000005
1776,0,0,0.11,6.16,0.04,-37.56,0.09,0.02,-0.000007
1789,0,0,0.46,6.15,0.05,-37.12,0.,0.72,-0.000007
1803,0,0,1.14,6.13,0.06,-35.81,0.09,1.05,-0.000007
1818,0,0,1.47,6.12,0.07,-34.88,0.09,2.30,-0.000007
1830,0,0,2.65,6.12,0.09,-28.94,0.09,2.56,-0.000006
1863,0,0,3.49,6.10,0.10,-19.31,0.09,3.40,-0.000004
1878,0,0,3.76,6.10,0.10,-12.88,0.09,3.67,-0.000003
1944,0,0,3.52,6.10,0.08,14.00,0.09,3.43,0.000002
1990,0,0,2.69,6.11,0.08,24.81,0.09,2.60,0.000004
2013,0,0,1.52,6.14,0.06,32.06,0.09,1.43,0.000006
2054,0,0,0.51,6.16,0.05,35.44,0.09,0.42,0.000006
2152,0,0,-3.42,6.26,-0.03,26.44,0.09,-3.51,0.000006
2166,0,0,-3.66,6.27,-0.04,22.06,0.09,-3.96,0.000005
2182,0,0,-4.23,6.28,-0.04,19.69,0.09,-4.32,0.000005
2203,0,0,-4.58,6.28,-0.03,8.00,0.09,-4.67,0.000003
2232,0,0,-4.53,6.28,-0.03,-5.19,0.09,-4.62,0.000000
2264,0,0,-4.04,6.27,-0.03,-17.00,0.09,-4.13,-0.000002
2305,0,0,-1.93,6.23,0.01,-33.94,0.09,-2.02,-0.000006
2337,0,0,-0.89,6.21,0.03,-36.50,0.09,-0.98,-0.000006
2351,0,0,0.52,6.17,0.06,-36.25,0.09,0.43,-0.000007
2383,0,0,1.82,6.14,0.09,-32.63,0.09,1.73,-0.000006
2413,0,0,2.88,6.12,0.11,-25.00,0.09,2.79,-0.000005
2458,0,0,3.77,6.12,0.10,-5.75,0.09,3.68,-0.000002
2475,0,0,3.79,6.12,0.10,-2.81,0.09,3.70,-0.000002
2493,0,0,3.68,6.12,0.09,6.44,0.09,3.59,0.000000
2534,0,0,2.42,6.13,0.09,25.12,0.09,2.33,0.000004
2546,0,0,1.86,6.14,0.09,29.12,0.09,1.77,0.000005
2572,0,0,0.92,6.16,0.07,33.69,0.09,0.83,0.000006
2584,0,0,-0.47,6.20,0.04,36.31,0.09,-0.56,0.000007
2616,0,0,-1.85,6.22,0.01,34.75,0.09,-1.94,0.000007
2663,0,0,-3.97,6.29,-0.01,20.50,0.09,-4.06,0.000005
2695,0,0,-4.49,6.30,-0.01,9.13,0.09,-4.58,0.000003
2716,0,0,-4.58,6.30,-0.01,3.00,0.09,-4.67,0.000002
2779,0,0,-3.50,6.29,-0.00,-23.25,0.09,-3.59,-0.000003
2798,0,0,-2.70,6.27,0.01,-29.56,0.09,-2.79,-0.000005
2825,0,0,-1.41,6.24,0.04,-35.25,0.09,-1.50,-0.000006
2852,0,0,0.32,6.19,0.09,-35.75,0.09,0.23,-0.000007
2868,0,0,0.98,6.17,0.09,-33.94,0.09,0.89,-0.000006
2880,0,0,1.29,6.16,0.10,-32.50,0.09,1.20,-00006
2892,0,0,2.37,6.15,0.13,-25.31,0.09,2.28,-0.000005
2909,0,0,2.94,6.14,0.12,-18.25,0.09,2.85,-0.000004
2921,0,0,3.09,6.14,0.12,-15.63,0.09,3.00,-0.000004
2937,0,0,3.36,6.14,0.12,-9.94,0.09,3.27,-0.000003
2969,0,0,3.23,6.14,0.12,5.19,0.09,3.14,0.000000
2995,0,0,2.82,6.14,0.12,16.56,0.09,2.73,0.000002
3025,0,0,1.93,6.14,0.12,26.00,0.09,1.84,0.000004
3087,0,0,-0.25,6.20,0.08,35.13,0.09,-0.34,0.000007
3118,0,0,-1.62,6.22,0.05,34.69,0.09,-1.71,0.000007
3134,0,0,-2.88,6.25,0.03,30.87,0.09,-2.97,0.000007
3164,0,0,-3.90,6.29,0.03,23.37,0.09,-3.99,0.000005
3178,0,0,-4.10,6.30,0.03,21.18.37,0.09,-4.37,0.000005
3192,0,0,-4.43,6.30,0.03,15.69,0.09,-4.52,0.000004
3236,0,0,-4.61,6.29,0.03,-7.69,0.09,-4.70,-0.000000
3266,0,0,-4.03,6.30,0.03,-19.19,0.09,-4.12,-0.000002
3331,0,0,-2.14,6.24,0.07,-32.81,0.09,-2.23,-0.000005
3362,0,0,-0.81,6.21,0.10,-35.63,0.09,-0.90,-0.000006
3410,0,0,1.77,6.16,0.15,-29.56,0.09,1.68,-0.000006
3451,0,0,3.27,6.14,0.15,-11.19,0.09,3.18,-0.000003
3476,0,0,3.39,6.13,0.15,-2.12,0.09,3.30,-0.000001
3500,0,0,3.17,6.14,0.14,9.63,0.09,3.08,0.000001
3522,0,0,2.30,6.14,0.14,22.44,0.09,2.21,0.000004
3535,0,0,1.52,6.14,0.14,26.56,0.09,1.43,0.000004
3547,0,0,1.23,6.15,0.13,30.25,0.09,1.14,0.000005
3582,0,0,0.28,6.18,0.11,32.56,0.09,0.19,0.000006
3639,0,0,-2.04,6.24,0.06,33.19,0.09,-2.13,0.000007
3667,0,0,-3.21,6.27,0.05,27.75,0.09,-3.30,0.000006
3718,0,0,-4.57,6.29,0.04,8.37,0.09,-4.66,0.000003
3766,0,0,-4.18,6.29,0.04,-15.06,0.09,-4.27,-0.000002
3792,0,0,-3.82,6.29,0.04,-20.31,0.09,-3.91,-0.000003
3806,0,0,-3.35,6.29,0.05,-24.69,0.09,-3.44,-0.000004
3820,0,0,-2.82,6.27,0.05,-28.62,0.09,-2.91,-0.000004
3848,0,0,-0.91,6.24,0.10,-34.44,0.09,-1.00,-0.000006
3888,0,0,0.42,6.20,0.13,-34.63,0.09,0.33,-0.000006
3912,0,0,1.06,6.18,0.14,-32.44,0.09,0.97,-0.000006
3958,0,0,3.46,6.15,0.19,-30.62,0.09,3.37,-0.000007
3994,0,0,3.63,6.19,0.25,10.50,0.09,3.54,0.000001
4022,0,0,2.28,6.15,0.23,35.63,0.09,2.19,0.000006
4040,0,0,1.52,6.16,0.22,39.38,0.09,1.43,0.000007
4068,0,0,-0.12,6.24,0.18,43.63,0.09,-0.21,0.000008
4116,0,0,-2.56,6.26,0.15,21.69,0.09,-2.65,0.000005
4147,0,0,-3.17,6.27,0.14,11.75,0.09,-3.26,0.000003
4188,0,0,-2.93,6.28,0.15,-10.31,0.09,-3.02,-0.000001
4226,0,0,-2.78,6.28,0.15,0.00,0.09,-2.87,0.000001
4248,0,0,-2.80,6.28,0.15,-0.37,0.09,-2.89,0.000001
4294,0,0,-2.64,6.29,0.15,-5.50,0.09,-2.73,-0.000000
4323,0,0,-2.45,6.28,0.15,-3.81,0.09,-2.54,0.000000
4338,0,0,-2.22,6.25,0.15,-10.06,0.09,-2.31,-0.000001
4370,0,0,-1.51,6.25,0.17,-20.62,0.09,-1.60,-0.000003
4386,0,0,-0.87,6.23,0.18,-23.25,0.09,-0.96,-0.000004
4421,0,0,0.52,6.23,0.21,-34.06,0.09,0.43,-0.000006
4435,0,0,1.77,6.18,0.25,-43.38,0.09,1.68,-0.000008
4447,0,0,2.26,6.17,0.26,-50.06,0.09,2.17,-0.000010
4468,0,0,3.77,6.14,0.33,-52.13,0.09,3.68,-0.000011
4486,0,0,6.56,6.02,0.63,-64.50,0.09,6.47,-0.000014
4520,0,0,7.92,5.93,0.88,-69.44,0.09,7.83,-0.000015
4550,0,0,10.97,5.62,1.36,-81.94,0.09,10.88,-0.000018
4569,0,0,14.42,5.57,1.31,-93.06,0.09,14.33,-0.000021
4605,0,0,18.29,5.32,1.30,-108.25,0.09,18.20,-0.000025
4679,0,0,33.30,4.46,1.34,-147.25,0.09,33.21,-0.000036
4742,0,0,46.64,3.86,1.10,-177.06,0.09,46.55,-0.000045
4771,0,0,53.36,3.75,0.97,-175.44,0.09,53.27,-0.000047
4877,0,0,70.28,2.77,0.55,-114.44,0.09,70.19,-0.000040
4890,0,0,73.32,2.69,0.49,-103.62,0.09,73.23,-0.000039
4986,0,0,81.22,2.22,-0.42,-105.00,0.09,81.13,-0.000042
5106,0,0,95.53,2.99,-1.25,-131.37,0.09,95.44,-0.000051
5126,0,0,99.37,2.97,-1.35,-134.31,0.09,99.28,-0.000052
5193,0,0,104.68,2.83,-1.63,-136.06,0.09,104.59,-0.000054
5230,0,0,109.93,2.82,-1.76,-136.19,0.09,109.84,-0.000055
5261,0,0,113.72,2.99,-1.85,-129.19,0.09,113.63,-0.000055
5333,0,0,123.09,3.16,-2.15,-113.44,0.09,123.00,-0.000055
5441,0,0,135.32,3.39,-2.47,-112.44,0.09,135.23,-0.000058
5496,0,0,139.77,3.46,-2.52,-115.44,0.09,139.68,-0.000060
5539,0,0,154.12,3.63,-2.74,-63.50,0.09,154.03,-0.000054
5556,0,0,155.78,3.67,-2.86,-55.25,0.09,155.69,-0.000053
5605,0,0,157.94,3.70,-2.87,-58.13,0.09,157.85,-0.000054
5689,0,0,163.67,3.90,-2.96,-89.25,0.09,163.58,-0.000062
5722,0,0,166.41,3.96,-2.97,-96.25,0.09,166.32,-0.000064
5773,0,0,171.38,4.08,-2.89,-104.50,0.09,171.29,-0.000067
5847,0,0,178.55,4.25,-1.75,-106.19,0.09,178.46,-0.000069
5915,0,0,-172.14,4.24,-2.61,-139.25,0.09,-172.23,0.000022
6006,0,0,-158.55,4.75,-3.20,-213.06,0..09,-154.02,-0.000003
6020,0,0,-151.36,4.97,-3.21,-265.00,0.09,-151.45,-0.000007
6149,0,0,-103.33,6.26,-2.70,-539.75,0.09,-103.42,-0.000071
6258,0,0,-23.16,6.62,-0.73,-847.19,0.09,-23.25,-0.000149
6299,0,0,9.33,5.96,0.01,-830.06,0.09,9.24,-0.000155
6369,0,0,69.20,4.15,0.15,-688.44,0.09,69.11,-0.000146
6418,0,0,93.07,3.16,-0.30,-606.94,0.09,92.98,-0.000137
6457,0,0,110.57,2.83,-0.97,-383.31,0.09,110.48,-0.000101
6519,0,0,128.65,3.19,-1.57,-198.56,0.09,128.56,-0.000072
6607,0,0,130.61,3.15,-2.10,81.50,0.09,130.52,-0.000021
6642,0,0,126.32,3.10,-1.91,149.37,0.09,126.23,-0.000007
6723,0,0,101.35,3.14,-0.91,479.75,0.09,101.26,0.000060
6835,0,0,24.63,5.34,0.49,765.25,0.09,24.54,0.000134
6851,0,0,9.76,5.81,0.35,769.25,0.09,9.67,0.000139
6919,0,0,-33.48,6.89,-0.76,722.69,0.09,-33.57,0.000142
6934,0,0,-47.09,7.04,-1.24,690.94,0.09,-47.18,0.000140
6984,0,0,-70.85,6.69,-2.32,559.81,0.09,-70.94,0.000123
7071,0,0,-102.03,6.30,-2.87,208.37,0.09,-102.12,0.000067
7102,0,0,-105.53,6.15,-2.61,80.37,0.09,-105.62,0.000044
7182,0,0,-99.55,6.35,-2.54,-208.25,0.09,-99.64,-0.000011
7211,0,0,-91.42,6.41,-2.49,-313.56,0.09,-91.51,-0.000032
7287,0,0,-54.38,6.77,-1.86,-591.37,0.09,-54.47,-0.000094
7378,0,0,4.60,6.04,-0.10,-692.62,0.09,4.51,-0.000129
7411,0,0,24.81,5.56,0.16,-692.62,0.09,24.72,-0.000134
7427,0,0,44.19,4.87,0.32,-648.75,0.09,44.10,-0.000132
7504,0,0,71.48,4.08,0.13,-508.75,0.09,71.39,-0.000113
7523,0,0,84.53,3.33,-0.08,-413.81,0.09,84.44,-0.000100
7563,0,0,95.69,2.96,-0.39,-218.81,0.09,95.60,-0.000067
7637,0,0,100.29,3.26,-0.83,92.94,0.09,100.20,-0.000011
7752,0,0,63.12,3.90,0.38,475.19,0.09,63.03,0.000070
7838,0,0,22.81,5.32,0.60,640.81,0.09,22.72,0.000112
7879,0,0,-2.21,6.19,-0.00,644.62,0.09,-2.30,0.000119
7985,0,0,-64.49,6.47,-2.26,385.37,0.09,-64.58,0.000089
8004,0,0,-70.49,6.51,-2.29,284.44,0.09,-70.58,0.000072
8076,0,0,-80.03,6.51,-2.52,70.56,0.09,-80.34,0.000026
8089,0,0,-80.04,6.46,-2.50,-21.50,0.09,-80.13,0.000018
8136,0,0,-75.87,6.67,-2.13,-156.44,0.09,-75.96,-0.000008
8218,0,0,-50.52,6.80,-1.70,-438.44,0.09,-50.61,-0.000067
8251,0,0,-35.96,6.77,-1.19,-525.00,0.09,-36.05,-0.000087
8339,0,0,8.09,6.02,-0.05,-586.94,0.09,8.00,-0.000110
8446,0,0,63.23,3.87,0.47,-327.81,0.09,63.14,-0.000078
8461,0,0,70.24,3.52,0.39,-196.19,0.09,70.15,-0.000056
8528,0,0,74.84,3.63,0.11,-31.31,0.09,74.75,-0.000026
8561,0,0,71.74,3.80,0.03,144.62,0.09,71.65,0.000007
8575,0,0,68.00,3.79,-0.03,207.44,0.09,67.91,0.000019
8693,0,0,36.75,4.93,0.62,465.88,0.09,36.66,0.000076
8708,0,0,27.24,5.20,0.56,499.87,0.09,27.15,0.000084
8759,0,0,-3.24,6.27,0.14,528.37,0.09,-3.33,0.000098
8793,0,0,-23.34,6.75,-0.42,504.31,0.09,-23.43,0.000099
8825,0,0,-36.92,6.92,-0.91,466.94,0.09,-37.01,0.000096
8898,0,0,-62.18,6.51,-2.14,225.62,0.09,-62.27,0.000059
8993,0,0,-65.59,6.64,-2.08,-75.69,0.09,-65.68,0.0000040.000004
9009,0,0,-61.04,6.81,-1.91,-189.19,0.09,-61.13,-0.000018
9055,0,0,-51.09,6.76,-1.65,-298.69,0.09,-51.18,-0.000041
9103,0,0,-36.59,6.70,-1.16,-406.37,0.09,-36.68,-0.000065
9225,0,0,17.01,5.74,0.15,-452.37,0.09,16.92,-0.000088
9257,0,0,33.42,5.25,0.38,-395.19,0.09,33.33,-0.000082
9284,0,0,40.31,4.97,0.46,-341.94,0.09,40.22,-0.000074
9370,0,0,57.37,3.88,0.73,-100.12,0.09,57.28,-0.000034
9404,0,0,57.75,4.20,0.50,32.06,0.09,57.66,-0.000010
9469,0,0,44.38,4.60,0.66,273.37,0.09,44.29,0.000038
9487,0,0,41.53,4.72,0.68,294.00,0.09,418.38,0.000048
9501,0,0,31.70,5.08,0.59,339.19,0.09,31.61,0.000054
9579,0,0,3.95,6.05,0.33,433.56,0.09,3.86,0.000079
9635,0,0,-12.57,6.51,-0.08,411.12,0.09,-12.66,0.000079
9695,0,0,-39.52,6.91,-1.03,279.56,0.09,-39.61,0.000062
9744,0,0,-48.10,6.75,-1.60,183.94,0.09,-48.19,0.000047
9793,0,0,-51.58,6.75,-1.66,28.19,0.09,-51.67,0.000019
9826,0,0,-50.43,6.75,-1.59,-62.63,0.09,-50.52,0.000002
9858,0,0,-46.53,6.83,-1.42,-170.44,0.09,-46.62,-0.000018
9937,0,0,-25.74,6.67,-0.81,-351.25,0.09,-25.83,-0.000057
9992,0,0,-11.51,6.43,-0.37,-376.37,0.09,-11.60,-0.00071
10020,0,0,3.35,6.17,-0.02,-377.62,0.09,3.26,-0.000070
10056,0,0,16.96,5.80,0.24,-337.37,0.09,16.87,-0.000067
10072,0,0,23.18,5.62,0.35,-313.37,0.09,23.09,-0.000064
10153,0,0,39.59,4.72,0.88,-128.56,0.09,39.50,-0.000035
10188,0,0,41.97,4.51,1.00,-12.25,0.09,41.88,-0.000014
10208,0,0,41.75,4.57,0.93,21.62,0.,39.47,0.000007
10262,0,0,38.40,4.92,0.63,119.94,0.09,38.31,0.000011
10277,0,0,33.42,5.01,0.75,197.06,0.09,33.33,0.000027
10324,0,0,26.62,5.32,0.71,248.50,0.09,26.53,0.000038
10370,0,0,9.11,5.91,0.51,326.12,0.09,9.02,0.000058
10403,0,0,-0.61,6.24,0.32,331.94,0.09,-0.70,0.000061
10518,0,0,-34.14,6.97,-0.70,210.06,0.09,-34.23,0.000048
10551,0,0,-37.55,6.96,-0.87,162.94,0.09,-37.64,0.000040
10625,0,0,-41.59,6.84,-1.20,-36.19,0.09,-41.68,0.000005
10732,0,0,-25.04,6.69,-0.75,-242.94,0.09,-25.13,-0.000038
10790,0,0,-11.75,6.47,-0.37,-287.25,0.09,-11.84,-0.000050
10873,0,0,10.07,6.06,0.18,-255.31,0.09,9.98,-0.000050
10975,0,0,27.70,5.38,0.68,-76.06,0.09,27.61,-0.000022
10990,0,0,28.73,5.14,0.96,-13.13,0.09,28.64,-0.000010
11057,0,0,26.41,5.19,1.08,87.94,0.09,26.32,0.000009
11089,0,0,21.32,5.57,0.53,151.62,0.09,21.23,0.000022
11105,0,0,15.99,5.68,0.68,185.06,0.09,15.90,0.000030
11177,0,0,5.20,6.03,0.38,228.81,0.09,5.11,0.000041
11210,0,0,-1.66,6.34,0.37,240.38,0.09,-1.75,0.000045
11290,0,0,-17.99,6.69,-0.17,174.50,0.09,-18.08,0.000037
11326,0,0,-23.38,6.82,-0.42,113.69,0.09,-23.47,0.000027
11355,0,0,-25.84,6.81,-0.46,70.75,0.09,-25.93,0.000020
11438,0,0,-25.49,6.85,-0.47,-58.94,0.09,-25.58,-0.000004
11515,0,0,-16.01,6.62,-0.30,-158.87,0.09,-16.10,-0.000025
11579,0,0,-3.27,6.35,0.23,-189.69,0.09,-3.36,-0.000034
11661,0,0,8.11,6.16,0.69,-108.25,0.09,8.02,-0.000022
11709,0,0,10.28,5.87,1.28,-59.44,0.09,10.19,-0.000014
11754,0,0,11.09,5.79,1.45,0.37,0.09,11.00,-0.000003
11789,0,0,10.34,5.84,1.22,25.87,0.09,10.25,0.000002
11819,0,0,8.81,5.95,0.90,45.69,0.09,8.72,0.000006
11880,0,0,4.67,6.06,0.56,74.94,0.09,4.58,0.000013
11935,0,0,2.03,6.23,0.52,61.13,0.09,1.94,0.000011
12019,0,0,-1.60,6.28,0.42,31.81,0.09,-1.69,0.000006
12051,0,0,-2.41,6.29,0.37,13.50,0.09,-2.50,0.000003
12089,0,0,-2.58,6.24,0.28,0.31,0.09,-2.67,0.000001
12123,0,0,-2.26,6.14,-0.11,-16.69,0.09,-2.35,-0.000002
12170,0,0,-1.50,6.18,-0.58,-32.56,0.09,-1.59,-0.00.000005
12183,0,0,-0.32,6.18,-0.99,-27.00,0.09,-0.41,-0.000005
12238,0,0,0.38,6.32,-0.85,-10.44,0.09,0.29,-0.000002
12272,0,0,0.48,6.25,-0.86,-2.06,0.09,0.39,-0.000000
12322,0,0,0.34,6.06,-0.97,7.12,0.09,0.25,0.000001
12336,0,0,0.18,6.02,-1.00,7.63,0.09,0.09,0.000001
12369,0,0,0.10,5.97,-1.00,-0.50,0.09,0.01,-0.000000
12439,0,0,0.33,5.82,-1.03,-7.00,0.09,0.24,-0.000001
12454,0,0,0.65,5.69,-1.07,-8.06,0.09,0.56,-0.000002
12470,0,0,0.73,5.63,-1.03,-7.81,0.09,0.64,-0.000002
12505,0,0,0.97,5.56,-1.01,-7.63,0.09,0.88,-0.000002
12589,0,0,1.76,5.74,-1.03,-9.06,0.09,1.67,-0.000002
12627,0,0,2.25,5.72,-1.04,-14.06,0.09,2.16,-0.000003
12641,0,0,3.02,5.60,-1.01,-24.87,0.09,2.93,-0.000005
12697,0,0,4.30,5.49,-1.00,-36.25,0.09,4.21,-0.000008
12809,0,0,7.75,5.36,-0.98,-20.69,0.09,7.66,-0.000006
12855,0,0,8.14,5.33,-0.98,-2.37,0.09,8.05,-0.000003
12935,0,0,7.64,5.37,-0.97,6.69,0.09,7.55,-0.000001
12950,0,0,7.42,5.40,-0.95,8.56,0.09,7.33,-0.000000
13030,0,0,5.25,5.73,-0.83,49.00,0.09,5.16,0.000008
13045,0,0,4.77,5.89,-0.87,49.56,0.09,4.68,0.000008
13059,0,0,3.91,6.19,-0.95,42.38,0.09,3.82,0.000007
13087,0,0,3.20,6.29,-0.79,36.38,0.09,3.11,0.000006
13125,0,0,2.27,6.44,-0.52,29.38,0.09,2.18,0.000005
13159,0,0,1.87,6.37,-0.34,-7.00,0.09,1.78,-0.000002
13195,0,0,2.77,6.38,-0.51,-35.88,0.09,2.68,-0.0000
13246,0,0,4.43,6.43,-0.61,-36.50,0.09,4.34,-0.000008
13278,0,0,5.38,6.33,-0.82,-23.12,0.09,5.29,-0.000006
13391,0,0,1.20,6.18,-0.94,75.75,0.09,1.11,0.000014
13505,0,0,-1.46,6.32,-0.94,27.12,0.09,-1.55,0.000005
13540,0,0,-2.08,6.37,-0.95,32.69,0.09,-2.17,0.000007
13615,0,0,-3.85,6.41,-0.86,14.69,0.09,-3.94,0.000004
13652,0,0,-4.20,6.31,-0.95,9.56,0.09,-4.29,0.000003
13731,0,0,-4.26,6.31,-0.96,-1.12,0.09,-4.35,0.000001
13791,0,0,-4.31,6.35,-0.87,2.87,0.09,-4.40,0.000002
13849,0,0,-2.66,6.43,-0.78,-38.63,0.09,-2.75,-0.000006
13888,0,0,-1.20,6.51,-0.60,-33.63,0.09,-1.29,-0.000006
13962,0,0,0.63,6.49,-0.35,-10.00,0.09,0.54,-0.000002
14006,0,0,0.63,6.43,-0.34,6.62,0.09,0.54,0.000001
14058,0,0,0.15,6.44,-0.36,13.56,0.09,0.06,0.000002
14315,0,0,-0.45,6.49,-0.29,15.81,0.09,-0.54,0.000003
14390,0,0,-3.21,6.46,-0.35,24.12,0.09,-3.30,0.000005
14454,0,0,-4.01,6.51,-0.31,-2.62,0.09,-4.10,0.000001
14484,0,0,-3.45,6.52,-0.32,-18.06,0.09,-3.54,-0.000002
14554,0,0,-1.73,6.48,-0.30,-14.19,0.09,-1.82,-0.000002
14571,0,0,-1.35,6.48,-0.30,-11.88,0.09,-1.44,-0.000002
14601,0,0,-0.99,6.47,-0.30,-5.12,0.09,-1.08,-0.000001
14615,0,0,-0.91,6.46,-0.30,-3.31,0.09,-1.00,-0.000000
14628,0,0,-0.86,6.45,-0.30,-2.81,0.09,-0.95,-0.000000
14643,0,0,-0.79,6.45,-0.30,-2.87,0.09,-0.88,-0.000000
14687,0,0,-0.94,6.46,-0.32,4.19,0.09,-1.03,0.000001
14705,0,0,-0.90,6.46,-0.32,0.37,0.09,-0.99,0.000000
14736,0,0,-0.82,6.46,-0.31,-2.56,0.09,-0.91,-0.000000
14773,0,0,-0.45,6.43,-0.29,-3.25,0.09,-0.54,-0.000000
14786,0,0,-0.33,6.42,-0.28,-4.00,0.09,-0.42,-0.000001
14802,0,0,-0.20,6.40,-0.28,-3.44,0.09,-0.29,-0.000001
14852,0,0,0.06,6.38,-0.26,-2.19,0.09,-0.03,-0.000000
14880,0,0,0.15,6.36,-0.26,-1.12,0.09,0.06,-0.000000
14923,0,0,0.15,6.34,-0.25,2.87,0.09,0.06,0.000001
14969,0,0,-0.01,6.35,-0.25,5.81,0.09,-0.10,0.000001
14986,0,0,-0.13,6.33,-0.24,5.44,0.09,-0.22,0.000001
15002,0,0,-0.15,6.33,-0.24,4.12,0.09,-0.24,0.000001
15033,0,0,-0.18,6.34,-0.23,3.25,0.09,-0.27,0.000001
15045,0,0,-0.18,6.33,-0.23,1.87,0.09,-0.24,0.000000
15102,0,0,-0.01,6.30,-0.22,-4.06,0.09,-0.10,-0.000001
15162,0,0,0.24,6.30,-0.21,-4.56,0.09,0.15,-0.00000100001
15172,0,0,0.41,6.28,-0.21,-2.50,0.09,0.32,-0.000001
15224,0,0,0.52,6.28,-0.20,-2.00,0.09,0.43,-0.000000
15339,0,0,0.42,6.26,-0.19,2.75,0.09,0.33,0.000000
15385,0,0,0.38,6.25,-0.19,1.81,0.09,0.29,0.000000
15476,0,0,0.47,6.24,-0.18,-2.56,0.09,0.38,-0.000001
15496,0,0,0.57,6.25,-0.19,-3.12,0.09,0.48,-0.000001
15572,0,0,0.61,6.24,-0.18,1.56,0.09,0.52,0.000000
15617,0,0,0.55,6.24,-0.18,2.94,0.09,0.46,0.000000
15653,0,0,0.35,6.23,-0.18,7.63,0.09,0.26,0.000001
15688,0,0,0.07,6.23,-0.17,6.87,0.09,-0.02,0.000001
15805,0,0,-0.54,6.21,-0.17,5.56,0.09,-0.63,0.000001
15888,0,0,-0.72,6.21,-0.17,2.31,0.09,-0.81,0.000001
15922,0,0,-0.93,6.21,-0.16,7.75,0.09,-1.02,0.000002
15951,0,0,-1.15,6.20,-0.13,7.37,0.09,-1.24,0.000002
16017,0,0,-1.41,6.20,-0.11,1.44,0.09,-1.50,0.000001
16048,0,0,-1.40,6.20,-0.11,-1.44,0.09,-1.49,0.000000
16067,0,0,-1.29,6.20,-0.11,-6.44,0.09,-1.38,-0.000001
16091,0,0,-0.73,6.16,-0.10,-11.56,0.09,-0.82,-0.000002
16137,0,0,-0.27,6.16,-0.10,-17.31,0.09,-0.36,-0.000003
16152,0,0,-0.09,6.16,-0.10,-18.12,00.09,0.16,-0.000003
16163,0,0,0.42,6.16,-0.10,-17.44,0.09,0.33,-0.000003
16264,0,0,1.45,6.13,-0.09,-7.69,0.09,1.36,-0.000002
16314,0,0,1.61,6.13,-0.09,-2.31,0.09,1.52,-0.000001
16345,0,0,1.63,6.10,-0.09,0.25,0.09,1.54,-0.000000
16381,0,0,1.63,6.10,-0.09,-1.06,0.09,1.54,-0.000001
16488,0,0,1.58,6.10,-0.10,4.19,0.09,1.49,0.000000
16536,0,0,1.47,6.10,-0.10,1.62,0.09,1.38,-0.000000
16581,0,0,1.48,6.10,-0.10,-0.44,0.09,1.39,-0.000000
16603,0,0,1.51,6.10,-0.13,-0.94,0.09,1.42,-0.000001
16617,0,0,1.51,6.10,-0.14,-0.81,0.09,1.42,-0.000001
16638,0,0,1.56,6.10,-0.17,-2.12,0.09,1.47,-0.000001
16692,0,0,1.78,6.10,-0.26,-5.81,0.09,1.69,-0.000002
16708,0,0,1.88,6.09,-0.33,-5.06,0.09,1.79,-0.000001
16738,0,0,1.96,6.10,-0.40,-4.69,0.09,1.87,-0.000001
16761,0,0,2.04,6.10,-0.44,-4.19,0.09,1.95,-0.000001
16838,0,0,2.33,6.09,-0.44,-1.37,0.09,2.24,-0.000001
16871,0,0,2.43,6.09,-0.44,-2.75,0.09,2.34,-0.000001
16923,0,0,2.53,6.09,-0.44,-1.19,0.09,2.44,-0.000001
16940,0,0,2.53,6.09,-0.44,-0.25,0.09,2.44,-0.000001
16996,0,0,2.51,6.09,-0.44,0.44,0.09,2.42,-0.000001
17010,0,0,2.62,6.09,-0.44,-4.37,0.09,2.53,-0.000002
17042,0,0,2.67,6.09,-0.44,-4.12,0.09,2.58,--0.000001
17057,0,0,2.73,6.09,-0.44,-1.06,0.09,2.64,-0.000001
17100,0,0,2.73,6.09,-0.44,0.37,0.09,2.64,-0.000001
17149,0,0,2.66,6.09,-0.44,1.56,0.09,2.57,-0.000000
17184,0,0,2.68,6.09,-0.44,-1.25,0.09,2.59,-0.000001
17200,0,0,2.70,6.09,-0.44,-1.31,0.09,2.61,-0.000001
17272,0,0,2.83,6.09,-0.44,-2.75,0.09,2.74,-0.000.000001
17285,0,0,2.90,6.09,-0.43,-2.25,0.09,2.81,-0.000001
17327,0,0,3.01,6.09,-0.44,-2.94,0.09,2.92,-0.000001
17342,0,0,3.03,6.08,-0.43,-2.44,0.09,2.99,-0.000001
17405,0,0,3.10,6.10,-0.44,1.31,0.09,3.01,-0.000001
17458,0,0,2.97,6.10,-0.44,3.87,0.09,2.88,-0.000000
17541,0,0,2.74,6.10,-0.44,0.13,0.09,2.65,-0.000001
17597,0,0,2.75,6.10,-0.43,0.31,0.09,2.66,-0.000001
17641,0,0,2.65,6.10,-0.43,1.62,0.09,2.56,-0.000000
17688,0,0,2.65,6.10,-0.43,0.13,0.09,2.56,-0.000001>01
17701,1,0,2.65,6.10,-0.43,0.50,0.09,2.56,-0.000001
17754,1,0,2.65,6.10,-0.43,-0.37,0.09,2.56,-0.000001
17788,1,0,2.67,6.10,-0.44,-1.31,0.09,2.58,-0.000001
17848,1,0,2.72,6.09,-0.44,-0.06,0.09,2.63,-0.000001
17880,1,0,2.72,6.09,-0.44,-0.06,0.09,2.63,-0.000001
17913,1,0,2.72,6.09,-0.44,0.13,0.09,2.63,-0.000001
17997,1,0,2.70,6.09,-0.43,-0.13,0.09,2.61,-0.000001
18011,1,0,2.71,6.09,-0.43,-0.69,0.09,2.62,-0.000001
18028,1,0,2.75,6.09,-0.43,-1.62,0.09,2.66,-0.000001
18102,1,0,2.65,6.09,-0.42,3.50,0.09,2.56,-0.000000
18116,1,0,2.49,6.10,-0.41,6.87,0.09,2.40,0.000001
18143,1,0,2.41,6.10,-0.40,8.00,0.09,2.32,0.000001
18159,1,0,1.97,6.09,-0.37,12.94,0.09,1.88,0.000002
18209,1,0,1.56,6.09,-0.34,14.62,0.09,1.47,0.000002
18225,1,0,1.29,6.09,-0.31,14.50,0.09,1.06,0.000002
18239,1,0,1.00,6.09,-0.28,14.81,0.09,0.91,0.000002
18313,1,0,0.34,6.09,-0.23,12.13,0.00.09,0.05,0.000002
18328,1,0,0.07,6.09,-0.22,8.56,0.09,-0.02,0.000002
18376,1,0,-0.12,6.09,-0.21,2.69,0.09,-0.21,0.000001
18448,1,0,-0.05,6.09,-0.21,-2.87,0.09,-0.14,-0.000000
18487,1,0,0.04,6.09,-0.21,-2.81,0.09,-0.05,-0.000001
18533,1,0,0.14,6.09,-0.21,-1.19,0.09,0.05,-0.000000
18552,1,0,0.14,6.09,-0.22,-0.19,0.09,0.05,-0.000000
18610,1,0,0.14,6.09,-0.22,0.44,0.09,0.05,0.000000
18678,1,0,0.04,6.09,-0.22,1.62,0.09,-0.05,0.000000
18694,1,0,0.02,6.09,-0.22,0.88,0.09,-0.07,0.000000
18764,1,0,0.02,6.09,-0.22,-0.37,0.09,-0.07,-0.000000
18784,1,0,0.03,6.09,-0.22,-0.56,0.09,-0.06,-0.000000
18831,1,0,0.07,6.09,-0.21,-0.88,0.09,-0.02,-0.000000
18887,1,0,0.09,6.09,-0.21,-0.31,0.09,-0.0000,0.000000
18900,1,0,0.08,6.09,-0.21,0.94,0.09,-0.01,0.000000
18931,1,0,0.02,6.09,-0.22,1.50,0.09,-0.07,0.000000
19016,1,0,-0.09,6.09,-0.21,1.06,0.09,-0.18,0.000000
19105,1,0,-0.08,6.09,-0.21,-0.94,0.09,-0.17,-0.000000
19139,1,0,-0.07,6.09,-0.21,-0.56,0.09,-0.16,-0.000000
19155,1,0,-0.06,6.09,-0.21,-0.75,0.09,-0.15,-0.000000
19221,1,0,-0.05,6.09,-0.21,-0.37,0.09,-0.14,-0.000000
19245,1,0,-0.05,6.09,-0.21,-0.19,0.09,-0.14,0.000000
19294,1,0,-0.02,6.09,-0.21,-1.31,0.09,-0.11,-0.000000
19357,1,0,0.22,6.09,-0.21,-2.56,0.09,0.13,-0.000001
19390,1,0,0.25,6.10,-0.22,-0.62,0.09,0.16,-0.000000
19409,1,0,0.25,6.10,-0.22,0.1,0.09,0.15,0.000000
19456,1,0,0.21,6.10,-0.22,1.37,0.09,0.12,0.000000
19471,1,0,0.17,6.10,-0.22,2.06,0.09,0.08,0.000000
19502,1,0,0.14,6.10,-0.22,3.19,0.09,0.05,0.000001
19519,1,0,0.04,6.09,-0.22,3.56,0.09,-0.05,0.000001
19570,1,0,-0.07,6.09,-0.22,1.06,0.09,-0.16,0.000000
19603,1,0,-0.06,6.09,-0.22,-0.75,0.09,-0.15,-0.000000
19620,1,0,-0.05,6.09,-0.22,-0.88,0.09,-0.14,-0.000000
19713,1,0,0.02,6.09,-0.22,-0.31,0.09,-0.07,-0.000000
19729,1,0,0.01,6.09,-0.22,0.81,0.09,-0.08,0.000000
19807,1,0,-0.03,6.09,-0.22,0.44,0.09,-0.12,000
19820,1,0,-0.05,6.09,-0.22,0.62,0.09,-0.14,0.000000
19834,1,0,-0.05,6.09,-0.22,0.56,0.09,-0.14,0.000000
19851,1,0,-0.05,6.09,-0.22,-0.13,0.09,-0.14,0.000000
19914,1,0,-0.04,6.09,-0.23,-1.37,0.09,-0.13,-0.000000
19947,1,0,0.01,6.10,-0.22,-1.56,0.09,-0.08,-0.000000
19980,1,0,0.04,6.10,-0.23,-1.19,0.09,-0.05,-0.000000
20053,1,0,0.08,6.09,-0.23,0.06,0.09,-0.01,0.000000
20093,1,0,0.04,6.09,-0.23,1.00,0.09,-0.05,0.000000
20159,1,0,-0.03,6.09,-0.23,-0.56,0.09,-0.12,-0.000000
20209,1,0,0.00,6.09,-0.23,-1.44,0.09,-0.09,-0.000000
20259,1,0,0.09,6.08,-0.23,-2.19,0.09,-0.00,-0.000000
20273,1,0,0.13,6.09,-0.24,-2.69,0.09,0.04,-0.000001
20288,1,0,0.18,6.09,-0.24,-2.37,0.09,0.09,-0.000000
20317,1,0,0.21,6.08,-0.23,-1.94,0.09,0.12,-0.000000
20377,1,0,0.26,6.09,-0.24,-1.12,0.09,0.17,-0.000000
20393,1,0,0.27,6.09,-0.24,-0.62,0.09,0.18,-0.000000
20422,1,0,0.27,6.09,-0.24,-0.25,0.09,0.18,-0.000000
20442,1,0,0.25,6.09,-0.24,0.94,0.09,0.16,0.000000
20490,1,0,0.16,6.08,-0.24,1.69,0.09,0.07,0.000000
20521,1,0,0.09,6.08,-0.24,1.75,0.09,-0.00,0.000000
20549,1,0,0.06,6.08,-0.24,1.06,0.09,-0.03,0.000000
20634,1,0,0.02,6.07,-0.24,-0.62,0.09,-0.07,-0.000000
20647,1,0,0.02,6.07,-0.24,0.00,0.09,-0.07,0.000000
20713,1,0,0.00,6.07,-0.25,0.31,0.09,-0.09,0.000000
20758,1,0,-0.01,6.07,-0.25,-0.19,0.09,-0.10,-0.000000
20780,1,0,-0.01,6.07.07,-0.25,-0.62,0.09,-0.09,-0.000000
20793,1,0,0.00,6.07,-0.25,-0.62,0.09,-0.09,-0.000000
20859,1,0,0.05,6.07,-0.25,-1.31,0.09,-0.04,-0.000000
20904,1,0,0.08,6.07,-0.26,-1.50,0.09,-0.01,-0.000000
20974,1,0,0.10,6.08,-0.25,-0.50,0.09,0.01,-0.000000
21013,1,0,0.08,6.08,-0.25,0.69,0.09,-0.01,0.000000
21075,1,0,-0.04,6.08,-0.25,0.81,0.09,-0.13,0.000000
21095,1,0,-0.04,6.08,-0.25,0.31,0.09,-0.13,0.000000
21113,1,0,-0.05,6.08,-0.25,-0.06,0.09,-0.14,0.000000
21177,1,0,-0.03,6.08,-0.26,-1.19,0.09,-0.12,-0.000000
21195,1,0,0.01,6.09,-0.26,-1.75,0.09,-0.08,-0.000000
21208,1,0,0.02,6.09,-0.26,-2.06,0.09,-0.07,-0.000000
21222,1,0,0.06,6.09,-0.26,-1.69,0.09,-0.03,-0.000000
21343,1,0,0.08,6.08,-0.26,-0.31,0.09,-0.01,-0.000000
21369,1,0,0.06,6.08,-0.26,0.69,0.09,-0.03,0.000000
21383,1,0,0.01,6.08,-0.27,1.25,0.09,-0.08,0.000000
21428,1,0,-0.02,6.08,-0.27,0.25,0.09,-0.11,0.000000
21466,1,0,0.01,6.08,-0.27,-1.44,0.09,-0.08,-0.000000
21551,1,0,0.15,6.08,-0.26,-1.62,0.09,0.06,-0.000000
21567,1,0,0.18,6.08,-0.26,-0.69,0.09,0.09,-0.000000
21641,1,0,0.22,6.08,-0.27,-0.75,0.09,0.13,-0.000000
21655,1,0,0.22,6.08,-0.27,-0.31,0.09,0.13,-0.000000
21689,1,0,0.22,6.08,-0.27,0.50,0.09,0.13,0.000000
21710,1,0,0.22,6.08,-0.27,0.06,9,0.12,0.000000
21750,1,0,0.21,6.08,-0.27,0.50,0.09,0.12,0.000000
21782,1,0,0.18,6.08,-0.26,0.62,0.09,0.09,0.000000
21796,1,0,0.15,6.08,-0.26,0.88,0.09,0.06,0.000000
21863,1,0,0.13,6.08,-0.27,0.50,0.09,0.04,0.000000
21897,1,0,0.13,6.08,-0.27,-0.44,0.09,0.04,-0.000000
22015,1,0,0.24,6.09,-0.27,-0.37,0.09,0.15,-0.000000
22035,1,0,0.23,6.15,-0.27,-0.88,0.09,0.14,-0.000000
22147,1,0,0.36,6.15,-0.28,-3.37,0.09,0.27,-0.000001
22173,1,0,0.26,6.22,-0.27,4.37,0.09,0.17,0.000001
22241,1,0,0.47,6.14,-0.28,-9.50,0.09,0.38,-0.000002
22324,1,0,1.61,6.11,-0.27,-24.62,0.09,1.52,-0.000005
22357,1,0,2.56,6.21,-0.26,-23.44,0.09,2.47,-0.000005
22370,1,0,3.08,6.21,-0.25,-29.06,0.09,2.99,-0.000006
22489,1,0,6.29,6.11,0.06,-46.00,0.09,6.20,-0.000010
22555,1,0,10.82,5.93,0.63,-63.37,0.09,10.73,-0.000015
22592,1,0,12.79,5.83,0.86,-68.31,0.09,12.70,-0.000016
22700,1,0,20.89,5.27,1.77,-66.19,0.09,20.80,-0.000018
22789,1,0,25.63,4.96,1.82,-55.88,0.09,25.54,-0.000017
22802,1,0,26.62,4.89,1.83,-50.19,0.09,26.53,-0.000017
22819,1,0,27.09,4.90,1.83,-49.00,0.09,27.00,-0.000016
22832,1,0,28.47,4.81,1.83,-47.13,0.09,28.38,-0.000017
22929,1,0,31.91,4.62,1.84,-42.44,0.09,31.82,-0.000017
22977,1,0,33.49,4.55,1.81,-41.44,0.09,33.40,-0.000017
23016,1,0,35.24,4.43,1.82,-46.56,0.09,35.15,-0.000018
23064,1,0,37.05,4.37,1.80,-48.19,0.09,36.96,-0.000019
23164,1,0,43.70,3.80,1.67,-64.69,0.09,43.61,-0.000024
23180,1,0,44.97,3.68,1.64,-65.00,0.09,44.88,-0.000024
23243,1,0,48.35,3.44,1.50,-72.31,0.09,48.26,-0.000027
23276,1,0,51.21,3.23,1.33,-72.69,0.09,51.12,-0.000028
23392,1,0,59.82,3.05,0.62,-76.69,0.09,59.73,-0.000031
23404,1,0,61.34,3.06,0.50,-79.37,0.09,61.25,-0.000032
23472,1,0,65.18,3.16,0.26,-81.19,0.09,65.09,-0.000033
23509,1,0,68.31,3.08,0.16,-82.25,0.09,68.22,-0.000034
23524,1,0,70.68,3.00,0.10,-81.94,0.09,70.59,-0.000035
23612,1,0,76.53,2.94,-0.10,-87.19,0.09,76.44,-0.000037
23625,1,0,78.30,2.90,-0.16,-93.19,0.09,78.21,-0.000039
23642,1,0,80.05,2.86,-0.22,-89.25,0.09,79.96,-0.000039
23705,1,0,84.63,2.82,-0.38,-96.19,0.09,84.54,-0.000041
23738,1,0,88.25,2.81,-0.52,-91.62,0.09,88.16,-0.000041
23822,1,0,95.05,2.74,-0.72,-81.75,0.09,94.96,-0.000041
23857,1,0,96.55,2.72,-0.79,-76.50,0.09,96.46,-0.000041
23872,1,0,98.06,2.69,-0.83,-78.50,0.09,97.97,-0.00000.000041
23886,1,0,99.47,2.68,-0.92,-71.62,0.09,99.38,-0.000041
23958,1,0,105.02,2.77,-1.12,-71.19,0.09,104.93,-0.000042
24068,1,0,111.74,2.7.79,-1.39,-70.75,0.09,112.34,-0.000044
24084,1,0,113.14,2.78,-1.39,-73.62,0.09,113.05,-0.000045
24136,1,0,115.92,2.81,-1.50,-69.69,0.09,115.83,-0.000045-0.000045
24165,1,0,118.58,2.85,-1.60,-68.06,0.09,118.49,-0.000045
24205,1,0,121.09,2.91,-1.66,-63.06,0.09,121.00,-0.000045>0.000045
24232,1,0,122.93,3.02,-1.62,-63.88,0.09,122.84,-0.000046
24300,1,0,127.32,3.07,-1.75,-46.63,0.09,127.23,-0.000044
24396,1,0,129.71,3.02,-1.79,-17.25,0.09,129.62,-0.000039
24415,1,0,129.95,2.90,-1.95,-4.87,0.09,129.86,-0.000037
24472,1,0,130.07,2.91,-1.94,-4.69,0.09,129.98,-0.000037
24511,1,0,130.33,2.95,-1.96,-9.94,0.09,130.24,-0.000038
24546,1,0,131.11,3.01,-2.02,-26.37,0.09,131.02,-0.000041
24629,1,0,133.01,3.02,-2.08,-23.50,0.09,132.92,-0.000041
24705,1,0,135.22,3.07,-2.14,-36.56,0.09,135.13,-0.000044
24770,1,0,138.17,3.11,-2.21,-35.69,0.09,138.08,-0.000045
24877,1,0,142.39,3.22,-2.32,-41.56,0.09,142.30,-0.000047
24923,1,0,144.03,3.29,-2.33,-42.88,0.09,143.94,-0.000048
24985,1,0,145.67,3.34,-2.31,-42.44,0.09,145.58,-0.000048
25045,1,0,148.78,3.34,-2.39,-47.00,0.09,148.69,-0.000050
25117,1,0,152.57,3.49,-2.43,-51.38,0.09,152.48,-0.000052
25237,1,0,157.88,3.62,-2.48,-43.50,0.09,157.79,-0.000052>2
25251,1,0,159.16,3.69,-2.51,-45.75,0.09,159.07,-0.000052
25323,1,0,161.60,3.74,-2.53,-53.81,0.09,161.51162.05,-0.000055
25339,1,0,163.23,3.81,-2.53,-56.25,0.09,163.14,-0.000056
25382,1,0,165.46,3.91,-2.57,-56.19,0.09,165.37,-0.000056
25438,1,0,167.53,3.93,-2.62,-52.63,0.09,167.44,-0.000056
25469,1,0,169.62,3.99,-2.69,-53.50,0.09,169.53,-0.000057
25552,1,0,175.94,4.17,-2.80,-108.69,0.09,175.85,-0.000071
25565,1,0,178.39,4.26,-2.92,-131.87,0.09,178.30,-0.000074
25619,1,0,-175.60,4.48,-2.88,-169.25,0.09,-175.69,0.000018
25704,1,0,-160.61,4.31,-1.89,-222.37,0.09,-160.70,0.000004
25798,1,0,-122.12,6.19,-3.03,-457.50,0.09,-122.21,-0.000050
25926,1,0,-48.98,6.69,-0.98,-743.06,0.09,-49.07,-0.0001200127
25940,1,0,-34.33,6.69,-0.57,-757.87,0.09,-34.42,-0.000130
26024,1,0,27.41,5.47,0.77,-643.00,0.09,27.32,-0.000126
26071,1,0,48.19,4.85,0.88,-513.81,0.09,48.10,-0.000108
26149,1,0,67.71,3.67,1.00,-141.19,0.09,67.62,-0.000045
26238,1,0,57.42,4.04,0.77,228.69,0.09,57.33,0.000026
26250,1,0,50.90,4.39,1.17,356.87,0.09,50.81,0.000052
26268,1,0,47.17,4.63,1.19,385.94,0.09,47.08,0.000058
26285,1,0,34.95,4.91,1.05,436.50,0.09,34.86,0.000071
26309,1,0,30.56,5.09,1.11,454.69,0.09,30.6.33,0.000087
26351,1,0,11.57,5.73,0.95,500.56,0.09,11.48,0.000089
26382,1,0,-7.02,6.45,0.61,458.94,0.09,-7.11,0.000086
26399,1,0,-15.45,6.55,0.36,424.37,0.09,-15.54,0.000082
26465,1,0,-31.27,6.93,-0.17,253.00,0.09,-31.36,0.000055
26483,1,0,-36.76,6.92,-0.50,154.00,0.09,-36.85,0.000039
26656,1,0,-17.31,6.63,-0.11,-277.25,0.09,-17.40,-0.000046
26728,1,0,4.00,6.25,0.40,-304.81,0.09,3.91,-0.000057
26766,1,0,14.81,5.91,0.60,-265.75,0.09,14.72,-0.000053
26827,1,0,29.13,5.60,0.82,-114.87,0.09,29.04,-0.000029
26885,1,0,31.21,5.36,1.05,-16.75,0.09,31.12,-0.000012
26903,1,0,30.06,5.24,1.30,54.31,0.09,29.97,0.000002
26953,1,0,27.45,5.22,1.49,109.25,0.09,27.36,0.000013
26982,1,0,24.96,5.31,1.51,145.12,0.09,23.44,0.000020
26992,1,0,22.00,5.58,1.19,156.81,0.09,21.91,0.000023
27046,1,0,13.43,5.86,0.76,184.44,0.09,13.34,0.000030
27062,1,0,9.96,5.96,1.03,177.31,0.09,9.87,0.000030
27079,1,0,6.69,6.08,0.99,171.94,0.09,6.60,0.000030
27092,1,0,3.63,6.14,0.64,154.37,0.09,3.54,0.000027
27158,1,0,-2.53,6.31,0.59,105.12,0.09,-2.62,0.000020
27191,1,0,-5.39,6.44,0.64,55.88,0.09,-5.48,0.000012
27231,1,0,-6.21,6.33,0.36,11.81,0.09,-6.30,0.000004
27303,1,0,-3.66,6.31,0.41,-65.37,0.09,-3.75,-0.000011
27317,1,0,-1.25,6.22,0.47,-87.69,0.09,-1.34,-0.000016
27382,1,0,3.36,6.16,0.58,-97.25,0.09,3.27,-0.000019
27416,1,0,7.03,6.05,0.42,-93.94,0.09,6.94,-0.000019
27502,1,0,12.15,5.94,0.61,-52.44,0.09,12.06,-0.000013
27550,1,0,13.32,5.87,0.67,-18.50,0.09,13.23,-0.000007
27622,1,0,12.85,5.94,0.64,25.19,0.09,12.76,0.000001
27635,1,0,11.69,5.90,0.63,46.06,0.09,11.60,0.000005
27654,1,0,11.23,5.92,0.61,47.50,0.09,11.14,0.000006
27669,1,0,9.79,5.92,0.58,46.69,0.09,9.70,0.000006
27692,1,0,9.33,5.91,0.57,47.56,0.09,9.24,0.000006
27769,1,0,5.80,5.99,0.49,52.69,0.09,5.71,0.000008
27805,1,0,4.03,6.03,0.47,38.56,0.09,3.94,0.000006
27843,1,0,3.05,6.06,0.57,21.31,0.09,2.96,0.000003
27869,1,0,2.65,6.05,0.59,8.94,0.09,2.56,0.000001
27916,1,0,2.71,6.09,0.61,-9.13,0.09,2.62,-0.000002
27957,1,0,3.54,6.09,0.64,-28.62,0.09,3.45,-0.000006
27991,1,0,4.62,6.07,0.64,-28.50,0.09,4.53,-0.000006
28074,1,0,6.73,6.03,0.65,-38.75,0.09,6.64,-0.000009
28102,1,0,7.99,6.00,0.67,-27.25,0.09,7.90,-0.000007
28144,1,0,8.79,5.98,0.68,-17.31,0.09,8.70,-0.000006
28220,1,0,9.52,5.99,0.68,2.75,0.09,9.43,-0.000002
28265,1,0,9.26,5.95,0.68,13.81,0.09,9.17,0.000000
28309,1,0,8.54,5.92,0.66,14.56,0.09,8.45,0.000001
28322,1,0,8.19,5.90,0.64,17.44,0.09,8.10,0.000001
28354,1,0,7.72,5.95,0.64,24.81,0.09,7.63,0.000002
28371,1,0,7.26,5.95,0.64,22.87,0.09,7.17,0.000002
28384,1,0,6.98,5.95,0.62,28.06,0.09,6.89,0.000003
28418,1,0,6.13,5.92,0.62,19.87,0.09,6.04,0.000002
28452,1,0,5.11,5.95,0.58,16.25,0.09,5.02,0.000002
28496,1,0,4.20,5.95,0.52,15.38,0.09,4.11,0.000002
28512,1,0,3.80,6.02,0.52,3.44,0.09,3.71,-0.000000
28569,1,0,3.82,6.01,0.53,-3.44,0.09,3.73,-0.000002
28691,1,0,4.26,5.99,0.48,-15.06,0.09,4.17,-0.000004
28732,1,0,4.78,5.94,0.48,-16.81,0.09,4.69,-0.000004000004
28767,1,0,4.58,5.93,0.40,-14.38,0.09,4.49,-0.000004
28801,1,0,4.62,5.98,0.35,-17.94,0.09,4.53,-0.000005
28844,1,0,4.97,5.94,0.34,-6.25,0.09,4.88,-0.000003
28924,1,0,4.59,5.86,0.28,-1.44,0.09,4.50,-0.000002
28955,1,0,4.49,5.86,0.27,7.50,0.09,4.40,0.000000
28999,1,0,3.93,5.86,0.24,6.25,0.09,3.84,0.000000
29047,1,0,3.71,5.87,0.23,3.56,0.09,3.62,-0.000000
29065,1,0,3.37,5.88,0.21,7.12,0.09,3.28,0.000000
29079,1,0,3.24,5.90,0.22,13.31,0.09,3.15,0.000002
29119,1,0,2.56,5.90,0.20,11.50,0.09,2.47,0.000001
29150,1,0,2.17,5.93,0.19,8.94,0.09,2.08,0.000001
29191,1,0,1.97,5.99,0.19,6.00,0.09,1.88,0.000001
29222,1,0,.67,5.99,0.18,7.56,0.09,1.58,0.000001
29235,1,0,1.54,5.97,0.16,1.81,0.09,1.45,-0.000000
29291,1,0,1.45,6.00,0.15,-3.56,0.09,1.36,-0.000001
29306,1,0,1.42,6.00,0.15,-4.06,0.09,1.32,-0.000001
29320,1,0,1.39,5.98,0.14,-4.19,0.09,1.30,-0.000001
29365,1,0,1.27,6.02,0.10,-6.19,0.09,1.18,-0.000001
29415,1,0,1.44,6.02,0.10,-7.37,0.09,1.35,-0.000002
29461,1,0,1.64,6.02,0.09,-5.56,0.09,1.55,-0..000002
29473,1,0,1.66,6.03,0.07,-7.00,0.09,1.57,-0.000002
29490,1,0,1.73,6.03,0.08,-7.44,0.09,1.64,-0.000002
29509,1,0,1.84,6.04,0.07,-8.31,0.09,1.75,-0.000002
29530,1,0,1.89,6.04,0.06,-7.1.06,0.09,1.87,-0.000001
29577,1,0,1.97,6.02,0.05,-3.62,0.09,1.88,-0.000001
29599,1,0,1.93,6.03,0.04,-3.56,0.09,1.84,-0.000001
29644,1,0,1.93,6.03,0.02,-3.50,0.09,1.84,-0.000001
29691,1,0,1.86,6.03,0.02,1.69,0.09,1.77,-0.000000
29737,1,0,1.63,6.04,0.01,2.50,0.09,1.54,0.000000
29767,1,0,1.46,6.04,0.00,3.06,0.09,1.37,0.000000
29823,1,0,0.86,6.05,-0.03,6.44,0.09,0.77,0.000001
29883,1,0,0.57,6.05,-0.04,4.56,0.09,0.48,0.000001
29901,1,0,0.33,6.05,-0.05,6.06,0.09,0.24,0.000001
29943,1,0,0.14,6.05,-0.04,4.69,0.09,0.05,0.000001
29979,1,0,-0.03,6.07,-0.06,1.50,0.09,-0.12,0.000000
30067,1,0,-0.18,6.07,-0.07,0.00,0.09,-0.27,0.000000
30151,1,0,-0.03,6.07,-0.08,-3.75,0.09,-0.12,-0.000001
30186,1,0,0.06,6.07,-0.08,-4.69,0.09,-0.03,-0.000001
30279,1,0,0.63,6.09,-0.08,-4.44,0.09,0.54,-0.000001
30332,1,0,0.74,6.08,-0.09,-7.81,0.09,0.65,-0.000002
30399,1,0,0.80,6.04,-0.10,-0.94,0.09,0.71,-0.000000
30444,1,0,0.70,6.03,-0.10,0.13,0.09,0.61,-0.000000
30492,1,0,0.58,6.03,-0.11,2.69,0.09,0.49,0.000000
30506,1,0,0.49,6.05,-0.11,4.06,0.09,0.40,0.000001
30522,1,0,0.44,6.05,-0.11,4.69,0.09,0.35,0.000001
30538,1,0,0.27,6.07,-0.11,3.56,0.09,0.18,0.000001
30604,1,0,0.07,6.09,-0.12,3.44,0.09,-0.02,0.000001
30639,1,0,-0.06,6.04,-0.12,2.31,0.09,-0.15,0.000000
30769,1,0,-0.29,6.09,-0.11,2.87,0.09,-0.38,0.000001
30789,1,0,-0.31,6.12,-0.12,1.06,0.09,-0.40,0.000000
30856,1,0,-0.07,6.06,-0.11,-4.62,0.09,-0.16,-0.000001
30885,1,0,-0.03,6.09,-0.11,-1.31,0.09,-0.12,-0.000000
30971,1,0,0.13,6.12,-0.10,-5.44,0.09,0.04,-0.000001
31005,1,0,0.27,6.13,-0.10,-0.69,0.09,0.18,-0.000000
31086,1,0,0.39,6.12,-0.11,-2.12,0.09,0.30,-0.000000
31129,1,0,0.39,6.12,-0.11,1.00,0.09,0.30,0.000000
31214,1,0,0.38,6.12,-0.11,1.19,0.09,0.29,0.000000
31260,1,0,0.29,6.12,-0.10,4.00,0.09,0.20,0.000001
31293,1,0,0.23,6.15,-0.11,0.94,0.09,0.14,0.000000
31341,1,0,0.18,6.16,-0.11,0.06,0.09,0.09,-0.000000
31369,1,0,0.16,6.12,-0.10,0.44,0.09,0.07,0.000000
31452,1,0,0.13,6.12,-0.11,0.19,0.09,0.04,0.000000
31474,1,0,0.11,6.12,-0.11,0.56,0.09,0.02,0.000000
31526,1,0,0.14,6.16,-0.10,-2.25,0.09,0.05,-0.000000
31545,1,0,0.20,6.17,-0.12,-3.56,0.09,0.11,-0.000001
31559,1,0,0.27,6.17,-0.10,-2.81,0.09,0.18,-0.000001
31577,1,0,0.34,6.18,-0.11,-2.94,0.09,0.25,-0.000001
31678,1,0,0.49,6.18,-0.09,-2.12,0.09,0.40,-0.000001
31715,1,0,0.56,6.19,-0.09,-2.12,0.09,0.47,-0.000001
31797,1,0,0.62,6.18,-0.09,-2.69,0.09,0.53,-0.000001
31831,1,0,0.67,6.17,-0.09,-1.19,0.09,0.58,-0.000000
31893,1,0,0.64,6.18,-0.09,-1.56,0.09,0.55,-0.000000
31940,1,0,0.66,6.18,-0.10,-0.25,0.09,0.57,-0.000000
32018,1,0,0.53,6.20,-0.11,-0.06,0.09,0.44,-0.000000
32036,1,0,0.54,6.19,-0.11,-0.75,0.09,0.45,-0.000000
32104,1,0,0.50,6.21,-0.11,0.50,0.09,0.41,-0.000000
32136,1,0,0.50,6.21,-0.12,0.00,0.09,0.41,-0.000000
32170,1,0,0.50,6.21,-0.11,0.62,0.09,0.41,0.000000
32241,1,0,0.44,6.23,-0.11,0.37,0.09,0.35,-0.000000
32284,1,0,0.44,6.21,-0.11,0.56,0.09,0.35,0.000000
32351,1,0,0.41,6.21,-0.11,0.19,0.09,0.32,-0.000000
32400,1,0,0.43,6.21,-0.12,-0.56,0.09,0.34,-0.000000
32449,1,0,0.43,6.22,-0.12,-0.56,0.09,0.34,-0.000000>
32460,1,0,0.48,6.21,-0.11,-1.62,0.09,0.39,-0.000000
32479,1,0,0.49,6.20,-0.11,-1.31,0.09,0.40,-0.000000
32496,1,0,0.53,6.21,-0.12,-1.44,0.09,0.44,-0.000000
32580,1,0,0.67,6.21,-0.12,-2.19,0.09,0.58,-0.000001
32630,1,0,0.74,6.21,-0.11,-2.25,0.09,0.65,-0.000001
32684,1,0,0.79,6.23,-0.12,-0.50,0.09,0.70,-0.0000000.000000
32697,1,0,0.80,6.22,-0.12,-0.31,0.09,0.71,-0.000000
32728,1,0,0.82,6.22,-0.11,-0.50,0.09,0.73,-0.000000
32820,1,0,0.75,6.21,-0.11,2.06,0.09,0.66,0.000000
32866,1,0,0.72,6.24,-0.11,0.13,0.09,0.63,-0.000000
32881,1,0,0.68,6.24,-0.10,1.37,0.09,0.59,0.000000
32927,1,0,0.61,6.23,-0.10,1.56,0.09,0.52,0.000000
32982,1,0,0.61,6.23,-0.10,-1.44,0.09,0.52,-0.000000
32996,1,0,0.61,6.221,-0.10,-0.25,0.09,0.53,-0.000000
33043,1,0,0.65,6.24,-0.10,-0.44,0.09,0.56,-0.000000
33092,1,0,0.72,6.23,-0.10,-2.19,0.09,0.63,-0.000001
33111,1,0,0.83,6.23,-0.10,-2.69,0.09,0.74,-0.000001
33165,1,0,0.89,6.23,-0.10,-1.81,0.09,0.80,-0.000001
33258,1,0,0.84,6.24,-0.12,0.19,0.09,0.75,-0.000000
33285,1,0,0.83,6.24,-0.12,0.50,0.09,0.74,-0.000000
33305,1,0,0.82,6.24,-0.11,0.81,0.09,0.73,-0.000000
33366,1,0,0.79,6.25,-0.10,1.06,0.09,0.70,0.000000
33401,1,0,0.74,6.24,-0.11,0.25,0.09,0.65,-0.000000
33439,1,0,0.65,6.24,-0.12,1.12,0.09,0.56,0.000000
33483,1,0,0.48,6.26,-0.13,3.94,0.09,0.39,0.000001
33502,1,0,0.36,6.27,-0.13,5.69,0.09,0.27,0.000001
33555,1,0,0.13,6.28,-0.14,5.25,0.09,0.04,0.000001
33618,1,0,0.44,6.26,-0.12,-15.25,0.09,0.35,-0.000003
33661,1,0,1.40,6.24,-0.10,-30.12,0.09,1.31,-0.000006
33723,1,0,3.27,6.21,-0.02,-42.50,0.09,3.3.62,-0.000009
33739,1,0,4.19,6.19,0.08,-48.31,0.09,4.10,-0.000010
33785,1,0,6.29,6.05,0.56,-59.44,0.09,6.20,-0.000013
33864,1,0,12.07,5.73,1.15,-82.25,0.09,11.98,-0.000018
33912,1,0,14.58,5.56,1.22,-87.37,0.09,14.49,-0.000020
33962,1,0,21.59,5.16,1.30,-93.50,0.09,21.50,-0.000023
34012,1,0,25.23,4.95,1.31,-95.06,0.09,25.14,-0.000024
34078,1,0,32.88,4.38,1.32,-102.69,0.09,32.79,-0.000028
34117,1,0,35.74,4.07,1.20,-97.00,0.09,35.65,-0.000028
34183,1,0,40.55,3.61,0.92,-97.81,0.09,40.46,-0.000020.000030
34194,1,0,43.46,3.46,0.82,-99.06,0.09,43.37,-0.000030
34244,1,0,47.20,3.33,0.64,-93.69,0.09,47.11,-0.000030
34316,1,0,54.19,3.13,0.31,-90.00,0.09,54.10,-0.000032
34359,1,0,57.63,3.07,0.10,-88.50,0.09,57.54,-0.000032
34449,1,0,64.53,3.21,-0.36,-87.06,0.09,64.44,-0.000034
34467,1,0,66.17,3.17,-0.39,-85.94,0.09,66.08,-0.000034
34522,1,0,71.14,2.80,-0.45,-88.56,0.09,71.05,-0.7
34538,1,0,72.96,2.69,-0.49,-94.06,0.09,72.87,-0.000037
34558,1,0,73.87,2.68,-0.51,-93.81,0.09,73.78,-0.000038>0.000039
34573,1,0,76.73,2.65,-0.63,-100.87,0.09,76.64,-0.000040
34637,1,0,81.71,2.54,-0.77,-104.25,0.09,81.62,-0.000042
34656,1,0,84.64,2.51,-0.94,-102.50,0.09,84.55,-0.000042
34705,1,0,88.62,2.51,-1.11,-101.69,0.09,88.53,-0.000043
34794,1,0,96.47,2.43,-1.39,-101.62,0.09,96.38,-0.000045
34881,1,0,107.79,2.50,-1.88,-109.12,0.09,107.70,-0.000050
34938,1,0,111.94,2.56,-2.04,-105.25,0.09,111.85,-0.000050
34975,1,0,115.96,2.63,-2.19,-105.25,0.09,115.87,-0.000051
35041,1,0,123.16,2.78,-2.43,-107.56,0.09,123.07,-0.000054
35212,1,0,139.22,3.06,-2.93,-97.31,0.09,139.13,-0.00056
35226,1,0,141.91,3.12,-3.02,-90.37,0.09,141.82,-0.000056
35269,1,0,145.16,3.21,-3.04,-80.12,0.09,145.07,-0.000055
35343,1,0,150.75,3.36,-3.23,-67.62,0.09,150.66,-0.000054
35397,1,0,153.09,3.40,-3.28,-55.63,0.09,153.00,-0.000053
35436,1,0,155.11,3.45,-3.33,-52.25,0.09,155.02,-0.000053
35469,1,0,157.11,3.52,-3.35,-50.00,0.09,157.02,-0.000053
35485,1,0,158.10,3.55,-3.40,-52.06,0.09,158.01,-0.000053
35552,1,0,160.88,3.62,-3.44,-46.56,0.09,160.79,-0.000053
35571,1,0,161.78,3.66,-3.48,-47.06,0.09,161.69,-0.000053
35685,1,0,166.32,3.80,-3.54,-49.81,0.09,166.23,-0.000055
35717,1,0,168.39,3.91,-3.61,-59.19,0.09,168.30,-0.000058
35733,1,0,169.73,3.95,-3.62,-73.19,0.09,169.64,-0.000060
35748,1,0,171.29,3.99,-3.65,-82.87,0.09,171172.94,-0.000065
35789,1,0,175.05,4.16,-3.73,-109.87,0.09,174.96,-0.000069
35812,1,0,178.82,4.32,-3.75,-128.94,0.09,178.73,-0.000073
35897,1,0,-164.52,4.90,-3.84,-266.56,0.09,-164.61,-0.000003
35914,1,0,-156.18,4.76,-3.32,-291.75,0.09,-156.27,-0.000010
35970,1,0,-143.46,4.74,-2.63,-353.44,0.09,-143.55,-0.000025
36030,1,0,-112.85,6.05,-2.91,-523.50,0.09,-112.94,-0.000065
36084,1,0,-90.43,6.51,-2.75,-623.06,0.09,-90.52,-0.000090
36101,1,0,-64.21,6.71,-2.20,-694.31,0.09,-64.30,-0.000110
36161,1,0,-29.70,6.60,-0.96,-715.37,0.09,-29.79,-0.000123
36175,1,0,-16.14,6.48,-0.72,-693.69,0.09,-16.23,-0.000123
36245,1,0,13.95,5.80,0.10,-552.87,0.09,13.86,-0.000106
36280,1,0,31.29,5.24,0.46,-373.56,0.09,31.20,-0.000077
36294,1,0,37.06,4.96,0.64,-272.37,0.09,36.97,-0.000060
36357,1,0,43.12,4.14,1.21,16.19,0.09,43.03,-0.000009
36391,1,0,40.06,4.56,1.05,144.62,0.09,39.97,0.000016
36403,1,0,34.27,5.04,0.50,222.37,0.09,34.18,0.000031
36433,1,0,29.24,5.17,0.32,245.56,0.09,29.15,0.000051
36473,1,0,17.16,5.62,0.69,322.87,0.09,17.07,0.000055
36490,1,0,10.97,5.89,0.40,316.12,0.09,10.88,0.000055
36541,1,0,-1.07,6.10,0.25,302.62,0.09,-1.16,0.000056
36602,1,0,-13.39,6.41,-0.17,215.37,0.090.09,-15.38,0.000040
36616,1,0,-18.48,6.73,-0.22,152.37,0.09,-18.57,0.000033
36655,1,0,-21.96,6.71,-0.35,53.19,0.09,-22.05,0.000016
36704,1,0,-22.13,6.69,-0.38,-25.50,0.09,-22.22,0.000001
36776,1,0,-16.27,6.56,-0.25,-121.37,0.09,-16.36,-0.000018
36850,1,0,-5.37,6.38,-0.42,-140.25,0.09,-5.46,-0.000024
36963,1,0,4.88,6.14,-0.03,-27.00,0.09,4.79,-0.000006
37034,1,0,4.59,6.15,0.05,30.62,0.09,4.50,0.000004
37071,1,0,2.75,6.12,0.04,56.69,0.09,2.66,0.000010
37113,1,0,0.96,6.16,0.00,61.75,0.09,0.87,0.000011
37129,1,0,-0.20,6.13,-0.05,60.06,0.09,-1.44,0.000011
37199,1,0,-3.82,6.21,-0.10,61.44,0.09,-3.91,0.000012
37234,1,0,-5.69,6.32,0.04,40.38,0.09,-5.78,0.000009
37296,1,0,-6.80,6.33,0.13,2.81,0.09,-6.89,0.000002
37345,1,0,-6.49,6.37,0.09,-16.50,0.09,-6.58,-0.000001
37407,1,0,-4.15,6.25,0.14,-34.44,0.09,-4.24,-0.000005
37440,1,0,-2.91,6.23,0.16,-31.69,0.09,-3.00,-0.000005
37536,1,0,-0.86,6.17,0.21,-17.69,0.09,-0.95,-0.000003
37576,1,0,-0.42,6.17,0.22,-7.37,0.09,-0.51,-0.000001
37630,1,0,-0.32,6.19,0.22,-1.19,0.09,-0.41,-0.000000
37664,1,0,-0.45,6.19,0.23,8.25,0.09,-0.54,0.000002
37697,1,0,-0.99,6.22,0.21,16.12,0.09,-1.08,0.000003
37767,1,0,-2.48,6.23,0.20,20.81,0.09,-2.57,0.000005
37803,1,0,-3.07,6.28,0.18,19.56,0.09,-3.16,0.000004
37894,1,0,-4.18,6.33,0.18,8.63,0.09,-4.27,0.000003
37925,1,0,-4.39,6.35,0.18,5.69,0.09,-4.48,0.000002
37973,1,0,-4.36,6.37,0.18,-1.56,0.09,-4.45,0.000001
37986,1,0,-4.20,6.35,0.18,-5.75,0.09,-4.29,0.000000
38003,1,0,-4.14,6.34,0.18,-6.62,0.09,-4.23,-0.000000
38032,1,0,-3.91,6.36,0.18,-7.87,0.09,-4.00,-0.000000
38101,1,0,-3.15,6.33,0.20,-11.19,0.09,-3.24,-0.000001
38153,1,0,-2.75,6.35,0.20,-10.00,0.09,-2.84,-0.000001
38195,1,0,-2.45,6.32,0.21,-6.31,0.09,-2.54,-0.000000
38229,1,0,-2.27,6.30,0.20,-4.06,0.09,-2.36,-0.000000
38266,1,0,-2.22,6.32,0.21,0.06,0.09,-2.31,0.000001
38312,1,0,-2.29,6.32,0.20,3.75,0.09,-2.38,0.000001
38345,1,0,-2.45,6.32,0.19,4.31,0.09,-2.54,0.000001
38389,1,0,-2.64,6.30,0.18,5.50,0.09,-2.73,0.000002
38454,1,0,-3.06,6.33,0.18,4.06,0.09,-3.15,0.000002
38505,1,0,-3.07,6.31,0.19,0.88,0.09,-3.16,0.000001
38563,1,0,-3.02,6.30,0.19,-2.25,0.09,-3.11,0.000000
38614,1,0,-2.95,6.32,0.19,-3.75,0.09,-3.04,0.000000
38691,1,0,-2.79,6.30,0.20,-0.88,0.09,-2.88,0.000001
38723,1,0,-2.73,6.31,0.20,-1.56,0.09,-2.82,0.000000
38801,1,0,-2.69,6.30,0.19,-0.44,0.09,-2.78,0.000001
38846,1,0,-2.67,6.30,0.20,-1.31,0.09,-2.76,0.000001
38887,1,0,-2.53,6.30,0.20,-3.12,0.09,-2.62,0.000000
38930,1,0,-2.43,6.29,0.20,-4.25,0.09,-2.52,-0.000000
38966,1,0,-2.29,6.29,0.20,-3.44,0.09,-2.38,0.000000
39034,1,0,-2.17,6.29,0.20,-0.31,0.09,-2.26,0.000001
39053,1,0,-2.17,6.29,0.20,-0.56,0.09,-2.26,0.000001
39138,1,0,-2.10,6.29,0.21,-2.50,0.09,-2.19,0.000000
39179,1,0,-1.97,6.27,0.21,-4.31,0.09,-2.06,-0.000000
39262,1,0,-1.54,6.27,0.22,-6.50,0.09,-1.63,-0.000001
39310,1,0,-1.32,6.27,0.22,-8.25,0.09,-1.41,-0.000001
39377,1,0,-0.69,6.25,0.26,-10.69,0.09,-0.78,-0.000002
39418,1,0,-0.24,6.25,0.31,-12.00,0.09,-0.33,-0.000002
39496,1,0,0.94,6.20,0.61,-20.00,0.09,0.85,-0.000004
39520,1,0,1.16,6.19,0.68,-23.12,0.09,1.07.60,-0.000005
39534,1,0,1.98,6.16,0.96,-28.06,0.09,1.89,-0.000006
39599,1,0,4.72,6.06,1.27,-37.38,0.09,4.63,-0.000008
39628,1,0,5.97,5.94,1.28,-44.37,0.09,5.88,-0.000010
39691,1,0,8.33,5.81,1.34,-51.19,0.09,8.24,-0.000012
39711,1,0,9.89,5.80,1.35,-54.38,0.09,9.80,-0.000013
39725,1,0,10.41,5.78,1.37,-54.44,0.09,10.32,-0.000013
39763,1,0,12.02,5.63,1.41,-55.25,0.09,11.93,-0.000013
39814,1,0,14.75,5.49,1.44,-57.00,0.09,14.5.21,-0.000015
39826,1,0,16.41,5.42,1.48,-57.13,0.09,16.32,-0.000015
39867,1,0,18.06,5.33,1.48,-57.31,0.09,17.97,-0.000016
39939,1,0,22.57,5.10,1.53,-59.44,0.09,22.48,-0.000017
39993,1,0,24.93,4.97,1.54,-61.56,0.09,24.84,-0.000018
40044,1,0,27.97,4.78,1.56,-63.44,0.09,27.28.49,-0.000020
40057,1,0,29.81,4.68,1.55,-64.06,0.09,29.72,-0.000020
40106,1,0,32.27,4.51,1.55,-64.12,0.09,32.18,-0.000021
40184,1,0,36.73,4.16,1.50,-64.06,0.09,36.64,-0.000022
40268,1,0,41.92,3.68,1.34,-68.00,0.09,41.83,-0.000024
40298,1,0,44.73,3.45,1.16,-73.50,0.09,44.64,-0.000026
40310,1,0,45.4414,3.33,1.04,-72.06,0.09,46.05,-0.000026
40333,1,0,47.53,3.22,0.94,-72.87,0.09,47.44,-0.000027
40415,1,0,52.72,3.04,0.83,-74.75,0.09,52.63,-0.000028
40465,1,0,55.79,2.91,0.73,-82.50,0.09,55.70,-0.000031.000032
40496,1,0,58.98,2.81,0.63,-81.19,0.09,58.89,-0.000031
40547,1,0,62.18,2.68,0.50,-82.12,0.09,62.09,-0.000032
40643,1,0,70.64,2.44,0.17,-73.94,0.09,70.55,-0.000033
40729,1,0,75.92,2.33,-0.05,-62.63,0.09,75.83,-0.000033
40741,1,0,77.58,2.28,-0.11,-54.81,0.09,77.49,-0.000032
40761,1,0,78.09,2.27,-0.13,-53.56,0.09,78.00,-0.000031
40774,1,0,79.53,2.25,-0.19,-50.19,0.09,79.44,-0.000031
40852,1,0,81.75,2.22,-0.31,-44.94,0.09,81.66,-0.000031
40869,1,0,82.58,2.21,-0.36,-42.00,0.09,82.49,-0.000031
40913,1,0,84.19,2.20,-0.45,-41.88,0.09,84.10,-0.000031
40976,1,0,86.10,2.26,-0.58,-38.25,0.09,86.01,-0.000031
40990,1,0,87.17,2.29,-0.65,-35.06,0.09,87.08,-0.000031
41003,1,0,87.50,2.30,-0.68,-35.44,0.09,87.41,-0.000031
41019,1,0,88.51,2.33,-0.75,-35.19,0.09,88.42,-0.000031
41073,1,0,90.00,2.40,-0.84,-28.87,0.09,89.91,-0.000030
41090,1,0,90.65,2.38,-0.86,-26.00,0.09,90.56,-0.000030
41121,1,0,91.78,2.36,-0.89,-19.31,0.09,91.69,-0.000029
41189,1,0,92.81,2.29,-0.90,-13.69,0.09,92.72,-0.000028
41204,1,0,93.26,2.29,-0.94,-17.00,0.09,93.17,-0.000029
41220,1,0,93.39,2.29,-0.96,-13.63,0.09,93.30,-0.000028
41250,1,0,93.96,2.26,-0.98,-14.87,0.09,93.87,-0.000029
41337,1,0,95.23,2.24,-1.00,-14.06,0.09,95.14,-0.000029
41372,1,0,95.65,2.24,-1.04,-11.94,0.09,95.56,-0.000029
41422,1,0,95.88,2.23,-1.04,-0.81,0.09,95.79,-0.000027
41435,1,0,96.02,2.22,-1.02,1.06,0.09,95.93,-0.000026
41454,1,0,96.05,2.23,-1.01,5.50,0.09,95.96,-0.000026
41470,1,0,96.14,2.21,-0.99,3.19,0.09,96.05,-0.000026
41568,1,0,96.25,2.14,-0.95,-0.94,0.09,96.16,-0.000027
41584,1,0,96.42,2.13,-0.93,0.62,0.09,96.33,-0.000027
41649,1,0,96.57,2.14,-0.96,-6.12,0.09,96.48,-0.000028
41662,1,0,96.67,2.13,-0.97,-2.81,0.09,96.58,-0.000027
41680,1,0,96.76,2.14,-0.99,-3.81,0.09,96.67,-0.000027
41695,1,0,96.82,2.12,-0.99,0.25,0.09,96.73,-0.000027
41796,1,0,96.88,2.11,-0.98,-1.12,0.09,96.79,-0.000027
41828,1,0,96.93,2.06,-0.97,-0.06,0.09,96.84,-0.000027
41877,1,0,96.85,2.06,-0.93,4.00,0.09,96.76,-0.000026
41893,1,0,96.83,2.07,-0.94,-1.06,0.09,96.74,-0.000027
41937,1,0,96.91,2.10,-0.94,-1.69,0.09,96.82,-0.000027
42021,1,0,97.08,2.09,-0.95,-3.81,0.09,96.99,-0.000028
42063,1,0,97.26,2.10,-0.95,-2.62,0.09,97.17,-0.000027
42084,1,0,97.48,2.10,-0.98,-5.44,0.09,97.39,-0.000028
42136,1,0,97.58,2.09,-0.98,0.25,0.09,97.49,-0.000027
42177,1,0,97.70,2.06,-0.99,-1.75,0.09,97.61,-0.000027
42218,1,0,97.84,2.06,-1.00,-4.62,0.09,97.75,-0.000028
42254,1,0,97.91,2.05,-1.00,0.25,0.09,97.82,-0.000027
42290,1,0,97.96,2.03,-0.99,1.87,0.09,97.87,-0.000027
42354,1,0,98.00,2.03,-0.97,-0.75,0.09,97.91,-0.000027
42397,1,0,98.06,2.02,-0.97,-1.25,0.09,97.97,-0.000027
42479,1,0,98.12,2.03,-0.98,2.25,0.09,98.03,-0.000027
42529,1,0,98.09,2.01,-0.96,-1.81,0.09,98.00,-0.000027
42568,1,0,98.12,2.00,-0.96,-1.06,0.09,98.03,-0.000027
42601,1,0,98.09,2.00,-0.96,3.50,0.09,98.00,-0.000027
42710,1,0,98.00,1.96,-0.91,0.81,0.09,97.91,-0.000027
42755,1,0,98.01,1.97,-0.90,-0.13,0.09,97.92,-0.000027
42767,1,0,97.91,1.98,-0.86,4.44,0.09,97.82,-0.000026
42826,1,0,97.78,1.98,-0.83,3.50,0.09,97.69,-0.000026
42872,1,0,97.57,1.97,-0.79,7.87,0.09,97.48,-0.0000000026
42913,1,0,97.36,1.97,-0.75,7.50,0.09,97.27,-0.000026
42931,1,0,97.22,1.96,-0.74,2.81,0.09,97.13,-0.000026
42982,1,0,97.11,1.97,-0.76,2.31,0.09,97.02,-0.000026
43030,1,0,96.78,1.96,-0.71,7.56,0.09,96.69,-0.000025
43043,1,0,96.63,1.95,-0.70,6.25,0.09,96.54,-0.000026
43079,1,0,96.54,1.95,-0.69,9.75,0.09,96.45,-0.000025
43100,1,0,96.36,1.95,-0.69,6.75,0.09,96.27,-0.000025
43161,1,0,95.72,1.96,-0.66,7.12,0.09,95.63,-0.000025
43222,1,0,95.43,1.95,-0.66,7.56,0.09,95.34,-0.000025
43276,1,0,94.91,1.95,-0.64,9.38,0.09,94.82,-0.000025
43322,1,0,94.78,1.95,-0.65,4.69,0.09,94.69,-0.000025
43370,1,0,94.65,1.94,-0.63,4.31,0.09,94.56,-0.000025
43385,1,0,94.63,1.94,-0.63,2.4.62,0.09,94.48,-0.000025
43401,1,0,94.53,1.95,-0.65,4.00,0.09,94.44,-0.000025
43447,1,0,94.31,1.94,-0.64,3.69,0.09,94.22,-0.000025
43516,1,0,93.98,1.90,-0.62,3.25,0.09,93.89,-0.000025
43555,1,0,93.91,1.90,-0.62,2.87,0.09,93.82,-0.000025
43622,1,0,93.71,1.90,-0.58,4.06,0.09,93.62,-0.000025
43653,1,0,93.60,1.90,-0.58,3.19,0.09,93.51,-0.000025
43734,1,0,93.55,1.88,-0.60,5.19,0.09,93.46,-0.000025
43779,1,0,93.42,1.89,-0.58,5.25,0.09,93.33,-0.000025
43866,1,0,93.28,1.89,-0.59,1.62,0.09,93.19,-0.000026
43909,1,0,93.21,1.89,-0.59,0.56,0.09,93.12,-0.000026
43945,1,0,93.23,1.89,-0.59,-0.37,0.09,93.14,-0.000026
43983,1,0,93.28,1.89,-0.60,-2.06,0.09,93.19,-0.000026
44108,1,0,93.29,1.88,-0.62,3.19,0.09,93.20,-0.000025
44125,1,0,93.31,1.88,-0.61,-1.12,0.09,93.22,-0.000026
44180,1,0,93.22,1.88,-0.59,-0.94,0.09,93.13,-0.000026
44196,1,0,93.18,1.87,-0.60,4.25,0.09,93.09,-0.000025
44242,1,0,93.08,1.86,-0.60,4.00,0.09,92.99,-0.000025
44297,1,0,93.03,1.87,-0.57,-0.31,0.09,92.94,-0.0000260.000026
44310,1,0,92.99,1.87,-0.57,3.31,0.09,92.90,-0.000025
44361,1,0,92.93,1.86,-0.57,-0.13,0.09,92.84,-0.000026
44410,1,0,92.90,1.86,-0.59,-0.75,0.09,92.81,000025
44421,1,0,92.83,1.86,-0.59,2.37,0.09,92.74,-0.000025
44470,1,0,92.72,1.86,-0.57,0.94,0.09,92.63,-0.000025
44551,1,0,92.49,1.86,-0.54,0.75,0.09,92.40,-0.000025
44594,1,0,92.35,1.85,-0.53,6.00,0.09,92.26,-0.000024
44659,1,0,92.17,1.86,-0.49,3.19,0.09,92.08,-0.000025
44704,1,0,92.07,1.86,-0.48,2.44,0.09,91.98,-0.000025
44754,1,0,92.09,1.85,-0.50,2.19,0.09,92.00,-0.000025
44770,1,0,92.05,1.85,-0.49,-0.13,0.09,91.96,-0.000025
44822,1,0,92.02,1.85,-0.50,3.06,0.09,91.93,-0.000025
44889,1,0,92.03,1.86,-0.54,-1.19,0.09,91.94,-0.000026
44930,1,0,92.00,1.85,-0.55,0.06,0.09,91.91,-0.000025
45016,1,0,91.79,1.84,-0.48,0.25,0.09,91.70,-0.000025
45099,1,0,91.66,1.84,-0.45,0.25,0.09,91.57,-0.000025
45132,1,0,91.60,1.84,-0.45,2.62,0.09,91.51,-0.000025
45244,1,0,91.45,1.85,-0.48,0.44,0.09,91.36,-0.000025
45258,1,0,91.44,1.85,-0.51,1.44,0.09,91.35,-0.000025
45323,1,0,91.24,1.85,-0.48,4.62,0.09,91.15,-0.000024
45359,1,0,91.04,1.85,-0.48,5.75,0.09,90.95,-0.000024
45382,1,0,90.91,1.85,-0.47,2.06,0.09,90.82,-0.000025
45473,1,0,90.60,1.85,-0.47,4.19,0.09,90.51,-0.000024
45518,1,0,90.55,1.85,-0.48,-1.56,0.09,90.46,-0.000025
45586,1,0,90.47,1.85,-0.47,3.00,0.09,90.38,-0.000024
45630,1,0,90.46,1.85,-0.49,0.37,0.09,90.37,-0.000025
45701,1,0,90.28,1.85,-0.50,1.81,0.09,90.19,-0.000025
45784,1,0,90.22,1.85,-0.49,-1.50,0.09,90.13,-0.000025
45832,1,0,90.29,1.85,-0.49,-1.75,0.09,90.20,-0.000025
45934,1,0,90.16,1.85,-0.48,4.50,0.09,90.07,-0.000024
45979,1,0,90.03,1.84,-0.46,1.44,0.09,89.94,-0.000025
46015,1,0,89.81,1.84,-0.42,4.94,0.09,89.72,-0.000024
46046,1,0,89.62,1.84,-0.40,5.06,0.09,89.53,-0.000024
46088,1,0,89.53,1.84,-0.39,1.44,0.09,89.44,-0.000025
46176,1,0,89.54,1.83,-0.41,-0.31,0.09,89.45,-0.000025
46210,1,0,89.50,1.84,-0.41,3.25,0.09,89.41,-0.00000.000024
46222,1,0,89.42,1.84,-0.42,1.19,0.09,89.33,-0.000025
46279,1,0,89.32,1.84,-0.41,2.31,0.09,89.23,-0.000024
46392,1,0,89.12,1.85,-0.38,2.50,0.09,89.03,-0.000024
46481,1,0,88.91,1.86,-0.34,1.44,0.09,88.82,-0.000024
46495,1,0,88.85,1.86,-0.35,2.94,0.09,88.76,-0.000024
46512,1,0,88.82,1.85,-0.36,2.44,0.09,88.73,-0.000024
46529,1,0,88.78,1.84,-0.37,-0.19,0.09,88.69,-0.000025
46614,1,0,88.87,1.84,-0.36,-2.75,0.09,88.78,-0.000025
46706,1,0,89.00,1.84,-0.38,0.88,0.09,88.91,-0.000024
46739,1,0,88.99,1.84,-0.36,-1.12,0.09,88.90,-0.000025
46757,1,0,88.97,1.84,-0.36,1.44,0.09,88.88,-0.000024
46803,1,0,88.95,1.84,-0.35,2.81,0.09,88.,-0.000024
46820,1,0,88.89,1.84,-0.34,1.37,0.09,88.80,-0.000024
46841,1,0,88.91,1.84,-0.33,-3.56,0.09,88.82,-0.000025
46890,1,0,89.05,1.84,-0.39,-3.50,0.09,88.96,-0.000025
46965,1,0,89.26,1.84,-0.44,-1.62,0.09,89.17,-0.000025
47053,1,0,89.40,1.85,-0.43,0.19,0.09,89.31,-0.000025
47073,1,0,89.47,1.84,-0.43,-4.56,0.09,89.38,-0.000026
47091,1,0,89.52,1.84,-0.43,-4.87,0.09,89.43,-0.000026
47130,1,0,89.66,1.84,-0.46,-3.25,0.09,89.57,-0.000025
47175,1,0,89.90,1.84,-0.48,-6.25,0.09,89.81,-0.0000266
47189,1,0,90.10,1.86,-0.50,-9.13,0.09,90.01,-0.000027
47237,1,0,90.57,1.87,-0.54,-11.19,0.09,90.48,-0.000027
47305,1,0,91.66,1.95,-0.60,-15.13,0.09,91.57,-0.000028
47357,1,0,92.41,1.96,-0.63,-21.37,0.09,92.32,-0.000030
47395,1,0,93.19,1.96,-0.65,-19.81,0.09,93.10,-0.000029
47431,1,0,93.95,1.94,-0.67,-18.06,0.09,93.86,-0.000029
47469,1,0,94.60,1.93,-0.70,-23.37,0.09,94.51,-0.000030
47486,1,0,94.81,1.94,-0.70,-21.50,0.09,94.72,-0.-0.000031
47523,1,0,95.74,1.93,-0.73,-26.00,0.09,95.65,-0.000031
47539,1,0,96.42,1.94,-0.76,-23.69,0.09,96.33,-0.000031
47553,1,0,96.66,1.93,-0.77,-25.75,0.09,96.57,-0.000031
47580,1,0,97.16,1.93,-0.79,-25.19,0.09,97.07,-0.000032
47657,1,0,99.63,1.91,-0.88,-38.44,0.09,99.54,-0.000035
47698,1,0,101.08,1.92,-0.94,-40.50,0.09,100.99,-0.000035
47787,1,0,105.02,1.92,-1.14,-50.38,0.09,104.93,-0.000038
47809,1,0,106.01,1.94,-1.21,-52.38,0.09,105.92,-0.000039
47879,1,0,110.50,1.98,-1.42,-50.56,0.09,110.41,-0.000040
47896,1,0,111.02,1.98,-1.45,-5354.81,0.09,111.46,-0.000041
47918,1,0,112.03,1.99,-1.49,-50.38,0.09,111.94,-0.000040
48000,1,0,116.21,2.04,-1.64,-51.75,0.09,116.12,-0.000042
48072,1,0,118.34,2.08,-1.72,-55.25,0.09,118.25,-0.000043
48093,1,0,120.53,2.11,-1.82,-56.94,0.09,120.44,-0.000044
48125,1,0,122.73,2.11,-1.86,-56.31,0.09,122.64,-0.000044
48237,1,0,128.65,2.19,-2.09,-46.88,0.09,128.56,-0.000044>5
48252,1,0,129.55,2.22,-2.10,-46.06,0.09,129.46,-0.000044
48316,1,0,131.50,2.27,-2.14,-40.81,0.09,131.41,-0.000044
48388,1,0,134.03,2.33,-2.24,-37.63,0.09,133.94,-0.000044
48468,1,0,136.89,2.36,-2.34,-38.44,0.09,136.80,-0.000045
48499,1,0,138.05,2.39,-2.39,-39.81,0.09,137.96,-0.000046
48546,1,0,139.74,2.44,-2.47,-36.44,0.09,139.65,-0.000045
48580,1,0,141.07,2.44,-2.52,-35.44,0.09,140.98,-0.000046
48688,1,0,145.30,2.62,-2.66,-42.06,0.09,145.21,-0.000048
48735,1,0,146.84,2.67,-2.66,-38.88,0.09,146.75,-0.000048
48774,1,0,148.40,2.71,-2.73,-39.50,0.09,148.31,-0.000048
48810,1,0,149.85,2.74,-2.77,-37.12,0.09,149.76,-0.000048
48825,1,0,150.53,2.74,-2.82,-34.56,0.09,150.44,-0.000048
48893,1,0,152.55,2.81,-2.86,-35.25,0.09,152.46,-0.000049
48920,1,0,153.53,2.85,-2.90,-34.00,0.09,153.44,-0.000049
49005,1,0,155.35,2.90,-2.93,-20.75,0.09,155.26,-0.000047
49025,1,0,155.98,2.92,-2.94,-21.25,0.09,155.89,-0.000047
49066,1,0,156.68,2.92,-2.94,-14.56,0.09,156.59,-0.000046
49142,1,0,157.59,2.95,-2.96,-13.81,0.09,157.50,-0.000046
49233,1,0,158.40,2.96,-2.97,-4.37,0.09,158.31,-0.000045
49304,1,0,159.01,2.97,-2.98,-13.06,0.09,158.92,-0.000046
49352,1,0,159.69,3.00,-3.00,-12.00,0.09,159.60,-0.000046
49366,1,0,160.02,3.00,-2.99,-17.87,0.09,159.93,-0.000048
49422,1,0,160.84,3.03,-2.99,-23.06,0.09,160.75,-0.000049
49506,1,0,162.26,3.05,-3.01,-13.38,0.09,162.17,-0.000047
49519,1,0,162.75,3.07,-3.06,-20.06,0.09,162.66,-0.000049
49535,1,0,163.16,3.10,-3.06,-20.56,0.09,163.07.49,-0.000049
49585,1,0,163.94,3.14,-3.06,-19.56,0.09,163.85,-0.000049
49600,1,0,164.28,3.15,-3.07,-16.12,0.09,164.19,-0.000048
49657,1,0,165.08,3.18,-3.10,-22.44,0.09,164.99,-0.000050
49693,1,0,166.04,3.19,-3.10,-25.12,0.09,165.95,-0.000051
49752,1,0,166.91,3.25,-3.14,-25.31,0.09,166.82,-0.000051
49768,1,0,167.68,3.27,-3.10,-24.56,0.09,167.59,-0.000051
49843,1,0,169.56,3.41,-3.01,-18.62,0.09,169.47,-0.000050
49857,1,0,169.73,3.45,-3.01,-15.63,0.09,169.64,-0.000050
49945,1,0,169.88,3.45,-3.12,0.19,0.09,169.79,-0.000047
49992,1,0,169.97,3.45,-3.17,-4.06,0.09,169.88,-0.000048
50078,1,0,170.90,3.48,-3.27,-25.44,0.09,170.81,-0.000052>052
50110,1,0,171.41,3.52,-3.26,-26.44,0.09,171.32,-0.000052
50161,1,0,172.82,3.58,-3.24,-21.31,0.09,172.73,-0.000052
50175,1,0,173.15,3.60,-3.22,-16.19,0.09,173.06,-0.000051
50195,1,0,173.33,3.58,-3.18,-18.44,0.09,173.24,-0.000051>000051
50221,1,0,173.69,3.57,-3.09,-13.00,0.09,173.60,-0.000050
50301,1,0,174.48,3.56,-3.07,-7.12,0.09,174.39,-0.000050
50385,1,0,174.93,3.56,-3.07,-5.94,0.09,174.84,-0.000050
50418,1,0,175.19,3.53,-3.09,-9.06,0.09,175.10,-0.000050
50431,1,0,175.38,3.54,-3.11,-8.31,0.09,175.29,-0.000050
50531,1,0,176.42,3.58,-3.17,-18.00,0.09,176.33,-0.000052
50621,1,0,178.02,3.63,-3.15,-23.25,0.09,177.93,-0.000054
50636,1,0,178.69,3.65,-3.12,-25.19,0.09,178.60,-0.000054
50664,1,0,178.92,3.65,-3.11,-23.62,0.09,178.83,-0.000054
50686,1,0,179.51,3.63,-3.10,-20.19,0.09,179.42,-0.000053
50751,1,0,-179.55,3.64,-3.17,-6.69,0.09,-179.64,0.000049
50804,1,0,-178.69,3.65,-3.16,-53.13,0.09,-178.78,0.000040
50844,1,0,-175.92,3.82,-3.05,-87.12,0.09,-176.01,0.000033
50881,1,0,-171.76,3.57,-2.28,-111.75,0.09,-171.85,0.000000025
50893,1,0,-167.88,3.55,-2.25,-149.94,0.09,-167.97,0.000019
51107,1,0,-103.45,5.66,-2.53,-546.31,0.09,-103.54,-0.000072
51208,1,0,-40.41,6.22,-1.19,-696.62,0.09,-40.50,-0.000117
51262,1,0,-14.13,5.93,-0.48,-660.06,0.09,-14.22,-0.000118
51327,1,0,29.88,4.83,0.45,-452.94,0.09,29.79,-0.000092
51348,1,0,37.17,4.55,0.54,-402.8199.12,0.09,39.98,-0.000066
51371,1,0,42.47,4.34,0.62,-247.94,0.09,42.38,-0.000057
51448,1,0,45.87,3.58,1.19,105.25,0.09,45.78,0.000007
51494,1,0,38.35,4.44,0.54,236.37,0.09,38.26,0.000033
51579,1,0,14.84,5.18,0.84,321.62,0.09,14.75,0.000055
51686,1,0,-12.30,6.10,0.35,161.44,0.09,-12.39,0.000033
51794,1,0,-14.99,6.03,-0.22,-71.44,0.09,-15.08,-0.000009
51834,1,0,-10.87,5.91,-0.16,-122.44,0.09,-10.96,-0.000019
51913,1,0,0.12,5.67,-0.06,-139.19,0.09,0.03,-0.000026
51929,1,0,3.98,5.54,0.10,-129.44,0.09,3.89,-0.000025
51996,1,0,8.76,5.43,0.20,-74.50,0.09,8.67,-0.000016
52010,1,0,10.22,5.38,0.21,-50.31,0.09,10.13,-0.000012
52036,1,0,10.46,5.41,0.17,-26.00,0.09,10.37,-0.000008
52056,1,0,10.72,5.39,0.14,-8.75,0.09,10.63,-0.000005
52068,1,0,10.70,5.36,0.15,4.69,0.09,31,0.000001
52112,1,0,10.12,5.42,0.16,28.31,0.09,10.03,0.000002
52145,1,0,8.29,5.45,0.15,55.00,0.09,8.20,0.000008
52189,1,0,5.96,5.46,0.10,60.31,0.09,5.87,0.000009
52228,1,0,3.66,5.52,0.04,57.25,0.09,3.57,0.000010
52260,1,0,1.46,5.55,0.01,57.94,0.09,1.37,0.000010
52298,1,0,0.19,5.56,0.07,38.38,0.09,0.10,0.000007
52371,1,0,-0.89,5.58,0.18,0.00,0.09,-0.98,0.000000
52454,1,0,0.56,5.51,0.19,-32.00,0.09,0.47,-0.000006
52466,1,0,1.19,5.48,0.20,-33.50,0.09,1.10,-0.000006
52502,1,0,1.81,5.49,0.21,-31.06,0.09,1.72,-0.000006
52518,1,0,2.38,5.47,0.23,-28.56,0.09,2.29,-0.000006
52529,1,0,2.65,5.45,0.22,-28.62,0.09,2.56,-0.000000006
52573,1,0,3.60,5.54,0.24,-27.56,0.09,3.51,-0.000006
52589,1,0,4.28,5.50,0.24,-20.87,0.09,4.19,-0.000005
52608,1,0,4.46,5.50,0.25,-18.00,0.09,4.37,-0.000005
52640,1,0,4.82,5.49,0.25,-9.75,0.09,4.73,-0.000003
52694,1,0,4.99,5.51,0.25,-0.81,0.09,4.90,-0.000002
52709,1,0,4.94,5.49,0.25,3.50,0.09,4.85,-0.000001
52722,1,0,4.88,5.50,0.26,7.06,0.09,4.79,-0.000000
52771,1,0,4.38,5.51,0.25,15.13,0.09,4.29,0.000002
52829,1,0,3.18,5.54,0.23,14.81,0.09,3.09,0.000002
52874,1,0,2.75,5.58,0.22,14.75,0.09,2.66,0.000002
52885,1,0,2.18,5.59,0.20,13.56,0.09,2.09,0.000002
52932,1,0,1.74,5.58,0.20,10.75,0.09,1.65,0.000002
52961,1,0,1.56,5.64,0.20,4.25,0.09,1.47,0.000000
53030,1,0,1.92,5.58,0.27,-16.00,0.09,1.83,-0.000003
53064,1,0,3.20,5.54,0.34,-43.13,0.09,3.11,-0.000009
53080,1,0,4.20,5.54,0.44,-53.50,0.09,4.11,-0.000011
53147,1,0,7.84,5.24,0.95,-87.75,0.09,7.75,-0.000018
53181,1,0,13.21,4.82,1.13,-128.06,0.09,13.12,-0.000027
53213,1,0,15.91,4.74,1.19,-141.94,0.09,15.82,-0.000030
53278,1,0,28.16,3.94,1.53,-165.37,0.09,28.07,-0.000038
53333,1,0,34.95,3.12,1.22,-184.00,0.09,34.86,-0.000044
53349,1,0,42.28,2.96,0.57,-192.75,0.09,42.19,-0.000047
53402,1,0,49.47,3.05,0.15,-181.75,0.09,49.38,-0.000047
53521,1,0,67.99,2.08,-0.04,-145.69,0.09,67.90,-0.000046
53539,1,0,70.78,2.05,-0.13,-144.25,0.09,70.69,-0.000046
53638,1,0,82.91,1.86,-0.67,-137.69,0.09,82.82,-0.000048
53667,1,0,86.88,1.87,-0.86,-135.37,0.09,86.79,-0.000049
53749,1,0,96.53,1.67,-1.18,-119.94,0.09,96.44,-0.000049
53839,1,0,105.38,1.64,-1.53,-106.69,0.09,105.29,-0.00004.000049
53853,1,0,108.41,1.63,-1.66,-103.75,0.09,108.32,-0.000049
53904,1,0,111.97,1.66,-1.72,-83.00,0.09,111.88,-0.000046
53965,1,0,115.84,1.24,-1.82,-36.38,0.09,115.75,-0.000039
54022,1,0,117.02,1.26,-1.91,-27.06,0.09,116.93,-0.000037
54097,1,0,118.77,1.39,-2.03,-31.37,0.09,118.68,-0.000039
54133,1,0,120.52,1.44,-2.15,-54.88,0.09,120.43,-0.047
54183,1,0,123.92,1.65,-2.19,-74.37,0.09,123.83,-0.000048
54202,1,0,125.37,1.82,-2.24,-73.62,0.09,125.28,-0.000048
54252,1,0,128.02,1.98,-2.33,-65.06,0.09,127.93,-0.000047
54306,1,0,130.77,1.98,-2.42,-48.50,0.00.09,131.58,-0.000045
54334,1,0,132.12,1.92,-2.50,-46.88,0.09,132.03,-0.000045
54369,1,0,134.07,2.02,-2.54,-53.94,0.09,133.98,-0.000047
54444,1,0,138.38,2.29,-2.59,-51.88,0.09,138.29,-0.000048
54458,1,0,139.68,2.29,-2.66,-45.38,0.09,139.59,-0.000047
54524,1,0,141.76,2.31,-2.73,-47.31,0.09,141.67,-0.000048
54555,1,0,143.22,2.35,-2.81,-51.44,0.09,143.13,-0.000049
54593,1,0,145.36,2.47,-2.86,-56.56,0.09,145.27,-0.000051
54671,1,0,149.20,2.56,-2.95,-46.75,0.09,149.11,-0.000050
54683,1,0,149.62,2.2.58,-2.96,-43.81,0.09,149.89,-0.000050
54717,1,0,150.31,2.60,-2.96,-41.00,0.09,150.22,-0.000049
54756,1,0,151.77,2.63,-3.03,-39.44,0.09,151.68,-0.000049
54804,1,0,153.27,2.69,-3.07,-37.88,0.09,153.18,-0.000049
54906,1,0,155.94,2.80,-3.19,-18.06,0.09,155.85,-0.000046>-0.000047
54921,1,0,156.51,2.81,-3.19,-20.81,0.09,156.42,-0.000047
54988,1,0,157.51,2.86,-3.21,-18.31,0.09,157.42,-0.000047
55002,1,0,157.84,2.88,-3.22,-16.81,0.09,157.75,-0.000047
55056,1,0,158.34,2.90,-3.23,-12.13,0.09,158.25,-0.000046
55135,1,0,159.41,2.90,-3.26,-14.00,0.09,159.32,-0.000047
55150,1,0,159.58,2.91,-3.27,-10.56,0.09,159.49,-0.000046
55251,1,0,160.03,2.88,-3.27,-1.94,0.09,159.94,-0.000045
55302,1,0,160.00,2.88,-3.28,2.00,0.09,159.91,-0.-0.000044
55353,1,0,159.90,2.87,-3.27,1.69,0.09,159.81,-0.000044
55418,1,0,159.53,2.87,-3.28,5.00,0.09,159.44,-0.000043
55477,1,0,159.08,2.88,-3.28,8.19,0.09,158.99,-0.000043
55492,1,0,158.69,2.85,-3.27,12.75,0.09,158.60,-0.000042
55517,1,0,158.57,2.82,-3.26,12.13,0.09,158.48,-0.000042
55557,1,0,158.05,2.79,-3.26,13.25,0.09,157.96,-0.000041
55573,1,0,157.68,2.78,-3.24,12.00,0.09,157.59,-0.000041
55609,1,0,157.41,2.78,-3.25,5.50,0.09,157.32,-0.000043
55687,1,0,156.99,2.76,-3.27,-2.75,0.09,156.90,-0.000044
55818,1,0,157.74,2.90,-3.32,-5.87,0.09,157.65,-0.000045
55902,1,0,158.20,2.92,-3.37,-7.94,0.09,158.11,-0.000045
55937,1,0,158.42,2.95,-3.38,-5.94,0.09,158.33,-0.000045
55954,1,0,158.62,2.98,-3.40,-7.94,0.09,158.53,-0.000045
56040,1,0,158.88,3.00,-3.38,-0.75,0.09,158.79,-0.000044
56091,1,0,158.70,3.03,-3.40,3.25,0.09,158.61,-0.000043
56177,1,0,158.34,3.01,-3.40,0.00,0.09,158.25,-0.000044
56196,1,0,158.40,3.02,-3.42,-1.75,0.09,158.31,-0.000044
56269,1,0,158.53,3.06,-3.42,-4.75,0.09,158.44,-0.000045
56289,1,0,158.63,3.08,-3.40,-4.94,0.09,158.54,-0.000045
56322,1,0,158.58,3.07,-3.41,1.06,0.09,158.49,-0.000044
56363,1,0,158.50,3.04,-3.40,-2.50,0.09,158.41,-0.000044
56401,1,0,158.41,3.06,-3.40,0.75,0.09,158.32,-0.000044
56416,1,0,158.34,3.06,-3.40,1.62,0.09,158.25,-0.000044
56493,1,0,157.75,3.03,-3.39,4.25,0.09,157.66,-0.000043
56511,1,0,157.70,3.02,-3.40,4.19,0.09,157.61,-0.000043
56528,1,0,157.61,3.04,-3.39,-2.00,0.09,157.52,-0.000044
56629,1,0,157.76,3.12,-3.42,-7.12,0.09,157.67,-0.000045
56660,1,0,157.96,3.17,-3.43,-4.75,0.09,157.87,-0.000045
56710,1,0,158.14,3.16,-3.43,-6.75,0.09,158.05,-0.000045
56747,1,0,158.45,3.21,-3.42,-8.31,0.09,158.36,-0.000045
56782,1,0,158.59,3.23,-3.43,-8.69,0.09,158.50,-0.000046
56854,1,0,158.69,3.24,-3.43,-0.56,0.09,158.60,-0.000044
56972,1,0,159.10,3.27,-3.44,-4.19,0.09,159.01,-0.000045
57017,1,0,159.24,3.28,-3.44,-4.81,0.09,159.15,-0.000045
57082,1,0,159.84,3.29,-3.44,-12.56,0.09,159.75,-0.000047
57173,1,0,160.77,3.28,-3.45,-15.00,0.09,160.68,-0.000047
57241,1,0,161.88,3.33,-3.46,-17.25,0.09,161.79,-0.000048
57313,1,0,162.70,3.37,-3.46,-7.69,0.09,162.61,-0.000046
57355,1,0,162.84,3.38,-3.49,-2.81,0.09,162.75,-0.000046
57428,1,0,162.84,3.41,-3.51,1.75,0.09,162.75,-0.000045
57554,1,0,162.78,3.40,-3.51,5.87,0.09,162.69,-0.000044
57587,1,0,162.56,3.39,-3.50,4.12,0.09,162.47,-0.000044
57628,1,0,162.33,3.38,-3.50,7.75,0.09,162.24,-0.000044
57661,1,0,162.02,3.36,-3.48,13.31,0.09,161.93,-0.000042
57743,1,0,160.49,3.23,-3.41,26.06,0.09,160.40,-0.000040
57781,1,0,159.15,3.16,-3.31,40.13,0.09,159.06,-0.000037
57796,1,0,157.77,3.10,-3.15,54.94,0.09,157.68,-0.000034
57882,1,0,152.66,2.97,-3.06,77.37,0.09,152.57,-0.000028
57972,1,0,145.80,2.74,-3.16,96.69,0.09,145.71,-0.000023
58022,1,0,138.71,2.57,-3.10,109.12,0.09,138.62,-0.000018
58065,1,0,137.61,2.56,-3.06,113.628.62,0.09,133.93,-0.000013
58116,1,0,128.70,2.29,-2.67,142.94,0.09,128.61,-0.000009
58163,1,0,122.77,2.20,-2.44,159.50,0.09,122.68,-0.000005
58180,1,0,116.27,2.23,-2.14,173.50,0.09,116.18,-0.000000
58232,1,0,109.31,2.02,-1.85,181.87,0.09,109.22,0.000003
58333,1,0,92.04,1.73,-0.81,183.25,0.09,91.95,0.000008
58351,1,0,88.51,1.85,-0.50,181.25,0.09,88.42,0.000009
58378,1,0,85.11,1.87,-0.31,174.44,0.09,85.02,0.000009
58466,1,0,70.41,2.31,0.01,161.19,0.09,70.32,0.000010
58484,1,0,65.63,2.57,0.40,167.44,0.09,65.54,0.000013
58548,1,0,58.22,3.35,0.92,146.12,0.09,58.13,0.000011
58580,1,0,54.00,3.75,0.74,145.06,0.09,53.91,0.000012
58600,1,0,49.72,4.12,0.58,148.87,0.09,49.63,0.000014
58666,1,0,42.19,4.37,0.51,163.94,0.09,42.10,0.000019
58695,1,0,35.72,4.74,0.55,168.81,0.09,35.63,0.000021
58793,1,0,22.73,5.20,0.446,166.12,0.09,19.46,0.000025
58809,1,0,18.03,5.43,0.44,157.50,0.09,17.94,0.000024
58854,1,0,12.37,5.61,0.35,144.44,0.09,12.28,0.000023
58922,1,0,6.18,5.83,0.20,68.37,0.09,6.09,0.000011
58977,1,0,4.08,5.90,0.13,45.00,0.09,3.99,0.000007
59039,1,0,1.81,5.98,0.10,27.25,0.09,1.72,0.000005
59055,1,0,1.10,6.05,0.07,21.25,0.09,1.01,0.000004
59121,1,0,0.66,6.03,0.06,3.44,0.09,0.57,0.000000
59152,1,0,0.52,6.05,0.06,4.62,0.09,0.43,0.000001
59185,1,0,0.48,6.07,0.05,0.50,0.09,0.39,-0.000000
59277,1,0,0.53,6.09,0.06,6.12,0.09,0.44,0.000001
59311,1,0,-0.47,6.11,0.03,38.19,0.09,-0.56,0.000007
59360,1,0,-3.23,6.19,-0.07,67.44,0.09,-3.32,0.000014
59373,1,0,-5.47,6.28,-0.14,76.81,0.09,-5.56,0.000016
59391,1,0,-6.32,6.29,-0.17,87.44,0.09,-6.41,0.000018
59405,1,0,-8.14,6.34,-0.25,96.19,0.09,-8.23,0.000020
59487,1,0,-17.74,6.30,-1.41,111.44,0.09,-17.83,0.000025
59545,1,0,-21.11,6.11,-1.90,113.00,0.09,-21.20,0.000027>0.000027
59561,1,0,-26.24,6.24,-1.79,101.75,0.09,-26.33,0.000026
59614,1,0,-29.16,6.15,-2.02,101.75,0.09,-29.25,0.000027
59644,1,0,-31.94,6.21,-1.99,96.50,0.09,-32.03,0.000027
59700,1,0,-37.25,6.19,-2.15,88.87,0.09,-37.34,0.000027
59725,1,0,-38.95,6.08,-2.26,86.25,0.09,-39.04,0.000027
59771,1,0,-42.20,6.10,-2.30,79.69,0.09,-42.29,0.000026
59846,1,0,-48.34,6.01,-2.47,76.19,0.09,-48.43,0.000027
59961,1,0,-56.85,6.00,-2.66,67.06,0.09,-56.94,0.000028
59990,1,0,-58.09,6.02,-2.69,61.38,0.09,-58.18,0.000027
60043,1,0,-61.42,6.06,-2.72,54.00,0.09,-61.51,0.000027
60076,1,0,-63.43,6.09,-2.74,51.63,0.09,-63.52,0.000027
60108,1,0,-64.34,6.08,-2.76,47.56,0.09,-64.43,0.000027
60187,1,0,-67.58,6.10,-2.81,40.81,0.09,-67.67,0.000026
60272,1,0,-70.68,6.14,-2.86,41.31,0.09,-70.77,0.000027
60319,1,0,-72.18,6.23,-2.89,38.31,0.09,-72.27,0.000027
60334,1,0,-73.16,6.33,-2.88,33.44,0.09,-73.25,0.000026
60406,1,0,-74.97,6.49,-2.90,20.87,0.09,-75.06,0.000025
60422,1,0,-75.15,6.50,-2.90,18.75,0.09,-75.24,0.000024
60440,1,0,-75.62,6.54,-2.93,18.50,0.09,-75.71,0.000024
60543,1,0,-76.42,6.55,-2.95,12.06,0.09,-76.51,0.000023
60563,1,0,-76.50,6.55,-2.5,4.44,0.09,-76.63,0.000022
60575,1,0,-76.57,6.53,-2.96,3.25,0.09,-76.66,0.000022
60637,1,0,-77.07,6.56,-3.01,5.75,0.09,-77.16,0.000022
60693,1,0,-77.06,6.58,-3.00,-5.19,0.09,-77.15,0.000020
60709,1,0,-76.93,6.60,-3.03,-6.00,0.09,-77.02,0.000020
60764,1,0,-76.32,6.64,-2.93,-25.44,0.09,-76.41,0.000016
60881,1,0,-69.90,6.78,-2.64,-84.81,0.09,-69.99,0.000004
60895,1,0,-69.03,6.79,-2.58,-92.87,0.09,-68.21,0.000002
60926,1,0,-66.21,6.83,-2.54,-101.56,0.09,-66.30,-0.000000
60962,1,0,-62.10,6.89,-2.40,-107.31,0.09,-62.19,-0.000003
60999,1,0,-57.61,6.93,-2.24,-119.62,0.09,-57.70,-0.000006
61110,1,0,-43.80,6.85,-1.64,-130.44,0.09,-43.89,-0.000012
61151,1,0,-38.83,6.84,-1.46,-127.50,0.09,-38.92,-0.000013
61169,1,0,-33.93,6.81,-1.29,-124.56,0.09,-34.02,-0.000013
61253,1,0,-25.74,6.77,-1.03,-113.37,0.09,-25.83,-0.000014
61339,1,0,-17.96,6.66,-0.77,-91.81,0.09,-18.05,-0.000012
61391,1,0,-14.43,6.58,-0.68,-89.06,0.09,-14.522.85,-0.000012
61431,1,0,-11.18,6.50,-0.58,-80.87,0.09,-11.27,-0.000012
61469,1,0,-8.16,6.46,-0.49,-74.37,0.09,-8.25,-0.000011
61486,1,0,-6.74,6.42,-0.46,-72.75,0.09,-6.83,-0.000011
61551,1,0,-1.78,6.34,-0.32,-55.00,0.09,-1.87,-0.000010
61571,1,0,-1.26,6.32,-0.31,-53.06,0.09,-1.35,-0.000009
61585,1,0,0.16,6.30,-0.26,-47.37,0.09,0.07,-0.000009
61652,1,0,2.20,6.25,-0.23,-36.69,0.09,2.11,-0.000007
61685,1,0,3.30,6.22,-0.22,-23.00,0.09,3.21,-0.000005
61720,1,0,3.68,6.21,-0.21,-16.06,0.09,3.59,-0.000004
61733,1,0,3.79,6.21,-0.22,-11.19,0.0909,3.82,-0.000002
61774,1,0,3.94,6.22,-0.21,0.56,0.09,3.85,-0.000001
61788,1,0,3.86,6.22,-0.22,4.56,0.09,3.77,-0.000000
61806,1,0,3.80,6.23,-0.21,6.19,0.09,3.71,0.000000
61825,1,0,3.55,6.24,-0.21,8.81,0.09,3.46,0.000001
61887,1,0,3.05,6.25,-0.21,10.88,0.09,2.96,0.000001
61919,1,0,2.58,6.26,-0.22,11.88,0.09,2.49,0.000001
62027,1,0,1.52,6.27,-0.24,4.94,0.09,1.43,0.000001
62071,1,0,1.40,6.26,-0.23,3.44,0.09,1.31,0.000000
62087,1,0,1.36,6.27,-0.23,0.19,0.09,1.27,-0.000000
62136,1,0,1.44,6.27,-0.22,-2.56,0.09,1.35,-0.000001
62178,1,0,1.58,6.25,-0.22,-4.50,0.09,1.49,-0.000001
62228,1,0,1.79,6.26,-0.22,-6.56,0.09,1.70,-0.000002
62260,1,0,2.03,6.26,-0.21,-6.56,0.09,1.94,-0.000002
62313,1,0,2.20,6.25,-0.22,-4.56,0.09,2.11,-0.000001
62340,1,0,2.36,6.25,-0.21,-3.81,0.09,2.27,-0.000001
62375,1,0,2.52,6.25,-0.20,-3.31,0.09,2.43,-0.000001
62415,1,0,2.61,6.25,-0.19,-1.69,0.09,2.52,-0.000001
62486,1,0,2.62,6.23,-0.19,-0.44,0.09,2.53,-0.000001
62532,1,0,2.58,6.24,-0.18,2.12,0.09,2.49,-0.000000
62578,1,0,2.46,6.22,-0.19,3.00,0.09,2.37,-0.000000
62612,1,0,2.35,6.24,-0.19,1.69,0.09,2.26,-0.000000
62719,1,0,2.52,6.25,-0.20,-3.00,0.09,2.43,-0.000001
62762,1,0,2.61,6.25,-0.19,-2.62,0.09,2.52,-0.000001
62779,1,0,2.68,6.23,-0.19,-0.81,0.09,2.59,-0.000001
62846,1,0,2.68,6.25,-0.19,0.44,0.09,2.59,-0.000001
62949,1,0,2.56,6.23,-0.18,2.12,0.09,2.47,-0.000000
63007,1,0,2.42,6.23,-0.19,1.69,0.09,2.33,-0.000000
63061,1,0,2.35,6.24,-0.17,2.37,0.09,2.26,-0.000000
63191,1,0,2.26,6.24,-0.19,-1.37,0.09,2.17,-0.000001
63265,1,0,2.25,6.25,-0.17,-0.25,0.09,2.16,-0.000001
63279,1,0,2.29,6.24,-0.17,-2.25,0.09,2.20,-0.000001
63295,1,0,2.31,6.25,-0.18,-2.44,0.09,2.22,-0.000001
63308,1,0,2.40,6.25,-0.16,-2.25,0.09,2.31,-0.000001
63331,1,0,2.39,6.25,-0.16,-1.56,0.09,2.30,-0.01
63380,1,0,2.40,6.30,-0.16,-1.12,0.09,2.31,-0.000001
63399,1,0,2.37,6.35,-0.17,-0.56,0.09,2.28,-0.000001
63415,1,0,2.38,6.35,-0.17,-1.12,0.09,2.29,-0.000001
63449,1,0,2.37,6.38,-0.16,-2.12,0.09,2.28,-0.000001
63502,1,0,2.33,6.50,-0.18,-0.94,0.09,2.24,-0.0000.000001
63517,1,0,2.40,6.50,-0.18,-3.12,0.09,2.31,-0.000001
63560,1,0,2.69,6.51,-0.15,-11.88,0.09,2.60,-0.000003
63628,1,0,4.84,6.40,0.19,-48.88,0.09,4.75,-0.000010
63680,1,0,7.33,6.24,0.74,-68.94,0.09,7.24,-0.000015
63745,1,0,13.24,5.84,1.22,-102.37,0.09,13.15,-0.000022
63785,1,0,17.63,5.61,1.27,-117.50,0.09,17.54,-0.000026
63833,1,0,18.77,5.55,134,-124.44,0.09,22.23,-0.000029
63867,1,0,27.55,4.81,1.38,-138.69,0.09,27.46,-0.000033
63913,1,0,33.22,4.33,1.23,-147.75,0.09,33.13,-0.000036
63951,1,0,37.60,4.08,1.14,-148.87,0.09,37.51,-0.000038
63984,1,0,43.40,3.72,0.93,-148.69,0.09,43.31,-0.000039
64100,1,0,59.03,3.06,0.36,-121.87,0.09,58.94,-0.000039
64114,1,0,62.56,2.97,0.19,-119.87,0.09,62.47,-0.000039
64184,1,0,68.26,2.98,-0.24,-117.94,0.09,68.17,-0.000041
64203,1,0,71.66,3.06,-0.47,-116.19,0.09,71.57,-0.000041
64218,1,0,72.78,3.07,-0.51,-115.31,0.09,72.69,-0.000041
64233,1,0,75.03,3.04,-0.61,-118.69,0.09,74.94,-0.000043
64254,1,0,77.33,3.00,-0.70,-119.00,0.09,79.55,-0.000045
64309,1,0,81.91,3.01,-0.91,-118.00,0.09,81.82,-0.000044
64324,1,0,84.18,3.01,-1.00,-116.25,0.09,84.09,-0.000045
64371,1,0,88.56,2.91,-1.15,-109.69,0.09,88.47,-0.000045
64445,1,0,96.51,2.86,-1.43,-96.50,0.09,96.42,-0.000044
64544,1,0,106.57,2.88,-1.81,-95.12,0.09,106.48,-0.000047
64599,1,0,110.05,2.91,-1.95,-86.50,0.09,109.96,-0.000046
64624,1,0,113.21,2.92,-2.07,-79.00,0.09,113.12,-0.000046
64709,1,0,118.54,2.98,-2.27,-83.12,0.09,118.45,-0.000048
64785,1,0,125.91,3.08,-2.55,-104.00,0.09,125.82,-0.000054
64875,1,0,136.58,3.32,-3.02,-151.75,0.09,136.49,-0.000066
64925,1,0,144.06,3.56,-3.34,-204.37,0.09,143.97,-0.000070.000087
64939,1,0,149.27,3.81,-3.49,-284.56,0.09,149.18,-0.000094
65011,1,0,176.54,4.26,-2.68,-308.69,0.09,176.45,-0.000106
65124,1,0,-167.46,4.70,-3.72,-137.94,0.09,-167.55,0.000000018
65139,1,0,-164.43,5.07,-3.85,-162.19,0.09,-164.52,0.000016
65170,1,0,-157.80,5.19,-3.48,-169.62,0.09,-157.89,0.000013
65202,1,0,-154.26.72,5.38,-3.25,-261.94,0.09,-146.81,-0.000008
65251,1,0,-133.01,5.98,-3.47,-366.44,0.09,-133.10,-0.000031
65267,1,0,-125.04,6.29,-3.48,-423.44,0.09,-125.13,-0.000043
65355,1,0,-76.76,6.98,-2.61,-624.62,0.09,-76.85,-0.000094
65402,1,0,-50.45,7.19,-1.80,-701.12,0.09,-50.54,-00118
65466,1,0,-23.58,7.06,-1.04,-684.69,0.09,-23.67,-0.000119
65488,1,0,-4.19,6.70,-0.39,-653.06,0.09,-4.28,-0.000119
65525,1,0,18.41,6.18,-0.00,-532.06,0.09,18.32,-0.000103
65563,1,0,35.17,5.52,0.30,-369.75,0.09,35.08,-0.000078
65602,1,0,44.84,5.18,0.35,-175.12,0.09,44.75,-0.000045
65710,1,0,36.29,5.51,0.03,254.37,0.09,36.20,0.000037
65774,1,0,25.03,5.65,0.27,305.25,0.09,24.94,0.000049
65788,1,0,13.09,6.18,0.20,305.12,0.09,13.00,0.000053
65824,1,0,1.53,6.46,-0.26,291.56,0.09,1.44,0.000053
65873,1,0,-8.00,6.84,0.04,238.25,0.09,-8.09,0.000046
65939,1,0,-16.13,6.85,-0.82,58.31,0.09,-16.22,0.000015
65986,1,0,-16.43,6.92,-0.89,-25.50,0.09,-16.52,-0.000000
66025,1,0,-13.65,6.86,-0.94,-95.62,0.09,-13.74,-0.000014
66061,1,0,-9.06,6.79,-0.88,-128.00,0.09,-9.15,-0.000021
66088,1,0,-5.12,6.78,-0.39,-137.50,0.09,-5.21,-0.000024
66176,1,0,5.41,6.53,-0.32,-114.50,0.09,5.32,-0.000023
66209,1,0,8.66,6.41,0.01,-75.25,0.09,8.57,-0.000016
66284,1,0,10.44,6.37,-0.13,9.13,0.09,10.35,-0.000001
66317,1,0,9.55,6.39,-0.15,40.13,0.09,9.46,0.000005
66382,1,0,6.94,6.48,-0.18,58.940.13,0.09,5.68,0.000009
66397,1,0,5.17,6.54,-0.22,61.50,0.09,5.08,0.000010
66444,1,0,2.63,6.64,-0.28,66.62,0.09,2.54,0.000012
66492,1,0,-0.16,6.66,-0.22,54.81,0.09,-0.25,0.000008
66521,1,0,-0.93,6.71,-0.14,37.94,0.09,-1.02,0.000007
66557,1,0,-1.84,6.73,-0.05,18.37,0.09,-1.93,0.000004
66601,1,0,-2.00,6.70,-0.05,-8.56,0.09,-2.09,-0.000001
66627,1,0,-1.50,6.73,-0.05,-20.87,0.09,-1.59,-0.000003
66675,1,0,-0.44,6.68,-0.04,-30.62,0.09,-0.53,-0.000005
66691,1,0,0.78,6.64,-0.03,-31.44,0.09,0.69,-0.000006
66763,1,0,2.05,6.65,0.00,-33.13,0.09,1.96,-0.000007
66834,1,0,3.32,6.63,0.02,3.44,0.09,3.23,-0.000000
66863,1,0,2.92,6.63,0.01,17.75,0.09,2.83,0.000002
66906,1,0,1.99,6.66,0.00,27.50,0.09,1.90,0.000005
66942,1,0,0.94,6.68,-0.01,25.50,0.09,0.85,0.000004
66973,1,0,0.31,6.67,-0.02,19.12,0.09,0.22,0.000003
67017,1,0,-0.23,6.68,-0.03,11.75,0.09,-0.32,0.000002
67090,1,0,-1.90,6.75,-0.10,32.31,0.09,-1.99,0.000006
67136,1,0,-3.62,6.76,-0.23,52.88,0.09,-3.71,0.000011>000014
67149,1,0,-5.56,6.79,-0.24,72.81,0.09,-5.65,0.000015
67199,1,0,-8.75,6.91,-0.21,85.56,0.09,-8.84,0.000018
67244,1,0,-12.31,6.95,-0.47,92.25,0.09,-12.40,0.000020
67286,1,0,-15.57,6.97,-0.90,75.00,0.09,-15.66,0.000018
67321,1,0,-18.29,6.86,-1.50,65.69,0.09,-18.38,0.000017
67406,1,0,-23.55,6.99,-1.91,78.31,0.09,-23.64,0.000021
67420,1,0,-26.19,7.00,-2.00,91.00,0.09,-26.28,0.000024
67464,1,0,-30.34,6.88,-2.11,112.87,0.09,-30.43,0.000029
67552,1,0,-38.16,6.73,-2.18,89.94,0.09,-38.25,0.000027
67569,1,0,-39.87,6.78,-2.27,85.94,0.09,-39.96,0.000027
67629,1,0,-43.74,6.92,-2.39,78.62,0.09,-43.83,0.000027
67664,1,0,-46.96,7.03,-2.27,81.69,0.09,-47.05,0.000028
67782,1,0,-55.80,7.30,-2.36,80.75,0.09,-55.89,0.000030
67796,1,0,-57.25,7.20,-2.42,73.62,0.09,-57.34,0.000029
67905,1,0,-62.68,7.30,-2.60,57.69,0.09,-62.77,0.000028
67935,1,0,-64.88,7.24,-2.63,57.00,0.09,-64.97,0.000028
67976,1,0,-66,7.19,-2.74,56.75,0.09,-66.65,0.000029
68010,1,0,-68.75,7.18,-2.80,58.25,0.09,-68.84,0.000030
68112,1,0,-73.85,7.11,-2.92,53.69,0.09,-73.94,0.000030
68143,1,0,-75.82,7.04,-3.02,49.44,0.09,-75.91,0.000030
68161,1,0,-76.79,7.05,-3.02,50.25,0.09,-76.88,0.000031
68229,1,0,-80.15,6.96,-3.15,40.75,0.09,-80.24,0.000030
68244,1,0,-80.51,6.97,-3.17,37.94,0.09,-8.00,0.000030
68258,1,0,-81.68,6.95,-3.19,41.69,0.09,-81.77,0.000030
68325,1,0,-83.13,6.92,-3.19,34.81,0.09,-83.22,0.000029
68340,1,0,-84.12,6.91,-3.24,32.44,0.09,-84.21,0.000029
68370,1,0,-84.42,6.89,-3.24,30.44,0.09,-84.51,0.000029
68392,1,0,-85.29,6.87,-3.24,28.69,0.09,-85.38,0.000029
68443,1,0,-86.61,6.84,-3.27,26.31,0.09,-86.70,0.000029
68462,1,0,-87.17,6.82,-3.27,16.62,0.09,-87.26,0.000027
68515,1,0,-87.67,6.87,-3.29,9.44,0.09,-87.76,0.000026
68553,1,0,-87.82,6.93,-3.31,0.69,0.09,-87.91,0.000024
68590,1,0,-87.81,6.97,-3.31,-2.69,0.09,-87.90,0.000024
68707,1,0,-87.54,6.97,-3.30,2.00,0.09,-87.63,0.000025
68724,1,0,-87.63,6.97,-3.32,8.06,0.09,-87.72,0.000026
68786,1,0,-88.03,6.96,-3.32,9.94,0.09,-88.12,0.000026
68803,1,0,-88.38,6.94,-3.33,15.75,0.09,-88.47,0.000027
68819,1,0,-88.49,6.94,-3.33,10.88,0.09,-88.58,0.000027
68833,1,0,-88.85,6.93,-3.35,10.19,0.09,-88.94,0.000027
68903,1,0,-89.37,6.92,-3.36,8.94,0.09,-89.46,0.000026
68921,1,0,-89.55,6.92,-3.35,4.56,0.09,-89.64,0.000026
68978,1,0,-89.65,6.93,-3.36,0.69,0.09,-89.74,0.000025
69025,1,0,-89.73,6.93,-3.39,5.31,0.09,-8988,0.000026
69039,1,0,-89.85,6.97,-3.41,4.56,0.09,-89.94,0.000026
69087,1,0,-90.23,7.06,-3.40,10.44,0.09,-90.32,0.000027
69154,1,0,-90.93,7.06,-3.43,7.31,0.09,-91.02,0.000027
69171,1,0,-91.00,7.07,-3.43.43,7.50,0.09,-91.17,0.000027
69199,1,0,-91.13,7.07,-3.43,2.56,0.09,-91.22,0.000026
69275,1,0,-90.74,7.12,-3.43,-9.56,0.09,-90.83,0.000023
69311,1,0,-90.39,7.20,-3.42,-12.44,0.09,-90.48,0.000023
69386,1,0,-89.59,7.27,-3.41,-9.56,0.09,-89.68,0.000023
69431,1,0,-89.33,7.32,-3.38,-13.13,0.09,-89.42,0.000022
69450,1,0,-88.86,7.34,-3.39,-12.88,0.09,-88.95,0.000022
69507,1,0,-88.34,7.34,-3.38,-10.06,0.09,-88.43,0.000023
69522,1,0,-88.18,7.34,-3.40,-6.25,0.09,-88.27,0.000023
69637,1,0,-88.26,7.55,-3.42,1.31,0.09,-88.35,0.000025
69655,1,0,-88.38,7.56,-3.43,7.81,0.09,-88.47,0.000026
69705,1,0,-88.41,7.57,-3.42,-0.19,0.09,-88.50,0.000024
69720,1,0,-88.40,7.62,-3.44,-0.94,0.09,-88.49,0.000024
69737,1,0,-88.38,7.66,-3.45,-3.56,0.09,-88.47,0.000024
69757,1,0,-88.37,7.66,-3.44,-2.00,0.09,-88.46,0.000024
69782,1,0,-88.29,7.65,-3.44,-87,0.09,-88.38,0.000024
69841,1,0,-88.22,7.67,-3.45,-3.50,0.09,-88.31,0.000024
69889,1,0,-88.32,7.76,-3.48,3.31,0.09,-88.41,0.000025
69959,1,0,-88.50,7.88,-3.47,0.56,0.09,-88.59,0.000025
70077,1,0,-88.92,7.96,-3.48,5.00,0.09,-89.01,0.000026
70120,1,0,-89.12,7.99,-3.50,6.06,0.09,-89.21,0.000026
70208,1,0,-89.35,8.05,-3.51,1.87,0.09,-89.44,0.000025
70321,1,0,-89.94,8.12,-3.55,6.69,0.09,-90.03,0.000026
70335,1,0,-90.14,8.15.16,-3.53,5.06,0.09,-90.27,0.000026
70350,1,0,-90.26,8.17,-3.53,7.69,0.09,-90.35,0.000026
70398,1,0,-90.47,8.19,-3.57,3.44,0.09,-90.56,.000026
70409,1,0,-90.54,8.21,-3.55,0.62,0.09,-90.63,0.000025
70445,1,0,-90.61,8.22,-3.55,2.06,0.09,-90.70,0.000026
70538,1,0,-90.48,8.27,-3.56,-1.19,0.09,-90.57,0.000025
70587,1,0,-90.42,8.29,-3.54,-1.75,0.09,-90.51,0.000025
70633,1,0,-90.32,8.30,-3.54,-6.44,0.09,-90.41,0.000024
70666,1,0,-90.21,8.30,-3.55,-1.00,0.09,-90.30,0.000025
70700,1,0,-90.06,8.35,-3.54,-5.19,0.09,-90.15,0.000024
70740,1,0,-89.80,8.38,-3.54,-8.19,0.09,-89.89,0.000023
70753,1,0,-89.54,8.43,-3.54,-9.88,0.09,-89.63,0.000023
70775,1,0,-89.51,8.45,-3.54,-6.31,0.09,-89.60,0.000024
70790,1,0,-89.33,8.50,-3.52,-12.81,0.09,-89.42,0.000022
70859,1,0,-88.63,8.56,-3.52,-13.06,0.09,-88.72-88.56,0.000021
70871,1,0,-88.25,8.60,-3.50,-22.00,0.09,-88.34,0.000020
71008,1,0,-84.03,8.77,-3.42,-55.38,0.09,-84.12,0.000013
71021,1,0,-82.76,8.82,-3.41,-69.12,0.09,-82.85,0.000010
71090,1,0,-78.73,8.93,-3.32,-92.56,0.09,-78.82,0.000005
71106,1,0,-75.74,9.00,-3.21,-107.25,0.09,-75.83,0.000001
71127,1,0,-74.60,9.02,-3.17,-116.87,0.09,-74.69,-0.0000010.000003
71151,1,0,-70.81,9.11,-3.06,-136.12,0.09,-70.90,-0.000005
71245,1,0,-58.38,9.27,-2.62,-175.81,0.09,-58.47,-0.000016
71314,1,0,-43.11,9.20,-1.94,-212.25,0.09,-43.20,-0.000027
71365,1,0,-28.10,9.11,-1.47,-216.06,0.09,-28.19,-0.000032
71465,1,0,-13.38,8.94,-1.02,-169.75,0.09,-13.47,-0.000028
71578,1,0,0.10,8.62,-0.65,-100.50,0.09,0.01,-0.000018
71612,1,0,3.55,8.52,-0.58,-80.69,0.09,3.46,-0.000016
71676,1,0,6.64,8.49,-0.52,-23.87,0.09,6.55,-0.000006
71693,1,0,6.63,8.49,-0.55,-11.06,0.09,6.54,-0.000004
71709,1,0,6.55,8.48,-0.60,0.81,0.09,6.46,-0.000002
71771,1,0,5.79,8.48,-0.59,26.50,0.09,5.70,0.000003
71815,1,0,4.47,8.51,-0.60,35.94,0.09,4.38,0.000005
71835,1,0,4.10.73,8.53,-0.63,38.31,0.09,3.64,0.000006
71847,1,0,3.37,8.53,-0.63,36.63,0.09,3.28,0.000006
71860,1,0,91,8.59,-0.65,37.81,0.09,1.82,0.000006
71909,1,0,0.50,8.66,-0.66,33.13,0.09,0.41,0.000006
71962,1,0,-0.46,8.67,-0.69,20.25,0.09,-0.55,0.000004
72043,1,0,-1.15,8.70,-0.70,2.69,0.09,-1.24,0.000001
72140,1,0,0.43,8.64,-0.69,-20.81,0.09,0.34,-0.000004
72191,1,0,1.35,8.63,-0.66,-24.69,0.09,1.26,-0.000005
72208,1,0,2.08,8.61,-0.64,-24.06,0.09,1.99,-0.000005
72250,1,0,2.85,8.59,-0.64,-17.62,0.09,2.76,-0.000004
72309,1,0,3.38,8.58,-0.64,-11.94,0.09,3.29,-0.000003
72351,1,0,3.74,8.58,-0.64,-2.94,0.09,3.65,-0.000002
72370,1,0,3.75,8.58,-0.64,1.44,0.09,3.66,-0.000001
72380,1,0,3.67,8.58,-0.64,4.25,0.09,3.58,-0.000000
72396,1,0,3.54,8.58,-0.64,7.19,0.09,3.45,0.000000
72467,1,0,3.14,8.60,-0.64,9.25,0.09,3.05,0.000001
72481,1,0,2.79,8.61,-0.64,12.44,0.09,2.70,0.000002
72495,1,0,2.65,8.61,-0.64,13.75,0.09,2.56,0.000002
72513,1,0,2.37,8.61,-0.64,14.87,0.09,2.28,0.000002
72621,1,0,1.41,8.62,-0.64,9.00,0.09,1.32,0.000001
72670,1,0,1.19,8.67,-0.64,6.12,0.09,1.10,0.000001
72724,1,0,1.38,8.65,-0.64,-6.50,0.09,1.29,-0.000002
72763,1,0,1.72,8.65,-0.64,-8.75,0.09,1.63,-0.000002
72829,1,0,2.39,8.65,-0.63,-9.88,0.09,2.30,-0.000002
72879,1,0,2.78,8.64,-0.62,-11.25,0.09,2.69,-0.000003
72944,1,0,4.64,8.60,-0.56,-35.88,0.09,4.55,-0.000008
72998,1,0,5.95,8.55,-0.43,-50.38,0.09,5.86,-0.000011
73068,1,0,13.09,7.93,0.93,-127.94,0.09,13.00,-0.000027
73116,1,0,20.29,7.17,0.92,-214.37,0.09,20.20,-0.000045
73156,1,0,33.45,6.40,0.14,-288.06,0.09,33.36,-0.000062
73193,1,0,46.81,5.78,0.15,-362.56,0.09,46.72,-0.000080
73222,1,0,54.09,5.46,0.31,-376.06,0.09,54.00,-0.000084
73297,1,0,81.02,5.02,-0.94,-185.81,0.09,80.93,-0.000057
73381,1,0,79.06,6.28,-0.85,205.94,0.09,78.97,0.000016
73417,1,0,66.87,6.37,-0.28,364.25,0.09,66.78,0.000049
73435,1,0,55.07,6.85,0.06,427.37,0.09,54.98,0.000063
73503,1,0,31.63,7.47,-0.01,505.31,0.09,31.54,0.000084
73527,1,0,16.97,8.33,-0.03,501.94,0.09,16.88,0.000088
73576,1,0,-1.89,8.81,-0.38,467.56,0.09,-1.98,0.000087
73613,1,0,-16.81,9.15,-0.76,328.56,0.09,-16.90,0.000065
73649,1,0,-26.69,9.45,-1.14,209.69,0.09,-26.78,0.000046
73747,1,0,-27.37,9.24,-1.50,-143.62,0.09,-27.46,-0.000019
73806,1,0,-19.79,9.17,-1.18,-208.50,0.09,-19.88,-0.000033
73841,1,0,-11.41,9.07,-0.99,-226.00,0.09,-11.50,-0.000038
73898,1,0,-2.67,8.86,-0.81,-217.50,0.09,-2.76,-0.000039
73915,1,0,3.30,8.76,-0.55,-197.00,0.09,3.21,-0.000037
73959,1,0,10.64,8.62,-0.49,-107.00,0.09,10.55,-0.000023
73976,1,0,12.90,8.46,-0.44,-65.25,0.09,12.81,-0.000016
74052,1,0,14.38,8.47,-0.34,-14.06,0.09,14.29,-0.000007
74071,1,0,13.40,8.51,-0.30,44.88,0.09,13.31,0.000005
74105,1,0,10.51,8.54,-0.33,91.12,0.09,10.42,0.000014
74140,1,0,6.91,8.65,-0.38,91.75,0.09,6.82,0.000015
74210,1,0,0.22,8.80,-0.11,99.06,0.09,0.13,0.000018
74264,1,0,-2.87,8.92,-0.42,65.06,0.09,-2.96,0.000013
74277,1,0,-4.14,8.96,-0.54,32.31,0.09,-4.23,0.000007
74325,1,0,-4.78,8.98,-0.45,8.00,0.09,-4.87,0.000003
74398,1,0,-4.66,8.99,-0.43,-13.19,0.09,-4.75,-0.000001
74438,1,0,-1.51,8.92,-0.34,-48.06,0.09,-1.60,-0.000008
74492,1,0,0.27,8.86,-0.31,-45.31,0.09,0.18,-0.000008
74509,1,0,2.09,8.86,-0.25,-47.94,0.09,2.00,-0.000009
74568,1,0,3.70,8.78,-0.21,-34.06,0.09,3.61,-0.000007
74693,1,0,4.51,8.77,-0.24,10.69,0.09,4.42,0.000001
74762,1,0,2.82,8.82,-0.24,16.62,0.09,2.73,0.000002
74797,1,0,2.51,8.81,-0.19,2.87,0.09,2.42,-0.000000
74908,1,0,6.70,8.45,0.90,-103.75,0.09,6.61,-0.000021
74953,1,0,10.59,8.12,0.93,-149.25,0.09,10.50,-0.000030
74965,1,0,17.91,7.75,1.08,-214.06,0.09,17.82,-0.000044
75029,1,0,27.72,7.15,1.11,-277.12,0.09,27.63,-0.000059
75057,1,0,39.50,6.57,0.97,-318.56,0.09,39.41,-0.000070
75144,1,0,66.83,5.06,-0.29,-388.50,0.09,66.74,-0.000090
75244,1,0,99.53,5.86,-1.80,-395.94,0.09,99.44,-0.000100
75259,1,0,108.75,5.76,-1.82,-267.37,0.09,108.66,-0.000079
75313,1,0,113.43,5.75,-2.00,-34.44,0.09,113.34,-0.000038
75372,1,0,97.35,5.87,-1.36,362.37,0.09,97.26,0.000040
75456,1,0,57.74,6.82,0.19,588.25,0.09,57.65,0.000092
75474,1,0,40.04,7.30,-0.14,619.31,0.09,39.95,0.000103
75516,1,0,16.34,8.44,0.19,612.37,0.09,16.25,0.000108
75598,1,0,-20.20,9.44,-0.75,437.81,0.09,-20.29,0.000086
75646,1,0,-32.87,9.44,-1.25,267.62,0.09,-32.96,0.000058
75715,1,0,-39.33,9.52,-1.65,-70.69,0.09,-39.42,-0.000002
75760,1,0,-33.06,9.33,-1.54,-202.19,0.09,-33.15,-0.000028
75817,1,0,-15.30,9.22,-0.99,-282.56,0.09,-15.39,-0.000048
75872,1,0,-4.17,8.85,-0.60,-284.87,0.09,-4.26,-0.000051
75957,1,0,13.91,8.56,-0.28,-159.81,0.09,13.82,-0.000033
75990,1,0,18.21,8.24,-0.16,-82.75,0.09,18.12,-0.000020
76069,1,0,18.12,8.40,-0.02,69.81,0.09,18.03,0.000008
76083,1,0,16.34,8.40,0.07,98.87,0.09,16.25,0.000014
76144,1,0,10.61,8.59,0.14,126.44,0.09,10.52,0.000020
76180,1,0,5.41,8.67,-0.08,139.06,0.09,5.32,0.000024
76219,1,0,0.18,8.88,-0.08,128.12,0.09,0.09,0.000024
76281,1,0,-4.62,8.99,-0.17,42.25,0.09,-4.71,0.000009
76331,1,0,-5.56,9.03,-0.20,10.19,0.09,-5.65,0.000003
76404,1,0,-3.03,9.02,-0.15,-56.25,0.09,-3.12,-0.000009
76445,1,0,-1.30,8.98,-0.12,-59.50,0.09,-1.39,-0.000011
76518,1,0,3.50,8.85,0.00,-64.81,0.09,3.41,-0.000013
76601,1,0,6.44,8.80,-0.19,-16.87,0.09,6.35,-0.000005
76651,1,0,6.81,8.79,-0.22,-6.06,0.09,6.72,-0.000003
76673,1,0,6.69,8.81,-0.22,9.94,0.09,6.60,0.000000
76752,1,0,4.67,8.84,-0.24,28.19,0.09,4.58,0.000004
76795,1,0,3.60,8.89,-0.25,27.62,0.09,3.51,0.000004
76811,1,0,2.39,8.87,-0.29,30.69,0.09,2.30,0.000005
76859,1,0,1.68,8.90,-0.29,21.31,0.09,1.59,0.000003
76900,1,0,1.11,8.96,-0.29,12.31,0.09,1.02,0.000002
76913,1,0,1.00,8.98,-0.29,7.50,0.09,0.66,0.000001
76953,1,0,0.68,8.99,-0.30,7.12,0.09,0.59,0.000001
76968,1,0,0.63,8.98,-0.32,-1.00,0.09,0.54,-0.000000
76999,1,0,0.82,8.98,-0.31,-12.25,0.09,0.73,-0.000002
77068,1,0,1.58,8.97,-0.29,-12.81,0.09,1.49,-0.000003
77084,1,0,1.72,8.97,-0.32,-14.06,0.09,1.63,-0.000003
77099,1,0,1.79,8.96,-0.32,-13.63,0.09,1.70,-0.000003
77116,1,0,2.06,8.97,-0.32,-18.12,0.09,1.97,-0.000004
77135,1,0,2.19,8.97,-0.33,-17.69,0.09,2.10,00003
77183,1,0,2.76,8.94,-0.30,-12.44,0.09,2.67,-0.000003
77217,1,0,2.96,8.94,-0.32,-8.44,0.09,2.87,-0.000002
77299,1,0,3.51,8.93,-0.29,-3.44,0.09,3.42,-0.000002
77331,1,0,3.44,8.95,-0.28,4.06,0.09,3.35,-0.000000
77440,1,0,2.80,8.97,-0.31,9.25,0.09,2.71,0.000001
77497,1,0,2.44,8.97,-0.33,8.50,0.09,2.35,0.000001
77522,1,0,2.23,8.99,-0.34,3.87,0.09,2.14,0.000000
77554,1,0,2.05,8.98,-0.34,7.06,0.09,1.96,0.000001
77591,1,0,1.81,8.99,-0.34,5.81,0.09,1.72,0.000001
77669,1,0,1.78,8.99,-0.34,-0.50,0.09,1.69,-0.000001
77716,1,0,1.80,9.00,-0.34,-1.50,0.09,1.71,-0.000001
77779,1,0,2.32,8.95,-0.35,-7.94,0.09,2.23,-0.000002
77833,1,0,2.57,8.92,-0.35,-6.31,0.09,2.48,-0.000002
77901,1,0,3.11,8.92,-0.33,-6.87,0.09,3.02,-0.000002
77918,1,0,3.22,8.93,-0.32,-3.25,0.09,3.13,-0.000001
77987,1,0,3.34,8.93,-0.31,-2.75,0.09,3.25,-0.00001
78000,1,0,3.41,8.93,-0.32,-3.50,0.09,3.32,-0.000002
78017,1,0,3.41,8.93,-0.32,-0.56,0.09,3.32,-0.000001
78035,1,0,3.40,8.94,-0.31,1.37,0.09,3.31,-0.000001
78101,1,0,3.27,8.95,-0.31,3.00,0.09,3.18,-0.000000
78134,1,0,3.10,8.96,-0.33,2.25,0.09,3.01,-0.000000
78178,0,0,2.94,8.95,-0.33,2.62,0.09,2.85,-0.000000
78214,0,0,2.53,9.00,-0.17,13.63,0.09,2.44,0.000002
78249,0,0,2.31,8.96,-0.23,6.37,0.09,2.22,0.000001
78375,0,0,1.15,8.99,-0.23,1.06,0.09,1.06,-0.000000
78395,0,0,1.18,9.03,-0.22,-1.50,0.09,1.09,-0.000001
78441,0,0,0.92,9.01,-0.22,6.25,0.09,0.83,0.000001
78476,0,0,1.05,9.01,-0.21,-8.25,0.09,0.96,-0.000002
78585,0,0,1.95,8.99,-0.20,-13.31,0.09,1.86,-0.000003
78637,0,0,2.57,8.98,-0.18,-14.56,0.09,2.48,-0.0000002
78667,0,0,2.94,8.97,-0.18,-8.00,0.09,2.85,-0.000002
78703,0,0,3.30,8.94,-0.18,-10.06,0.09,3.21,-0.000003
78747,0,0,3.69,8.95,-0.16,-9.06,0.09,3.60,-0.000003
78813,0,0,3.78,8.94,-0.17,1.37,0.09,3.69,-0.000001
78862,0,0,3.75,8.95,-0.17,1.50,0.09,3.66,-0.000001
78926,0,0,3.12,8.96,-0.17,12.31,0.09,3.03,0.000001
78970,0,0,2.83,8.96,-0.17,8.56,0.09,2.74,0.000001
79041,0,0,1.97,8.99,-0.18,13.56,0.09,1.88,0.000002
79090,0,0,1.61,9.00,-0.20,6.06,0.09,1.52,0.000001
79166,0,0,1.22,8.99,-0.20,4.75,0.09,1.13,0.000001
79186,0,0,1.23,9.01,-0.20,-2.75,0.09,1.14,-0.000001
79286,0,0,1.72,9.00,-0.20,-6.75,0.09,1.63,-0.000002
79370,0,0,2.59,8.99,-0.20,-11.88,0.09,2.50,-0.000003
79386,0,0,2.79,8.98,-0.20,-10.13,0.09,2.70,-0.000003
79401,0,0,2.89,8.98,-0.20,-9.63,0.09,2.80,-0.000003
79438,0,0,3.19,8.98,-0.20,-10.69,0.09,3.10,-0.000003
79511,0,0,3.80,8.99,-0.19,-3.12,0.09,3.71,-0.000002
79595,0,0,3.85,8.99,-0.19,1.37,0.09,3.76,-0.000001
79610,0,0,3.72,8.99,-0.19,6.00,0.09,3.63,0.000000
79626,0,0,3.56,8.99,-0.19,7.56,0.09,3.47,0.000000
79649,0,0,3.38,9.00,-0.19,9.31,0.09,3.29,0.000001
79729,0,0,2.97,9.00,-0.19,8.69,0.09,2.88,0.000001
79759,0,0,2.65,9.00,-0.19,12.13,0.09,2.56,0.000002
79778,0,0,2.29,9.00,-0.19,12.19,0.09,2.20,0.000002
79832,0,0,1.86,9.01,-0.19,7.12,0.09,1.77,0.000001
79860,0,0,1.58,9.01,-0.19,7.44,0.09,1.49,0.000001
79892,0,0,1.41,9.02,-0.19,4.75,0.09,1.32,0.000001
79971,0,0,1.49,9.01,-0.19,-3.06,0.09,1.40,-0.000001
80009,0,0,1.62,9.01,-0.19,-4.87,0.09,1.53,-0.000001
80086,0,0,2.45,9.02,-0.19,-10.94,0.09,2.36,-0.000003
80122,0,0,2.76,9.02,-0.19,-10.31,0.09,2.67,-0.0000033
80171,0,0,3.28,9.02,-0.19,-10.88,0.09,3.19,-0.000003
80206,0,0,3.59,9.01,-0.19,-10.00,0.09,3.50,-0.000003
80224,0,0,3.81,9.01,-0.19,-6.19,0.09,3.72,-0.000002
80285,0,0,3.91,9.02,-0.20,-3.12,0.09,3.82,-0.000002
80335,0,0,3.93,9.02,-0.21,-0.13,0.09,3.84,-0.000001
80357,0,0,3.84,9.02,-0.21,4.50,0.09,3.75,-0.000000
80401,0,0,3.47,9.01,-0.22,6.69,0.09,3.38,0.000000
80417,0,0,3.28,9.01,-0.23,7.00,0.09,3.19,0.000000
80435,0,0,3.12,9.01,-0.23,7.87,0.09,3.03,0.000001
80454,0,0,2.92,9.02,-0.23,10.94,0.09,2.83,0.000001
80516,0,0,2.33,9.01,-0.24,10.25,0.09,2.24,0.000001
80531,0,0,2.02,9.02,-0.24,8.75,0.09,1.93,0.000001
80560,0,0,1.93,9.02,-0.24,8.69,0.09,1.84,0.000001
80578,0,0,1.64,9.02,-0.25,8.63,0.09,1.55,0.000001
80633,0,0,1.33,9.01,-0.25,5.81,0.09,1.24,0.000001
80665,0,0,1.21,9.01,-0.26,1.19,0.09,1.12,-0.000000
80700,0,0,1.19,9.01,-0.26,-0.94,0.09,1.10,-0.000000
80751,0,0,1.30,9.01,-0.27,-4.37,0.09,1.21,-0.000001
80766,0,0,1.42,9.01,-0.27,-7.12,0.09,1.33,-0.000002
80784,0,0,1.54,9.01,-0.27,-8.81,0.09,1.45,-0.000002
80817,0,0,1.73,9.01,-0.27,-9.88,0.09,1.64,-0.000002
80899,0,0,2.35,9.00,-0.30,-11.25,0.09,2.26,-0.000003
80935,0,0,2.62,8.99,-0.33,-10.88,0.09,2.53,-0.000003
80999,0,0,2.85,8.98,-0.37,-5.12,0.09,2.76,-0.000002
81056,0,0,2.85,8.98,-0.39,-1.12,0.09,2.76,-0.000001
81068,0,0,2.82.68,8.97,-0.41,2.37,0.09,2.59,-0.000000
81106,0,0,2.46,8.96,-0.42,4.75,0.09,2.37,0.000000
81140,0,0,2.13,8.96,-0.44,7.19,0.09,2.04,0.000001
81235,0,0,1.11,8.96,-0.46,10.25,0.09,1.02,0.000002
81249,0,0,0.90,8.97,-0.46,9.56,0.09,0.81,0.000002
81351,0,0,0.07,8.96,-0.48,7.00,0.09,-0.02,0.000001
81410,0,0,-0.14,8.95,-0.49,0.50,0.09,-0.23,0.000000
81463,0,0,-0.13,8.95,-0.50,-3.12,0.09,-0.22,-0.000001
81507,0,0,0.06,8.95,-0.51,-7.50,0.09,-0.03,-0.0000002
81548,0,0,0.35,8.95,-0.51,-8.44,0.09,0.26,-0.000002
81581,0,0,0.65,8.94,-0.52,-10.13,0.09,0.56,-0.000002
81597,0,0,0.84,8.94,-0.52,-11.06,0.09,0.75,-0.000002
81705,0,0,1.59,8.94,-0.54,-8.00,0.09,1.50,-0.000002
81730,0,0,1.75,8.94,-0.55,-7.19,0.09,1.66,-0.000002
81810,0,0,1.91,8.94,-0.56,0.37,0.09,1.82,-0.000000
81855,0,0,1.77,8.94,-0.57,2.69,0.09,1.68,0.000000
81901,0,0,1.45,8.93,-0.58,8.44,0.09,1.36,0.00000002
81917,0,0,1.21,8.93,-0.59,11.88,0.09,1.12,0.000002
81931,0,0,1.08,8.94,-0.58,13.25,0.09,0.99,0.000002
81960,0,0,0.77,8.98,-0.56,7.19,0.09,0.68,0.000001
82024,0,0,2.45,8.82,-0.01,-36.44,0.09,2.36,-0.000007
82044,0,0,2.91,8.80,0.01,-47.06,0.09,2.82,-0.000009
82062,0,0,4.05,8.78,0.02,-62.44,0.09,3.96,-0.000013
82150,0,0,12.09,8.55,-0.47,-135.44,0.09,12.00,-0.000028
82241,0,0,27.49,8.08,-0.26,-198.94,0.09,27.40,-0.000044
82276,0,0,33.88,7.56,0.23,-220.87,0.09,33.79,-0.000050
82288,0,0,39.91,7.05,0.55,-196.31,0.09,39.82,-0.000047
82392,0,0,55.47,6.22,0.44,-154.00,0.09,55.38,-0.000044
82422,0,0,59.17,6.09,0.33,-126.25,0.09,59.08,-0.000040
82471,0,0,63.65,5.91,0.15,-66.62,0.09,63.56,-0.000030
82488,0,0,65.33,5.96,0.11,-48.88,0.09,65.24,-0.000027
82544,0,0,66.86,5.80,-0.29,-39.25,0.09,66.77,-0.000026
82560,0,0,67.75,5.74,-0.79,-31.13,0.09,67.66,-0.000024
82607,0,0,69.06,5.79,-1.03,-35.06,0.09,68.97,-0.000026
82754,0,0,73.57,5.93,-1.12,-47.75,0.09,73.48,-0.000029
82773,0,0,75.14,5.85,-1.26,-56.31,0.09,75.05,-0.000031
82824,0,0,78.14,5.89,-1.32,-66.94,0.09,78.05,-0.00034
82838,0,0,80.11,5.88,-1.36,-69.06,0.09,80.02,-0.000035
82883,0,0,82.10,5.83,-1.48,-67.62,0.09,82.01,-0.000035
82942,0,0,86.93,5.78,-1.58,-59.19,0.09,86.84,-0.000035
82966,0,0,87.51,5.76,-1.59,-59.88,0.09,87.42,-0.000035
83002,0,0,89.26,5.71,-1.69,-59.69,0.09,89.17,-0.000036
83069,0,0,93.74,5.81,-1.81,-55.31,0.09,93.65,-0.000036
83116,0,0,95.72,5.78,-1.90,-49.63,0.09,95.63,-0.000036
83188,0,0,98.88,5.81,-1.99,-41.56,0.09,98.79,-0.000035
83278,0,0,102.38,5.77,-2.12,-44.56,0.09,102.29,-0.000037
83297,0,0,103.74,5.76,-2.18,-48.69,0.09,103.65,-0.000038
83350,0,0,105.66,5.76,-2.24,-50.25,0.09,105.57,-0.000038
83442,0,0,110.49,5.76,-2.39,-42.19,0.09,110.40,-0.000038
83534,0,0,113.26,5.77,-2.50,-32.31,0.09,113.17,-0.000037
83618,0,0,115.54,5.79,-2.56,-28.87,0.09,115.45,-0.000037
83695,0,0,117.42,5.79,-2.59,-26.94,0.09,117.33,-0.00003700037
83708,0,0,118.35,5.77,-2.65,-25.75,0.09,118.26,-0.000037
83767,0,0,119.40,5.76,-2.66,-28.19,0.09,119.31,-0.000038
83783,0,0,120.22,5.76,-2.67,-29.12,0.09,120.13,-0.000039
83880,0,0,122.61,5.77,-2.74,-34.13,0.09,122.52,-0.000040
83926,0,0,124.03,5.79,-2.78,-37.75,0.09,123.94,-0.000041
83997,0,0,127.31,5.85,-2.87,-45.69,0.09,127.22,-0.000044
84039,0,0,129.03,5.87,-2.90,-44.19,0.09,128.94,-0.000044
84115,0,0,131.40,5.87,-3.00,-31.87,0.09,131.31,-0.000042
84225,0,0,134.45,5.90,-3.07,-19.62,0.09,134.36,-0.000041
84339,0,0,136.14,5.94,-3.12,-15.69,0.09,136.05,-0.000041
84429,0,0,137.36,5.95,-3.13,-19.00,0.09,137.27,-0.000042
84462,0,0,138.22,5.95,-3.13,-24.31,0.09,138.13,-0.000043
84477,0,0,138.97,5.96,-3.14,-26.75,0.09,138.88,-0.000043
84569,0,0,140.68,5.99,-3.17,-18.25,0.09,140.59,-0.000042
84654,0,0,142.11,6.02,-3.20,-20.50,0.09,142.02,-0.000043
84675,0,0,142.70,6.04,-3.22,-21.50,0.09,142.61,-0.000043
84718,0,0,143.51,6.04,-3.22,-20.44,0.09,143.42,-0.000043
84809,0,0,144.92,6.07,-3.26,-18.56,0.09,144.83,-0.000044>43
84838,0,0,145.38,6.06,-3.25,-15.50,0.09,145.29,-0.000043
84934,0,0,146.41,6.10,-3.31,-14.25,0.09,146.32,-0.000043
84961,0,0,147.13,6.11,-3.32,-15.63,0.09,147.04,-0.000044
85053,0,0,148.60,6.16,-3.35,-15.56,0.09,148.51,-0.000044
85147,0,0,149.96,6.17,-3.37,-15.75,0.09,149.87,-0.000044
85165,0,0,150.25,6.18,-3.37,-15.25,0.09,150.16,-0.000044
85261,0,0,151.38,6.21,-3.37,-10.44,0.09,151.29,-0.000044
85311,0,0,151.65,6.24,-3.38,-5.62,0.09,151.56,-0.000043>0.000043
85344,0,0,151.79,6.26,-3.38,-3.69,0.09,151.70,-0.000043
85366,0,0,151.88,6.28,-3.38,-3.00,0.09,151.79,-0.000043
85411,0,0,151.95,6.31,-3.38,-2.37,0.09,151.86,-0.000043
85474,0,0,151.83,6.34,-3.38,2.00,0.09,151.74,-0.000042
85529,0,0,151.76,6.35,-3.38,-0.69,0.09,151.67,-0.000042
85626,0,0,154.00,6.42,-3.49,-41.81,0.09,153.91,-0.000050
85696,0,0,155.68,6.49,-3.43,-23.06,0.09,155.59,-0.000047>5
85711,0,0,155.94,6.48,-3.47,-3.06,0.09,155.85,-0.000044
85759,0,0,155.78,6.42,-3.57,5.50,0.09,155.69,-0.000042
85807,0,0,155.80,6.38,-3.68,-7.94,0.09,155.71,-0.000045
85821,0,0,156.18,6.37,-3.82,-17.56,0.09,156.09,-0.000046
85866,0,0,157.19,6.39,-3.86,-28.00,0.09,157.10,-0.000049
85995,0,0,160.71,6.56,-3.65,-28.81,0.09,160.62,-0.000050
86066,0,0,162.71,6.64,-3.74,-24.75,0.09,162.62,-0.000050
86108,0,0,163.56,6.69,-3.75,-20.56,0.09,163.47.97,-0.000048
86150,0,0,164.22,6.71,-3.81,-16.37,0.09,164.13,-0.000048
86170,0,0,164.65,6.72,-3.88,-14.50,0.09,164.56,-0.000048
86263,0,0,165.68,6.73,-4.02,-16.56,0.09,165.59,-0.000049
86314,0,0,166.36,6.76,-4.01,-18.50,0.09,166.27,-0.000049>.000050
86330,0,0,166.89,6.78,-3.96,-18.31,0.09,166.80,-0.000050
86412,0,0,168.28,6.89,-3.86,-18.56,0.09,168.19,-0.000050
86501,0,0,169.45,6.97,-3.79,-11.94,0.09,169.36,-0.000049
86519,0,0,169.73,6.97,-3.79,-9.00,0.09,169.64,-0.000049
86534,0,0,169.82,6.97,-3.79,-9.06,0.09,169.73,-0.000049
86561,0,0,170.08,7.00,-3.86,-9.94,0.09,169.99,-0.000049
86638,0,0,171.04,7.07,-3.87,-15.50,0.09,170.95,-0.000050
86722,0,0,172.14,7.11,-3.71,-11.50,0.09,172.05,-0.000050
86785,0,0,172.94,7.02,-3.29,-12.06,0.09,172.85,-0.000050
86875,0,0,173.64,7.05,-3.38,-7.81,0.09,173.55,-0.000050
86957,0,0,174.06,7.07,-3.40,-4.75,0.09,173.97,-0.000049
86973,0,0,174.17,7.08,-3.40,-3.25,0.09,174.08,-0.000049
87024,0,0,174.25,7.10,-3.44,-4.56,0.09,174.16,-0.000049
87081,0,0,174.64,7.13,-3.46,-10.88,0.09,174.55,-0.000050
87106,0,0,175.01,7.14,-3.45,-12.81,0.09,174.92,-0.000051
87186,0,0,176.10,7.18,-3.44,-15.94,0.09,176.01,-0.000052
87200,0,0,176.54,7.19,-3.38,-14.94,0.09,176.45,-0.000052
87247,0,0,176.98,7.23,-3.31,-10.38,0.09,176.89,-0.000051
87332,0,0,177.39,7.27,-3.32,0.50,0.09,177.30,-0.000049
87396,0,0,177.28,7.29,-3.38,2.19,0.09,177.19,-0.0.000049
87413,0,0,177.28,7.30,-3.43,-2.31,0.09,177.19,-0.000050
87447,0,0,177.51,7.33,-3.45,-7.56,0.09,177.42,-0.000051
87480,0,0,177.69,7.37,-3.46,-6.31,0.09,177.60,-0.000050
87544,0,0,178.05,7.42,-3.46,-4.19,0.09,177.96,-0.000050
87564,0,0,178.11,7.42,-3.47,-3.69,0.09,178.02,-0.000050
87582,0,0,178.17,7.43,-3.49,-2.94,0.09,178.08,-0.000050
87666,0,0,178.28,7.44,-3.53,-2.81,0.09,26,-0.000050
87683,0,0,178.40,7.45,-3.53,-4.44,0.09,178.31,-0.000050
87715,0,0,178.57,7.47,-3.55,-5.37,0.09,178.48,-0.000050
87793,0,0,179.12,7.51,-3.60,-9.13,0.09,179.03,-0.000051
87824,0,0,179.37,7.53,-3.60,-8.19,0.09,179.28,-0.000051
87877,0,0,179.68,7.55,-3.63,-6.00,0.09,179.59,-0.000051
87890,0,0,179.84,7.56,-3.64,-5.31,0.09,179.75,-0.000051
87908,0,0,179.89,7.57,-3.63,-5.19,0.09,179.80,-0.000051
87938,0,0,179.98,7.59,-3.63,-3.06,0.09,179.89,-0.000050
88021,0,0,-179.91,7.61,-3.63,0.44,0.09,180.00,-0.000050
88060,0,0,-179.95,7.62,-3.63,1.06,0.09,179.96,-0.000050
88147,0,0,-179.98,7.65,-3.64,-0.44,0.09,179.93,-0.000050
88242,0,0,-179.88,7.68,-3.45,0.69,0.09,-179.97,0.000050
88295,0,0,-179.94,7.68,-3.46,1.37,0.09,179.97,-0.000050
88336,0,0,179.97,7.67,-3.47,1.19,0.09,179.88,-0.000050
88354,0,0,-179.99,7.69,-3.46,-2.94,0.09,179.92,-0.000050
88418,0,0,-179.85,7.69,-3.47,-3.50,0.09,-179.94,0.000049
88450,0,0,-179.82,7.69,-3.44,1.19,0.09,-179.91,0.000050
88486,0,0,-179.86,7.69,-3.45,0.25,0.09,-179.95,0.000050
88524,0,0,-179.87,7.67,-3.46,1.19,0.09,-179.96,0.000050
88562,0,0,179.95,7.67,-3.47,6.44,0.09,179.86,-0.000049
88600,0,0,179.56,7.66,-3.46,7.00,0.09,179.47,-0.000048
88708,0,0,179.84,7.62,-3.41,-2.87,0.09,179.75,-0.000050
88753,0,0,179.94,7.65,-3.38,-2.25,0.09,179.85,-0.000050
88793,0,0,-179.97,7.66,-3.31,-1.56,0.09,179.94,-0.000050
88854,0,0,-179.61,7.65,-3.33,-3.56,0.09,-179.70,0.000049
88942,0,0,-179.09,7.65,-3.33,-12.94,0.09,-179.18,0.000047
89045,0,0,-177.86,7.66,-3.52,-5.12,0.09,-177.95,0.000048
89111,0,0,-177.79,7.67,-3.53,1.12,0.09,-177.88,0.000049
89283,0,0,-175.10,7.75,-3.62,-18.19,0.09,-175.19,0.000045
89371,0,0,-174.15,7.76,-3.72,-10.63,0.09,-174.24,0.000046
89388,0,0,-173.86,7.76,-3.68,-9.19,0.09,-173.95,0.000046
89463,0,0,-173.49,7.76,-3.68,-9.88,0.09,-173.58,0.000046
89485,0,0,-173.18,7.77,-3.68,-8.13,0.09,-173.27,0.000046
89519,0,0,-172.87,7.78,-3.68,-3.50,0.09,-172.96,0.000047
89551,0,0,-172.81,7.82,-3.67,-2.87,0.09,-172.90,0.000047
89602,0,0,-172.67,7.81,-3.65,-3.06,0.09,-172.76,0.000047
89628,0,0,-172.57,7.80,-3.65,-4.81,0.09,-172.66,0.000047
89675,0,0,-172.41,7.80,-3.65,-4.25,0.09,-172.50,0.000047
89692,0,0,-172.12,7.80,-3.64,-9.69,0.09,-172.21,0.000046
89782,0,0,-171.41,7.80,-3.59,-10.00,0.09,-171.50,0.000046
89858,0,0,-170.67,7.82,-3.55,-9.31,0.09,-170.76,0.000046
89907,0,0,-170.48,7.86,-3.56,-4.62,0.09,-170.57,0.000046
89944,0,0,-170.31,7.90,-3.54,-6.06,0.09,-170.40,0.000046
89994,0,0,-169.98,7.91,-3.52,-9.19,0.09,-170.07,0.000045
90130,0,0,-168.68,7.99,-3.51,-11.38,0.09,-168.77,0.000045
90205,0,0,-168.06,8.13,-3.84,-5.81,0.09,-168.15,0.000046
90222,0,0,-167.94,8.14,-3.85,-6.37,0.09,-168.03,0.000045
90333,0,0,-167.49,8.16,-3.85,-6.44,0.09,-167.58,0.000045
90411,0,0,-166.74,8.21,-3.95,-12.81,0.09,-166.839,0.000044
90426,0,0,-166.34,8.27,-4.00,-15.94,0.09,-166.43,0.000043
90470,0,0,-165.78,8.35,-3.99,-12.94,0.09,-165.87,0.000044
90589,0,0,-166.18,8.35,-3.98,13.88,0.09,-166.27,0.000049
90643,0,0,-166.77,8.34,-3.99,10.06,0.00.09,-166.99,0.000047
90660,0,0,-166.93,8.34,-3.99,2.62,0.09,-167.02,0.000047
90706,0,0,-166.79,8.35,-4.00,-8.37,0.09,-166.88,0.0
90749,0,0,-166.18,8.40,-4.02,-22.19,0.09,-166.27,0.000042
90822,0,0,-164.59,8.48,-4.05,-20.37,0.09,-164.68,0.000042
90863,0,0,-163.98,8.50,-4.04,-7.56,0.09,-164.07,0.000044
90899,0,0,-163.88,8.51,-4.04,-1.69,0.09,-163.97,0.000045
90939,0,0,-163.91,8.51,-4.05,0.94,0.09,-164.00,0.000046
90982,0,0,-163.89,8.52,-4.05,-1.94,0.09,-163.98,0.000045
91016,0,0,-163.73,8.52,-4.05,-5.75,0.09,-163.82,0.000044
91051,0,0,-163.47,8.53,-4.06,-10.88,0.09,-163.56,0.000043
91140,0,0,-161.99,8.59,-4.03,-20.56,0.09,-162.08,0.0000041
91161,0,0,-161.59,8.61,-4.02,-21.06,0.09,-161.68,0.000041
91243,0,0,-159.69,8.68,-4.06,-22.69,0.09,-159.78,0.000040
91260,0,0,-159.04,8.71,-4.05,-22.62,0.09,-159.13,0.000040
91322,0,0,-158.17,8.76,-4.06,-23.00,0.09,-158.26,0.000040
91379,0,0,-156.57,8.78,-3.86,-17.44,0.09,-156.66,0.000040
91475,0,0,-155.50,8.82,-3.46,-13.69,0.09,-155.59,0.000041
91590,0,0,-154.09,8.89,-3.47,-9.88,0.09,-154.18,0.000041
91692,0,0,-152.86,8.94,-3.46,-12.38,0.09,-152.95,0.000040
91847,0,0,-150.61,9.00,-3.48,-15.56,0.09,-150.70,0.000039
91897,0,0,-150.47,9.01,-3.48,-13.75,0.09,-150.14,0.000039
91949,0,0,-149.44,9.05,-3.52,-12.94,0.09,-149.53,0.000039
92049,0,0,-148.43,9.17,-3.57,-9.31,0.09,-148.52,0.000039
92095,0,0,-148.05,9.17,-3.58,-10.44,0.09,-1447.79,0.000039
92160,0,0,-147.15,9.17,-3.58,-15.63,0.09,-147.24,0.000038
92274,0,0,-144.94,9.20,-3.57,-24.19,0.09,-145.03,0.000036
92317,0,0,-143.76,9.22,-3.55,-24.00,0.09,-143.85,0.5
92359,0,0,-142.86,9.23,-3.54,-23.06,0.09,-142.95,0.000035
92434,0,0,-141.39,9.30,-3.55,-20.25,0.09,-141.48,0.000035
92452,0,0,-140.65,9.34,-3.53,-18.56,0.09,-140.74,0.000036
92507,0,0,-140.04,9.39,-3.53,-13.44,0.09,-140.13,0.000036
92538,0,0,-139.71,9.42,-3.52,-10.31,0.09,-139.80,0.000037
92621,0,0,-138.97,9.48,-3.52,-10.31,0.09,-139.06,0.000037
92735,0,0,-137.08,9.56,-3.52,-23.94,0.09,-137.17,0.000034
92781,0,0,-136.05,9.60,-3.50,-28.19,0.09,-136.14,0.00032
92819,0,0,-134.87,9.65,-3.48,-31.19,0.09,-134.96,0.000032
92891,0,0,-132.67,9.73,-3.43,-32.69,0.09,-132.76,0.000031
92968,0,0,-130.27,9.80,-3.40,-28.94,0.09,-130.36,0.000031
92985,0,0,-129.25,9.85,-3.37,-26.00,0.09,-129.34,0.000031
93103,0,0,-127.66,9.90,-3.37,-17.81,0.09,-127.75,0.000032
93140,0,0,-127.02,9.92,-3.38,-16.19,0.09,-127.11,0.000032>.000032
93164,0,0,-126.54,9.94,-3.37,-17.06,0.09,-126.63,0.000032
93232,0,0,-125.10,10.00,-3.37,-25.19,0.09,-125.19,0.000030
93310,0,0,-122.24,10.09,-3.32,-36.88,0.09,-122.33,0.000027
93328,0,0,-121.16,10.13,-3.30,-37.69,0.09,-121.25,0.000027
93431,0,0,-118.00,10.18,-3.28,-45.38,0.09,-118.09,0.000024>
93448,0,0,-116.51,10.18,-3.27,-55.13,0.09,-116.60,0.000022
93547,0,0,-105.71,10.32,-3.57,-225.06,0.09,-105.80,-0.000012
93578,0,0,-96.48,10.86,-3.59,-356.31,0.09,-96.57,-0.000039
93660,0,0,-55.86,11.12,-2.66,-626.00,0.09,-55.95,-0.000100
93688,0,0,-36.12,10.96,-2.14,-697.06,0.09,-36.21,-0.000118
93778,0,0,19.03,10.02,-0.70,-704.19,0.09,18.94,-0.000135
93812,0,0,44.78,9.18,-0.53,-634.19,0.09,44.69,-0.000129
93852,0,0,66.61,8.40,-0.62,-524.37,0.09,66.52,-0.000115
93916,0,0,93.53,7.62,-1.26,-203.81,0.09,93.44,-0.000063
94005,0,0,97.19,7.46,-1.55,76.81,0.09,97.10,-0.000013
94101,0,0,79.01,7.75,-1.31,377.19,0.09,78.92,0.000048
94137,0,0,61.74,8.34,-0.48,492.87,0.09,61.65,0.000074
94270,0,0,-28.80,11.14,-1.45,619.44,0.09,-28.89,0.000122
94346,0,0,-69.50,10.95,-3.19,426.75,0.09,-69.59,0.000098
94474,0,0,-88.36,10.70,-3.54,-26.94,0.09,-88.45,0.000020
94508,0,0,-83.82,10.78,-3.06,-164.31,0.09,-83.91,-0.000007
94548,0,0,-73.44,10.83,-2.64,-327.75,0.09,-73.53,-0.000040
94615,0,0,-43.06,11.09,-2.24,-533.75,0.09,-43.15,-0.000086
94689,0,0,1.92,10.44,-1.02,-596.62,0.09,1.83,-0.000110
94780,0,0,44.67,9.26,-0.50,-482.44,0.09,44.58,-0.000101
94840,0,0,69.20,7.78,-0.37,-252.56,0.09,69.11,-0.000066
94911,0,0,75.48,7.99,-0.86,48.19,0.09,75.39,-0.000012
94963,0,0,69.43,8.12,-0.64,212.12,0.09,69.34,0.000020
94978,0,0,61.67,8.24,-0.58,296.94,0.09,61.58,0.000038
95028,0,0,47.02,8.83,-0.16,427.62,0.09,46.93,0.000066
95166,0,0,-13.01,10.84,-0.91,525.62,0.09,-13.10,0.000100
95237,0,0,-47.44,11.26,-2.20,351.44,0.09,-47.53,0.000078
95255,0,0,-56.33,11.04,-2.71,277.81,0.09,-56.42,0.000067
95418,0,0,-51.98,11.04,-2.45,-261.19,0.09,-52.07,-0.000034
95525,0,0,-3.02,10.61,-1.06,-495.06,0.09,-3.11,-0.000090
95552,0,0,1.73,10.53,-0.98,-475.44,0.09,15.52,-0.000092
95616,0,0,33.35,9.61,-0.45,-439.37,0.09,33.26,-0.000090
95651,0,0,44.73,9.08,-0.28,-364.12,0.09,44.64,-0.000079
95703,0,0,58.81,8.13,-0.12,-238.50,0.09,58.72,-0.000000054
95720,0,0,63.38,8.12,-0.26,-115.06,0.09,63.29,-0.000039
95764,0,0,64.62,8.35,-0.48,11.44,0.09,64.53,-0.000016
95851,0,0,52.26,8.62,-0.22,267.00,0.09,52.17,0.000035
95884,0,0,43.24,8.99,-0.15,331.87,0.09,43.15,0.000049
95898,0,0,28.58,9.54,-0.14,401.75,0.09,28.49,0.000066
95946,0,0,14.88,9.84,0.47,320.87,0.09,14.79,0.000055
95989,0,0,4.76,10.29,0.30,210.94,0.09,4.67,0.000038
96071,0,0,-1.30,10.47,-0.19,12.38,0.09,-1.39,0.000003
96121,0,0,-0.09,10.53,-0.38,-39.25,0.09,-0.18,-0.000007
96158,0,0,0.93,10.52,-0.41,-22.56,0.09,0.84,-0.000004
96192,0,0,2.06,10.51,-0.55,-40.75,0.09,1.97,-0.000008
96302,0,0,3.05,10.47,-0.63,2.56,0.09,2.96,-0.000000
96316,0,0,3.26,10.47,-0.64,-9.44,0.09,3.17,-0.000003
96388,0,0,3.16,10.45,-0.65,2.50,0.09,3.07,-0.000000
96409,0,0,3.27,10.49,-0.65,-4.44,0.09,3.18,-0.000002
96436,0,0,3.34,10.46,-0.64,-2.31,0.09,3.25,-0.000001
96528,0,0,3.77,10.46,-0.69,-2.19,0.09,3.68,-0.000001
96578,0,0,4.21,10.46,-0.70,-13.56,0.09,4.12,-0.000004
96662,0,0,4.64,10.45,-0.73,-1.00,0.09,4.55,-0.000001
96697,0,0,4.71,10.45,-0.73,-5.06,0.09,4.62,-0.000002
96762,0,0,4.68,10.47,-0.73,1.19,0.09,4.59,-0.000001
96783,0,0,4.65,10.45,-0.73,1.37,0.09,4.56,-0.000001
96852,0,0,4.61,10.46,-0.73,1.37,0.09,4.52.49,-0.000001
96866,0,0,4.47,10.46,-0.73,5.87,0.09,4.38,-0.000000
96911,0,0,4.40,10.45,-0.72,-0.13,0.09,4.31,-0.000001
96990,0,0,4.37,10.46,-0.72,0.50,0.09,4.28,-0.000001
97038,0,0,4.33,10.47,-0.71,0.69,0.09,4.24,-0.000001
97054,0,0,4.45,10.46,-0.71,-4.37,0.09,4.36,-0.000002
97131,0,0,4.49,10.46,-0.71,0.75,0.09,4.40,-0.000001
97223,0,0,4.65,10.48,-0.74,-0.56,0.09,4.56,-0.000001
97239,0,0,4.47,10.47,-0.77,0.25,0.09,4.38,-0.000001
97305,0,0,4.64,10.47,-0.77,-4.12,0.09,4.55,-0.000002
97323,0,0,4.67,10.47,-0.77,-0.25,0.09,4.58,-0.000001
97355,0,0,4.66,10.47,-0.77,0.69,0.09,4.57,-0.000001
97368,0,0,4.49,10.48,-0.80,1.87,0.09,4.40,-0.000001
97419,0,0,4.27,10.49,-0.83,-1.00,0.09,4.18,-0.000001
97433,0,0,4.25,10.49,-0.83,0.56,0.09,4.16,-0.000001
97453,0,0,4.22,10.49,-0.83,3.62,0.09,4.13,-0.000000
97469,0,0,4.14,10.49,-0.83,3.81,0.09,4.05,-0.000000
97541,0,0,4.05,10.49,-0.83,0.62,0.09,3.96.82,-0.000001
