micros,flip,phase,spf_roll,roll_rlv,roll,spf_r_rate,gxrs,error_roll,error_r_rate,m1,m2,m3,m4
34,0,0,0.00,0.00,1.02,0.00,1.87,0.43,1.94,1265.00,1263.00,1263.00,1265.00
93,0,0,0.00,0.00,1.11,0.00,0.44,0.55,0.62,1264.00,1264.00,1264.04.00,1264.00
114,0,0,0.00,0.00,1.11,0.00,-0.25,0.55,0.31,1264.00,1264.00,1264.00,1264.00
422,0,0,0.00,0.00,0.97,0.00,1.56,0.39,1.69,1264.00,1264.00,1264.00,1264.00
517,0,0,0.00,0.00,1.08,0.00,1.31,0.51,1.37,1264.00,1264.00,1264.00,1264.00
589,0,0,0.00,0.00,1.08,0.00,0.06,0.53,0.13,1264.00,1264.00,1264.00,1264.00
678,0,0,0.00,0.00,0.94,0.00,-0.88,0.41,-0.94,1264.00,1264.00,1264.00,1264.00
915,0,0,0.00,0.00,0.88,0.00,1.25,0.31,1.31,1264.00,1264.00,1264.00,1264.00
1015,0,0,0.00,0.00,0.95,0.00,0.94,0.45,1.25,1264.00,1264.00,1264.00,1264.00
1087,0,0,0.00,0.00,0.94,0.00,0.19,0.39,0.19,1264.00,1264.264.00,1264.00,1264.00
1115,0,0,0.00,0.00,0.93,0.00,-0.13,0.38,0.13,1264.00,1264.00,1264.00,1264.00
1216,0,0,0.00,0.00,0.90,0.00,-0.50,0.34,-0.50,1264.00,1264.00,1264.00,1264.00
1349,0,0,0.00,0.00,0.98,0.00,0.94,0.40,0.62,1264.00,1264.00,1264.00,1264.064.00
1380,0,0,0.00,0.00,1.01,0.00,0.75,0.44,1.12,1264.00,1264.00,1264.00,1264.00
1459,0,0,0.00,0.00,1.07,0.00,0.56,0.58,0.56,1264.00,1264.00,1264.00,1264.00
1519,0,0,0.00,0.00,1.02,0.00,0.19,0.47,-0.06,1264.00,1261264.00,1264.00,1264.00
1538,0,0,0.00,0.00,1.00,0.00,-0.19,0.52,0.00,1264.00,1264.00,1264.00,1264.00
1617,0,0,0.00,0.00,0.94,0.00,-0.19,0.45,0.06,1264.00,1264.00,1264.00,1264.00
1675,0,0,0.00,0.00,0.88,0.00,0.31,0.33,0.44,1264.00,1264.00,1264.00,1264.00
1695,0,0,0.00,0.00,0.87,0.00,0.69,0.31,0.56,1264.00,1264.00,1264.00,1264.00
1791,0,0,0.00,0.00,0.89,0.00,0.69,0.39,0.75,1264.00,1264.00,1264.00,1264.00
1895,0,0,0.00,0.00,0.85,0.00,0.44,0.30,0.44,1264.00,1264.00,1264.00,1264.00
1983,0,0,0.00,0.00,0.80,0.00,-0.50,0.24,-0.69,1264.00,1264.00,1264.00,1264.00
2276,0,0,0.00,0.00,0.70,0.00,-0.06,0.14,0.06,1263.00,1263.00,1263.00,1263.00
2325,0,0,0.00,0.00,0.70,0.00,-0.19,0.14,-0.31,1252.00,0,1250.00,1250.00
2342,0,0,0.00,0.00,0.70,0.00,-0.31,0.14,-0.13,1249.00,1249.00,1249.00,1249.00
2427,0,0,0.00,0.00,0.70,0.00,-0.31,0.14,-0.25,1232.00,1232.00,1232.00,1232.00
2447,0,0,0.00,0.00,0.70,0.00,-0.19,0.14,-0.44,1229.00,1229.00,1229.00,1229.00
2561,0,0,0.00,0.00,0.70,0.00,0.00,0.14,-0.06,1226.00,1226.00,1226.00,1226.00
2634,0,0,0.00,0.00,0.70,0.00,-0.13,0.14,-0.13,1102.00,1102.00,1102.00,1102.00
2683,0,0,0.00,0.00,0.70,0.00,-0.06,0.14,-0.13,1027.1026.00,1026.00,1026.00,1026.00
2795,0,0,0.00,0.00,0.70,0.00,-0.06,0.14,-0.06,1022.00,1022.00,1022.00,1022.00
2952,0,0,0.00,0.00,0.70,0.00,0.25,0.14,0.19,1019.00,1019.00,1019.00,1019.00
3023,0,0,0.00,0.00,0.70,0.00,0.13,0.14,-0.06,1019.00,1019.00,1019.00,1019.00
3096,0,0,0.00,0.00,0.70,0.00,-0.06,0.14,-0.06,1019.00,1019.00,1019.00,1019.00
3301,0,0,0.00,0.00,0.70,0.00,0.06,0.14,0.19,1019.00,1019.00,1019.00,1019.00
3321,0,0,0.00,0.00,0.70,0.00,0.31,0.14,0.13,1019.00,1019.00,1019.00,1019.00
3398,0,0,0.00,0.00,0.70,0.00,0.06,0.14,0.25,1019.00,1019.00,1019.00,1019.00
3463,0,0,0.00,0.00,0.70,0.00,0.00,0.14,-0.13,1019.00,1019.00,1019.00,1019.00
3529,0,0,0.00,0.00,0.70,0.00,0.06,0.14,0.06,1019.00,1019.00,1019.00,1019.00
3622,0,0,0.00,0.00,0.70,0.00,0.00,0.14,0.06,1019.00,1019.00,1019.00,1019.00
3743,0,0,0.00,0.00,0.70,0.00,0.00,0.14,-0.25,1019.00,1019.00,1019.00,1019.00
3860,0,0,0.00,0.00,0.70,0.00,0.13,0.14,0.00,1019.00,1019.00,1019.00,1019.00
4046,0,0,0.00,0.00,0.70,0.00,-0.19,0.14,-0.06,1022.00,1022.00,1022.00,1022.00
4167,0,0,0.00,0.00,0.70,0.00,0.00,0.14,-0.13,1022.00,1022.00,1022.00,1022.00
4325,0,0,0.00,0.00,0.70,0.00,0.00,0.14,0.13,1022.00,1022.00,1022.00,1022.00
4433,0,0,0.00,0.00,0.70,0.00,-0.19,0.14,0.06,1022.00,1022.00,1022.00,1022.00
4473,0,0,0.00,0.00,0.70,0.00,-0.13,0.14,0.00,1022.00,1022.00,1022.00,1022.00
4617,0,0,0.00,0.00,0.70,0.00,-0.06,0.14,-0.13,1022.00,1022.00,1022.00,1022.00
4731,0,0,0.00,0.00,0.70,0.00,0.00,0.14,0.13,1022.00,1022.00,1022.00,1022.00
4839,0,0,0.00,0.00,0.70,0.00,0.00,0.14,-0.06.00,1022.00,1022.00,1022.00,1022.00
5002,0,0,0.00,0.00,0.70,0.00,0.06,0.14,0.19,1022.00,1022.00,1022.00,1022.00
5120,0,0,0.00,0.00,0.70,0.00,0.25,0.14,0.06,1022.00,1022.00,1022.00,1022.00
5162,0,0,0.00,0.00,0.70,0.00,-0.13,0.14,0.13,1022.00,1022.00,1022.00,1022.00
5183,0,0,0.00,0.00,0.70,0.00,0.19,0.14,-0.06,1022.00,1022.00,1022.00,1022.00
5283,0,0,0.00,0.00,0.70,0.00,0.00,0.14,0.13,1022.00,1022.00,1022.00,1022.02.00
5307,0,0,0.00,0.00,0.70,0.00,-0.06,0.14,0.06,1022.00,1022.00,1022.00,1022.00
5402,0,0,0.00,0.00,0.70,0.00,-0.06,0.14,0.19,1022.00,0,1022.00,1022.00
5426,0,0,0.00,0.00,0.70,0.00,-0.06,0.14,0.00,1022.00,1022.00,1022.00,1022.00
5682,0,0,0.00,0.00,0.70,0.00,0.13,0.14,0.13,1022.00,1022.00,1022.00,1022.00
5814,0,0,0.00,0.00,0.70,0.00,0.13,0.14,0.31,1022.00,1022.00,1022.00,1022.00
5854,0,0,0.00,0.00,0.70,0.00,-0.06,0.14,-0.06,1022.00,1022.00,1022.00,1022.00
5991,0,0,0.00,0.00,0.70,0.00,0.06,0.14,0.06,1022.00,1022.00,1022.00,1022.00
6111,0,0,0.00,0.00,0.70,0.00,0.06,0.14,-0.06,1022.00,1022.00,1022.00,1022.00
6209,0,0,0.00,0.00,0.70,0.00,-0.06,0.14,0.06,1022.022.00,1022.00,1022.00,1022.00
6230,0,0,0.00,0.00,0.70,0.00,-0.06,0.14,0.06,1022.00,1022.00,1022.00,1022.00
6383,0,0,0.00,0.00,0.70,0.00,0.25,0.14,-0.25,1022.00,1022.00,1022.00,1022.00
6498,0,0,0.00,0.00,0.70,0.00,0.06,0.14,-0.19,1022.00,1022.00,1022.00,1022.00
6543,0,0,0.00,0.00,0.70,0.00,-0.19,0.14,-0.13,1022.00,1022.00,1022.00,1022.00
6566,0,0,0.00,0.00,0.70,0.00,0.06,0.14,-0.06,1022.00,1022.00,1022.00,1022.00
6696,0,0,0.00,0.00,0.70,0.00,0.00,0.14,0.25,1022.00,1022.00,1022.00,1022.00
6801,0,0,0.00,0.00,0.70,0.00,0.00,0.14,0.00,1022.00,1022.00,1022.00,1022.00
6911,0,0,0.00,0.00,0.70,0.00,0.13,0.14,0.13,1022.00,1022.1022.00,1022.00,1022.00
6935,0,0,0.00,0.00,0.70,0.00,-0.19,0.14,-0.13,1022.00,1022.00,1022.00,1022.00
7076,0,0,0.00,0.00,0.70,0.00,-0.25,0.14,-0.19,1022.00,1022.00,1022.00,1022.00
7388,0,0,0.00,0.00,0.70,0.00,0.00,0.14,0.00,1022.00,1022.00,1022.00,1022.00
7498,0,0,0.00,0.00,0.70,0.00,-0.13,0.14,-0.13,1022.00,1022.00,1022.00,1022.00
7650,0,0,0.00,0.00,0.70,0.00,0.06,0.14,-0.13,1022.00,1022.00,1022.00,1022.00
7836,0,0,0.00,0.00,0.70,0.00,-0.25,0.14,0.00,1022.00,1022.00,1022.00,1022.00
7962,0,0,0.00,0.00,0.70,0.00,-0.13,0.14,0.06,1022.00,1022.00,1022.00,1022.00
8076,0,0,0.00,0.00,0.70,0.00,0.00,0.14,0.13,1022.00,1022.00,1022.00,1022.00
8297,0,0,0.00,0.00,0.70,0.000.00,0.06,0.14,0.00,1022.00,1022.00,1022.00,1022.00
8342,0,0,0.00,0.00,0.70,0.00,0.06,0.14,-0.06,1022.00,1022.00,1022.00,1022.00
8384,0,0,0.00,0.00,0.70,0.00,0.13,0.14,-0.13,1022.00,1022.00,1022.00,1022.00
8659,0,0,0.00,0.00,0.70,0.00,0.06,0.14,-0.06,1022.00,1022.00,1022.00,1022.00
8756,0,0,0.00,0.00,0.70,0.00,0.13,0.14,0.13,1022.00,1022.00,1022.00,1022.00
9030,0,0,0.00,0.00,0.70,0.00,0.00,0.14,-0.13,1022.00,1022.00,1022.00,1022.00
9073,0,0,0.00,0.00,0.70,0.00,0.19,0.14,-0.06,1022.00,1022.00,1022.00,1022.00
9155,0,0,0.00,0.00,0.70,0.00,-0.25,0.14,0.06,1022.00,1022.00,1022.00,1022.00
9217,0,0,0.00,0.00,0.70,0.00,0.06,0.14,0.00,1022.00,1022.00,1022.00,1022.00
9335,0,0,0.00,0.00,0.70,0.00,0.00,0.14,0.00,1022.00,1022.00,1022.00,1022.00
9453,0,0,0.00,0.00,0.70,0.00,0.19,0.14,0.19,1022.00,1022.00,1022.00,1022.00
9571,0,0,0.00,0.00,0.70,0.00,0.00,0.14,0.00,1022.00,1022.00,1022.00,1022.00
9717,0,0,0.00,0.00,0.70,0.00,0.00,0.14,0.13,1022.00,1022.00,1022.00,1022.00
9825,0,0,0.00,0.00,0.70,0.00,-0.06,0.14,0.13,1022.00,1022.00,1022.00,1022.00
9897,0,0,0.00.00,0.00,0.70,0.00,0.13,0.14,0.25,1022.00,1022.00,1022.00,1022.00
10135,0,0,0.00,0.00,0.70,0.00,-0.13,0.14,0.00,1022.00,1022.00,1022.00,1022.00
10231,0,0,0.00,0.00,0.70,0.00,-0.06,0.14,0.00,0,1022.00,1022.00,1022.00
10255,0,0,0.00,0.00,0.70,0.00,-0.13,0.14,0.06,1022.00,1022.00,1022.00,1022.00
10411,0,0,0.00,0.00,0.70,0.00,0.00,0.14,-0.06,1022.00,1022.00,1022.00,1022.00
10532,0,0,0.00,0.00,0.70,0.00,0.13,0.14,-0.13,1022.00,1022.00,1022.00,1022.00
10692,0,0,0.00,0.00,0.70,0.00,0.00,0.14,-0.19,1022.00,1022.00,1022.00,10
10717,0,0,0.00,0.00,0.70,0.00,0.06,0.14,-0.06,1022.00,1022.00,1022.00,1022.00
10812,0,0,0.00,0.00,0.70,0.00,0.25,0.14,-0.25,1022.00,1022.00.00,1022.00,1022.00
10832,0,0,0.00,0.00,0.70,0.00,-0.06,0.14,0.19,1022.00,1022.00,1022.00,1022.00
11102,0,0,0.00,0.00,0.70,0.00,0.13,0.14,-0.06,1022.00,1022.00,1022.00,1022.00
11140,0,0,0.00,0.00,0.70,0.00,0.31,0.14,0.19,1022.00,1022.00,1022.00,1022.00
11211,0,0,0.00,0.00,0.70,0.00,0.19,0.14,0.13,1022.00,1022.00,1022.00,1022.00
11404,0,0,0.00,0.00,0.70,0.00,0.06,0.14,0.06,1022.00,1022.00,1022.00,1022.00
11530,0,0,0.00,0.00,0.70,0.00,-0.06,0.14,-0.13,1022.00,1022.00,1022.00,1022.00
11798,0,0,0.00,0.00,0.70,0.00,-0.06,0.14,-0.25,1022.00,1022.00,1022.00,1022.00
11836,0,0,0.00,0.00,0.70,0.00,0.06,0.14,0.00,1022.00,1022.00,1022.00,1022.00
11988,0,0,0.00,0.00,0.70,0.00,-0.06,0.14,0.06,1022.00,1022.00,1022.00,1022.00
12100,0,0,0.00,0.00,0.70,0.00,0.06,0.14,0.06,1022.00,1022.00,1022.00,1022.00
12223,0,0,0.00,0.00,0.70,0.00,-0.13,0.14,-0.25,1022.00,1022.00,1022.00,1022.00
12490,0,0,0.00,0.00,0.70,0.00,0.19,0.14,-0.06,1022.00,1022.00,1022.00,1022.00
12529,0,0,0.00,0.00,0.70,0.00,0.00,0.14,0.00,1022.00,1022.00,1022.00,1022.00
12793,0,0,0.00,0.00,0.70,0.00,0.06,0.14,-0.06,1022.00,1022.00,1022.00,1022.00
12906,0,0,0.00,0.00,0.70,0.00,-0.19,0.14,-0.19,1022.00,1022.00,1022.00,1022.00
13171,0,0,0.00,0.00,0.70,0.00,0.06,0.14,0.06,1022.00,1022.00,1022.00,1022.00
13216,0,0,0.00,0.00,0.70,0.00,0.06,0.14,0.19,1022.00,1022.00,1022.00,1022.00
13357,0,0,0.00,0.00,0.70,0.00,0.19,0.14,-0.06,1022.00,1022.00,1022.00,1022.00
13473,0,0,0.00,0.00,0.70,0.00,0.31,0.14,-0.06,1022.00,1022.00,1022.00,1022.00
13591,0,0,0.00,0.00,0.70,0.00,-0.06,0.14,-0.31,1022.00,1022.00,1022.00,1022.00
13748,0,0,0.00,0.00,0.70,0.00,0.00,0.14,-0.13,1022.00,1022.00,1022.00,1022.00
13804,0,0,0.00,0.000.00,0.70,0.00,0.13,0.14,0.00,1022.00,1022.00,1022.00,1022.00
14051,0,0,0.00,0.00,0.70,0.00,0.25,0.14,0.06,1022.00,1022.00,1022.00,1022.00
14169,0,0,0.00,0.00,0.70,0.00,-0.06,0.14,-0.06,1022.00,1022.00,1022.00,1022.00
14740,0,0,0.00,0.00,0.70,0.00,0.00,0.14,-0.06,1022.00,1022.00,1022.00,1022.00
14862,0,0,0.00,0.00,0.70,0.00,-0.13,0.14,-0.06,1022.00,1022.00,1022.00,1022.00
15013,0,0,0.00,0.00,0.70,0.00,-0.25,0.14,-0.06,1022.00,1022.00,1022.00,1022.00
15126,0,0,0.00,0.00,0.70,0.00,-0.19,0.14,-0.13,1022.00,1022.00,1022.00,1022.00
15316,0,0,0.00,0.00,0.70,0.00,-0.19,0.14,-0.06,1022.00,1022.00,1022.00,1022.00
15430,0,0,0.00,0.00,0.70,0.00,-0.13,0.14,0.13,1022.00,1022.00,1022.00,1022.00
15578,0,0,0.00,0.00,0.70,0.00,0.06,0.14,0.00,1022.00,1022.00,1022.00,1022.00
15715,0,0,0.00,0.00,0.70,0.00,0.13,0.14,0.06,1022.00,1022.00,1022.00,1022.00
15745,0,0,0.00,0.00,0.70,0.00,0.06,0.14,0.06,1022.00,1022.00,1022.00,1022.00
15885,0,0,0.00,0.00,0.70,0.00,-0.06,0.14,-0.06,1022.00,1022.00,1022.00,1022.00
15984,0,0,0.00,0.00,0.70,0.00,-0.19,0.14,-0.13,1022.00,10,1022.00,1022.00
16018,0,0,0.00,0.00,0.70,0.00,-0.19,0.14,-0.25,1022.00,1022.00,1022.00,1022.00
16289,0,0,0.00,0.00,0.70,0.00,-0.06,0.14,0.19,1022.00,1022.00,1022.00,1022.00
16581,0,0,0.00,0.00,0.70,0.00,0.00,0.14,0.06,1022.00,1022.00,1022.00,1022.00
16692,0,0,0.00,0.00,0.70,0.00,-0.13,0.14,-0.13,0,1022.00,1022.00,1022.00
16716,0,0,0.00,0.00,0.70,0.00,-0.13,0.14,-0.06,1022.00,1022.00,1022.00,1022.00
16850,0,0,0.00,0.00,0.70,0.00,0.25,0.14,0.00,1022.00,1022.00,1022.00,1022.00
16957,0,0,0.00,0.00,0.70,0.00,0.19,0.14,0.00,1022.00,1022.00,1022.00,1022.00
17277,0,0,0.00,0.00,0.70,0.00,-0.06,0.14,-0.06,1022.00,1022.00,1022.00,1022.00
17397,0,0,0.00,0.00,0.70,0.00,-0.19,0.14,0.13,1022.00,1022.00,1022.00,1022.00
17544,0,0,0.00,0.00,0.70,0.00,-0.06,0.14,0.06,1022.00,1022.00,1022.00,1022.00
17669,0,0,0.00,0.00,0.70,0.00,-0.06,0.14,-0.19,1022.00,1022.00,1022.00,1022.00
17841,0,0,0.00,0.00,0.70,0.00,0.00,0.14,-0.19,1022.00,1022.00,1022.00,1022.00
17946,0,0,0.00,0.00,0.70,0.00,0.06,0.14,0.13,1022.00,1022.002.00,1022.00,1022.00
17973,0,0,0.00,0.00,0.70,0.00,0.13,0.14,-0.13,1022.00,1022.00,1022.00,1022.00
18231,0,0,0.00,0.00,0.70,0.00,0.13,0.14,-0.13,1022.00,1022.00,1022.00,1022.00
18277,0,0,0.00,0.00,0.70,0.00,-0.06,0.14,0.06,1022.00,1022.00,1022.00,1022.00
18300,0,0,0.00,0.00,0.70,0.00,-0.06,0.14,0.13,1022.00,1022.00,1022.00,1022.00
18425,0,0,0.00,0.00,0.70,0.00,0.00,0.14,-0.13,1022.00,1022.00,1022.00,1022.00
18536,0,0,0.00,0.00,0.70,0.00,-0.13,0.14,-0.06,1022.00,1022.00,1022.00,1022.00
18814,0,0,0.00,0.00,0.70,0.00,0.13,0.14,-0.25,1022.00,1022.00,1022.00,1022.00
19125,0,0,0.00,0.00,0.70,0.00,0.19,0.14,0.13,1022.00,1022.00,1022.00,1022.00
19241,0,0,0.00,0.00,0.70,0.00,-0.13,0.14,0.19,1022.00,1022.00,1022.00,1022.00
19383,0,0,0.00,0.00,0.70,0.00,-0.13,0.14,0.06,1022.00,1022.00,1022.00,1022.00
19489,0,0,0.00,0.00,0.70,0.00,0.00,0.14,0.25,1022.00,1022.00,1022.00,1022.00
19695,0,0,0.00,0.00,0.70,0.00,0.13,0.14,0.19,1022.00,1022.00,1022.00,1022.00
19799,0,0,0.00,0.00,0.70,0.00,-0.06,0.14,0.19,1022.00,1022.00,1022.00,1022.00
19918,0,0,0.00,0.00,0.70,0.00,0.06,0.14,0.31,1022.00,1022.00,1022.00,1022.00
20072,0,0,0.00,0.00,0.70,0.00,-0.31,0.14,-0.06,1022.00,1022.00,1022.00,1022.00
20113,0,0,0.00,0.00,0.70,0.00,-0.19,0.14,0.06,1022.00,1022.00,1022.00,1022.00
20257,0,0,0.00,0.00,0.70,0.00,0.00,0.14,-0.19,1022.00,1022.00,1022.00,1022.00
20374,0,0,0.00,0.00,0.70,0.00,0.13,0.14,0.13,1022.00,1022.00,1022.00,1022.00
20502,0,0,0.00,0.00,0.70,0.00,-0.13,0.14,0.00,1022.00,1022.00,1022.00,1022.00
20637,0,0,0.00,0.00,0.70,0.00,0.00,0.14,0.13,1022.00,1022.00,1022.00,1022.00
20770,0,0,0.00,0.00,0.70,0.00,0.00,0.14,0.25,1022.00,1022.00,1022.00,1022.00
20813,0,0,0.00,0.00,0.70,0.00,0.13,0.14,0.06,1022.00,1022.00,1022.00,1022.00
21063,0,0,0.00,0.00,0.70,0.00,0.13,0.14,0.06,1022.00,1022.00,1022.00,1022.00
21199,0,0,0.00,0.00,0.70,0.00,-0.13,0.14,0.00,1022.00,1022.00,1022.00,1022.00
21347,0,0,0.00,0.00,0.70,0.00,-0.13,0.14,-0.06,1022.00,1022.00,1022.00,1022.00
21453,0,0,0.00,0.00,0.70,0.00,-0.06,0.14,0.06,1022.00,1022.00,1022.00,1022.00
21502,0,0,0.00,0.00,0.70,0.00,-0.06,0.14,-0.06,1022.00,1022.00,1022.00,1022.00
21526,0,0,0.00,0.00,0.70,0.00,-0.06,0.14,-0.06,1022.00,1022.00,1022.00,1022.00
21656,0,0,0.00,0.00,0.70,0.00,-0.06,0.14,0.00,1022.00,1022.00,1022.00,1022.00
21759,0,0,0.00,0.00,0.70,0.00,-0.19,0.14,-0.06,1022.00,1022.00,1022.00,1022.00
21915,0,0,0.00,0.00,0.70,0.00,0.13,0.14,-0.25,1022.00,1022.00,1022.00,1022.00
21955,0,0,0.00,0.00,0.70,0.00,0.06,0.14,-0.13,1022.00,1022.00,1022.00,1022.00
22101,0,0,0.00,0.00,0.70,0.00,0.06,0.14,-0.06,1022.00,1022.00,1022.00,1022.00
22218,0,0,0.00,0.00,0.70,0.00,-0.13,0.14,-0.06,1022.00,1022.00,1022.00,1022.00
22360,0,0,0.00,0.00,0.70,0.00,-0.06,0.14,0.00,1022.00,1022.00,1022.00,1022.00
22613,0,0,0.00,0.00,0.70,0.00,0.06,0.14,0.00,1022.00,1022.00,1022.00,1022.00
22929,0,0,0.00,0.00,0.70,0.00,0.13,0.14,-0.13,1022.00,1022.00,1022.00,1022.00
22995,0,0,0.00,0.00,0.70,0.00,-0.06,0.14,-0.06,1022.00,1022.0022.00,1022.00,1022.00
23023,0,0,0.00,0.00,0.70,0.00,0.06,0.14,0.19,1022.00,1022.00,1022.00,1022.00
23312,0,0,0.00,0.00,0.70,0.00,-0.13,0.14,-0.06,1022.00,1022.00,1022.00,1022.00
23342,0,0,0.00,0.00,0.70,0.00,0.06,0.14,-0.13,1022.00,1022.00,1022.00,1022.00
23363,0,0,0.00,0.00,0.70,0.00,-0.06,0.14,0.00,1022.00,1022.00,1022.00,1022.00
23475,0,0,0.00,0.00,0.70,0.00,0.13,0.14,0.00,1022.00,1022.00,1022.00,1022.00
23613,0,0,0.00,0.00,0.70,0.00,0.06,0.14,0.00,1022.00,1022.00,1022.00,1022.00
23710,0,0,0.00,0.00,0.70,0.00,0.13,0.14,-0.06,1022.00,1021022.00,1022.00,1022.00
23735,0,0,0.00,0.00,0.70,0.00,0.06,0.14,0.06,1022.00,1022.00,1022.00,1022.00
23984,0,0,0.00,0.00,0.70,0.00,-0.13,0.14,-0.31,1022.00,1022.00,1022.00,1022.00
24026,0,0,0.00,0.00,0.70,0.00,-0.06,0.14,0.00,1022.00,1022.00,1022.00,1022.00
24172,0,0,0.00,0.00,0.70,0.00,0.06,0.14,-0.19,1022.00,1022.00,1022.00,1022.00
24312,0,0,0.00,0.00,0.70,0.00,-0.06,0.14,0.06,1022.00,1022.00,1022.00,1022.00
24552,0,0,0.00,0.00,0.70,0.00,0.06,0.14,0.00,1022.00,1022.00,1022.00,1022.00
24679,0,0,0.00,0.00,0.70,0.00,0.19,0.14,0.19,1022.00,1022.00,1022.00,1022.00
24719,0,0,0.00,0.00,0.70,0.00,0.13,0.14,-0.06,1019.00,1019.00,1019.00,1019.00
24859,0,0,0.00,0.00,0.70,0.00,0.13,0.14,0.13,1019.00,1019.00,1019.00,1019.00
24994,0,0,0.00,0.00,0.70,0.00,-0.19,0.14,0.00,1022.00,1022.00,1022.00,1022.00
25240,0,0,0.00,0.00,0.70,0.00,0.13,0.14,0.00,1022.00,1022.00,1022.00,1022.00
25548,0,0,0.00,0.00,0.70,0.00,0.00,0.14,0.06,1019.00,1019.00,1019.00,1019.00
25646,0,0,0.00,0.00,0.70,0.00,0.13,0.14,-0.19,1019.00,0,1022.00,1022.00
25668,0,0,0.00,0.00,0.70,0.00,-0.06,0.14,-0.06,1022.00,1022.00,1022.00,1022.00
25943,0,0,0.00,0.00,0.70,0.00,0.19,0.14,0.00,1019.00,1019.00,1019.00,1019.00
26223,0,0,0.00,0.00,0.70,0.00,0.13,0.14,0.06,1022.00,1022.00,1022.00,1022022.00
26248,0,0,0.00,0.00,0.70,0.00,0.00,0.14,0.13,1022.00,1022.00,1022.00,1022.00
26361,0,0,0.00,0.00,0.70,0.00,-0.06,0.14,-0.06,1035.00,1035.00,1035.00,1035.00
26623,0,0,0.00,0.00,0.70,0.00,-0.13,0.14,-0.19,1041.00,1041.00,1041.00,1041.00
26754,0,0,0.00,0.00,0.70,0.00,0.13,0.14,0.00,1042.00,1042.00,1042.00,1042.00
26794,0,0,0.00,0.00,0.70,0.00,-0.13,0.14,0.00,1043.00,1043.00,1043.00,1043.00
26815,0,0,0.00,0.00,0.70,0.00,-0.06,0.14,0.00,1043.00,1043.00,1043.00,1043.00
26928,0,0,0.00,0.00,0.70,0.00,0.19,0.14,0.13,1043.00,1043.00,1043.00,1043.00
27024,0,0,0.00,0.00,0.70,0.00,0.06,0.14,-0.13,1044.00,1,1044.00,1044.00
27051,0,0,0.00,0.00,0.70,0.00,-0.13,0.14,-0.06,1044.00,1044.00,1044.00,1044.00
27328,0,0,0.00,0.00,0.70,0.00,-0.13,0.14,0.13,1044.00,1044.00,1044.00,1044.00
27602,0,0,0.00,0.00,0.70,0.00,0.06,0.14,0.00,1046.00,1046.00,1046.0046.00,1046.00
27626,0,0,0.00,0.00,0.70,0.00,-0.06,0.14,-0.06,1046.00,1046.00,1046.00,1046.00
27747,0,0,0.00,0.00,0.70,0.00,0.19,0.14,0.13,1048.00,1048.00,1048.00,1048.00
27900,0,0,0.00,0.00,0.70,0.00,0.13,0.14,0.31,1048.00,1048.00,1048.00,1048.00
28011,0,0,0.00,0.00,0.70,0.00,0.00,0.14,-0.06,1051.00,1051.00,1051.00,1051.00
28179,0,0,0.00,0.00,0.70,0.00,-0.31,0.14,-0.13,1052.00,1052.00,00,1052.00
28206,0,0,0.00,0.00,0.70,0.00,-0.37,0.14,-0.13,1052.00,1052.00,1052.00,1052.00
28471,0,0,0.00,0.00,0.70,0.00,-0.13,0.14,0.06,1053.00,1053.00,1053.00,1053.00
28773,0,0,0.00,0.00,0.70,0.00,0.31,0.14,0.31,1061.00,1061.00,1061.00,1061.00
28895,0,0,0.00,0.00,0.70,0.00,-0.44,0.14,-0.44,1061.00,1061.00,1061.00,1061.00
29057,0,0,0.00,0.00,0.65,0.00,-1.56,0.12,-1.00,1063.00,1063.00,1063.00,1063.00
29172,0,0,0.00,0.00,0.68,0.00,2.25,0.07,1.87,1063.00,1063.00,1063.00,1063.00
29357,0,0,0.00,0.00,0.74,0.00,1.31,0.16,1.75,1064.00,1064.00,1064.00,1064.00
29465,0,0,0.00,0.00,0.66,0.00,-0.31,0.10,-0.50,1064.00,1064.00,1064.00,1064.00
29616,0,0,0.00,0.00,0.57,0.00,-0.94,0.03,-1.50,1064.00,1064.00,1064.00,1064.00
29757,0,0,0.00,0.00,0.57,0.00,-0.75,0.02,0.19,1064.00,1064.00,1064.00,1064.00
29933,0,0,0.00,0.00,0.57,0.00,-1.19,0.02,-0.62,1064.00,1064.00,1064.00,1064.00
30201,0,0,0.00,0.00,0.54,0.00,0.94,-0.05,0.94,1064.00,1064.00,1064.00,1064.00
30241,0,0,0.00,0.00,0.53,0.00,-0.56,-0.03,0.31,1064.00,1064.00,1064.00,1064.00
30262,0,0,0.00,0.00,0.49,0.00,-1.31,-0.05,-0.94,1064.00,1064.00,1064.00,1064.00
30387,0,0,0.00,0.00,0.50,0.00,0.69,-0.07,1.06,1064.00,1064.00,1064.00,1064.00
30538,0,0,0.00,0.00,0.46,0.00,1.06,-0.11,0.88,1064.00,1064.00,1064.00,1064.00
30704,0,0,0.00,0.00,0.42,0.00,0.44,-0.14,0.25,1064.00,1064.00,1064.00,10
30730,0,0,0.00,0.00,0.42,0.00,0.62,-0.14,0.44,1064.00,1064.00,1064.00,1064.00
30853,0,0,0.00,0.00,0.37,0.00,0.13,-0.19,-0.25,1064.00,1064.00,1064.00,1064.00
31004,0,0,0.00,0.00,0.33,0.00,-0.37,-0.22,-0.75,1064.00,1064.00,1064.00,1064.00
31173,0,0,0.00,0.00,0.32,0.00,-0.31,-0.24,-0.56,1064.00,1064.00,106,1064.00
31199,0,0,0.00,0.00,0.32,0.00,-0.25,-0.24,-0.25,1064.00,1064.00,1064.00,1064.00
31286,0,0,0.00,0.00,0.40,0.00,2.06,-0.19,1.69,1064.004.00,1064.00,1064.00,1064.00
31316,0,0,0.00,0.00,0.46,0.00,1.62,-0.14,2.19,1064.00,1064.00,1064.00,1064.00
31496,0,0,0.00,0.00,0.33,0.00,-2.87,-0.17,-2.44,1063.00,1065.00,1065.00,1063.00
31538,0,0,0.00,0.00,0.06,0.00,-3.44,-0.47,-3.62,1063.00,1065.00,1065.00,1063.00
31640,0,0,0.00,0.00,0.02,0.00,1.31,-0.55,1.75,1,1064.00,1064.00,1064.00
31665,0,0,0.00,0.00,0.06,0.00,1.44,-0.52,1.37,1064.00,1064.00,1064.00,1064.00
31804,0,0,0.00,0.00,0.50,0.00,4.69,-0.16,6.19,1066.00,1062.00,1062.00,1066.00
31912,0,0,0.00,0.00,0.69,0.00,0.56,0.13,1.19,1064.00,1064.00,1064.00,1064.00
32084,0,0,0.00,0.00,0.23,0.00,-0.19,-0.31,-2.94,1063.00,0,1064.00,1064.00
32109,0,0,0.00,0.00,0.16,0.00,-5.50,-0.33,0.37,1064.00,1064.00,1064.00,1064.00
32311,0,0,0.00,0.00,-0.35,0.00,0.25,-0.89,0.94,1064.00,1064.00,1064.00,1064
32336,0,0,0.00,0.00,-0.38,0.00,-0.19,-0.93,-1.50,1063.00,1065.00,1065.00,1063.00
32499,0,0,0.00,0.00,-0.36,0.00,3.12,-0.98,1.69,1064.00,1064.00,1064.00,1064.00
32701,0,0,0.00,0.00,1.15,0.00,1.00,0.55,4.69,1066.00,1062.00,1062.00,1066.00
32782,0,0,0.00,0.00,0.96,0.00,-3.87,0.47,-1.94,1064.00,0,1065.00,1063.00
32802,0,0,0.00,0.00,0.81,0.00,-6.75,0.36,-4.06,1063.00,1065.00,1065.00,1063.00
33054,0,0,0.00,0.00,-1.16,0.00,-4.19,-1.68,-5.56,1061.00,1067.00,1067.00,1061.00
33189,0,0,0.00,0.00,-0.68,0.00,9.88,-1.33,7.63,1066.00,1062.00,1062.00,1066.00
33232,0,0,0.00,0.00,-0.15,0.00,9.81,-0.81,11.13,1067.00,1061.00,1061.00,1067.00
33397,0,0,0.00,0.00,0.85,0.00,1.69,0.24,3.25,1065.00,1063.00,1063.00,1065.00
33504,0,0,0.00,0.00,0.64,0.00,-6.50,0.14,-5.50,1062.00,1066.00,1066.00,1062.00
33652,0,0,0.00,0.00,-0.56,0.00,-9.06,-1.04,-8.75,1060.00,1068.00,1068.00,1060.00
33697,0,0,0.00,0.00,-0.91,0.00,-5.06,-1.42,-7.12,1061.00,1067.00,1067.00,1061
33719,0,0,0.00,0.00,-1.00,0.00,-2.75,-1.54,-4.37,1062.00,1066.00,1066.00,1062.00
34012,0,0,0.00,0.00,0.27,0.00,8.81,-0.37,8.81,1067.00,1061.00,1061.00,1067.00
34186,0,0,0.00,0.00,0.60,0.00,-4.75,0.09,-3.12,1063.00,1065.00,1065.00,1063.00
34306,0,0,0.00,0.00,-0.22,0.00,-7.50,-0.63,-7.37,1061.00,1067.00,1067.00,00
34338,0,0,0.00,0.00,-0.44,0.00,-7.94,-0.93,-7.37,1061.00,1067.00,1067.00,1061.00
34386,0,0,0.00,0.00,-0.76,0.00,-6.06,-1.21,-6.56,1061.00,1067.00,1067.00,1061.00
34410,0,0,0.00,0.00,-0.88,0.00,-3.94,-1.37,-4.50,1062.00,1066.00,1066.00,1062.00
34530,0,0,0.00,0.00,-0.84,0.00,3.87,-1.47,2.62,1064.00,1064.00,1064.00,1064.00
34684,0,0,0.00,0.00,0.14,0.00,7.56,-0.57,7.44,1066.00,1062.00,1062.00,1066.00
34865,0,0,0.00,0.00,0.56,0.00,-2.87,0.07,-1.94,1064.00,1064.00,1064.00,1064.00
35215,0,0,0.00,0.00,-0.75,0.00,3.00,-1.35,2.06,1064.00,1064.00,1064.00,1064.00
35370,0,0,0.00,0.00,0.07,0.00,6.69,-0.56,6.75,1066.00,1062.00,1062.00,1066.00
35494,0,0,0.00,0.00,0.58,0.00,2.06,-0.02,2.94,1065.00,1063.00,1063.00,1065.00
35535,0,0,0.00,0.00,0.61,0.00,-0.31,0.05,0.13,1064.00,1064.00,1064.00,1064.00
35559,0,0,0.00,0.00,0.56,0.00,-2.50,0.02,-1.25,1064.00,1064.00,1064.00,1064.00
35677,0,0,0.00,0.00,-0.01,0.00,-6.00,-0.51,-5.75,1062.00,1066.00,1066.00,1062.00
35788,0,0,0.00,0,-0.58,0.00,-3.81,-1.07,-4.56,1062.00,1066.00,1066.00,1062.00
35807,0,0,0.00,0.00,-0.63,0.00,-3.81,-1.14,-3.81,0,1066.00,1066.00,1062.00
35828,0,0,0.00,0.00,-0.70,0.00,-2.62,-1.24,-2.75,1063.00,1065.00,1065.00,1
35911,0,0,0.00,0.00,-0.71,0.00,2.12,-1.31,0.75,1064.00,1064.00,1064.00,1064.00
36178,0,0,0.00,0.00,0.47,0.00,3.00,-0.14,2.75,1065.00,1063.00,1063.00,1065.00
36222,0,0,0.00,0.00,0.51,0.00,0.19,-0.06,1.62,1064.00,1064.00,1064.00,1064.00
36244,0,0,0.00,0.00,0.49,0.00,-1.44,-0.06,-0.31,1064.00,1064.00,1064.00,1064.00
36366,0,0,0.00,0.00,0.04,0.00,-5.25,-0.42,-4.75,1062.00,1066.00,1066.00,1062.00
36608,0,0,0.00,0.00,-0.63,0.00,1.50,-1.21,0.56,1064.00,1064.00,1064.00,1064.00
36873,0,0,0.00,0.00,0.37,0.00,2.56,-0.21,3.06,1065.00,1063.00,1063.00,1065.00
36910,0,0,0.00,0.00,0.43,0.00,0.06,-0.14,1.12,1064.00,1064.00,1064.00,1064.00
37059,0,0,0.00,0.00,0.04,0.00,-4.25,-0.44,-4.19,1063.00,1065.00,1065.00,1063.00
37156,0,0,0.00,0.00,-,0.00,-3.75,-0.90,-3.69,1063.00,1065.00,1065.00,1063.00
37288,0,0,0.00,0.00,-0.58,0.00,0.25,-1.14,-0.13,1064.00,1064.00,1064.00,1064.00
37563,0,0,0.00,0.00,0.27,0.00,2.56,-0.31,3.00,1065.00,1063.00,1063.00,1065.00
37610,0,0,0.00,0.00,0.34,0.00,1.12,-0.23,1.37,1064.00,1064.00,1064.00,1064.00
37635,0,0,0.00,0.00,0.34,0.00,-0.06,-0.22,0.31,1064.00,1064.00,1064.00,1064.00
37748,0,0,0.00,0.00,0.10,0.00,-3.37,-0.42,-3.37,1063.00,1065.00,1065.00,1063.00
37846,0,0,0.00,0.00,29,0.00,-3.44,-0.82,-3.69,1063.00,1065.00,1065.00,1063.00
38007,0,0,0.00,0.00,-0.50,0.00,-0.25,-1.06,-0.31,1064.00,1064.00,1064.00,1064.00
38296,0,0,0.00,0.00,0.23,0.00,1.00,-0.35,1.12,1064.00,1064.00,1064.00,1064.00
38423,0,0,0.00,0.00,0.12,0.00,-2.37,-0.42,-2.25,1063.00,1065.00065.00,1065.00,1063.00
38447,0,0,0.00,0.00,0.05,0.00,-2.75,-0.49,-2.69,1063.00,1065.00,1065.00,1063.00
38569,0,0,0.00,0.00,-0.30,0.00,-2.94,-0.84,-2.62,1,1065.00,1065.00,1063.00
38691,0,0,0.00,0.00,-0.45,0.00,-0.31,-1.01,-0.88,1064.00,1064.00,1064.00,1064.00
38820,0,0,0.00,0.00,-0.21,0.00,2.94,-0.82,2.44,1064.00,1064.00,1064.00,1064.00
39006,0,0,0.00,0.00,0.18,0.00,0.25,-0.38,0.69,1064.00,1064.00,1064.00,1064.00
39130,0,0,0.00,0.00,0.05,0.00,-2.25,-0.49,-2.00,1063.00,1065.00,1065.00,1063.00
39172,0,0,0.00,0.00,-0.02,0.00,-2.44,-0.56,-2.25,1063.00,1065.00,1065.00,1063.00
39242,0,0,0.00,0,-0.21,0.00,-2.37,-0.72,-2.44,1063.00,1065.00,1065.00,1063.00
39356,0,0,0.00,0.00,-0.39,0.00,-0.56,-0.94,-1.00,1064.00,1064.00,1064.00,1064.00
39508,0,0,0.00,0.00,-0.22,0.00,2.12,-0.82,2.00,1064.00,1064.00,1064.00,1064.00
39684,0,0,0.00,0.00,0.07,0.00,0.88,-0.50,1.19,1064.00,1064.00,1064.00,0
39702,0,0,0.00,0.00,0.08,0.00,0.19,-0.48,0.81,1064.00,1064.00,1064.00,1064.00
40071,0,0,0.00,0.00,-0.33,0.00,-0.25,-0.89,-0.50,1064.00,1064.00,1064.00,1064.00
40215,0,0,0.00,0.00,-0.20,0.00,1.50,-0.79,1.31,1064.00,1064.00,1064.00,1064.00
40392,0,0,0.00,0.00,-0.00,0.00,0.19,-0.56,0.44,1064.00,1064.00,1064.00,1064.00
40554,0,0,0.00,0.00,-0.11,0.00,-1.37,-0.65,-1.06,1064.00,1064.00,1064.00,1064.00
40600,0,0,0.00,0.00,-0.18,0.00,-1.25,-0.72,-1.62,1063.00,1065.00,1065.00,1063
40623,0,0,0.00,0.00,-0.22,0.00,-1.19,-0.75,-1.31,1064.00,1064.00,1064.00,1064.00
40777,0,0,0.00,0.00,-0.28,0.00,0.19,-0.84,0.00,1064.00,1064.00,1064.00,1064.00
40821,0,0,0.00,0.00,-0.28,0.00,0.50,-0.84,0.37,1064.00,1064.00,1064.00,1064.00
40970,0,0,0.00,0.00,-0.14,0.00,1.00,-0.70,1.06,1064.00,1064.00,1064.00,1064.00
41086,0,0,0.00,0.00,-0.09,0.00,0.06,-0.65,0.31,1064.00,1064.00,1064.00,1064.00
41296,0,0,0.00,0.00,-0.20,0.00,-0.94,-0.75,-0.69,1064.00,100,1064.00,1064.00
41316,0,0,0.00,0.00,-0.23,0.00,-1.06,-0.77,-0.88,1064.00,1064.00,1064.00,1064.00
41538,0,0,0.00,0.00,-0.22,0.00,0.62,-0.79,0.88,1064.00,1064.00,1064.00,1064.00
41662,0,0,0.00,0.00,-0.14,0.00,0.69,-0.71,0.75,1064.00,1064.00,1064.00,1064.00
41815,0,0,0.00,0.00,-0.14,0.00,-0.62,-0.70,-0.31,1064.00,1064.00,1064.00,1064.00
41885,0,0,0.00,0.00,-0.16,0.00,-0.62,-0.71,-0.56,1064.00,1064.00,1064.00,1064.00
42037,0,0,0.00,0.00,-0.18,0.00,-0.25,-0.74,-0.25,1064.00,1064.00,1064.00,1064.00
42245,0,0,0.00,0.00,-0.16,0.00,0.31,-0.73,0.69,1064.00,10,1064.00,1064.00
42270,0,0,0.00,0.00,-0.16,0.00,0.44,-0.72,0.44,1064.00,1064.00,1064.00,1064.00
42391,0,0,0.00,0.00,-0.16,0.00,0.13,-0.72,0.00,1064.00,1064.00,1064.00,1064.00
42434,0,0,0.00,0.00,-0.16,0.00,-0.13,-0.72,-0.06,1064.00,1064.00,1064.00,1064.00
42599,0,0,0.00,0.00,-0.16,0.00,-0.44,-0.72,-0.37,1064.00,1064.00,1064.00,1064.00
42624,0,0,0.00,0.00,-0.16,0.00,-0.50,-0.72,-0.31,1064.00,1064.00,1064.00,1064.00
42819,0,0,0.00,0.00,-0.16,0.00,0.37,-0.72,0.25,1064.00,1064.00,1064.00,1064.00
43085,0,0,0.00,0.00,-0.13,0.00,0.13,-0.69,0.13,1064.00,1064.00,1064.00,1064.00
43275,0,0,0.00,0.00,-0.13,0.00,0.25,-0.69,0.25,1064.00,1064.00,1064.00,1064.00
43428,0,0,0.00,0.00,-0.13,0.00,0.31,-0.69,0.13,1064.00,1064.00,1064.00,1064.00
43626,0,0,0.00,0.00,-0.13,0.00,-0.13,-0.69,0.37,1064.00,1064.00,1064.00,1064.00
43777,0,0,0.00,0.00,-0.13,0.00,-0.06,-0.69,0.00,1064.00,1064.00,1064.00,1064.00
43825,0,0,0.00,0.00,-0.13,0.00,-0.31,-0.69,-0.19,1064.00,1064.00,1064.00,1064.00
43851,0,0,0.00,0.00,-0.13,0.00,0.06,-0.69,-0.06,1064.00,1064.00,1064.00,1064.00
43959,0,0,0.00,0.00,-0.13,0.00,-0.06,-0.69,0.06,1064.00,1064.00,1064.00,1064.00
44107,0,0,0.00,0.00,-0.13,0.00,0.19,-0.69,0.25,1064.00,1064.00,1064.00,1064.00
44306,0,0,0.00,0.00,-0.13,0.00,-0.37,-0.69,-0.13,1064.00,1064.00,1064.00,1064.00
44513,0,0,0.00,0.00,-0.13,0.00,-0.06,-0.69,-0.06,1064.00,1064.00,1064.00,1.00
44539,0,0,0.00,0.00,-0.13,0.00,-0.13,-0.69,-0.06,1064.00,1064.00,1064.00,1064.00
44663,0,0,0.00,0.00,-0.13,0.00,0.19,-0.69,-0.13,1064.00,1064.00,1064.00,10
44695,0,0,0.00,0.00,-0.13,0.00,-0.06,-0.69,-0.13,1064.00,1064.00,1064.00,1064.00
44737,0,0,0.00,0.00,-0.13,0.00,0.19,-0.69,-0.13,1064.00,1064.00,1064.00,1064.00
44898,0,0,0.00,0.00,-0.13,0.00,-0.19,-0.69,-0.13,1064.00,1064.00,1064.00,1064.00
44924,0,0,0.00,0.00,-0.13,0.00,-0.31,-0.69,-0.25,1064.00,1064.00,1064.00,1064.00
45029,0,0,0.00,0.00,-0.13,0.00,-0.13,-0.69,0.00,1064.00,1064.00,1064.00,1
45129,0,0,0.00,0.00,-0.13,0.00,-0.06,-0.69,0.00,1064.00,1064.00,1064.00,1064.00
45290,0,0,0.00,0.00,-0.13,0.00,-0.13,-0.69,0.00,1064.00,1064.00,1064.00,1064.00
45463,0,0,0.00,0.00,-0.13,0.00,-0.13,-0.69,-0.13,1064.00,1064.00,1064.00,1064.00
45682,0,0,0.00,0.00,-0.13,0.00,0.00,-0.69,-0.25,1064.00,1064.00,1064.00,1064.00
45953,0,0,0.00,0.00,-0.13,0.00,0.00,-0.69,0.13,1064.00,1064.00,1064.00,1064.00
46020,0,0,0.00,0.00,-0.13,0.00,0.37,-0.69,0.00,1064.00,1064.00,1064.00,1064.00
46122,0,0,0.00,0.00,-0.13,0.00,0.19,-0.69,-0.06,100,1064.00,1064.00,1064.00
46148,0,0,0.00,0.00,-0.13,0.00,-0.19,-0.69,-0.06,1064.00,1064.00,1064.00,1064.00
46352,0,0,0.00,0.00,-0.13,0.00,0.00,-0.69,-0.06,1064.00,1064.00,1064.00,10
46376,0,0,0.00,0.00,-0.13,0.00,0.19,-0.69,-0.13,1064.00,1064.00,1064.00,1064.00
46721,0,0,0.00,0.00,-0.13,0.00,-0.06,-0.69,-0.13,1064.00,1064.00,1064.00,1064.00
47041,0,0,0.00,0.00,-0.13,0.00,-0.19,-0.69,-0.06,1064.00,1064.00,1064,1064.00
47064,0,0,0.00,0.00,-0.13,0.00,-0.13,-0.69,-0.31,1064.00,1064.00,1064.00,1064.00
47185,0,0,0.00,0.00,-0.13,0.00,0.00,-0.69,-0.13,1064.00,1064.00,1064.00,1
47226,0,0,0.00,0.00,-0.13,0.00,0.00,-0.69,-0.13,1064.00,1064.00,1064.00,1064.00
47273,0,0,0.00,0.00,-0.13,0.00,-0.06,-0.69,-0.06,1064.00,1064.00,1064.00,1064.00
47424,0,0,0.00,0.00,-0.13,0.00,0.00,-0.69,-0.06,1064.00,1064.00,1064.00,1064.00
47562,0,0,0.00,0.00,-0.13,0.00,0.13,-0.69,0.00,1064.00,1064.00,1064.00,1064.00
47735,0,0,0.00,0.00,-0.13,0.00,-0.19,-0.69,-0.06,1064.00,00,1064.00,1064.00
47756,0,0,0.00,0.00,-0.13,0.00,0.19,-0.69,0.06,1064.00,1064.00,1064.00,1064.00
47915,0,0,0.00,0.00,-0.13,0.00,-0.06,-0.69,-0.13,1022.00,1022.00,1022.00,1022.00
47956,0,0,0.00,0.00,-0.13,0.00,-0.06,-0.69,-0.06,1022.00,1022.00,1022.00,1022.00
47975,0,0,0.00,0.00,-0.13,0.00,-0.19,-0.69,-0.13,1022.00,1022.00,1022.00,1022.00
48135,0,0,0.00,0.00,-0.13,0.00,0.06,-0.69,0.00,1022.00,1022.00,1022.00,1022.00
48344,0,0,0.00,0.00,-0.13,0.00,0.00,-0.69,0.00,1022.00,1022.00,1022.00,1022.00
48655,0,0,0.00,0.00,-0.13,0.00,-0.06,-0.69,-0.19,1019.00,1019.00,1000,1019.00
48680,0,0,0.00,0.00,-0.13,0.00,-0.06,-0.69,-0.13,1019.00,1019.00,1019.00,1019.00
48868,0,0,0.00,0.00,-0.13,0.00,0.06,-0.69,-0.06,1017.00,1017.00,1017.00,1017.00
48900,0,0,0.00,0.00,-0.13,0.00,-0.06,-0.69,0.25,1019.00,1019.00,1019.00,1019.00
48923,0,0,0.00,0.00,-0.13,0.00,0.00,-0.69,-0.13,1017.00,1017.00,1017.00,1017.00
49023,0,0,0.00,0.00,-0.13,0.00,-0.37,-0.69,0.06,1017.00,1017.00,1017.00,1017.00
49060,0,0,0.00,0.00,-0.13,0.00,-0.13,-0.69,-0.06,1017.00,1017.00,1017.00,1017.00
49157,0,0,0.00,0.00,-0.13,0.00,-0.25,-0.69,0.00,0,1017.00,1017.00,1017.00
49253,0,0,0.00,0.00,-0.13,0.00,0.06,-0.69,0.19,1017.00,1017.00,1017.00,1017.00
49355,0,0,0.00,0.00,-0.13,0.00,0.13,-,0.13,1017.00,1017.00,1017.00,1017.00
49410,0,0,0.00,0.00,-0.13,0.00,0.06,-0.69,0.19,1017.00,1017.00,1017.00,1017.00
49580,0,0,0.00,0.00,-0.13,0.00,0.00,-0.69,-0.06,1017.00,1017.00,10,1017.00
49607,0,0,0.00,0.00,-0.13,0.00,0.06,-0.69,-0.06,1017.00,1017.00,1017.00,1017.00
49765,0,0,0.00,0.00,-0.13,0.00,-0.13,-0.69,0.06,1017.00,1017.00,1017.00,1017.00
49942,0,0,0.00,0.00,-0.13,0.00,0.13,-0.69,0.19,1017.00,1017.00,1017.00,1017.00
50063,0,0,0.00,0.00,-0.13,0.00,-0.06,-0.69,-0.06,1017.00,1017.00,1,1017.00
50094,0,0,0.00,0.00,-0.13,0.00,0.19,-0.69,0.37,1017.00,1017.00,1017.00,1017.00
50270,0,0,0.00,0.00,-0.13,0.00,0.13,-0.69,0.13,1017.00,1017.00,00,1017.00
50292,0,0,0.00,0.00,-0.13,0.00,0.19,-0.69,0.06,1017.00,1017.00,1017.00,1017.00
50463,0,0,0.00,0.00,-0.13,0.00,0.00,-0.69,0.00,1017.00,1017.00,1017.00,1017.00
50492,0,0,0.00,0.00,-0.13,0.00,0.00,-0.69,0.06,1017.00,1017.00,1017.00,1017.00
50635,0,0,0.00,0.00,-0.13,0.00,0.06,-0.69,0.00,1017.00,1017.00,1017.00,1017.00
50778,0,0,0.00,0.00,-0.13,0.00,0.00,-0.69,0.06,1017.00,1017.00,1017.00,1017.00
50983,0,0,0.00,0.00,-0.13,0.00,0.06,-0.69,-0.06,1017.00,1017.00,1017.00,1017.00
51135,0,0,0.00,0.00,-0.13,0.00,-0.06,-0.69,-0.06,1017.00,1017.00,1017.00,1017.00
51554,0,0,0.00,0.00,-0.13,0.00,0.13,-0.69,0.19,1017.00,1017.00,1017.00,1017.00
51891,0,0,0.00,0.00,-0.13,0.00,-0.06,-0.69,0.00,1017.00,1017.00,1017.00,.00
51913,0,0,0.00,0.00,-0.13,0.00,-0.25,-0.69,0.00,1017.00,1017.00,1017.00,1017.00
52054,0,0,0.00,0.00,-0.13,0.00,-0.06,-0.69,-0.06,1017.00,1017.00,1017.00,1017.00
52267,0,0,0.00,0.00,-0.13,0.00,0.19,-0.69,0.13,1017.00,1017.00,1017.00,1017.00
52395,0,0,0.00,0.00,-0.13,0.00,0.25,-0.69,-0.31,1017.00,1017.00,1017.00,1017.00
52589,0,0,0.00,0.00,-0.13,0.00,0.13,-0.69,0.19,1017.00,1017.00,1017.00,1017.00
52744,0,0,0.00,0.00,-0.13,0.00,0.13,-0.69,0.25,1017.00,1017.00,1017.00,1017.00
52792,0,0,0.00,0.00,-0.13,0.00,0.25,-0.69,0.19,1017.00,1017.00,1017.00,1017.00
52815,0,0,0.00,0.00,-0.13,0.00,0.06,-0.69,0.00,1017.00,1017.00,1017.00,1017.00
52945,0,0,0.00,0.00,-0.13,0.00,-0.19,-0.69,-0.06,1044.00,1044.00,1044.00,1044.00
53170,0,0,0.00,0.00,-0.19,0.00,1.00,-0.76,0.56,1185.00,1185.00,1185.00,1185.00
53453,0,0,0.00,0.00,0.35,0.00,2.94,-0.24,2.00,1217.00,1217.00,1217.00,1217.00
53488,0,0,0.00,0.00,0.36,0.00,4.31,-0.24,-3.62,1219.00,1221.00,1221.00,1219.00
53630,0,0,0.00,0.00,0.15,0.00,-0.13,-0.41,-3.00,1234.00,1236.00,1236.00,1234.00
53770,0,0,0.00,0.00,0.12,0.00,0.00,-0.44,-1.06,1242.00,1242.00,1242.00,1242.00
54083,0,0,0.00,0.00,0.29,0.00,1.81,-0.30,1.19,1266.00,1266.00,1266.00,1266.00
54232,0,0,0.00,0.00,0.29,0.00,0.19,-0.26,-1.69,1279.00,1279.00,1279.00,1279.00
54433,0,0,0.00,0.00,0.29,0.00,0.75,-0.28,0.13,1292.00,1292.00,1292.00,1292.00
54769,0,0,0.00,0.00,0.28,0.00,-0.06,-0.28,0.44,1305.00,1305.00,1305.00,1305.00
54903,0,0,0.00,0.00,0.30,0.00,1.06,-0.27,0.44,1305.00,1305.00,1305.00,1305.00
55054,0,0,0.00,0.00,0.33,0.00,0.31,-0.23,-0.13,1305.00,1305.00,1305.00,1305.00
55159,0,0,0.00,0.00,0.35,0.00,-0.31,-0.21,0.37,1305.00,1305.00,1305.00,1305.00
55225,0,0,0.00,0.00,0.35,0.00,-0.19,-0.21,-0.56,1305.00,1305.00,1305.00,1305.00
55349,0,0,0.00,0.00,0.34,0.00,-0.44,-0.22,-0.37,1305.00,1305.00,1305.00,1305.00
55520,0,0,0.00,0.00,0.25,0.00,-1.69,-0.30,-1.44,1305.00,1305.00,1305.00,1305.00
55592,0,0,0.00,0.00,0.21,0.00,0.31,-0.35,-0.44,1305.00,1305.00,1305.00,1305.00
55698,1,1,6.52,0.02,0.28,212.38,2.12,-6.50,-211.70,1192.00,1418.00,1418.00,11920
55739,1,1,14.88,0.07,0.48,316.96,11.81,-14.81,-314.15,1129.00,1481.00,1481.00,1129.00
55787,1,1,33.93,0.72,2.33,464.76,62.25,-33.21,-428.51,1045.00,1565.00,156584.00,1026.00
55817,1,1,50.33,2.13,5.24,551.19,120.19,-48.20,-471.63,1002.00,1608.00,1608.00,1002.00
55846,1,1,69.56,4.75,9.99,626.84,182.94,-64.81,-485.65,1000.00,1641.00,1641.00,1000.00
55980,1,2,153.65,24.35,45.82,779.53,407.19,-129.30,-396.22,1000.00,1695.00,1695.00,1000.00
56022,1,2,193.58,37.15,67.49,780.96,467.81,-156.44,-328.33304.52,1000.00,1705.00,1705.00,1000.00
56051,1,2,219.80,46.58,81.29,759.23,482.37,-173.22,-283.54,1000.00,1707.1708.00,1708.00,1000.00
56404,1,0,0.00,168.20,-1.44,0.00,1167.06,-24.43,1182.94,1758.00,1000.00,1000.00,1758.00
56431,1,0,0.00,168.20,30.49,0.00,1061.81,8.99,1137.50,1759.00,1000.00,1000.00,1759.00
56480,1,0,0.00,168.20,65.34,0.00,811.75,56.92,865.06,1678.00,1000.00,1000.00,1661.00
56503,1,0,0.00,168.20,92.32,0.00,619.12,79.24,728.56,1637.00,1000.00,1000.00,1637.00
56536,1,0,00,168.20,105.31,0.00,336.00,97.09,552.19,1577.00,1033.00,1033.00,1577.00
56612,1,0,0.00,168.20,103.12,0.00,-209.00,106.04,-109.94,1321.00,1289.00,1289.00,1321.00
56637,1,0,0.00,168.20,92.90,0.00,-419.06,96.39,-282.37,1248.00,1362.00,1362.00,1248.00
56698,1,0,0.00,168.20,66.41,0.00,-630.06,77.66,-548.50,1133.00,1477.00,1477.00,1133.00
56725,1,0,0.00,168.20,46.09,0.00,-730.25,52.59,-704.50,1057.00,1553.00,1553.00,1057.00
56752,1,0,0.00,168.20,16.55,0.00,-772.75,30.95,-762.75,1022.00,1588.00,1588.00,1022.00
56969,1,0,0.00,168.20,-93.80,0.00,-173.50,-92.70,-256.69,1152.00,1458.00,1458.00,1152.00
57009,1,0,0.00,18.20,-92.68,0.00,68.69,-95.12,0.19,1252.00,1358.00,1358.00,1252.00
57089,1,0,0.00,168.20,-57.47,0.00,591.75,-58.40,561.75,1494.00,1116.00,1116.00,1494.00
57200,1,0,0.00,168.20,6.15,0.00,4.87,5.59,475.00,1495.00,1115.00,1115.00,1495.00
57247,1,0,0.00,168.20,18.43,0.00,398.37,9.92,447.87,1463.00,1147.00,1147.00,1463.00
57310,1,0,0.00,168.20,35.11,0.00,50.06,33.13,141.12,13,1266.00,1266.00,1344.00
57410,1,0,0.00,168.20,22.21,0.00,-261.12,26.61,-238.61.12,1215.00,1395.00,1395.00,1215.00
57436,1,0,0.00,168.20,13.86,0.00,-303.37,19.00,-273.81,1208.00,1402.00,147.00,1193.00
57644,1,0,0.00,168.20,-23.87,0.00,-4.37,-24.39,-38.06,1277.00,1320.00,1320.00,1290.00
57675,1,0,0.00,168.20,-21.27,0.00,82.25,-23.59,58.50,1314.00,1296.00,1296.00,1314.00
57699,1,0,0.00,168.20,-18.03,0.00,115.00,-20.79,107.37,1335.00,1275.00,1275.00,1335.00
57771,1,0,0.00,168.20,-7.58,0.00,162.81,-11.21,146.00,1356.00,1254.00,1254.00,1356.00
57805,1,0,0.00,168.20,-2.66,0.00,165.94,-4.84,169.19,1369.00,1241.00,1241.00,1369.00
57852,1,0,0.00,168.20,3.41,0.00,90.50,0.88,130.31,1356.00,1254.00,1254.00,1356.00
57873,1,0,0.00,168.20,4.51,0.00,14.31,3.46,63.00,1331.00,1279.00,1279.00,1331.00
58018,1,0,0.00,168.20,0.78,0.00,-51.63,0.72,-45.00,1288.00,1322.00,5.00,1285.00
58090,1,0,0.00,168.20,-5.99,0.00,-92.06,-5.66,-98.31,1263.00,1347..00,1345.00,1265.00
58116,1,0,0.00,168.20,-8.03,0.00,-60.63,-8.00,-70.81,1273.00,1337.00,1337.00,1273.00
58148,1,0,0.00,168.20,-9.36,0.00,-28.62,-9.48,-39.13,1285.00,1325.00,1325.00,1285.00
58237,1,0,0.00,168.20,-3,0.00,16.75,-10.08,10.63,1304.00,1306.00,1306.00,1304.00
58374,1,0,0.00,168.20,-4.08,0.00,25.37,-5.19,38.63,1317.00,1293.00,1293.00,13.00
58461,1,0,0.00,168.20,-2.82,0.00,15.25,-3.67,14.50,1308.00,1302.00,1302.00,1308.00
58501,1,0,0.00,168.20,-2.42,0.00,12.25,-3.24,14.62,1308.00,1302.00,1302.00,1308.00
58567,1,0,0.00,168.20,-3.64,0.00,-32.81,-3.59,-26.44,1293.00,1317.00,1317.00,1293.00
58586,1,0,0.00,168.20,-3.97,0.,-31.44,-4.53,-34.44,1289.00,1321.00,1321.00,1289.00
58794,1,0,0.00,168.20,-7.23,0.00,-7.69,-7.71,-69,1298.00,1312.00,1312.00,1298.00
58818,1,0,0.00,168.20,-7.12,0.00,8.94,-7.77,3.62,1303.00,1307.00,1307.00,130
58843,1,0,0.00,168.20,-6.59,0.00,21.87,-7.37,17.87,1307.00,1303.00,1303.00,1307.00
58925,1,0,0.00,168.20,-5.46,0.00,7.69,-6.09,9.38,1305.00,1305.00,1305.00,1305.00
59025,1,0,0.00,168.20,-4.46,0.00,1.69,-5.02,15.88,1308.00,1302.00,1302.00,1308.00
59080,1,0,0.00,168.20,-4.11,0.00,-3.44,-4.58,0.50,1303.00,1307.00,1307.00,1303.00
59145,1,0,0.00,168.20,-4.98,0.00,-8.00,-5.40,-11.19,1298.00,1312.00,1312.00,1298.00
59182,1,0,0.00,168.20,-5.08,0.00,-4.06,-5.60,-5.81,1300.00,1310.00,1310.00,1300.00
59250,1,0,0.00,168.20,-5.61,0.00,-13.88,-6.03,-12.13,1297.00,1313.00,1313.00,1297.00
59274,1,0,0.00,168.20,-5.92,0.00,6.12,-6.48,-16.81,1295.00,1315.00,1315.00,1295.00
59422,1,0,0.00,168.20,-5.77,0.00,4.81,-6.44,8.44,1305.00,1305.00,1305.00,1305.00
59464,1,0,0.00,168.20,-5.74,0.00,-1.00,-6.30,-1.44,1301.00,1309.00,1309.00,1.00
59491,1,0,0.00,168.20,-5.53,0.00,7.63,-6.25,5.00,1304.00,1306.00,1306.00,1304.00
59705,1,0,0.00,168.20,-4.76,0.00,3.06,-5.37,0.69,1303.00,1307.00,6.00,1304.00
59733,1,0,0.00,168.20,-4.58,0.00,6.37,-5.26,5.75,1305.00,1305.00,1305.00,1305.00
59799,1,0,0.00,168.20,-4.65,0.00,-.13,-5.39,-11.06,1298.00,1312.00,1312.00,1298.00
59850,1,0,0.00,168.20,-5.57,0.00,-8.00,13,-8.00,1297.00,1309.00,1309.00,1297.00
59929,1,0,0.00,168.20,-5.51,0.00,-0.50,-6.09,4.0,1275.00,1281.00,1281.00,1275.00
59953,1,0,0.00,168.20,-5.62,0.00,-4.87,-6.09,-2.19,1274.00,1282.00,1282.00,120
59982,1,0,0.00,168.20,-5.85,0.00,-7.81,-6.34,-7.94,1270.00,1282.00,1282.00,1270.00
60066,1,0,0.00,168.20,-5.75,0.00,10.69,-6.48,5.12,1270.00,1272.00,1272.00,1270.00
60096,1,0,0.00,168.20,-,0.00,9.56,-6.20,11.00,1270.00,1270.00,1270.00,1270.00
60189,1,0,0.00,168.20,-5.53,0.00,-4.37,-6.05,-5.31,1263.00,1273.00,3.00,1263.00
60221,1,0,0.00,168.20,-5.51,0.00,0.94,-6.08,-0.56,1265.00,1271.00,1271.00,1265.00
60292,1,0,0.00,168.20,-4.84,0.00,0.00,-5.43,7.00,1267.00,1267.00,1267.00,1267.00
60394,1,0,0.00,168.20,-5.3,0.00,-0.75,-5.92,-4.06,1262.00,1270.00,1270.00,1262.00
60531,1,0,0.00,168.20,-5.31,0.00,-10.69,-5.96,-7.37,1260.00,1272.00,1272.00,1260.00
60769,1,0,0.00,168.20,-4.83,0.00,5.75,-5.47,-2.31,1289.00,1295.00,1295.00,1289.00
60885,1,0,0.00,168.20,-3.91,0.00,-2.00,-,-2.00,1323.00,1329.00,1329.00,1323.00
61255,1,0,0.00,168.20,-3.45,0.00,-8.31,-3.84,-8.19,1461.00,1471.00,1471.00,1461.00
61301,1,0,0.00,168.20,-3.56,0.00,3.44,-4.15,-2.87,1474.00,1480.00,1480.00,1474.00
61331,1,0,0.00,168.20,-3.28,0.00,11.06,-4.05,7.19,1488.00,1488.00,1488.00,1488.00
61487,1,0,0.00,168.20,-2.91,0.00,4.50,-3.52,3.69,1496.00,1496.00,1496.00,1496.00
61686,1,0,0.00,168.20,-3.42,0.00,2.94,-4.01,1.37,1503.00,1,1507.00,1505.00
61764,1,0,0.00,168.20,-3.50,0.00,-7.69,-3.92,-4.12,1504.00,1510.00,151000,1502.00
61789,1,0,0.00,168.20,-3.67,0.00,-5.31,-4.13,-7.12,1502.00,1512.00,1512.00,1502.00
62008,1,0,0.00,168.20,-3.65,0.00,-5.37,-4.08,-7.50,1503.00,151.00,1512.00,1504.00
62034,1,0,0.00,168.20,-3.71,0.00,0.06,-4.27,-4.25,1503.00,1511.00,1511.00,1503.00
62241,1,0,0.00,168.20,-3.94,0.00,6.00,-4.55,2.62,1500,1508.00,1508.00,1508.00
62264,1,0,0.00,168.20,-3.73,0.00,7.75,-4.36,6.50,1508.00,1508.00,1508.00,1508.00
62498,1,0,0.00,168.20,-3.08,0.00,-3.19,-3.60,0.25,1507.00,1509.00,1509.00,1507.00
62521,1,0,0.00,168.20,-3.22,0.00,-4.81,-3.69,-4.75,1505.00,1511.00,1511.00,1505.00
62760,1,0,0.00,168.20,-3.74,0.00,1.62,-4.31,-0.25,1506.00,1510.00,1510.00,1506.00
62821,1,0,0.00,168.20,-3.65,0.00,-1.69,-4.19,0.37,1506.00,1510.00,1510.00,1506.00
62929,1,0,0.00,168.20,-3.75,0.,6.06,-4.31,3.75,1508.00,1508.00,1508.00,1508.00
62989,1,0,0.00,168.20,-3.36,0.00,6.56,-3.99,7.81,1508.00,1508.00,1508.00,1508.00
63072,1,0,0.00,168.20,-3.43,0.00,-6.31,-3.87,-4.31,1505.00,1511.00,1511.00,1505.00
63095,1,0,0.00,10,-3.60,0.00,-4.94,-4.11,-6.00,1503.00,1511.00,1511.00,1503.00
63174,1,0,0.00,168.20,3.85,0.00,-1.56,-4.38,-1.00,1505.00,1509.00,1509.00,1505.00
63200,1,0,0.00,168.20,-3.88,0.00,-3.19,-4.41,-1.56,.00,1510.00,1510.00,1504.00
63327,1,0,0.00,168.20,-4.71,0.00,3.00,-5.30,0.75,1506.00,1510.00,1510.00,1506.00
63370,1,0,0.00,168.20,-4.52,0.00,2.37,-5.14,4.44,1507.00,1509.00,1509.00,1507.00
63554,0,0,0.00,168.20,-4.55,0.00,8.81,-5.19,8.75,1508.00,1508.00,1508.00,0
63582,0,0,0.00,168.20,-4.38,0.00,3.12,-4.98,5.50,1508.00,1508.00,1508.00,1508.00
63608,0,0,0.00,168.20,-4.62,0.00,-8.31,-5.03,-5.50,1504.00,1512.00,1512.00,1504.00
63795,0,0,0.00,168.20,-4.81,0.00,-5.94,-5.26,-5.44,1503.00,1513.00,1513.00,1503.00
63858,0,0,0.00,168.20,-4.82,0.00,6.31,-5.44,4.56,1507.00,1509.00,1509.00,1507.00
63891,0,0,0.00,0,-4.62,0.00,6.00,-5.24,7.12,1507.00,1507.00,1507.00,1507.00
64074,0,0,0.00,168.20,-4.12,0.00,10.75,-4.89,7.87,1508.00,1508.00,1508.0,1509.00
64102,0,0,0.00,168.20,-3.87,0.00,7.63,-4.50,10.13,1508.00,1506.00,1506.00,1508.00
64310,0,0,0.00,168.20,-4.21,0.00,-5.56,-4.71,-1.31,1504.00,151.00,1512.00,1504.00
64332,0,0,0.00,168.20,-4.47,0.00,-9.88,-4.94,-8.69,1502.00,1514.00,1514.00,1502.00
64354,0,0,0.00,168.20,-4.66,0.00,-4.62,-5.17,-6.12,1502.00,1512.00,1512.00,1502.00
64401,0,0,0.00,168.20,62,0.00,5.62,-5.24,0.00,1506.00,1510.00,1510.00,1506.00
64537,0,0,0.00,168.20,-4.57,0.00,-2.44,-5.11,-3.19,98.00,1504.00,1504.00,1498.00
64645,0,0,0.00,16,-3.97,0.00,2.75,-4.56,8.00,1488.00,1488.00,1488.00,1488.00
64698,0,0,0.00,168.20,-4.22,0.00,-8,-4.78,-8.19,1483.00,1493.00,1493.00,1483.00
64777,0,0,0.00,168.20,-4.54,0.00,4.69,-5,4.69,1487.00,1489.00,1489.00,1487.00
64800,0,0,0.00,168.20,-4.33,0.00,7.00,-4.96,7.87,1488.00,1488.00,1488.00,0
64825,0,0,0.00,168.20,-4.34,0.00,-2.31,-4.83,1.06,1486.00,1490.00,1490.00,1486.00
64894,0,0,0.00,168.20,-4.95,0.00,-2.69,-5.49,-6.81,1483.00,1493.00,1493.00,1483.00
64913,0,0,0.00,1,-4.82,0.00,7.94,-5.46,4.69,1487.00,1489.00,1489.00,1487.00
65020,0,0,0.00,168.20,-4.56,0.00,-6.81,-4.97,-4.19,1484.00,.00,1493.00,1483.00
65130,0,0,0.00,168.20,-4.31,0.00,9.63,-4.96,11.31,1489.00,1487.00,1487.00,1489.00
65230,0,0,0.00,16820,-4.30,0.00,1.69,-4.88,-3.62,1484.00,1492.00,1492.00,1484.00
65370,0,0,0.00,168.20,-3.46,0.00,-2.69,-3.99,0.37,1486.00,1490.00,1490.00,1486.00
65395,0,0,0.00,168.20,-3.71,0.00,-8.06,-4.13,-6.81,1483.00,1493.00,1493.00,1483.00
65510,0,0,0.00,168.20,-3.43,0.00,-1.19,-3.99,3.44,1488.00,1488.00,81.00,1475.00
65597,0,0,0.00,168.20,-3.83,0.00,-4.31,-4.31,-5.62,1438.00,1446.00,1446.00,143
65635,0,0,0.00,168.20,-3.88,0.00,-2.06,-4.41,-2.44,1400.00,1406.00,1406.00,1400.00
65679,0,0,0.00,168.20,-3.92,0.00,-2.50,-4.45,-1.00,1342.00,1346.00,1346.00,1342.00
65704,0,0,0.00,168.20,-4.08,0.00,-7.31,-4.57,-5.25,1252.00,1260.00,1260.00,1252.00
65736,0,0,0.00,168.20,-5,0.00,-12.56,-4.85,-11.25,1148.00,1162.00,1162.00,1148.00
65834,0,0,0.00,168.20,-5.38,0.00,-3.31,-5.97,-,1013.00,1021.00,1021.00,1013.00
65919,0,0,0.00,168.20,-5.62,0.00,-4.81,-6.09,-2.25,12.00,1022.00,1022.00,1012.00
66398,0,0,0.00,168.20,-2.42,0.00,-9.06,-3.00,-6.87,1013.00,1021.00,2.00,1012.00
66433,0,0,0.00,168.20,-2.45,0.00,-13.44,-2.97,-10.63,1012.00,1022.00,1022.00,1012.00
66509,0,0,0.00,168.20,-3.13,0.00,-4.81,-3.67,-8.81,1012.00,1022.00,1022.00,1012.00
66545,0,0,0.00,168.20,-3.12,0.00,-2.19,-3.66,-3.44,1014.00,1020.00,1020.00,1014.00
66782,0,0,0.00,168.20,-1.65,0.00,8.00,-2.34,8.81,1019.00,1015.00,1015.00,1019.00
66827,0,0,0.00,168.20,-1.22,0.00,6.75,-1.93,5.94,1018.00,1016.00,1016.00,1018.00
66850,0,0,0.00,168.20,-0.97,0.00,8.13,-1.69,7.31,1018.00,1016.00,1016.00,1018.00
67010,0,0,0.00,168.20,-0.57,0.00,-5.00,-1.09,-5.00,1015.00,1019.00,1019.00,1015.00
67054,0,0,0.00,168.20,-0.76,0.00,-4.25,-1.26,-4.50,1015.00,1019.00,1019.00,1015.0
67081,0,0,0.00,168.20,-0.85,0.00,-6.87,-1.34,-4.94,1017.00,1021.00,1021.00,1017.00
67167,0,0,0.00,168.20,-1.16,0.00,-11.81,-1.82,-12.00,1012.00,1022.00,1022.00,1012.00
67299,0,0,0.00,168.20,-1.83,0.00,-1.75,-2.41,-2.1,1015.00,1019.00,1019.00,1015.00
67324,0,0,0.00,168.20,-1.79,0.00,-1.50,-2.36,-1.50,1016.00,1018.00,1018.00,101
67360,0,0,0.00,168.20,-1.71,0.00,2.25,-2.34,0.75,1016.00,1018.00,1018.00,1016.00
67764,0,0,0.00,168.20,0.01,0.00,-4.62,-0.51,-4.44,101500,1019.00,1019.00,1015.00
67883,0,0,0.00,168.20,-1.06,0.00,-7.69,-1.54,-9.19,1013.00,1021.00,1021.00,1013.00
68123,0,0,0.00,168.20,-0.60,0.00,9.94,-1.26,9.56,1020.00,1014.00,1014.00,1020.00
68293,0,0,0.00,168.20,0.61,0.00,7.06,-0.02,7.63,1019.00,1015.00,1015.00,1019.00
68552,0,0,0.000,168.20,-0.49,0.00,-10.25,-0.86,-11.19,1166.00,1174.00,1174.00,1166.00
68579,0,0,0.00,168.20,-0.72,0.00,-8.31,-1.12,-9.19,1170.00,1178.00,1178.00,1170.00
68606,0,0,0.00,16,-0.85,0.00,-2.87,-1.38,-6.75,1181.00,1187.00,1187.00,1181.00
68701,0,0,0.00,168.20,-0.70,0.00,2.06,-1.29,1.94,1198.00,1,1209.00,1209.00
68818,0,0,0.00,168.20,0.28,0.00,11.75,-0.40,11.25,1260.00,1252.00,1252.00,1260.00
68957,0,0,0.00,168.20,1.01,0.00,1.44,0.43,3.06,1284.00,1282.00,1282.00,1284.00
69135,0,0,0.00,168.20,0.19,0.00,-3.81,-0.30,-7.12,1200,1296.00,1296.00,1294.00
69246,0,0,0.00,1.20,-0.43,0.00,-5.06,-0.90,-7.69,1314.00,1320.00,1320.00,1314.00
69406,0,0,0.00,168.20,0.02,0.00,6.12,-0.65,5.87,1384.00,1382.00,1382.00,13
69429,0,0,0.00,168.20,0.20,0.00,7.06,-0.49,5.00,1384.00,1382.00,1382.00,1384.00
69591,0,0,0.00,168.20,0.95,0.00,-2.56,0.41,-1.94,1410.00,1410,1420.00,1420.00
69622,0,0,0.00,168.20,0.91,0.00,-0.94,0.35,-1.31,1421.00,1421.00,1421.00,1421.00
69752,0,0,0.00,168.20,0.35,0.00,-7.37,-0.07,-7.19,10,1467.00,1467.00,1461.00
69867,0,0,0.00,168.20,0.19,0.00,1.19,-0.38,0.50,1487.00,1487.00,1487.00,1487.00
70008,0,0,0.00,168.20,0.41,0.00,2.31,-0.17,3.56,1505.00,1503.00,1503.00,1505.00
70047,0,0,0.00,168.20,0.43,0.00,-0.44,-0.13,0.44,1506.00,1506.00,1506.00,1506.0
70072,0,0,0.00,168.20,0.37,0.00,-2.37,-0.14,-1.12,1507.00,1507.00,1507.00,1507.00
70246,0,0,0.00,168.20,0.18,0.00,-0.81,-0.37,-0.94,1530.00,1530.00,1530.00,1530.00
70314,0,0,0.00,168.20,-0.09,0.00,-5.50,-0.60,-4.25,1535.00,1539.00,1539.00,1535.00
70514,0,0,0.00,168.20,-0.25,0.00,1.37,-0.82,-1.12,1543.00,154,1545.00,1545.00
70539,0,0,0.00,168.20,-0.17,0.00,3.37,-0.77,1.94,1545.00,1545.00,1545.00,1545.00
70738,0,0,0.00,168.20,0.28,0.00,6.25,-0.40,5.62,1546.00,1544.00,1544.00,00
70764,0,0,0.00,168.20,0.41,0.00,3.19,-0.23,5.44,1547.00,1543.00,1543.00,1547.00
70924,1,1,1.56,0.06,0.31,104.77,-1.44,-1.50,-103.34,1493.00,1597.00,1597.00,1493.00
70969,1,1,10.43,-0.03,0.16,267.06,0.69,-10.46,-271.87,1397.00,1693.00,1693.00.00,1367.00
70994,1,1,20.73,0.08,0.92,370.77,43.31,-20.65,-360.39,1338.00,1752.00,1752.00,1338.00
71112,1,1,80.97,11.26,22.25,662.38,355.50,-69.70,-368.56,1259.00,1831.00,1831.00,1259.00
71243,1,2,168.30,45.88,83.68,784.82,634.19,-122.42,-177.01,1272.00,1818.00,1818.00,1272.074.00
71584,1,3,349.64,243.26,53.02,50.35,962.44,-106.38,1033.15,1887.00,1203.00,1203.00,1887.00
71612,1,0,0.00,243.26,81.56,0.00,693.31,68.50,785.25,1800.00,1197.00,1197.00,1800.00
71657,1,0,0.00,243.26,97.69,0.00,299.37,94.24,383.94,1749.00,1341.00,1341.00,1747.00
71682,1,0,0.00,243.26,99.41,0.00,-73.37,99.55,60.38,1624.00,1466.00,1466.00,1624.00
71704,1,0,0.00,43.26,88.12,0.00,-380.37,94.47,-269.37,1492.00,1598.00,1598.00,1492.00
71800,1,0,0.00,243.26,42.45,0.00,-740.19,56.01,-684.87,1307.00,1783.00,1783.00,1307.00
71839,1,0,0.00,243.26,21.99,0.00,-663.44,27.85,-738.87,1269.00,1800.00,1800.00,1269.00
71948,1,0,0.00,243.26,-16.9.30,0.00,-162.00,-16.87,-177.69,1466.00,1624.00,1624.00,1466.00
72046,1,0,0.00,243.26,-1402,0.00,271.94,-14.56,202.69,1616.00,1474.00,1474.00,1616.00
72127,1,0,0.00,243.6,11.59,0.00,200.87,6.90,245.81,1645.00,1445.00,1445.00,1645.00
72158,1,0,0.00,243.26,13.28,0.00,173.19,11.03,2.19,1620.00,1470.00,1470.00,1620.00
72184,1,0,0.00,243.26,16.75,0.00,71.12,15.12,107.00,1595.00,14950,1532.00,1558.00
72270,1,0,0.00,243.26,13.68,0.00,-97.69,14.08,-80.94,1521.00,1569.00,176.00,1514.00
72369,1,0,0.00,243.26,1.63,0.00,-203.06,3.02,-194.50,1470.00,162624.00,1624.00,1466.00
72393,1,0,0.00,243.26,-5.27,0.00,-173.37,-2.70,-190.50,1469.00,1621.00,1621.00,1469.00
72414,1,0,0.00,243.26,-8.39,0.00,-84.50,-7.08,-129.75,1490.00,1600.00,1600.00,1490.00
72486,1,0,0.00,243.26,-7.23,0.00,59.75,-8.82,41.25,1556.00,1534.00,1534.00,1556.00
72505,1,0,0.00,24,-5.20,0.00,77.00,-7.17,65.50,1566.00,1524.00,1524.00,1566.00
72588,1,0,0.00,243.2,3.47,0.00,115.00,0.67,113.06,1590.00,1500.00,1500.00,1590.00
72733,1,0,0.00,243.26,7.63,0.00,-28.62,7.57,-17.37,1543.00,1547.00,1547.00,1543.00
72766,1,0,0.00,243.26,6.40,0.00,-47.94,6.72,-34.88,1536.00,1554.00,1554.00,1536.00
72963,1,0,0.00,243.26,-1.54,0.00,12.50,-2.22,5.69,1545.00,100,1542.00,1548.00
73040,1,0,0.00,243.26,0.46,0.00,27.19,-0.37,29.44,1556.00,1534.00,15.00,1555.00
73062,1,0,0.00,243.26,1.35,0.00,33.50,0.46,30.56,1557.00,1533.00,1533.00,1557.00
73187,1,0,0.00,243.26,4.45,0.00,6.81,3.82,11.75,1551.00,1,1541.00,1549.00
73276,1,0,0.00,243.26,3.63,0.00,-14.94,3.36,-15.81,1541.00,1549.00,1549.0,1541.00
73304,1,0,0.00,243.26,3.20,0.00,-14.19,2.92,-15.06,1541.00,1549.00,1549.00,1541.00
73523,1,0,0.00,243.26,3.31,0.00,20.06,2.55,22.00,1555.00,1535.00,1535.00,1555.00
73665,1,0,0.00,243.26,4.82,0.00,10.69,4.16,9.38,1551.00,00,1539.00,1551.00
73734,1,0,0.00,243.26,4.79,0.00,-15.69,4.50,-7.25,1545.00,1545.00,1545.00,142.00
73762,1,0,0.00,243.26,4.13,0.00,-24.75,4.04,-20.06,1540.00,1550.00,1550.00,1540.00
73788,1,0,0.00,26,3.49,0.00,-20.25,3.33,-23.94,1538.00,1552.00,1552.00,1538.00
73990,1,0,0.00,243.26,1.45,0.00,13.38,0.76,2.50,1546.00,1544.00,1544.00,1546.00
74148,1,0,0.00,243.26,2.81,0.00,8.94,2.16,7.69,1549.00,1541.00,1541.00,1549.00
74295,1,0,0.00,243.26,2.29,0.00,-15.94,1.89,-13.63,0.00,1550.00,1550.00,1540.00
74377,1,0,0.00,243.26,1.20,0.00,-5.06,0.74,-6.56,1543.00,1547.00,1547.00,1543.00
74423,1,0,0.00,243.26,0.98,0.00,-5.00,0.47,-5.31,1544.00,1546.00,1546.00,1544
74444,1,0,0.00,243.26,0.82,0.00,-4.75,0.31,-5.56,1543.00,1547.00,1547.00,1543.00
74601,0,0,0.00,243.26,2.05,0.00,4.31,1.42,5.94,1548.00,1542.00,1542.00,1548.00
74808,0,0,0.00,243.26,2.59,0.00,-6.94,2.09,-6.81,1544.00,1546.00,1546.00,1544.00
74955,0,0,0.00,243.26,1.93,0.00,-4.81,1.42,-5.62,1544.00,1546.00,1546.00,1544.00
75016,0,0,0.00,243.26,1.95,0.00,3.44,1.33,1.37,1546.00,1544.00,1544.00,1546.00
75382,0,0,0.00,243.26,1.02,0.00,-3.19,0.50,-4.62,1511.00,1513.00,1513.00,1511.00
75488,0,0,0.00,243.26,0.88,0.00,-1.37,0.34,-1.56,0,1430.00,1430.00,1430.00
75609,0,0,0.00,243.26,1.22,0.00,3.37,0.62,5.00,1377.00,1373.00,1373.00,1377.00
75752,0,0,0.00,243.26,1.09,0.00,0.37,0.53,0.69,1262.00,1262.00,1262.00,1262.00
75797,0,0,0.00,243.26,0.96,0.00,-2.56,0.47,-3.75,1208.00,1210.00,1210.00,1208.00
75923,0,0,0.00,243.26,1.25,0.00,5.25,0.59,7.06,1090.00,1084.00,1084.0085.00,1089.00
75946,0,0,0.00,243.26,1.37,0.00,2.81,0.74,5.06,1065.00,1061.00,1061.00,1065.00
76263,0,0,0.00,243.26,1.79,0.00,0.50,1.23,0.88,1020.00,1018.00,10,1019.00
76291,0,0,0.00,243.26,1.74,0.00,-2.94,1.21,-0.44,1019.00,1019.00,1019.00,1019.00
76448,0,0,0.00,243.26,1.37,0.00,-0.62,0.82,-0.37,1019.00,1019.00,1019.00,1019.00
76492,0,0,0.00,243.26,1.25,0.00,-3.19,0.75,-2.94,1019.00,1019.00,1019.00,101
76516,0,0,0.00,243.26,1.16,0.00,-1.87,0.66,-3.06,1019.00,1019.00,1019.00,1019.00
76778,0,0,0.00,243.26,1.60,0.00,3.44,0.98,3.94,1021.00,1017.00,1017.00,1021.00
76861,0,0,0.00,243.26,1.61,0.00,-0.25,1.05,-0.25,1019.00,1019.00,1019.00,1019.00
76956,0,0,0.00,243.26,1.65,0.00,0.37,1.09,1.25,100,1019.00,1019.00,1019.00
76981,0,0,0.00,243.26,1.62,0.00,-2.06,1.08,-0.25,1019.00,1019.00,1019.00,1019.00
77013,0,0,0.00,243.26,1.51,0.00,-3.12,1.02,-3.06,1019.00,1019.00,1019.00,1019.00
77179,0,0,0.00,243.26,1.07,0.00,-3.37,0.58,-2.87,1019.00,100,1020.00,1018.00
77205,0,0,0.00,243.26,0.99,0.00,-1.37,0.48,-2.75,1019.00,1019.00,1019.00,1019.00
77368,0,0,0.00,243.26,0.99,0.00,0.50,0.43,-0.25,1019.00,1019.00,1019.00,1019.00
77411,0,0,0.00,243.26,1.03,0.00,3.00,0.45,2.31,1020.00,1018.00,1018.00,1020.00
77550,0,0,0.00,243.26,1.25,0.00,1.69,0.69,1.12,1019.00,1019.00,1019.00,1019.00
77664,0,0,0.00,243.26,1.34,0.00,-,0.78,-0.25,1019.00,1019.00,1019.00,1019.00
77708,0,0,0.00,243.26,1.22,0.00,-2.06,0.69,-2.12,1019.00,1019.00,1019.00,1019.00
77790,0,0,0.00,243.26,1.11,0.00,-1.12,0.58,-1.00,1019.00,1019.00,1019.00,1019.00
77898,0,0,0.00,243.26,0.82,0.00,-1.12,0.29,-2.19,1019.00,1019.00,1019.00,10
77929,0,0,0.00,243.26,0.80,0.00,-0.19,0.24,-0.69,1019.00,1019.00,1019.00,1019.00
78151,0,0,0.00,243.26,0.84,0.00,2.37,0.24,2.37,1020.00,1018.00,1018.00,1020.00
78284,0,0,0.00,243.26,1.04,0.00,2.69,0.45,2.62,1114.00,1112.00,1112.00,1114.00
78329,0,0,0.00,243.26,1.11,0.00,0.81,0.54,1.56,1146.00,1146.00,1146.00,1146.00
78454,0,0,0.00,243.26,1.07,0.00,1.25,0.51,0.44,1206.00,1206.00,1206.0217.00,1217.00
78473,0,0,0.00,243.26,1.08,0.00,0.19,0.51,0.50,1217.00,1217.00,1217.00,1217.00
78581,0,0,0.00,243.26,0.92,0,1.50,0.36,-0.94,1278.00,1278.00,1278.00,1278.00
78627,0,0,0.00,243.26,0.92,0.00,-2.25,0.39,2.06,1288.00,1286.00,1286.00,1288.00
78796,0,0,0.00,243.26,0.92,0.00,1.31,0.34,0.69,13,1338.00,1338.00,1338.00
78818,0,0,0.00,243.26,0.95,0.00,2.12,0.37,1.12,1338.00,1338.00,1338.00,1338.00
78988,0,0,0.00,243.26,1.13,0.00,3.19,0.55,3.37,1385.00,1383.00,1383.00,1385.00
79026,0,0,0.00,243.26,1.23,0.00,1.56,0.64,2.06,1396.00,1394.00,1394.00,1396.00
79162,0,0,0.00,243.26,1.27,0.00,0.06,0.72,-0.50,1430.00,1430.00,1430.00,1430.00
79262,0,0,0.00,243.26,1.20,0,-3.37,0.64,-1.44,1444.00,1444.00,1444.00,1444.00
79312,0,0,0.00,243.26,1.20,0.00,1.37,0.60,1.19,1446.00,1446.00,1446.00,1446.00
79391,0,0,0.00,243.26,1.32,0.00,-0.25,0.76,1.75,1450.00,1448.00,1448.00,1450.00
79506,0,0,0.00,243.26,1.30,0.00,3.50,0.72,2.06,0,1450.00,1450.00,1452.00
79531,0,0,0.00,243.26,1.39,0.00,1.69,0.81,3.44,1452.00,1450.00,1450.00,1452.00
79720,0,0,0.00,243.26,1.21,0.00,-2.00,0.69,-2.31,1452.00,1452.00,140,1452.00
79743,0,0,0.00,243.26,1.14,0.00,-2.50,0.62,-2.19,1452.00,1452.00,1452.00,1452.00
79896,0,0,0.00,243.26,0.89,0.00,0.81,0.32,-1.56,1452.00,1452.00,1452.00,1452.00
79963,1,1,0.41,-0.04,0.74,53.73,-2.12,-0.45,-55.54,1425.00,1479.00,1479.00,1425.00
79985,1,1,1.68,-0.07,0.6,163.76,-2.12,-3.95,-167.26,1365.00,1539.00,1539.00,1365.00
80097,1,1,35.06,0.93,3.05,471.63,77.75,-41.23,-438.14,1176.00,1728.00,1728.00,1176.00
80214,1,2,104.97,15.16,31.59,719.77,409437.81,-97.88,-331.97,1141.00,1763.00,1763.00,1141.00
80446,1,3,270.58,90.17,161.19,657.90,811.62,-180.41,96.92,1224.00,1680.00,1680.00,1224.00
80474,1,3,291.54,106.74,-173.21,585.92,922.50,-184.79,259.39,1297.00,1607.00,1607.00,1297.00
80679,1,0,0.00,221.48,54.35,00,746.12,53.79,834.19,1800.00,1093.00,1093.00,1800.00
80780,1,0,0.00,221.48,89.07,0.00,-181.12,90.79,81.12,1431.00,1473.00,1473.00,1431.00
80901,1,0,0.00,221.48,35.52,0.00,-694.81,41.64,-661.06,1198.00,1706.00,1706.00,1198.00
80926,1,0,0.00,221.48,16.25,0.00,-627.06,21.79,-667.31,1201.00,1703.02.00,1662.00,1242.00
81015,1,0,0.00,221.48,-18.38,0.00,-284.00,-16.21,-341.19,130930.00,1574.00,1574.00,1330.00
81099,1,0,0.00,221.48,-29.56,0.00,52.0644,-30.12,52.06,1455.00,1449.00,1449.00,1455.00
81139,1,0,0.00,221.48,-26.19,0.00,136.94,-29.24,90.44,1471.00,1413.00,1413.00,1491.00
81279,1,0,0.00,221.48,5.08,0.00,147.31,3.09,172.50,1521.00,1383.00,1383.00,1521.00
81323,1,0,0.00,221.48,9.33,0.00,62.50,8.16,82.00,1488.00,1416.00,1416.00,1488.0
81350,1,0,0.00,221.48,10.10,0.00,5.44,9.49,47.13,1475.00,1429.00,1429.00,1475.00
81430,1,0,0.00,221.48,7.16,0.00,-101.62,8.38,-123.62,1407.00,1497.00,1497.00,1407.00
81475,1,0,0.00,221.48,-4.88,0.00,-153.56,-2.63,-153.56,1389.00,1515.00,1515.00,1389.00
81591,1,0,0.00,221.48,-12.05,0.00,-28.87,-12.02,-33.44,1434.00,1470.00,1470.00,1434.00
81733,1,0,0.00,221.48,-3.58,0.00,86.94,-4.97,96.94,1487.00,1417.00,1417.00,1487.00
81786,1,0,0.00,221.48,-0.78,0.00,38.44,-2.17,58.50,1473.00,1431.00,1431.00,146.00
81814,1,0,0.00,221.48,-0.07,0.00,20.12,-0.83,29.25,1463.00,1441.00,1441.00,1463.00
81839,1,0,0.00,2,0.28,0.00,7.87,-0.35,16.50,1458.00,1446.00,1446.00,1458.00
82025,1,0,0.00,221.48,-5.88,0.00,-30.81,-6.15,-30.81,1437.00,1467.00,1467.00,1437.00
82083,1,0,0.00,221.48,-6.48,0.00,-3.37,-6.98,-2.56,1448.00,1456.00,1456.00,1448.00
82149,1,0,0.00,221.48,-5.92,0.00,24.12,-6.72,17.75,1455.00,1449.00,1449.00,1455.00
82261,1,0,0.00,221.48,-293,0.00,20.81,-2.70,25.94,1459.00,1443.00,1443.00,1459.00
82280,1,0,0.00,221.48,-1.63,0.00,14.13,-2.49,20.81,140,1447.00,1447.00,1455.00
82383,1,0,0.00,221.48,-0.74,0.00,5.56,-1.35,7.75,1428.00,1424.00,1424.00,1428.00
82491,1,0,0.00,221.48,-3.19,0.00,-26.00,-3.26,-27.94,1376.00,1400.00,1400.00,1376.00
82510,1,0,0.00,221.48,-3.40,00,-14.13,-3.96,-21.25,1364.00,1384.00,1384.00,1364.00
82621,1,0,0.00,221.48,-4.91,0.00,-17.12,-5.30,-112,1284.00,1302.00,1302.00,1284.00
82708,1,0,0.00,221.48,-5.01,0.00,13.13,-5.69,5.12,12.00,1196.00,1196.00,1200.00
82810,1,0,0.00,28,-4.48,0.00,1.81,-5.06,-1.37,1034.00,1040.00,1040.00,1034.00
82945,1,0,0.00,221.48,-3.41,0.00,-0.50,-3.,-0.50,1015.00,1019.00,1019.00,1015.00
82992,1,0,0.00,221.48,-3.48,0.00,1.75,-4.06,-0.37,1015.00,1019.00,1019.00,1015.00
83088,1,0,0.00,221.48,-2.97,0.00,2.44,-3.60,8.50,1018.00,1016.00,1016.00,1018.00
83238,1,0,0.00,221.48,-3.59,0.00,1.12,-4.16,1.44,1016.00,1018.00,1018.00,1016.00
83304,1,0,0.00,221.48,-4.28,0.00,-10.94,-4.73,-12.38,1010.00,1024.00,1024.00,1010.00
83406,0,0,0.00,.48,-4.37,0.00,-1.12,-4.93,3.25,1016.00,1018.00,1018.00,1016.00
83459,0,0,0.00,221.48,-4.63,0.00,-6.00,-5.08,-6.12,1012.00,1022.00,1.00,1013.00
83539,0,0,0.00,221.48,-4.42,0.00,8.56,-5.07,7.19,1017.00,1017.00,1017.00,1017.00
83644,0,0,00,221.48,-4.09,0.00,2.62,-4.68,0.44,1015.00,1019.00,1019.00,1015.00
83765,0,0,0.00,221.48,-3.39,0.00,-2.06,-3.93,1.94,1016.00,1018.00,1018.00,1016.00
83802,0,0,0.00,221.48,-3.47,0.00,-2.87,-4.00,-2.81,1014.00,1020.00,1020.00,1014.00
84021,0,0,0.00,221.48,-4.03,0.00,-4.81,-4.54,-6.31,1012.00,1022.00,1022.00,100
84048,0,0,0.00,221.48,-4.08,0.00,-0.44,-4.64,-2.00,1014.00,1020.00,1020.00,1014.00
84122,0,0,0.00,221.48,-4.43,0.00,-8.19,-4.91,-7.12,1012.00,1022.00,1022.00,1012.00
84146,0,0,0.00,221.48,65,0.00,-6.12,-5.15,-8.31,1011.00,1023.00,1023.00,1011.00
84228,0,0,0.00,221.48,-4.47,0.00,4.56,-5.08,5.31,1017.00,1,1018.00,1016.00
84335,0,0,0.00,221.48,-4.25,0.00,7.19,-4.88,3.06,1016.00,1018.00,1018.00,1016.00
84502,0,0,0.00,221.48,-3.44,0.00,2.37,-4.03,1.62,1016.00,1018.00,1018.00,1016.00
84570,0,0,0.00,221.48,-2.96,0.00,1.31,-3.57,4.31,1017.00,1017.00,1017.00,1017.00
84689,0,0,0.00,221.48,-3.29,0.00,-2.19,-3.83,-2.37,1014.00,.00,1020.00,1014.00
84781,0,0,0.00,221.48,-3.27,0.00,-8.19,-3.75,-5.56,1013.00,1021.0,1022.00,1012.00
84807,0,0,0.00,221.48,-3.51,0.00,-7.63,-3.99,-8.44,1012.00,1022.00,1022.00,1012.00
85011,0,0,0.00,221.48,-3.61,0.00,2.25,-4.20,1.06,6.00,1018.00,1018.00,1016.00
85241,0,0,0.00,221.48,-1.97,0.00,4.94,-2.63,5.94,1017.00,7.00,1017.00,1017.00
85264,0,0,0.00,221.48,-1.74,0.00,-0.31,-2.36,3.19,1017.00,1017.00,1017.00,1017.00
85296,0,0,0.00,221.48,-1.68,0.00,-1.75,-2.25,-1.37,1016.00,1018.00,1018.00,1016.00
85528,0,0,0.00,221.48,-1.93,0.00,-2.37,-2.48,-3.25,1015.00,1019.00,1019.00,1015.00
85627,0,0,0.00,221.48,-1.85,0.00,-4.12,-2.40,-3.44,1015.00,1019.00,1019.00,1015.00
85653,0,0,0.00,48,-1.91,0.00,-3.44,-2.45,-3.69,1015.00,1019.00,1019.00,1015.00
85723,0,0,0.00,221,-1.80,0.00,3.19,-2.40,3.12,1017.00,1017.00,1017.00,1017.00
85751,0,0,0.00,221.48,-1.75,0.00,2.75,-2.36,3.19,100,1017.00,1017.00,1017.00
85849,0,0,0.00,221.48,-1.48,0.00,3.37,-2.07,2.50,1017.00,1017.00,1017.00,1017.00
85872,0,0,0.00,221.48,-1.28,0.00,5.06,-1.96,4.31,1019.00,1019.00,1019.00,1019.00
86107,0,0,0.00,221.48,-0.60,0.00,-0.56,-1.19,0.44,1017.00,1017.00,1017.00,1017.00
86163,0,0,0.00,221.48,-0.70,0.00,-3.69,-1.23,-3.94,1017.00,1021.00,1021.00,1017.00
86187,0,0,0.00,221.48,-0.79,0.00,-2.94,-1.32,-3.12,1018.00,1020.00,1020.00,1018.00
86305,0,0,0.00,221.48,-1.04,0.00,-5.87,-1.51,87,1014.00,1020.00,1020.00,1014.00
86395,0,0,0.00,221.48,-1.21,0.00,-0.13,-1.77,-13,1016.00,1018.00,1018.00,1016.00
86421,0,0,0.00,221.48,-1.16,0.00,0.25,-1.76,0.44,1017.00,1017.00,1017.00,100
86446,0,0,0.00,221.48,-1.14,0.00,-1.56,-1.70,-0.50,1016.00,1018.00,1018.00,1016.00
86504,0,0,0.00,221.48,-1.14,0.00,0.56,-1.70,-0.56,1016.00,1018.00,1018.00,1016.00
86532,0,0,0.00,221.48,-1.07,0.00,3.25,-1.69,1.06,1017.00,1017.00,1017.00,1017.00
86564,0,0,0.00,22,-0.94,0.00,4.69,-1.59,3.81,1017.00,1017.00,1017.00,1017.00
86627,0,0,0.00,221.48,-0.66,00,1.81,-1.22,2.31,1019.00,1019.00,1019.00,1019.00
86647,0,0,0.00,221.48,-0.60,0.00,1.50,-1.18,1.81,1019.00,10,1017.00,1017.00
86753,0,0,0.00,221.48,-0.21,0.00,2.12,-0.84,3.12,1017.00,1017.00,1017.00,1017.00
86861,0,0,0.00,221.48,-0.26,0.00,-0.25,-0.83,-0.62,1017.00,1017.00,1017.00,1017.00
86883,0,0,0.00,221.48,-0.26,0.00,-0.31,82,-0.31,1019.00,1019.00,1019.00,1019.00
86915,0,0,0.00,221.48,-0.29,0.00,-1.62,-0.83,-1.12,1019.00,1020.00,1020.00,1018.00
87082,0,0,0.00,221.48,-0.72,0.00,-1.25,-1.27,-1.37,1018.00,1020.00,1020.00,1018.00
87110,0,0,0.00,221.48,-0.76,0.00,-2.44,-1.30,-2.25,1018.00,1020.00,1020.00,1018.00
87145,0,0,0.00,221.48,-0.82,0.00,-2.62,-1.36,-2.75,1016.00,1018.00,1018.00,1016.00
87338,0,0,0.00,221.48,-0.48,0.00,2.31,-1.10,1.94,1017.00,1017.00,1017.00,00
87365,0,0,0.00,221.48,-0.37,0.00,4.44,-1.02,3.50,1017.00,1017.00,1017.00,1017.00
87439,0,0,0.00,221.48,-0.09,0.00,2.00,-0.67,2.81,1017.00,1017.00,1017.00,1017.00
87596,0,0,0.00,221.48,0.01,0.00,-1.37,-0.54,0.13,1017.00,1017.00,1017.00,1017.00
87689,0,0,0.00,221.48,-0.24,0.00,-3.69,-0.73,-3.81,1016.00,1018.00,1018.00,1016.00
87788,0,0,0.00,221.48,-0.46,0.00,-3.56,-0.99,-3.25,1016.00,1018.00,1018.00,1016.00
87907,0,0,0.00,221.48,-0.64,0.00,0.81,-1.21,0.69,1017.00,1017.00,00,1017.00
87951,0,0,0.00,221.48,-0.62,0.00,0.19,-1.18,0.56,1019.00,1019.00,1019.00,1019.00
87994,0,0,0.00,221.48,-0.59,0.00,1.06,-1.17,0.37,1017.00,1017.00,1017.00,10170
88017,0,0,0.00,221.48,-0.52,0.00,2.81,-1.13,1.69,1017.00,1017.00,1017.00,1017.00
88165,0,0,0.00,221.48,-0.11,0.00,1.94,-0.69,2.37,1017.00,10,1017.00,1017.00
88250,0,0,0.00,221.48,0.13,0.00,1.69,-0.46,2.37,1019.00,1019.00,1019.00,1019.00
88378,0,0,0.00,221.48,0.01,0.00,-1.81,-0.53,-1.50,1.00,1018.00,1018.00,1016.00
88458,0,0,0.00,221.48,-0.18,0.00,-4.19,-0.67,-3.25,1015.00,1019.00,1019.00,1015.00
88482,0,0,0.00,221.48,-0.29,0.00,-3.94,-0.82,-4.25,1015.00,1019.00,1019.00,1015.
88511,0,0,0.00,221.48,-0.38,0.00,-3.06,-0.92,-3.25,1016.00,1018.00,1018.00,1016.00
88598,0,0,0.00,221.48,-0.49,0.00,-1.19,-1.04,-1.12,1016.00,1018.00,1018.00,1016.00
88636,0,0,0.00,1.48,-0.52,0.00,-1.31,-1.07,-1.31,1016.00,1018.00,1018.00,1016.00
88706,0,0,0.00,248,-0.48,0.00,2.25,-1.07,1.31,1017.00,1017.00,1017.00,1017.00
88825,0,0,0.00,221.48,-0.15,0.00,2.50,-0.74,2.44,1017.00,1017.00,1017.00,1017.00
88863,0,0,0.00,221.48,-0.07,0.00,3.12,-0.66,2.87,1017.00,1017.00,1017.00,1017.00
88927,0,0,0,221.48,0.16,0.00,1.87,-0.42,2.69,1017.00,1017.00,1017.00,1017.00
89069,0,0,0.00,221.48,0.18,0.00,-0.19,-0.38,-0.31,1017.00,1017.00,1017.00,1017.00
89097,0,0,0.00,221.48,0.15,0.00,-1.37,-0.39,-0.88,1017.00,1017.00,1017.00,1017.00
89145,0,0,0.00,221.48,0.01,0.00,-3.44,-0.51,-3.06,1016.00,1018.00,1018.00,1016.00
89173,0,0,0.00,221.48,-0.09,0.00,-3.62,-0.62,-3.62,1016.00,1018.00,1018.00,1016.00
89206,0,0,0.00,221.48,-0.15,0,-2.75,-0.71,-3.00,1016.00,1018.00,1018.00,1016.00
89295,0,0,0.00,221.48,-0.41,0.00,-2.56,-0.92,-2.44,1010,1018.00,1018.00,1016.00
89387,0,0,0.00,221.48,-0.50,0.00,0.25,-1.06,-0.44,1017.,1017.00,1017.00,1017.00
89411,0,0,0.00,221.48,-0.47,0.00,1.44,-1.06,0.81,1017.00,1017.00,1017.00,1017.00
89437,0,0,0.00,221.48,-0.43,0.00,1.44,-1.01,1.37,1019.00,1019.00,1019.00,1019.00
89852,0,0,0.00,221.48,0.06,0.00,-2.44,-0.45,-24,1016.00,1018.00,1018.00,1016.00
89874,0,0,0.00,221.48,0.00,0.00,-2.12,-0.52,-2.44,1018.00,1020.00,1020.00,1000
89904,0,0,0.00,221.48,-0.06,0.00,-2.19,-0.58,-2.06,1018.00,1020.00,1020.00,1018.00
89988,0,0,0.00,221.48,-0.30,0.00,-3.25,-0.79,-3.56,1016.00,1018.00,1018.00,1016.00
90007,0,0,0,221.48,-0.37,0.00,-2.19,-0.89,-2.81,1016.00,1018.00,1018.00,1016.00
90082,0,0,0.00,221.48,-0.43,0.00,-0.25,-0.99,-0.50,1017.00,1017.00,1017.00,1017.00
90106,0,0,0.00,221.48,-0.43,0.00,0.00,9,0.00,1017.00,1017.00,1017.00,1017.00
90135,0,0,0.00,221.48,-0.43,0.00,-0.25,-0.99,0.06,1017.00,1000,1017.00,1017.00
90215,0,0,0.00,221.48,-0.31,0.00,2.50,-0.92,2.19,1017.00,1017.00,1017.00,10
90251,0,0,0.00,221.48,-0.22,0.00,3.19,-0.81,2.87,1017.00,1017.00,1017.00,1017.00
90293,0,0,0.00,221.48,-0.09,0.00,2.44,-0.70,2.50,1017.00,1017.00,1017.00,1017.00
90319,0,0,0.00,221.48,-0.03,0.00,2.31,-0.63,2.25,1017.00,1017.00,1017.00,1017.00
90439,0,0,0.00,221.48,0.22,0.00,0.62,-0.34,1.62,1017.00,1017.00,1017.00,1
90479,0,0,0.00,221.48,0.22,0.00,-0.50,-0.34,0.00,1017.00,1017.00,1017.00,1017.00
90632,0,0,0.00,221.48,0.09,0.00,-2.06,-0.45,.81,1016.00,1018.00,1018.00,1016.00
90683,0,0,0.00,221.48,-0.15,0.00,-2.81,-0.68,-3.00,1000,1018.00,1018.00,1016.00
90773,0,0,0.00,221.48,-0.31,0.00,-1.94,-0.85,-1.94,1016.00,1018.00,1018.00,1016.00
90824,0,0,0.00,221.48,-0.41,0.00,-1.31,-0.95,-1.12,1017.00,1017.00,1017.00,1017.00
90892,0,0,0.00,221.48,-0.38,0.00,1.50,-0.96,1.31,1017.00,1017.00,1017.00,1017.00
91045,0,0,0.00,221.48,-0.03,0.00,3.06,-0.66,2.87,1017.00,1017.00,1017.00,1017.00
91100,0,0,0.00,221.48,0.08,0.00,2.44,-0.51,2.75,1017.00,1017.00,1017.00,1017.00
91126,0,0,0.00,221.48,0.13,0.00,1.62,-0.45,1.81,1017.00,1017.00,1017.00,1017.00
91230,0,0,0.00,221.48,0.20,0.00,0,-0.36,0.44,1019.00,1019.00,1019.00,1019.00
91256,0,0,0.00,221.48,0.19,0.00,-0.56,-0.36,-0.06,1019.00,1019.00,.00,1017.00
91288,0,0,0.00,221.48,0.15,0.00,-1.31,-0.38,-0.94,1019.00,1019.00,1019.00,1019.00
91353,0,0,0.00,221.48,0.00,0.00,-2.44,-0.54,-2.37,1016.00,1018.00,1018.00,1016.00
91464,0,0,0.00,221.48,-0.27,0.00,-2.75,-0.80,-2.81,1016.00,1018.00,1018.00,1016.00
91525,0,0,0.00,221.48,-0.37,0.00,-1.62,-0.90,-2.00,101600,1018.00,1018.00,1016.00
91636,0,0,0.00,221.48,-0.38,0.00,0.44,-0.94,0.44,1017.00,1017.00,1017.00,1017.00
91675,0,0,0.00,221.48,-0.31,0.00,1.94,-0.90,1.50,1017.00,1017.00,1017.00,19.00
91701,0,0,0.00,221.48,-0.24,0.00,2.37,-0.85,2.19,1019.00,1019.00,1019.00,1019.00
91726,0,0,0.00,2,-0.15,0.00,3.00,-0.77,2.94,1017.00,1017.00,1017.00,1017.00
91826,0,0,0.00,221.48,0.06,0.00,1.94,-0.54,2.06,1017.00,10,1017.00,1017.00
91907,0,0,0.00,221.48,0.18,0.00,0.94,-0.39,1.62,1017.00,1017.00,1017.00,.00
91930,0,0,0.00,221.48,0.19,0.00,0.37,-0.37,0.94,1017.00,1017.00,1017.00,1017.00
91978,0,0,0.00,221.48,0.16,0.00,-1.12,-0,-1.19,1017.00,1017.00,1017.00,1017.00
92068,0,0,0.00,221.48,0.01,0.00,-2.00,-0.50,-2.44,1.00,1018.00,1018.00,1016.00
92138,0,0,0.00,221.48,-0.22,0.00,-3.37,-0.72,-3.19,106.00,1018.00,1018.00,1016.00
92164,0,0,0.00,221.48,-0.32,0.00,-3.19,-0.81,-3.56,1018.00,1020.00,1020.00,1018.0
92195,0,0,0.00,221.48,-0.39,0.00,-2.19,-0.93,-2.87,1016.00,1018.00,1018.00,1016.00
92276,0,0,0.00,221.48,-0.48,0.00,-0.75,-1.03,-0.75,1017.00,1017.00,1017.00,1017.00
92317,0,0,0.00,1.48,-0.49,0.00,0.06,-1.05,-0.75,1017.00,1017.00,1017.00,1017.00
92383,0,0,0.00,221.48,36,0.00,2.94,-0.97,2.37,1017.00,1017.00,1017.00,1017.00
92521,0,0,0.00,221.48,0.01,0.00,3.25,-0.59,2.69,1017.00,1017.00,1017.00,1017.00
92763,0,0,0.00,221.48,0.21,0.00,-1.94,-0.31,-1.19,1019.00,1019.00,1019.00,1019.00
92867,0,0,0.00,221.48,-0.14,0.00,-1,-0.70,-3.44,1016.00,1018.00,1018.00,1016.00
92974,0,0,0.00,221.48,-0.41,0.00,-1.75,-0.95,-2.00,1016.00,8.00,1018.00,1016.00
93064,0,0,0.00,221.48,-0.43,0.00,0.94,-1.01,0.69,1017.00,10170,1017.00,1017.00
93088,0,0,0.00,221.48,-0.40,0.00,1.19,-0.97,1.12,1017.00,1017.00,1017.00,1017.00
93307,0,0,0.00,221.48,0.14,0.00,2.25,-0.45,2.56,1019.00,.00,1019.00,1019.00
93329,0,0,0.00,221.48,0.20,0.00,1.94,-0.38,2.00,1019.00,1019.00,1019.00,1019.00
93528,0,0,0.00,221.48,0.07,0.00,-2.94,-0.46,-2.75,101.00,1018.00,1018.00,1016.00
93587,0,0,0.00,221.48,-0.13,0.00,-3.12,-0.63,-2.75,1016.00,1018.00,1018.00,1016.00
93631,0,0,.00,221.48,-0.24,0.00,-3.06,-0.78,-3.12,1016.00,1018.00,1018.00,1016.00
93656,0,0,0.00,221.48,-0.34,0.00,-2.87,-0.87,-3.12,1016.00,1018.00,1018.00,1016.00
93677,0,0,0.00,2248,-0.41,0.00,-1.81,-0.94,-2.19,1018.00,1020.00,1020.00,1018.00
93772,0,0,0.00,22.48,-0.45,0.00,0.00,-1.01,-0.06,1017.00,1017.00,1017.00,1017.00
93889,0,0,0.00,221.48,-0.24,0.00,2.87,-0.86,2.75,1017.00,1017.00,1017.00,1017.00
94103,0,0,0.00,221.48,0.24,0.00,1.19,-0.34,1.56,1017.00,1017.001019.00,1019.00,1019.00
94128,0,0,0.00,221.48,0.24,0.00,-0.06,-0.32,0.37,1019.00,1019.00,1019.00,1019.00
94154,0,0,0.00,221.48,0.23,0.00,-0.81,-0.32,-0.37,1017.00,1017.00,1017.00,1017.00
94203,0,0,0.00,221.48,0.18,0.00,-1.62,-0.36,-1.25,1019.00,1019.00,1019.00,1019.00
94225,0,0,0.00,221.48,0.10,0.00,-2.06,-0.42,-2.06,1018.00,1020.00,1020.00,1018.00
94247,0,0,0.00,221.48,0.08,0.00,5,-0.48,-2.50,1018.00,1020.00,1020.00,1018.00
94276,0,0,0.00,221.48,-0.01,0.00,-3.12,-0.54,-2.75,106.00,1018.00,1018.00,1016.00
94359,0,0,0.00,221.48,-0.25,0.00,-2.94,-0.76,-3.12,1016.00,1.00,1020.00,1018.00
94455,0,0,0.00,221.48,-0.43,0.00,-1.69,-0.95,-2.00,1016.00,1018.00,1018.00,1016.00
94484,0,0,0.00,221.48,-0.46,0.00,-0.88,-1.00,-1.56,1016.00,1018.00,1018.00,1016.00
94509,0,0,0.00,221.48,-0.46,0.00,-0.19,-1.02,-0.50,1017.00,1017.00,1017.00,1017.00
94695,0,0,0.00,221.48,-0.05,0.00,3.00,-0.64,3.12,1017.00,1017.00,1017.00,1
94723,0,0,0.00,221.48,0.04,0.00,2.87,-0.55,3.00,1017.00,1017.00,1017.00,1017.00
94907,0,0,0.00,221.48,0.18,0.00,-1.00,-0.36,.00,1015.00,1015.00,1015.00,1015.00
94930,0,0,0.00,221.48,0.13,0.00,-1.81,-0.39,-1.37,1015.00,1015.00,1015.00,.00
94963,0,0,0.00,221.48,0.07,0.00,-2.37,-0.47,-2.06,1014.00,1016.00,1016.00,1014.00
95035,0,0,0.00,221.48,-0.15,0.00,-2.50,-0.66,-2.81,1016.00,1018.00,1018.00,1016.00
95143,0,0,0.00,221.48,-0.37,0.00,-1.31,-0.90,-1.69,1016.00,1018.00,1018.00,1016.00
95173,0,0,0.00,221.48,-0.39,0.00,-1.31,-5,-1.31,1016.00,1018.00,1018.00,1016.00
95194,0,0,0.00,221.48,-0.39,0.00,0.50,-0.95,-0.50,1017.00,1.00,1017.00,1017.00
95273,0,0,0.00,221.48,-0.36,0.00,0.44,-0.92,0.94,1017.00,1017.00,1017.00,00
95313,0,0,0.00,221.48,-0.33,0.00,1.19,-0.91,1.00,1017.00,1017.00,1017.00,1017.00
95359,0,0,0.00,221.48,-0.26,0.00,1.56,-0.83,2.06,1017.00,1017.00,1017.00,1017.00
95553,0,0,0.00,221.48,0.08,0.00,0.88,-0.50,1.31,1017.00,1017.00,1017.00,1017.00
95692,0,0,0.00,221.48,0.04,0.00,-1.31,-0.50,-0.,1017.00,1017.00,1017.00,1017.00
95828,0,0,0.00,221.48,-0.27,0.00,-2.12,-0.80,-2.75,1016.00,1018.00,1018.00,1016.00
95954,0,0,0.00,221.48,-0.48,0.00,-0.06,-1.03,0.37,1017.00,1017.00,1017.00,1017.00
96058,0,0,0.00,221.48,-0.35,00,2.94,-0.91,2.56,1017.00,1017.00,1017.00,1017.00
96079,0,0,0.00,221.48,-0.26,0.00,2.50,-0.88,2.94,1017.00,10,1019.00,1019.00
96186,0,0,0.00,221.48,0.03,0.00,2.62,-0.58,3.00,1019.00,1019.00,1019.00,1019.00
96291,0,0,0.00,221.48,0.19,0,0.31,-0.37,0.75,1019.00,1019.00,1019.00,1019.00
96345,0,0,0.00,221.48,0.19,0.00,-0.75,-0.37,0.00,1019.00,1019.00,1019.00,1019.00
96417,0,0,0.00,221.48,0.05,0.00,-2.81,-0.46,-2.31,1018.00,1020.00,1020.00,1018.00
96537,0,0,0.00,221.48,-0.33,0.00,-3.25,-0.83,-3.19,1018.00,1020.00,1020.00,1018.00
96593,0,0,0.00,221.48,-0.43,0.00,-2.56,-0.97,-2.62,1021.0,1023.00,1023.00,1021.00
96653,0,0,0.00,221.48,-0.55,0.00,-0.25,-1.11,-1.00,1021.00,102,1022.00,1022.00
96778,0,0,0.00,221.48,-0.35,0.00,2.62,-0.94,2.50,1022.00,1022.00,1022.00,1022.00
96996,0,0,0.00,221.48,0.36,0.00,0.81,-0.22,1.69,1022.00,1022.00,1022.00,1022.00
97120,0,0,0.00,221.48,0.24,0.00,-3.06,-0.29,-2.12,102,1023.00,1023.00,1021.00
97201,0,0,0.00,221.48,-0.03,0.00,-3.75,-0.52,-3.62,1021.00,1023.00,1023.00,1021.00
97226,0,0,0.00,221.48,-0.14,0.00,-3.69,-0.66,-3.81,1021.00,1023.00,1023.00,1021.00
97339,0,0,0.00,221.48,-0.48,0.00,-1.81,-1.00,-2.56,1021.00,1023.00,1023.00,1021.00
97444,0,0,0.00,221.48,-0.,0.00,1.25,-1.05,1.00,1022.00,1022.00,1022.00,1022.00
97566,0,0,0.00,221.48,-0.11,0.00,3.75,-0.71,3.75,1023.00,1021.00,1021.00,1023.00
97803,0,0,0.00,221.48,0.29,0.00,-1.31,-0.25,-1.31,1022.00,1022.00,1022.00,1022.00
97909,0,0,0.0,221.48,0.01,0.00,-3.87,-0.50,-3.00,1021.00,1023.00,1023.00,1021.00
98037,0,0,0.00,221.48,-0.39,0.00,-2.06,-0.91,-2.81,1021.00,1023.00,3.00,1021.00
98076,0,0,0.00,221.48,-0.43,0.00,-1.25,-0.97,-1.69,1021.00,1023.00,1023.00,1021.00
98121,0,0,0.00,221.48,-0.46,0.00,-0.44,-1.02,-0.69,1022.00,1022.00,122.00,1022.00
98150,0,0,0.00,221.48,-0.45,0.00,0.56,-1.02,0.25,1022.00,1022.00,1022.00,1022.00
98356,0,0,0.00,221.48,0.10,0.00,3.44,-0.52,3.44,1020.00,1000,1018.00,1020.00
98383,0,0,0.00,221.48,0.18,0.00,3.06,-0.43,2.87,1019.00,1019.00,1019.00,1019.00
98496,0,0,0.00,221.48,0.31,0.00,-0.50,-0.25,0.13,100,1019.00,1019.00,1019.00
98605,0,0,0.00,221.48,0.09,0.00,-3.12,-0.41,-2.81,1018.00,1020.00,1020.00,1018.00
98638,0,0,0.00,221.48,-0.01,0.00,-3.31,-0.50,-3.19,1018.00,1020.00,1020.00,1018.00
98690,0,0,0.00,21.48,-0.13,0.00,-3.37,-0.66,-3.12,1018.00,1020.00,1020.00,1018.00
98738,0,0,0.00,221.48,34,0.00,-2.62,-0.85,-2.69,1018.00,1020.00,1020.00,1018.00
98838,0,0,0.00,221.48,-.47,0.00,-0.75,-1.01,-1.25,1018.00,1020.00,1020.00,1018.00
98862,0,0,0.00,221.48,-0.47,0.00,-0.50,-1.03,-0.75,.00,1019.00,1019.00,1019.00
98976,0,0,0.00,221.48,-0.34,0.00,2.56,-0.95,2.06,1019.00,1019.00,1019.00,1019.00
99007,0,0,0.00,221.48,-0.27,0.00,2.75,-0.85,2.75,1019.00,1019.00,1019.00,1019.00
99180,0,0,0.00,221.48,0.25,0.00,1.19,-0.33,1.50,1019.00,1019.00,1019.00,1019.00
99216,0,0,0.00,221.48,0.26,0.00,0.25,-0.30,0.81,1019.00,1019.00,1019.00,1019.00
99283,0,0,000,221.48,0.19,0.00,-1.87,-0.34,-1.50,1019.00,1019.00,1019.00,1019.00
99341,0,0,0.00,221.48,0.09,0.00,-2.62,-0.44,-2.69,1018.00,10200,1018.00,1016.00
99415,0,0,0.00,221.48,-0.15,0.00,-3.25,-0.68,-3.19,1016.00,1018.00,1000,1016.00
99464,0,0,0.00,221.48,-0.24,0.00,-3.12,-0.78,-3.25,1016.00,1018.00,1018.00,1016.00
99505,0,0,0.00,221.48,-0.37,0.00,-2.37,-0.89,-2.62,1016.00,1018.00,101.00,1016.00
99531,0,0,0.00,221.48,-0.43,0.00,-1.50,-0.97,-2.06,1016.00,1018.00,1018.00,1016.00
99737,0,0,0.00,221.48,-0.23,0.00,2.94,-0.82,2.94,17.00,1017.00,1017.00,1017.00
99975,0,0,0.00,221.48,0.25,0.00,-0.37,-0.31,0.06,101700,1017.00,1017.00,1017.00
100138,0,0,0.00,221.48,-0,0.00,-3.12,-0.64,-2.94,1016.00,1018.00,1018.00,1016.00
100204,0,0,0.00,221.48,-0.34,0.00,-2.62,-0.87,-2.94,1016.00,1018.00,1018.00,1016.00
100225,0,0,0.00,221.48,-0.38,0.00,-2.19,-0.90,-2.62,1.00,1018.00,1018.00,1016.00
100258,0,0,0.00,221.48,-0.43,0.00,-1.75,-0.96,-2.00,1016.00,1018.00,101800,1016.00
100374,0,0,0.00,221.48,-0.43,0.00,1.37,-1.01,0.81,1017.00,1017.00,1017.00,1017.00
100419,0,0,0.00,221.48,0.16,0.00,31.25,-0.71,20.37,1024.00,1010.00,1010.00,1024.00
100443,0,0,0.00,221.48,1.69,0.00,65.44,0.48,52.06,1037.00,1000.00,1000.00,1037.00
100568,0,0,0.00,221.48,15.42,0.00,119.81,12.50,126.37,107.00,1000.00,1000.00,1072.00
100661,0,0,0.00,221.48,21.20,0.00,26.50,20.00,56.50,1039.00,1000.00,1000.00,1039.00
100684,0,0,0.00,221.48,21.11,0.00,-17.81,20.73,12.06,1033.00,1001.00,1001.00,103.00
100715,0,0,0.00,221.48,19.64,0.00,-65.69,19.71,-51.50,1008.00,1026.00,1026.00,1008.00
100796,0,0,0.00,221.48,11.04,0.00,-140.00,11.83,-136.25,1000.00,1064.00,1064.00,1000.00
100834,0,0,0.00,221.48,5.18,0.00,-159.62,7.65,-147.44,1000.00,1070.00,1070.00,1000.00
100886,0,0,0.00,221.48,-2.64,0.00,-159.75,-0.11,-161.00,1000.00,1080.00,1080.81.00,1000.00
100908,0,0,0.00,221.48,-7.07,0.00,-144.62,-4.74,-157.94,1000.00,1082.00,1082.00,1000.00
100936,0,0,0.00,221.48,-10.71,0.00,-117.00,-8.93,-134.00,1000.00,1074.00,1074.00,1000.00
101022,0,0,0.00,221.48,-16.29,0.00,-37.63,-16.49,-54.69,1000.00,1047.00,1047.00,1000.00
101063,0,0,0.00,221.48,-16.49,0.00,2.75,-17.23,-11.94,1003.00,1031.00,1031.00,1003.00
101135,0,0,0.00,221.48,-11.34,0.00,92.87,-13.77,84.75,1042.00,1000.00,1000.00,1042.00
101169,0,0,0.00,221.48,-8.14,0.00,114.25,-10.87,105.44,1052.00,1000.00,1000.00,1052.00
101220,0,0,0.00,221.481.48,-2.14,0.00,128.62,-5.17,126.00,1063.00,1000.00,1000.00,1063.00
101251,0,0,0.00,221.48,1.74,0.00,131.44,-1.41,133.06,1068.00,1000.00,1000.00,1068.00
101279,0,0,0.00,221,5.26,0.00,115.00,2.41,126.00,1068.00,1000.00,1000.00,1068.00
101357,0,0,0.00,221.48,.37,0.00,46.81,9.84,60.69,1046.00,1000.00,1000.00,1046.00
101381,0,0,0.00,221.48,11.75,0.00,39.06,10.81,46.81,18.00,1000.00,1000.00,1038.00
101404,0,0,0.00,221.48,12.22,0.00,5.25,11.64,16.50,1030.00,1004.00,100400,1019.00
101525,0,0,0.00,221.48,6.52,0.00,-86.75,7.73,-78.81,1000.00,1043.00,1043.00,1000.00
101576,0,0,0.00,221.48,2.44,0.00,-107.81,2.92,-106.69,1000.00,1057.00,105058.00,1000.00
101599,0,0,0.00,221.48,-0.67,0.00,-107.44,-0.20,-108.25,1000.00,1059.00,1059.00,1000.00
101637,0,0,0.00,221.48,-4.67,0.00,-100.62,-3.25,-103.31,1000.00,1059.00,1059.00,1000.00
101710,0,0,0.00,221.48,-10.82,0.00,-58.00,-10.16,-73.87,1000.00,1051.00,1051.00,1000.00
101749,0,0,0.00,221.48,-11.81,0.00,-24.31,-12.14,-44.69,1000.00,1041.00,1041.00,1000.00
101800,0,0,0.00,221.48,-11.83,0.00,19.50,-12.67,-1.87,1010.00,1024.00,1024.00,10107.00
101827,0,0,0.00,221.48,-10.97,0.00,33.25,-11.85,29.81,1022.00,1012.00,1012.00,1022.00
101852,0,0,0.00,221.48,-9.05,0.00,53.44,-10.73,45.00,1028.00,1006.00,1006.00,1028.00
101966,0,0,0.00,221.48,-1.92,0.00,92,-2.48,90.19,1051.00,1000.00,1000.00,1051.00
102040,0,0,0.00,221.48,4.17,0.00,65.19,2.,65.19,1044.00,1000.00,1000.00,1044.00
102095,0,0,0.00,221.48,6.88,0.00,32.13,5.63,44.00,1037.00,1000.00,1000.00,1037.00
102189,0,0,0.00,221.48,2,0.00,-39.69,5.87,-33.63,1008.00,1026.00,1026.00,1008.00
102274,0,0,0.00,221.48,2.98,0.00,-66.87,1.74,-64.00,1000.00,1041.00,1041.00,1000.00
102323,0,0,0.00,221.48,-1.62,0.00,-72.00,-1.55,-69.81,1000.00,1045.07.00,1047.00,1000.00
102416,0,0,0.00,221.48,-6.47,0.00,-49.88,-6.55,-58.81,1000.00,104.00,1040.00,1000.00
102498,0,0,0.00,221.48,-8.12,0.00,-0.19,-8.68,-5.56,1010.0,1021.00,1021.00,1013.00
102522,0,0,0.00,221.48,-7.95,0.00,9.81,-8.60,5.75,1015.00,1019.00,1019.00,1015.00
102648,0,0,0.00,221.48,33,0.00,59.38,-3.04,58.81,1038.00,1000.00,1000.00,1038.00
102861,0,0,0.00,221.48,4.57,0.00,-8.50,4.20,-8.50,1017.00,1017.00,1017.00,1017.00
102975,0,0,0.00,221.48,0.86,0.00,-46.44,1.20,-43.94,1001.00,1033.00,1033.00,1001.00
103099,0,0,0.00,221.48,-4.68,0.00,-34.44,-4.90,-38.4,1001.00,1033.00,1033.00,1001.00
103191,0,0,0.00,221.48,-5.89,0.00,-6.62,-6.45,-6.62,1011.00,1023.00,1023.00,1011.00
103219,0,0,0.00,221.48,-5.65,0.00,6.87,-6.41,2.37,1015.00,1019.00,101,1017.00
103245,0,0,0.00,221.48,-5.31,0.00,19.44,-6.06,15.31,1019.00,1015.00,1015.00,1019.00
103321,0,0,0.00,221.48,-2.71,0.00,40.06,-3.66,39.00,1030.00,1004.00,1004.00,1030.00
103698,0,0,0.00,221.48,03,0.00,-38.94,0.17,-37.81,1003.00,1031.00,1031.00,1003.00
103791,0,0,0.00,221.48,-3.17,0.00,-3012,-3.73,-30.06,1004.00,1030.00,1030.00,1004.00
103883,0,0,0.00,221.48,-4.516,0.00,-1.56,-5.07,-9.19,1011.00,1023.00,1023.00,1011.00
103905,0,0,0.00,221.48,-4.53,0.00,2.69,-5.12,-1.56,101,1018.00,1018.00,1016.00
104059,0,0,0.00,221.48,-1.42,0.00,31.81,-2.30,30.94,1027.00,1007.00,1007.00,1027.00
104137,0,0,0.00,221.48,1.19,0.00,32.94,0.31,33.81,1030.00,1004.00,1004.00,1030.00
104266,0,0,0.00,221.48,2.99,0.00,0.25,2.46,2.50,1019.00,1015.00,1,1018.00
104292,0,0,0.00,221.48,2.77,0.00,-10.38,2.39,-4.94,1017.00,1017.00,1017.00,1017.00
104331,0,0,0.00,221.48,2.14,0.00,-20.12,1.78,-17.62,1012.00,1022.00,1022.00,1010.00
104355,0,0,0.00,221.48,1.42,0.00,-27.37,1.12,-25.50,1008.00,1026.00,1026.00,1008.00
104508,0,0,0.00,221.48,-2.72,0.00,-23.37,-2.84,-26.56,1005.00,1029.00,1029.00,1005.00
104582,0,0,0.00,221.48,-3.57,0.00,-0.19,-4.10,-7.44,1012.00,1022.00,1022.00,1012.00
104706,0,0,0.00,221.48,-1.72,0.00,25.12,-2.53,23.37,1024.00,1010.00,1010,1025.00
104749,0,0,0.00,221.48,-0.63,0.00,28.75,-1.77,27.56,1026.00,1008.00,1008.00,1026.00
104816,0,0,0.00,221.48,1.39,0.00,27.81,0.57,28.81,1028.00,1006.00,1006.00,1028.00
105027,0,0,0.00,221.48,2.37,0.00,-19.06,2.00,-16.50,1012.00,1022.00,1023.00,1011.00
105055,0,0,0.00,221.48,1.72,0.00,-23.75,1.39,-22.75,1009.00,1025.00,1025.00,1009.00
105085,0,0,0.00,221.48,0.70,0.00,-26.81,0.66,-25.94,1008.00,1026.00,1026.00,1008.00
105171,0,0,0.00,221.48,-1.16,0.00,-27.31,-1.46,-27.75,1006.00,1028.00,1028.00,1006.00
105196,0,0,0.00,221.48,-2.12,0.00,-23.62,-2.22,-25.94,1006.00,1028.00,1028.00,1006.00
105263,0,00,0.00,221.48,-3.22,0.00,-5.62,-3.65,-11.19,1011.00,1023.00,1023.00,1011.00
105289,0,0,0.00,221.48,-3.24,0.00,-2,-3.80,-3.25,1014.00,1020.00,1020.00,1014.00
105522,0,0,0.00,221.48,0.77,0.00,27.75,-0.06,28.25,1028.00,1006.00,1006.00,1028.00
105714,0,0,0.00,221.48,2.80,0.00,-11.88,2.35,-7.06,1016.00,1010.00,1020.00,1014.00
105752,0,0,0.00,221.48,2.33,0.00,-17.56,1.95,-16.00,1012.00,1022.00,1022.00,1012.00
105774,0,0,0.00,221.48,1.74,0.00,-21.87,1.39,-20.25,1010.00,1024.00,1024.00,1010.00
105820,0,0,0.00,22.48,0.53,0.00,-26.69,0.22,-25.06,1008.00,1026.00,1026.00,1008.00
105872,0,0,0.00,221.48,-1.30,0.00,-26.69,-1.36,-27.37,1006.00,1028.00,1028.00,1006.00
105982,0,0,0.00,221.48,-2.85,0.00,-.87,-3.41,-10.38,1011.00,1023.00,1023.00,1011.00
106175,0,0,0.00,221.48,-0.80,0.00,25.87,-1.86,24.75,1025.00,1009.00,1008.00,1026.00
106204,0,0,0.00,221.48,-0.03,0.00,26.50,-0.85,26.00,1026.00,1008.00,1008.00,1026.00
106235,0,0,0.00,221.48,0.74,0.00,26.31,-0.07,26.62,1027.00,1007.00,1007.00,1027.00
106429,0,0,0.00,221.48,2.53,0.00,-11.19,2.16,-7.25,1016.00,1018.00,1018.00,1016.00
106457,0,0,0.00,221.48,2.08,0.00,-16.87,1.69,-15.19,1012.00,1022.00,1022.00,1012.00
106515,0,0,0.00,21.48,1.03,0.00,-24.62,0.93,-22.00,1009.00,1025.00,1025.00,1009.00
106541,0,0,0.00,221.48,0.27,0.00,-26.37,-0.03,-25.31,1007.00,1027.00,1027.00,1007.00
106666,0,0,0.0.00,221.48,-2.25,0.00,-19.00,-2.64,-20.31,1008.00,1026.00,1026.00,1008.00
106691,0,0,0.00,221.48,-2.57,0.00,-1.38,-3.13,-16.12,1009.00,1025.00,1025.00,1009.00
106865,0,0,0.00,221.48,-1.57,0.00,21.44,-2.53,18.75,1022.00,1010.00,1010.00,1024.00
106891,0,0,0.00,221.48,-0.89,0.00,24.37,-1.92,22.37,1024.00,1010.00,1010.00,1024.00
106917,0,0,0.00,221.48,-0.14,0.00,26.19,-1.21,25.19,1026.00,1008.00,1008.00,1026.00
106973,0,0,0.00,1.48,1.11,0.00,24.69,0.06,26.00,1027.00,1007.00,1007.00,1027.00
107165,0,0,0.00,221.48,2.61,0.00,-9.44,2.14,-4.94,1017.00,1017.00,1017.00,1017.00
107234,0,0,0.00,221.48,1.24,0.00,-22.69,1.10,-20.25,1010.00,1024.00,1024.00,1010.00
107365,0,0,0.00,221.48,-1.76,0.00,-22.4,-2.32,-22.44,1007.00,1027.00,1027.00,1007.00
107469,0,0,0.00,221.48,-2.86,0.00,-0.69,-3.40,-4.87,100,1019.00,1019.00,1015.00
107554,0,0,0.00,221.48,-2.19,0.00,12.94,-3.02,11.44,1019.00,1014.00,1014.00,1020.00
107582,0,0,0.00,221.48,-1.66,0.00,19.87,-2.59,16.50,1022.00,1012.00,1012.00,1022.00
107790,0,0,0.00,221.48,2.51,0.00,1,1.95,12.88,1023.00,1011.00,1011.00,1023.00
107844,0,0,0.00,221.48,2.68,0.00,-2.81,2.15,1.56,1018.00,1016.00,1016.00,1018.00
107919,0,0,0.00,221.48,1.77,0.00,-17.37,1.53,-14.56,1013.00,1021.00,1021.00,1013.00
107942,0,0,0.00,.48,1.19,0.00,-21.06,1.03,-18.75,1011.00,1023.00,1023.00,1011.00
108051,0,0,0.00,221.48,-0.90,0.00,-24.0,-1.46,-24.00,1007.00,1027.00,1027.00,1007.00
108258,0,0,0.00,221.48,-2.64,0.00,7.06,-3.35,5.25,10100,1017.00,1017.00,1017.00
108315,0,0,0.00,221.48,-1.74,0.00,19.00,-2.66,16.37,1021.00,1013.00,1013.00,1021.00
108378,0,0,0.00,221.48,0.01,0.00,24.00,-1.02,23.25,1025.00,1009.00,1009.00,1025.00
108492,0,0,0.00,221.48,1.89,00,15.44,1.33,17.12,1024.00,1010.00,1010.00,1024.00
108513,0,0,0.00,221.48,2.29,0.00,12.13,1.48,15.44,1023.00,10,1012.00,1022.00
108615,0,0,0.00,221.48,2.28,0.00,-8.13,1.91,-6.19,1016.00,1018.00,1018.00,1016.00
108730,0,0,0.00,221.48,0.51,0.00,-23.06,0.18,-22.37,1009.00,1025.00,1025.00,1009.00
108755,0,0,0.00,221.48,0.07,0.00,-23.44,-049,-23.44,1008.00,1026.00,1026.00,1008.00
108852,0,0,0.00,221.48,-2.16,0.00,-16.19,-2.57,-17.50,010.00,1024.00,1024.00,1010.00
108939,0,0,0.00,221.48,-2.80,0.00,-1.06,-3.35,-36,1015.00,1019.00,1019.00,1015.00
108973,0,0,0.00,221.48,-2.72,0.00,4.87,-3.32,2.69,1017.00,1017.00,1017.00,101
108999,0,0,0.00,221.48,-2.36,0.00,10.13,-3.13,8.44,1018.00,1016.00,1016.00,1018.00
109072,0,0,0.00,221.48,-1.17,0.00,21.12,-1.94,20.12,1023.00,1011.00,1011.00,1023.00
109111,0,0,0.00,.48,-0.29,0.00,23.25,-1.30,22.50,1025.00,1009.00,1009.00,1025.00
109176,0,0,0.00,2218,1.23,0.00,20.37,0.46,21.37,1025.00,1009.00,1009.00,1025.00
109201,0,0,0.00,221.48,1.59,0.00,18.31,0.67,20.37,00,1010.00,1010.00,1024.00
109302,0,0,0.00,221.48,2.46,0.00,0.31,1.92,2.87,1019.00,1015.00,1015.00,1019.00
109415,0,0,0.00,21.48,1.31,0.00,-19.12,0.93,-17.00,1011.00,1023.00,1023.00,1011.00
109636,0,0,0.00,221.48,-2.46,0.00,-7.63,-2.85,-11.06,1013.00,1021.00,1021.00,1013.00
109658,0,0,0.00,221.48,-2.58,0.00,-2.12,-3.12,-6.06,1013.00,1021.00,1021.00,100
109690,0,0,0.00,221.48,-2.53,0.00,3.56,-3.12,1.81,1016.00,1018.00,1018.00,1016.00
109758,0,0,0.00,221.48,-1.62,0.00,17.00,-2.35,14.31,1021.00,1013.00,1013.00,1021.00
109865,0,0,0.00,221.4,0.64,0.00,22.12,-0.14,22.44,1025.00,1009.00,1009.00,1025.00
109887,0,0,0.00,221.48,1.04,0.00,21.44,0.08,22.12,00,1009.00,1009.00,1025.00
109993,0,0,0.00,221.48,2.45,0.00,7.06,1.82,8.94,1021.00,1013.00,1013.00,1021.00
110096,0,0,0.00,221,1.99,0.00,-12.88,1.67,-9.81,1015.00,1019.00,1019.00,1015.00
110229,0,0,0.00,221.48,-0.31,0.00,-22.25,-0.65,-22.19,1008.00,1026.00,126.00,1008.00
110374,0,0,0.00,221.48,-2.47,0.00,-4.69,-2.92,-8.44,1013.00,1021.00,1021.00,1013.00
110448,0,0,0.00,221.48,-2.18,0.00,9.88,-2.93,6.25,1017.00,1017.00,1017.00,1017.00
110467,0,0,0.00,221.48,1,0.00,14.13,-2.63,11.31,1019.00,1015.00,1015.00,1019.00
110554,0,0,0.00,221.48,-0.34,0.00,21.56,-1.31,20.62,1024.00,1010.00,1010.00,1024.00
110579,0,0,0.00,221.48,-0.12,0.00,21.87,-0.90,21.56,100,1009.00,1009.00,1025.00
110690,0,0,0.00,221.48,1.93,0.00,14.38,1.23,16.81,1024.00,1010.00,1010.00,1024.00
110724,0,0,0.00,221.48,2.25,0.00,9.63,1.60,11.13,1022.00,1012.00,1012.00,1022.00
110791,0,0,0.00,48,2.35,0.00,-5.50,1.88,-1.50,1017.00,1017.00,1017.00,1017.00
110918,0,0,0.00,221.48,0.62,0.00,-20.44,0.26,-19.62,1010.00,1024.00,1024.00,09.00
110958,0,0,0.00,221.48,0.01,0.00,-21.12,-0.34,-20.81,1009.00,1025.00,1025.00,1009.00
111005,0,0,0.00,221.48,-0.99,0.00,-19.94,-1.35,-20.50,1009.00,1025.00,101025.00,1009.00
111029,0,0,0.00,221.48,-1.50,0.00,-16.12,-1.91,-18.31,1009.00,1025.00,1025.00,1009.00
111058,0,0,0.00,221.48,-2.02,0.00,-12.00,-2.37,-14.69,1010.00,1024.00,1024.00,1010.00
111116,0,0,0.00,221.48,-2.27,0.00,-3.50,-2.79,-5.37,1014.00,1020.00,1020.00,1014.00
111143,0,0,0.00,221.48,-2.23,0.00,1.62,-2.84,-0.19,1016.00,1018.00,1018.00,1016.00
111247,0,0,0.00,221.48,-1.22,0.00,18.00,-1.78,16.94,1022.00,1012.00,1012.00,1022.00
111271,0,0,0.00,221.48,-0.68,0.00,19.69,-1.61,18.00,1023,1010.00,1010.00,1024.00
111376,0,0,0.00,221.48,1.47,0.00,17.87,0.55,19.50,1025.00,1009.00,1009.00,1025.00
111410,0,0,0.00,221.48,1.93,0.00,14.69,1.23,16.87,1024.00,1010.00,1010.00,1024.00
111525,0,0,0.00,221.48,2.38,0.00,-6.19,1.88,-4.37,1017.00,1017.00,10,1015.00
111612,0,0,0.00,221.48,1.41,0.00,-16.87,1.16,-14.81,1012.00,1022.00,1022.00,1012
111652,0,0,0.00,221.48,0.86,0.00,-19.37,0.67,-18.00,1011.00,1023.00,1023.00,1011.00
111697,0,0,0.00,221.48,-0.13,0.00,-20.50,-0.29,-20.69,1009.00,1025.00,1025.00,10009.00
111721,0,0,0.00,221.48,-0.71,0.00,-19.25,-1.09,-20.56,1009.00,1025.00,1025.00,1009.00
111754,0,0,0.00,221.48,-1.24,0.00,-17.19,-1.63,-17.94,1010.00,1024.00,1024.00,1010.00
111851,0,0,0.00,221.48,-2,0.00,-1.19,-2.76,-2.94,1015.00,1019.00,1019.00,1015.00
111930,0,0,0.00,221.48,-1.83,00,12.00,-2.39,9.38,1019.00,1015.00,1015.00,1019.00
111960,0,0,0.00,221.48,-1.44,0.00,14.56,-2.27,12.00,1020.00,3.00,1013.00,1021.00
111992,0,0,0.00,221.48,-0.95,0.00,18.00,-1.85,15.81,1022.00,1012.00,1012.00,102.00
112068,0,0,0.00,221.48,0.59,0.00,20.25,-0.37,20.44,1024.00,1010.00,1010.00,1024.00
112101,0,0,0.00,221.48,1.15,0.00,18.87,0.22,19.75,1024.00,1010.00,1010.00,1024.00
112295,0,0,0.00,221.48,2.00,0.00,-9.50,1.65,-8.19,1015.00,1019.00,1019.00,1015.00
112334,0,0,0.00,221.48,1.60,0.00,-15.06,1.32,-12.56,1013.00,1021.00,1021.00,1013.00
112381,0,0,0.00,221.48,0.92,0.00,-18.50,0.54,-18.06,1011.00,1023.00,1023.00,1011.00
112405,0,0,0.00,221.48,0.17,0.00,-19.62,-0.01,-19.37,1010.00,1024.00,1024.00,1010.00
112433,0,0,0.00,221.48,-041,0.00,-19.56,-0.59,-19.75,1009.00,1025.00,1025.00,1009.00
112488,0,0,0.00,221.48,-0.60,0.00,-19.00.25,-1.51,-18.06,1010.00,1024.00,1024.00,1010.00
112534,0,0,0.00,221.48,-1.81,0.00,-119,-2.37,-11.69,1012.00,1022.00,1022.00,1012.00
112626,0,0,0.00,221.48,-2.16,0.00,169,-2.72,1.31,1016.00,1018.00,1018.00,1016.00
112678,0,0,0.00,221.48,-1.74,0.00,11.88,-2.41,9.31,1019.00,1015.00,1015.00,1019.00
112764,0,0,0.00,221.48,-0.43,0.00,19.44,-1.18,18.87,1023.00,1011.00,1011.00,1023.00
112865,0,0,0,221.48,1.53,0.00,14.87,0.83,16.31,1023.00,1011.00,1011.00,1023.00
112984,0,0,0.00,221.48,2.19,0.00,-3.69,1.67,-1.87,1017.00,1017.00,1017.00,1017.00
113021,0,0,0.00,221.48,2.00,0.00,-8.25,1.51,-6.94,1016.00,1018.00,1018.00,1016.00
113091,0,0,0.00,221.48,0.91,0.00,-17.50,0.52,-15.75,1012.00,1022.00,1022.00,1012.00
113127,0,0,0.00,221.48,0.55,0.00,.37,-0.01,-18.69,1010.00,1024.00,1024.00,1010.00
113182,0,0,0.00,221.48,-0.01,0.00,-19.62,-0.20,-19.19.37,1009.00,1025.00,1025.00,1009.00
113254,0,0,0.00,221.48,-1.41,0.00,-15.56,-1.66,15.56,1010.00,1024.00,1024.00,1010.00
113333,0,0,0.00,221.48,-2.17,0.00,-4.69,-.73,-4.69,1014.00,1020.00,1020.00,1014.00
113355,0,0,0.00,221.48,-2.22,0.00,0.06,-2.78,-3.25,1015.00,1019.00,10,1016.00
113378,0,0,0.00,221.48,-2.12,0.00,4.87,-2.73,3.44,1017.00,1017.00,1017.00,1017.00
113443,0,0,0.00,221.48,-1.25,0.00,15.44,-2.09,13.31,1021.00,1013.00,1013.00,1021.00
113623,0,0,0.00,221.48,1.50,0.00,15.56,0.65,16.56,1023.00,1011.00,10,1022.00
113663,0,0,0.00,221.48,1.93,0.00,9.06,1.29,11.75,1022.00,1012.01013.00,1013.00,1021.00
113689,0,0,0.00,221.48,2.11,0.00,4.37,1.51,5.87,1020.00,1014.00,1014.00,1020.00
113922,0,0,0.00,221.48,-0.64,0.00,-18.69,-0.85,-18.69,1010.00,102.00,1025.00,1009.00
114004,0,0,0.00,221.48,-1.69,0.00,-12.56,-2.13,-13.69,10011.00,1023.00,1023.00,1011.00
114029,0,0,0.00,221.48,-2.06,0.00,-7.37,-2.46,-10.19,1012.00,1022.00,1022.00,1010
114058,0,0,0.00,221.48,-2.18,0.00,-2.50,-2.67,-5.69,1014.00,1020.00,1020.00,1014.00
114134,0,0,0.00,221.48,-1.85,0.00,8.25,-2.58,6.87,1018.00,1016.00,1016.00,1018.00
114242,0,0,0.00,221.48,-0.20,0.00,18.44,-1.11,18.06,1023.00,1011.00,1011.00,1023.00
114375,0,0,0.00,221.48,1.61,0.00,9.88,0.95,12.38,1022.00,1012.00,1012.00,1022.00
114525,0,0,0.00,221.48,1.28,0.00,-12.19,0.84,-11.00,1014.00,1020.00,122.00,1012.00
114612,0,0,0.00,221.48,0.03,0.00,-17.94,-0.18,-17.25,1011.00,1023.00,1023.0,1010.00
114638,0,0,0.00,221.48,-0.50,0.00,-18.19,-0.88,-18.31,1010.00,1024.00,1024.00,1010.00
114687,0,0,0.00,221.48,-1.33,0.00,-15.88,-1.74,-17.25,1010.00,102424.00,1024.00,1010.00
114713,0,0,0.00,221.48,-1.74,0.00,-12.94,-2.17,-13.81,1011.00,1023.00,1023.00,1011.00
114820,0,0,0.00,221.48,-2.28,0.00,2.37,-2.86,0.69,1016.00,1018.00,1018.00,1016.00
114924,0,0,0.00,221.48,-1.31,0.00,15.81,-1.87,15.38,1022.00,1012.00,1012.00,1022.00
114949,0,0,0.00,221.48,-0.83,0.00,17.00,-1.71,15.81,1022,1012.00,1012.00,1022.00
115061,0,0,0.00,221.48,0.99,0.00,15.19,0.13,16.37,1023.00,1011.00,1011.00,1023.00
115332,0,0,0.00,221.48,0.29,0.00,-17.19,0.06,-15.94,1011.00,1023.00,1023.00,1011.00
115381,0,0,0.00,221.48,-0.56,0.00,-17.75,-0.78,-17.81,1010.00,1024.00,1024.00,101010.00
115409,0,0,0.00,221.48,-1.05,0.00,-16.44,-1.29,-17.37,1010.00,1024.00,1024.00,1010.00
115439,0,0,.00,221.48,-1.49,0.00,-14.25,-1.76,-15.69,1010.00,1024.00,1024.00,1010.00
115643,0,0,0.00,221.48,-1.67,0.00,11.69,-2.35,10.75,1019.00,1010,1014.00,1020.00
115670,0,0,0.00,221.48,-1.12,0.00,14.62,-1.97,13.81,1021.00,1013.00,1013.00,1021.0
115753,0,0,0.00,221.48,0.03,0.00,17.56,-0.70,17.50,1023.00,1011.00,1011.00,1023.00
115791,0,0,0.00,221.48,0.68,0.00,16.44,-0.20,17.06,1023.00,1011.00,1011.00,1023.00
115982,0,0,0.00,221.48,1.35,0.00,-9.81,0.89,-8.69,1015.00,1019.00,1019.00,1015.00
116013,0,0,0.00,221.48,0.86,0.00,-13.31,0.56,-12.25,1013.00,1021.00,1021.00,1013.00
116062,0,0,0.00,221.48,0.25,0.00,-16.44,-0.15,-15.31,1011.00,1023.00,1023.00,1011.00
116086,0,0,0.00,221.48,-0.24,0.00,-16.94,-0.64,-17.12,1010.00,1024.00,1024.00,1010.00
116112,0,0,0.00,221.48,-090,0.00,-16.75,-1.13,-17.25,1010.00,1024.00,1024.00,1010.00
116176,0,0,0.00,221.48,-1.05,0.00,-15.88.63,-1.90,-14.44,1011.00,1023.00,1023.00,1011.00
116237,0,0,0.00,221.48,-1.99,0.00,-85,-2.55,-8.44,1013.00,1021.00,1021.00,1013.00
116316,0,0,0.00,221.48,-2.16,0.00,2.9,-2.72,2.62,1017.00,1017.00,1017.00,1017.00
116339,0,0,0.00,221.48,-2.00,0.00,7.06,-2.63,4.19,1017.00,1017.00,00,1018.00
116364,0,0,0.00,221.48,-1.73,0.00,10.31,-2.39,8.13,1018.00,1016.00,1016.00,1018.00
116435,0,0,0.00,221.48,-0.60,0.00,16.69,-1.32,15.81,1022.00,1012.00,1012.00,1022.00
116674,0,0,0.00,221.48,1.62,0.00,-3.06,1.09,-0.37,1017.00,1017.00,1017.00,1017.00
116702,0,0,0.00,221.48,1.45,0.00,-7.25,0.96,-5.94,1016.00,1018.00,1018.00,1016.00
116770,0,0,0.00,221.48,0.51,0.00,-15.13,0.24,-13.75,1012.00,1022.00,1022.00,1012.00
116793,0,0,0.00,221.48,0.36,0.00,-154,-0.20,-15.69,1011.00,1023.00,1023.00,1011.00
116907,0,0,0.00,221.48,-1.48,0.00,-13.31,-1.77,-1.31,1011.00,1023.00,1023.00,1011.00
116995,0,0,0.00,221.48,-2.12,0.00,-3.87,-2.68,-3.87,1014.00,1020.00,1020.00,1014.00
117049,0,0,0.00,221.48,-2.08,0.00,4.31,-2.71,1.37,1017.00,1017.00,1017.00,1017.00
117127,0,0,0.00,221.48,-1.32,0.00,13.13,-2.13,11.38,1020.00,1014.00,1014.00,1020.00
117153,0,0,0.00,2.48,-0.89,0.00,15.50,-1.74,14.19,1021.00,1013.00,1013.00,1021.00
117240,0,0,0.00,22.48,0.37,0.00,15.81,-0.50,16.44,1023.00,1011.00,1011.00,1023.00
117299,0,0,0.00,221.48,0.92,0.00,13.25,0.24,14.06,1022.00,1012.00,10,1021.00
117346,0,0,0.00,221.48,1.41,0.00,7.75,0.69,10.31,1021.00,1013.001014.00,1014.00,1020.00
117371,0,0,0.00,221.48,1.57,0.00,3.62,0.92,6.44,1020.00,1014.00,1014.00,1020.00
117504,0,0,0.00,221.48,0.98,0.00,-11.56,0.53,-6,1013.00,1021.00,1021.00,1013.00
117599,0,0,0.00,221.48,-0.63,0.00,-15.63,-1.04,-16.00,1011.00,1023.0,1023.00,1011.00
117678,0,0,0.00,221.48,-1.62,0.00,-9.88,-2.09,-10.75,1012.00,1022.00,1022.00,1012.00
117919,0,0,0.00,221.48,-0.41,0.00,15.75,-0.97,15.63,1022.00,1012.00,1012.00,1022.00
118046,0,0,0.00,221.48,1.44,0.00,8.37,0.71,10.94,1021.00,1013.00,1013.00,1021.00
118153,0,0,0.00,221.48,7,0.00,-4.81,1.06,-3.25,1017.00,1017.00,1017.00,1017.00
118205,0,0,0.00,221.48,1.17,0.00,-10.63,0.81,-8.31,1015.00,1019.00,1019.00,101.00
118324,0,0,0.00,221.48,-0.36,0.00,-15.56,-0.62,-15.81,1011.00,1023.00,1023.00,1011.00
118380,0,0,0.00,221.48,-1.07,0.00,-14.50,-1.36,-15.00,1011.00,1023.00,1023.000,1011.00
118412,0,0,0.00,221.48,-1.43,0.00,-11.31,-1.76,-13.00,1011.00,1023.00,1023.00,1011.00
118437,0,0,0.00,221.48,-1.69,0.00,-8.19,-2.09,-10.25,1012.00,1022.00,1022.00,1012.00
118606,0,0,0.00,221.48,-1.23,0.00,11.88,-1.79,11.88,1020.00,1014.00,1014.00,1020.00
118628,0,0,0.00,221.48,-0.83,0.00,14.25,-1.53,13.50,1021.00,1013.00,3.00,1021.00
118660,0,0,0.00,221.48,-0.40,0.00,15.19,-1.11,15.06,1022.00,1012.00,1012.00,1022.00
118739,0,0,0.00,221.48,0.76,0.00,13.63,0.07,14.38,1022.00,1012.00,1012.00,1022.00
118966,0,0,0.00,221.48,0.87,0.00,-11.94,0.43,-11.25,1013.00,1021.00,1021.00,1013.00
119081,0,0,0.00,221.48,-0.68,0.00,-14.81,-1.10,-14.87,1011.00,1023.00,1023.00,1011.00
119109,0,0,0.00,221.48,-0.9,0.00,-13.06,-1.51,-13.75,1011.00,1023.00,1023.00,1011.00
119297,0,0,0.00,221.48,-1.58,0.00,7.94,-2.28,5.81,10.00,1016.00,1016.00,1018.00
119423,0,0,0.00,221.48,0.21,0.00,14.69,-0.64,15.13,1022.00,1012.00,1012.00,1022.00
119457,0,0,0.00,221,0.62,0.00,13.81,-0.21,14.62,1022.00,1012.00,1012.00,1022.00
119532,0,0,0.00,221.48,1.27,0,6.56,0.71,8.81,1020.00,1014.00,1014.00,1020.00
119577,0,0,0.00,221.48,1.55,0.00,1.50,0.97,2.94,1018.00,1016.00,1016.00,1018.00
119653,0,0,0.00,221.48,1.23,0.00,-8.19,0.81,-5.87,1016.00,1018.00,1018.00,1016.00
119769,0,0,0.00,221.48,-0.13,0.00,-15.00,-0.40,-14.44,1012.00,1022.00,1022.00,1012.00
119797,0,0,0.00,221.48,-0.27,0.00,-14.87,-0.69,-4.87,1011.00,1023.00,1023.00,1011.00
119899,0,0,0.00,221.48,-1.66,0.00,-8.69,-2.06,-9.50,1013.00,1.00,1021.00,1013.00
119984,0,0,0.00,221.48,-1.83,0.00,0.75,-2.42,-0.44,1016.00,1000,1018.00,1016.00
120005,0,0,0.00,221.48,-1.75,0.00,4.69,-2.36,3.44,1017.00,1017.00,1017.00,1017.00
120130,0,0,0.00,221.48,-0.36,0.00,81,-0.92,14.62,1022.00,1012.00,1012.00,1022.00
120268,0,0,0.00,221.48,1.30,0.00,7.31,0.58,9.56,1021.00,1013.00,1013.00,1021.00
120451,0,0,0.00,221.48,0.78,0.00,-10.88,.22,-10.88,1013.00,1021.00,1021.00,1013.00
120480,0,0,0.00,221.48,0.40,0.00,-13.31,0.10,-12.25,1013.00,1021.00,22.00,1012.00
120578,0,0,0.00,221.48,-1.07,0.00,-12.25,-1.39,-13.50,1011.00,1023.00,1023.00,101100
120620,0,0,0.00,221.48,-1.39,0.00,-10.19,-1.86,-11.63,1012.00,1022.00,1022.00,1012.00
120664,0,0,0.00,221.48,-1.74,0.00,-5.06,-2.19,-7.31,1013.00,1021.00,1021.00,1014.00
120690,0,0,0.00,221.48,-1.82,0.00,-1.69,-2.37,-3.81,1015.00,1019.00,1019.00,1015.00
120951,0,0,0.00,221.48,0.30,0.00,13.06,-0.39,13.44,1022.00,1012.00,1012.00,1022
120974,0,0,0.00,221.48,0.65,0.00,11.50,-0.02,12.19,1021.00,1013.00,1013.00,1021.00
121128,0,0,0.00,221.48,1.04,0.00,-6.94,0.55,-5,1015.00,1019.00,1019.00,1015.00
121158,0,0,0.00,221.48,0.78,0.00,-9.63,0.31,-8.94,1014.00,1020.00,1020.00,1014
121190,0,0,0.00,221.48,0.33,0.00,-12.00,0.01,-11.31,1013.00,1021.00,1021.00,1013.00
121288,0,0,0.00,221.48,-0.60,0.00,-13.75,-1.02,-14.06,1011.00,1023.00,1023.00,1011.00
121358,0,0,0.00,221.48,-1.61,0.00,-9.69,-1.99,-10.63,1012.00,1022.00,1022.00,1012.00
121382,0,0,0.00,221.48,-1.81,0.00,-5.62,-2.25,-7.75,1013.00,1021.00,1021.00,1013.00
121404,0,0,0.00,221.48,-1,0.00,-2.31,-2.42,-4.50,1014.00,1020.00,1020.00,1014.00
121503,0,0,0.00,221.48,-1.62,0.00,7.63,-2.25,5.44,1017.00,00,1016.00,1018.00
121589,0,0,0.00,221.48,-0.76,0.00,12.81,-1.57,12.31,1020.00,101.00,1013.00,1021.00
121617,0,0,0.00,221.48,-0.37,0.00,13.50,-1.06,13.19,1021.00,1013.00,1013.00,1021.00
121646,0,0,0.00,221.48,0.03,0.00,13.56,-0.67,14.06,1022.00,1012.00,1012.00,1022.00
121696,0,0,0.00,221,0.63,0.00,11.31,-0.15,12.38,1021.00,1013.00,1013.00,1021.00
121842,0,0,0.00,221.48,1.11,0.00,-4.75,0.59,-2.31,1017.00,1017.00,1017.00,1017.00
121871,0,0,0.00,221.48,0.91,0.00,-7.81,0.49,-5.87,1015.00,1019.00,1019.00,1015.00
121972,0,0,0.00,221.48,-0.08,.00,-13.56,-0.64,-13.31,1012.00,1022.00,1022.00,1012.00
122073,0,0,0.00,221.1.48,-1.31,0.00,-10.50,-1.76,-11.94,1012.00,1022.00,1022.00,1012.00
122095,0,0,0.00,221.48,-1.50,0.00,-9.56,-1.,-9.56,1013.00,1021.00,1021.00,1013.00
122208,0,0,0.00,221.48,-1.85,0.00,2.37,-2.44,-0.13,1016.00,1018.00,10,1017.00
122234,0,0,0.00,221.48,-1.72,0.00,5.56,-2.37,3.50,1017.00,1017.00,1017.00,1017.00
122277,0,0,0.00,221.48,-1.41,0.00,9.06,-2.06,8.50,1019.00,1015.00,1015.00,101900
122300,0,0,0.00,221.48,-0.99,0.00,11.38,-1.77,10.50,1020.00,1014.00,1014.00,1020.00
122323,0,0,0.00,248,-0.62,0.00,12.69,-1.43,12.31,1021.00,1013.00,1013.00,1021.00
122387,0,0,0.00,221.48,-0.49,0.00,13.25,-0.79,13.38,1021.00,1013.00,1013.00,1021.00
122517,0,0,0.00,221.48,1.11,0.00,4.31,0.45,6.44,1019.00,100,1015.00,1019.00
122539,0,0,0.00,221.48,1.14,0.00,-0.19,0.57,2.31,1018.00,1016.00,1016.00,1018.00
122757,0,0,0.00,221.48,-0.64,0.00,-122.81,-1.20,-12.94,1012.00,1022.00,1022.00,1012.00
122785,0,0,0.00,221.48,-1.00,0.00,-12.06,-1.44,-12.81,1012.00,1022.00,1022.00,1012.00
122812,0,0,0.00,221.48,-1.32,0.00,-10.44,-1.79,-11.13,1012.00,1022.00,1022.00,1013.00
122892,0,0,0.00,221.48,-1.84,0.00,-3.19,-2.37,-4.19,1015.00,1019.00,1019.00,1010
122923,0,0,0.00,221.48,-1.87,0.00,0.13,-2.43,-1.12,1016.00,1018.00,1018.00,1016.00
122970,0,0,0.00,221.48,-1.71,0.00,5.31,-2.32,3.31,1017.00,1017.00,1017.00,1017.00
123114,0,0,0.00,221.48,-0.01,0.00,13.00,-0.83,12.88,1021,1013.00,1013.00,1021.00
123240,0,0,0.00,221.48,0.93,0.00,6.37,0.31,7.25,1020.00,1014.00,1014.00,1020.00
123505,0,0,0.00,221.48,-0.79,0.00,-12.44,-1.11,-12.81,1012.00,1022.00,1022.00,1012.00
123568,0,0,0.00,221.48,-1.58,0.00,-7.81,-1.97,-9.13,1013.00,1021.00,1021.00,1013.00
123840,0,0,0.00,221.48,-0.41,0.00,12.50,-1.09,12.13,1021.00,1013.00,1013.00,1021.00
123891,0,0,0.00,221.48,0.18,0.00,11.63,-0.61,12.31,1021.00,1013.00,1013.00,21.00
123922,0,0,0.00,221.48,0.48,0.00,10.06,-0.18,10.88,1021.00,1013.00,1013.00,1021.00
124032,0,0,0.00,221.48,0.97,0.00,-1.50,0.43,0.56,1017.00,1017.00,00,1017.00
124073,0,0,0.00,221.48,0.87,0.00,-4.50,0.35,-2.56,1017.00,1017.00,1017.00,1017.00
124120,0,0,0.00,221.48,0.52,0.00,-8.94,0.13,-7.44,1015.00,1019.00,1019.00,1014.00
124147,0,0,0.00,221.48,0.21,0.00,-11.44,-0.14,-10.19,1013.00,1021.00,1021.00,1013.00
124172,0,0,0.0,221.48,-0.14,0.00,-12.19,-0.58,-11.81,1013.00,1021.00,1021.00,1013.00
124312,0,0,0.00,221.48,-1.,0.00,-9.00,-1.82,-9.81,1013.00,1021.00,1021.00,1013.00
124361,0,0,0.00,221.48,-1.75,0.00,-1.75,-2.30,-4.12,1015.00,1019.00,1019.00,1015.00
124380,0,0,0.00,221.48,-1.76,0.00,0.19,-2.31,-1.75,10,1018.00,1018.00,1016.00
124410,0,0,0.00,221.48,-1.69,0.00,3.19,-2.30,1.19,1017.00,1017.00,1017.00,10
124511,0,0,0.00,221.48,-1.13,0.00,9.31,-1.88,8.44,1019.00,1015.00,1015.00,1019.00
124545,0,0,0.00,221.48,-0.81,0.00,11.13,-1.58,10.63,1020.00,1014.00,1014.00,1020.00
124602,0,0,0.00,221.48,0.13,0.00,11.94,-0.67,12.00,1021.00,1013.00,1013.00,1021.00
124627,0,0,0.00,221.48,0.24,0.00,5,-0.32,11.13,1021.00,1013.00,1013.00,1021.00
124806,0,0,0.00,221.48,0.91,0.00,-4.62,0.39,-3.62,1016.00,1018.00,1018.00,1016.00
124832,0,0,0.00,221.48,0.72,0.00,-7.25,0.23,-6.56,1015.00,1019.00,1019.00,1015.00
124876,0,0,0.00,221.48,0.27,0.00,-10.63,-0.18,-9.13,1014.3.00,1021.00,1021.00,1013.00
124960,0,0,0.00,221.48,-0.64,0.00,-11.75,-0.97,-12.06,101.00,1022.00,1022.00,1012.00
125044,0,0,0.00,221.48,-1.42,0.00,-8.00,-1.82,-9.00,1013.00,1021.00,1021.00,1013.00
125072,0,0,0.00,221.48,-1.60,0.00,-5.50,-2.11,-7.19,1013.00,1021.00,1021.00,4.00
125104,0,0,0.00,221.48,-1.71,0.00,-2.56,-2.25,-3.62,1015.00,1019.00,1019.00,1015.00
125175,0,0,0.00,221.48,-1.58,0.00,5.06,-2.18,3.37,1017.00,1017.00,1017.00,1017.00
125192,0,0,0.00,2,-1.38,0.00,7.63,-2.02,5.87,1018.00,1016.00,1016.00,1018.00
125278,0,0,0.00,221.48,-0.88,0.00,11.69,-1.37,11.13,1020.00,1014.00,1014.00,1020.00
125303,0,0,0.00,221.48,-0.47,0.00,11.81,-1.14,11.69,1000,1013.00,1013.00,1021.00
125419,0,0,0.00,221.48,0.66,0.00,8.06,0.03,8.75,1020.00,1014.00,1014.00,1020.00
125452,0,0,0.00,221.48,0.85,0.00,5.50,0.24,6.44,1019.00,1015.00,1015.00,1019.00
125529,0,0,0.00,221,0.92,0.00,-2.37,0.40,-0.62,1017.00,1017.00,1017.00,1017.00
125552,0,0,0.00,221.48,0.89,0.00,-3.25,0.36,-2.37,10,1018.00,1018.00,1016.00
125767,0,0,0.00,221.48,-1.23,0.00,-9.69,-1.61,-10.13,1013.00,1021.00,1021.00,1013.00
125834,0,0,0.00,221.48,-1.48,0.00,-2.56,-2.12,-3.37,1015.00,1019.00,1019.00,1015.00
125975,0,0,0.00,221.48,-1.09,0.00,9.06,-1.81,7.,1019.00,1015.00,1015.00,1019.00
126002,0,0,0.00,221.48,-0.79,0.00,10.44,-1.55,9.31,1019.00,1015.00,1015.00,1010
126024,0,0,0.00,221.48,-0.47,0.00,11.38,-1.25,10.75,1020.00,1014.00,1014.00,1020.00
126097,0,0,0.00,221.48,0.39,0.00,10.19,-0.37,10.88,1021.00,1013.00,1013.00,1021.00
126118,0,0,0.00,8,0.65,0.00,8.37,-0.08,9.75,1020.00,1014.00,1014.00,1020.00
126253,0,0,0.00,221.48,0.98,0.00,-2.56,0.46,-0.50,1017.00,1017.00,1017.00,1017.00
126331,0,0,0.00,221.48,0.57,0.00,-8.19,0.10,-7.37,1015.00,1019.00,1019.00,1015.00
126439,0,0,0.00,221.4.48,-0.66,0.00,-11.06,-1.01,-11.19,1013.00,1021.00,1021.00,1013.00
126461,0,0,0.00,221.48,-0.76,0.00,-10.69,-1.,-10.69,1013.00,1021.00,1021.00,1013.00
126488,0,0,0.00,221.48,-1.05,0.00,-9.25,-1.52,-9.81,1013.00,21.00,1021.00,1013.00
126676,0,0,0.00,221.48,-1.28,0.00,6.75,-1.91,5.06,1017.00,1017.00,1017.00,1017.00
126809,0,0,0.00,221.48,-0.03,0.00,11.06,-0.80,6,1021.00,1013.00,1013.00,1021.00
126905,0,0,0.00,221.48,0.82,0.00,5.69,0.20,6.56,1019.00,1015.00,1015.00,1019.00
127032,0,0,0.00,221.48,0.80,0.00,-5.12,0.29,-4.25,.00,1018.00,1018.00,1016.00
127129,0,0,0.00,221.48,0.17,0.00,-10.06,-0.29,-9.06,1014.000,1021.00,1021.00,1013.00
127156,0,0,0.00,221.48,-0.14,0.00,-10.81,-0.60,-10.94,1013.00,1021.00,1021.00,1013.00
127186,0,0,0.00,221.48,-0.56,0.00,-10.75,-0.91,-10.94,1013.00,1021.00,1021.00,1013.00
127249,0,0,0.00,221.48,-1.27,0.00,-8.00,-1.68,-8.50,1013.00,1021.00,1021.00,1013.00
127441,0,0,0.00,221.48,-1.30,0.00,6.37,-1.93,5.00,1017.00,101,1015.00,1019.00
127485,0,0,0.00,221.48,-0.60,0.00,10.31,-1.36,9.81,1020.00,1014.00,1014.00,1000
127524,0,0,0.00,221.48,-0.29,0.00,10.69,-1.06,10.56,1020.00,1014.00,1014.00,1020.00
127569,0,0,0.00,221.48,0.22,0.00,10.25,-0.53,10.63,1020.00,1014.00,1014.00,1020.
127595,0,0,0.00,221.48,0.48,0.00,8.44,-0.25,9.38,1020.00,1014.00,1014.00,1020.00
127750,0,0,0.00,221.48,0.78,0.00,-4.06,0.30,-2.44,1017.00,1017.00,1017.00,1017.00
127909,0,0,0.00,221.48,-0.19,0.00,-10.50,-0.-0.95,-10.56,1013.00,1021.00,1021.00,1013.00
127962,0,0,0.00,221.48,-0.97,0.00,-9.19,.53,-9.19,1013.00,1021.00,1021.00,1013.00
128039,0,0,0.00,221.48,-1.47,0.00,-3.56,2.03,-3.56,1015.00,1019.00,1019.00,1015.00
128069,0,0,0.00,221.48,-1.53,0.00,-1.25,-2.08,-2.00,1016.00,1018.00,.00,1016.00
128101,0,0,0.00,221.48,-1.52,0.00,1.37,-2.09,0.50,1017.00,1017.00,1017.00,1017.00
128174,0,0,0.00,221.48,-1.13,0.00,7.63,-1.76,5.94,1018.00,1016.00,1016.00,1018.00
128269,0,0,0.00,221.48,-0.08,0.00,10.31,-0.85,10.56,1020.00,1014.00,1014.00,1020.00
128375,0,0,0.00,221.48,0.66,0.00,6.06,0.03,6.81,1019.00,1015.00,1015.01015.00,1019.00
128401,0,0,0.00,221.48,0.79,0.00,3.94,0.19,4.50,1018.00,1016.00,1016.00,1018.00
128505,0,0,0.00,221.48,03,0.00,-5.69,0.17,-4.25,1016.00,1018.00,1018.00,1016.00
128646,0,0,0.00,221.48,-0.42,0.00,-10.44,-0.88,-10.38,1013.00,1021.00,1021.00,1013.0
128672,0,0,0.00,221.48,-0.81,0.00,-9.81,-1.18,-10.06,1013.00,1021.00,1021.00,1013.00
128723,0,0,0.00,221.48,-1.14,0.00,-7.87,-1.62,-8.31,1013.00,1021.00,1021.00,1013.00
128760,0,0,0.00,221.48,-1.33,0.00,-5.81,-1.83,-6.56,1014.00,1020.00,1020.00,1014.00
128782,0,0,0.00,.48,-1.48,0.00,-3.69,-1.98,-4.37,1015.00,1019.00,1019.00,1015.00
128823,0,0,0.00,221.48,-1.51,0.00,-.50,-2.08,-0.44,1016.00,1018.00,1018.00,1016.00
128978,0,0,0.00,221.48,-0.49,0.00,9.81,-1.25,9.63,1020.00,1014.00,1014.00,1020.00
129004,0,0,0.00,221.48,-0.20,0.00,10.13,-0.95,10.38,1020.00,1014.00,1014.00,1020.00
129064,0,0,0.00,221,0.17,0.00,8.94,-0.47,9.31,1020.00,1014.00,1014.00,1020.00
129215,0,0,0.00,221.48,0.64,0.00,-2.31,0.13,-1.44,1017.00,1017.00,1017.00,1017.00
129244,0,0,0.00,221.48,0.50,0.00,-5.00,0.04,-4.06,1016.00,1018.00,1018.00,1016.00
129340,0,0,0.00,221.48,-0.22,0.00,.06,-0.78,-9.75,1013.00,1021.00,1021.00,1013.00
