millis,armed,roll,pitch,yaw,gx,gy,gz,err_roll,err_pitch,err_yaw,m1,m2,m3,m4
58,0,1.16,5.17,117.99,0.00,0.06,-0.13,1.30,4.33,117.08,1041.00,1000.00,1046.00,1000.00
84,0,1.16,5.17,117.99,-0.25,0.06,0.06,1.30,4.33,117.08,1041.00,1000.00,1046.00,1000.00
121,0,1.16,5.17,117.99,-0.31,0.00,-0.13,1.30,4.33,117.08,1041.00,1000.00,1046.0000,1000.00
146,0,1.16,5.17,117.99,-0.19,0.06,0.06,1.30,4.33,117.08,1041.00,1000.00,1046.00,1000.00
171,0,1.16,5.17,117.99,-0.13,-0.06,0.06,1.30,4.33,117.08,1041.00,1000.00,1046.00,1000.00
230,0,1.16,5.17,117.99,0.06,-0.06,-0.06,1.30,4.33,117.08,1041.00,1000.00,1046.00,1000.00
256,0,1.1,5.17,117.99,-0.13,0.06,0.00,1.30,4.33,117.08,1041.00,1000.00,1046.00,1000.00
293,0,1.16,5.17,117.99,-0.13,0.06,-0.06,1.30,4.33,117.08,1041.00,1000.00,1046.00,1000.00>.00
317,0,1.16,5.17,117.99,-0.06,-0.06,0.00,1.30,4.33,117.08,1041.00,1000.00,1046.00,1000.00
342,0,1.16,5.17,117.99,0.00,0.00,-0.06,1.30,4.33,117.08,1041.00,1000.00,1046.00,1000.00
391,0,1.16,5.17,117.99,0.00,0.06,0.06,1.30,4.26,117.15,1041.00,1000.00,1046.00,1000.00
417,0,1.16,5.17,117.99,-0.13,0.13,0.06,1.30,4.33,117.15,1041.00,1000.00,1046.00,1000.00
495,0,1.16,5.17,117.99,0.06,0.13,0.13,1.30,4.33,117.15,1041.00,1000.00,1046.00,1000.00
521,0,1.16,5.17,117.99,0.13,-0.06,0.06,1.30,4.33,117.08,1041.00,1000.00,1046.00,1000.00
547,0,1.16,5.17,117.99,-0.25,-0.13,-0.06-0.06,1.30,4.33,117.08,1041.00,1000.00,1046.00,1000.00
600,0,1.16,5.17,117.99,0.06,0.03,-0.06,1.30,4.33,117.08,1041.00,1000.00,1046.00,1000.00
659,0,1.16,5.17,1117.99,-0.13,0.00,0.00,1.30,4.33,117.08,1041.00,1000.00,1046.00,1000.00
711,0,1.16,5.17,117.99,0.06,-0.13,0.00,1.30,4.33,117.08,1041.00,1000.00,1046.00,1000.00
795,0,1.16,5.17,117.99,-0.06,0.13,0.13,1.30,44.33,117.08,1041.00,1000.00,1046.00,1000.00
864,0,1.16,5.17,117.99,-0.06.13,-0.13,-0.06,1.30,4.33,117.08,1041.00,1000.00,1046.00,1000.00
892,0,1.16,5.17,117.99,0.00,-0.06,0.00,1.30,4.333,117.15,1041.00,1000.00,1046.00,1000.00
1001,0,1.16,5.17,117.99,0.06,0.06,0.00,1.30,4.333,117.08,1041.00,1000.00,1046.00,1000.00
1067,0,1.16,5.17,117.99,0.06,-0.13.06,-0.13,1.30,4.33,117.08,1041.00,1000.00,1046.00,1000.00
1095,0,1.16,5.17,117.99,-0.13,-0.13,-0.06,1.30,4.26,117.08,1041.00,1000.00,1046.00,1000.00
1220,0,1.16,5.17,117.99,-0.13,-0.06,-0.13,1.30,4.26,117.08,1041.00,1000.00,1046.00,1000.00
1344,0,1.16,5.17,117.99,0.13,-0.06,-0.06,1.30,4.33,117.08,104.00,1000.00,1046.00,1000.00
1474,0,1.16,5.17,117.99,0.00,0.13,0.13,1.30,4.33,117.08,1041.000,1000.00,1046.00,1000.00
1538,0,1.16,5.17,117.99,-0.06,0.06,-0.06,1.30,4.3.33,117.08,1041.00,1000.00,1046.00,1000.00
1564,0,1.16,5.17,117.99,-0.06,0.06,0.06,1.30,4.33,117.08,1041.00,1000.00,1046.00,1000.00
1644,0,1.16,5.17,117.99,-0.06,0.19,-0.13,1.30,4.33,117.08,1041.00,1000.00,11046.00,1000.00
1708,0,1.16,5.17,117.99,0.06,-0.13,0.06,1.30,4.33,117.08,1041041.00,1000.00,1046.00,1000.00
1737,0,1.16,5.17,117.99,0.00,0.06,0.13,1.30,4.33,117.08,1041.00,1000.00,1046.00,100.00
1763,0,1.16,5.17,117.99,-0.06,0.06,0.06,1.30,4.33,117.08,1041.00,1000.00,1046.00,1000.00
1829,0,1.16,5.17,117.99,0.00,0.06,-0.06,1.30,4.33,117.08,1041.00,1000.00,1046.00,1000.00
1856,0,1.16,5.17,117.99,0.00,0.06,0.06,1.30,4.33,117.08,1041.00,1000.00,1046.00,1000.00
1914,0,1.16,5.17,117.99,0.00,0.19,0.06,1.30,4.33,117.08,1041.00,1000.00,101046.00,1000.00
1942,0,1.16,5.17,117.99,-0.19,0.19,0.06,1.30,4.26,117.08,1041.00,1000.00,1046.00,1000.00
1968,0,1.16,5.17,117.99,0.19,0.06,0.00,1.30,4.33,117.08,1041.00,1000.00,1046.00,1000.00
2024,0,1.16,5.17,117.99,0.00,0.06,0.06,1.30,4.33,117.08,1041.00,1000.00,1046.00,1000.00
2056,0,11.16,5.17,117.99,-0.13,0.00,-0.06,1.30,4.33,117.08,1041.00,1000.00,1046.00,1000.00
2096,0,1.16,5.17,117.99,0.00,0.00,0.00,1.30,4.33,117.08,1041.00,1000.00,1046.00,1000.00>0.00
2123,0,1.16,5.17,117.99,0.13,-0.06,-0.06,1.30,4.33,117.08,1041.00,1000.00,1046.00,1000.00
2164,0,1.16,5.17,117.99,0.13,-0.06,0.06,1.30,4.33,117.08,1041.00,1000.00,1046.00,1000.00
2218,0,1.16,5.17,117.99,-0.25,0.00,0.06,1.30,4.33,117.15,1041.00,1000.00,1046.00,1000.00
2261,0,1.16,5.17,117.99,-0.13,0.19,-0.06,1.30,4.33,117.15,1041.00,1000.00,1046.00,1000.00
2335,0,1.16,5.17,117.99,0.06,0.00,0.06,1.30,4.33,117.08,1041.00,1000.00,1046.00,1000.00
2362,0,1.16,5.17,117.99,-0.00,-0.06,-0.06,1.30,4.33,117.08,1041.00,1000.00,1046.00,1000.00
2444,0,1.16,5.17,117.99,0.00,0.00,-0.06,1.30,4.33,117.15,1041.00,1000.00,1046.00,1000.00
2503,0,1.16,5.1717,117.99,0.00,0.00,0.00,1.30,4.26,117.08,1041.00,1000.00,1046.00,1000.00
2531,0,1.16,5.17,117.99,0.31,0.00,0.00,.30,4.26,117.08,1041.00,1000.00,1046.00,1000.00
2616,0,1.16,5.17,117.99,-0.13,0.00,0.06,1.330,4.33,117.15,1041.00,1000.00,1046.00,1000.00
2677,0,1.16,5.17,117.99,-0.-0.25,0.13,0.00,1.30,4.33,117.08,1041.00,1000.00,1046.00,1000.00
2702,0,1.16,5.17,117.99,-0.06,0.00,0.13,1.30,4.333,117.08,1041.00,1000.00,1046.00,1000.00
2810,0,1.16,5.17,117.99,0.13,0.13,0.13,1.30,4.33,1117.08,1041.00,1000.00,1046.00,1000.00
2891,0,1.16,5.17,117.99,-0.06,0.06,0.-0.06,1.30,4.33,117.08,1041.00,1000.00,1046.00,1000.00
2917,0,1.16,5.17,117.99,0.13,0.13,-0.06,1.30,4.33,117.08,11041.00,1000.00,1046.00,1000.00
2997,0,1.16,5.17,117.99,0.00,0.00,-0.06,1.30,4.33,117.08,104100,1000.00,1046.00,1000.00
3080,0,1.16,5.17,117.99,0.37,0.06,0.06,1.30,4.34.33,117.08,1041.00,1000.00,1046.00,1000.00
3108,0,1.16,5.17,117.99,0.06,0.00,0.00,1.30,4.33,117.08,1041.00,1000..00,1046.00,1000.00
3193,0,1.16,5.17,117.99,0.06,0.00,0.00,1.30,4.33,117.08,1041.00,1000.00,1046.00,1000.00
3307,0,1.16,5.17,117.99,-0.06,-0.06,-0.06,1.30,4.33,117.08,1041.00,1000.00,1046..00,1000.00
3383,0,1.16,5.17,117.99,0.00,0.00,-0.06,1.30,4.33,117.08,1041.00,1000.00,1046.0,1000.00
3409,0,1.16,5.17,117.99,0.06,0.06,0.00,1.30,4.33,117.08,1041.00,1000.00,1046.00,1000.00
3442,0,1.16,5.17,117.99,0.06,0.00,-0.13,1.30,4.33,117.08,1041.00,100000.00,1046.00,1000.00
3467,0,1.16,5.17,117.99,-0.19,0.00,0.06,1.30,4.33,117.15,1041.00,1000.00,1046.00,1000.00
3490,0,1.16,5.17,117.99,0.06,0.13,0.00,1.30,4.33,117.08,1041.00,1000.00,1046.00,1000.00
3546,0,1.16,5.17,117.99,0.06,0.06,0.00,1.30,4.33,117.15,1041.00,1000.00,1046.00,1000.00
3571,0,1.16,5.17,117.99,0.06,0.06,-0.06,1.30,4.33,117.08,1041.00,1000.00,1046.00,1000.00
3636,0,1.16,5.17,117.99,0.00,0.06,0.00,1.30,4.33,117.15,1041.00,1000.00,1046.00,1000.00
3713,0,1.16,5.17,117.99,0.06,0.06,0.13,1.30,4.33,117.08,1041.00,1000.00,1046.00,1000.00
3742,0,1.16,5.17,117.99,0.00,0.06,0.13,1.30,4.33,117.08,1041.00,1000.00,1046.00,1000.00
3804,0,1.16,5.17,117.99,0.19,-0.06,-0.06,1.30,4.33,117.08,1041.00,1000.00,1046.00,1000.00
3827,0,1.16,5.17,117.99,013,0.06,0.00,1.30,4.33,117.08,1041.00,1000.00,1046.00,1000.00
3912,0,1.16,5.17,117.99,0.19,0.19,0-0.13,1.30,4.33,117.08,1041.00,1000.00,1046.00,1000.00
4023,0,1.16,5.17,117.99,-0.06,0.06,0.00,1.30,4.33,117.08,1041.00,1000.00,1046.00,1000.00
4111,0,1.16,5.17,117.99,0.06,-0.13,-0.19,1.30,4.33,117.08,1041.00,1000.00,1046.00,1000.00
4246,0,1.16,5.17,117.99,0.06,0.06,-0.06,1.30,4.33,117.08,1041.00,1000.00,1046.00,1000.00
4322,0,1.16,5.17,117.99,0.00,0.13,0.00,1.30,4.33,11.08,1041.00,1000.00,1046.00,1000.00
4385,0,1.16,5.17,117.99,-0.06,0.06,0.0.00,1.30,4.33,117.08,1041.00,1000.00,1046.00,1000.00
4409,0,1.16,5.17,117.99,-0.13,0.00,0.06,1.30,4.26,117.08,1041.00,1000.00,1046.00,1000.00
4514,0,1.16,5.17,117.99,-0.19,0.00,-0.13,1.30,4.33,117.08,1041.000,1000.00,1046.00,1000.00
4604,0,1.16,5.17,117.99,-0.13,0.06,-0.06,1.30,4.34.33,117.15,1041.00,1000.00,1046.00,1000.00
4630,0,1.16,5.17,117.99,0.06,0.00,-0.06,1.30,4.33,117.15,1041.00,10000.00,1046.00,1000.00
4707,0,1.16,5.17,117.99,0.06,0.00,0.00,1.30,4.33,117.15,1041.00,1000..00,1046.00,1000.00
4769,0,1.16,5.17,117.99,0.19,0.00,0.06,1.30,4.33,117.1508,1041.00,1000.00,1046.00,1000.00
4794,0,1.16,5.17,117.99,0.19,0.00,-0.06,1.30,4.33,117.08,1041.00,1000.00,1046.0,1000.00
4820,0,1.16,5.17,117.99,0.06,0.06,-0.13,1.30,4.68,117.08,1041.00,1000.00,1047.00,1000.00
4874,0,1.16,5.17,117.99,0.00,0.19,0.00,1.30,4.54,117.15,1041.00,1000.00,1047.00,1000.0
4899,0,1.16,5.17,117.99,0.00,0.13,-0.13,1.30,4.54,117.15,1041.00,1000.00,1047.00,1000.00
4956,0,1.16,5.17,117.99,0.06,0.06,0.06,1.30,4.33,117.08,1041.00,1000.00,1046.00,1000.00
4983,0,1.16,5.17,117.99,0.00,-0.13,0.00,1.30,4.33,117.08,1041.00,1000.00,1046.00,1000.00
5052,0,1.16,5.17,117.99,-0.06,0.06,0.13,1.30,4.33,117.08,1041.00,1000.00,1046.00,1000.00
5079,0,1.16,5.17,117.99,-0.19,-0.13,0.00,1.30,4.33,117.08,1041.00,1000.00,1046.00,1000.00
5111,0,1.16,5.17,117.99,-0.06,0.06,0.00,1.30,4.33,117.08,1041.00,1000.00,1046.00,1000.00.00
5138,0,1.16,5.17,117.99,0.13,-0.06,0.00,1.30,4.33,117.08,1041.00,1000.00,1046.00,1000.00
5165,0,1.16,5.7,117.99,-0.13,-0.13,0.06,1.30,4.33,117.08,1041.00,1000.00,1046.00,1000.00
5243,0,1.16,5.17,117.99,0.13,-0.13,0.00,1.30,4.33,117.08,1041.00,1000.00,1046.00,1000.00
5266,0,1.16,5.17,117.99,0.00,-0.19,-0.06,1.30,4.33,117.08,1041.00,1000.00,1046.00,1000.00
5317,0,1.16,5.17,117.99,0.37,0.00,0.00,1.30,4.33,117.08,1041.00,1000.00,1046.00,1000.00
5341,0,1.16,5.17,117.99,-0.19,0.00,0.13,1.30,4.33,117.08,1041.00,1000.00,1046.00,1000.00
5413,0,1.16,5.17,117.99,-0.25,0.06,0.19,1.30,4.33,117.08,1041.00,1000.00,1046.00,1000.00
5474,0,1.16,5.15.17,117.99,0.00,0.06,0.00,1.30,4.33,117.08,1041.00,1000.00,1046.00,1000.00
5501,0,1.16,5.17,117.99,-0.25,0.06,0.0.06,1.30,4.33,117.08,1041.00,1000.00,1046.00,1000.00
5671,0,1.16,5.17,117.99,-0.06,0.06,0.00,1.300,4.33,117.08,1041.00,1000.00,1046.00,1000.00
5769,0,1.16,5.17,117.99,-0.31,-0.13,0.00,1.3030,4.33,117.08,1041.00,1000.00,1046.00,1000.00
5835,0,1.16,5.17,117.99,-0.1.06,-0.13,0.06,1.30,4.33,117.08,1041.00,1000.00,1046.00,1000.00
5864,0,1.16,5.17,117.99,-0.19,0.06,0.13,1.30,4.333,117.08,1041.00,1000.00,1046.00,1000.00
5895,0,1.16,5.17,117.99,0.06,-0.13,0.00,1.30,4.33,117.08,10411041.00,1000.00,1046.00,1000.00
5958,0,1.16,5.17,117.99,0.13,0.13,0.00,1.30,4.33,117.08,1041.00,1000.00,1046.00,1000.00
6022,0,1.16,5.17,117.99,-0.13,0.06,0.130.06,1.30,4.26,117.08,1041.00,1000.00,1046.00,1000.00
6050,0,1.16,5.17,117.99,0.25,-0.13,0.06,1.30,4.33,117.08,1041.00,1000.00,1046.00,1000.00
6078,0,1.16,5.17,117.99,0.13,-0.06,0.13,1.30,4.33,117.08,1041.00,1000.0000.00,1046.00,1000.00
6140,0,1.16,5.17,117.99,-0.06,0.00,0.00,1.30,4.33,117.08,1041.0,1000.00,1046.00,1000.00
6248,0,1.16,5.17,117.99,-0.06,0.00,0.25,1.30,4.33,117.08,1041.00,1000.00,1046.00,1000.00
6362,0,1.16,5.17,117.99,0.06,-0.06,0.00,1.30,4.33,117.08,1041.00,1000.00,104.00,1000.00
6421,0,1.16,5.17,117.99,0.00,0.06,-0.06,1.30,4.33,117.08,104141.00,1000.00,1046.00,1000.00
6446,0,1.16,5.17,117.99,0.00,0.06,-0.06,1.30,4.33,117.08,1041.00,1000.00,1046.00,10000.00
6471,0,1.16,5.17,117.99,0.00,-0.06,-0.06,1.30,4.33,117.08,1041.00,1000.00,1046.00,1000.00
6526,0,1.16,5.17,117.99,0.00,-0.06,0.13,1.30,4.33,117.08,1041.00,1000.00,1046.00,1000.00
6554,0,1.16,5.17,117.99,0.13,-0.06,0.00,1.30,4.33,117.08,1041.00,1000.00,1046.00,1000.00
6614,0,1.16,5.17,117.99,0.00,0.00,-0.06,1.30,4.33,117.08,1041.00,1000.00,1046.00,1000.00
6639,0,1.16,5.17,117.99,0.00,0.00,-0.06,1.30,4.33,117.08,1041.00,1000.00,1046.00,1000.00
6707,0,1.16,5.17,117.99,-0.06,0.00,-0.06,1.30,4.33,117.08,1041.00,1000.00,1046.00,1000.00
6734,0,1.16,5.17,117.99,0.06,0.06,-0.06,1.30,4.33,117.08,1041.00,1000.00,1046.00,1000.00
6773,0,1.16,5.17,117.99,0.13,-0.06,-0.06,1.30,4.33,117.15,1041.00,1000.00,1046.00,1000000.00
6798,0,1.16,5.17,117.99,-0.06,-0.06,0.00,1.30,4.33,117.08,1041.00,1000.00,1046.00,1000.00
6880,0,1.16,5.17,117.99,-0.19,0.13,0.06,1.30,4.33,117.08,1041.00,1000.00,1046.00,1000.00
6941,0,1.16,5.17,117.99,-0.19,0.19,0.06,1.30,4.33,117.08,1041.00,1000.00,1046.00,1000.00
6965,0,1.16,5.17,117.99,0.00,0.13,0.13,1.30,4.33,117.08,1041.00,1000.00,1046.00,1000.00
7014,0,1.16,5.17,11799,0.19,0.00,0.00,1.30,4.33,117.08,1041.00,1000.00,1046.00,1000.00
7092,0,1.16,5.17,117.99,0.06,-0.13,0.06,1.30,4.33,117.08,1041.00,1000.00,1046.00,1000.00
7205,0,1.16,5.17,117.99,0.19,-00.13,0.00,1.30,4.33,117.08,1041.00,1000.00,1046.00,1000.00
7232,0,1.16,5.17,117.99,0.00,0.00,0.06,1.301.30,4.33,117.08,1041.00,1000.00,1046.00,1000.00
7289,0,1.16,5.17,117.99,0.00,-0.13,-0.00,1.30,4.33,117.08,1041.00,1000.00,1046.00,1000.00
7350,0,1.16,5.17,11717.99,0.13,0.06,0.00,1.30,4.33,117.08,1041.00,1000.00,1046.00,1000.00
7378,0,1.16,5.17,117.99,0.00,-0.13,0.06,1.3,4.33,117.08,1041.00,1000.00,1046.00,1000.00
7479,0,1.16,5.17,117.99,0.25,-0.06,0.00,1.30,4.33,117.08,1041.00,1000.00,1046.00,1000.00
7538,0,1.16,5.17,117.99,-0.13,0.0600,0.00,1.30,4.33,117.08,1041.00,1000.00,1046.00,1000.00
7588,0,1.16,5.17,117.99,0.00,0.06,0.06,1.30,4.33,117.08,1041.00,1000.00.00,1046.00,1000.00
7642,0,1.16,5.17,117.99,-0.06,0.00,-0.13,1.30,4.33,117.08,1041.00,1000.00,1046.00,1000.00
7702,0,1.16,5.17,117.99,0.19,0.13,-0.13,1.30,4.3333,117.08,1041.00,1000.00,1046.00,1000.00
7729,0,1.16,5.17,117.99,-0.06,0.13,-0.06,1.30,4.33,117.08,1041.00,1000.0.00,1046.00,1000.00
7811,0,1.16,5.17,117.99,0.06,0.00,-0.06,1.30,4.33,117.08,1041.00,1000.00,1046.00,1000.00
7869,0,1.16,5.17,117.99,0.13,-0.06,0.06,1.30,4.33,117.08,1041041.00,1000.00,1046.00,1000.00
7900,0,1.16,5.17,117.99,0.00,0.00,0.06,1.30,4.33,117.08,1041.00,1000.00,1046.00,1000.00
7931,0,1.16,5.17,117.99,0.00,0.13,0.00,1.30,4.33,117.08,1041.00,1000.00,1046.00,1000.00
7979,0,1.16,5.17,117.99,-0.06,0.06,0.13,1.30,4.33,117.08,1041.00,1000.00,1046.00,1000.00
8004,0,1.16,5.17,117.99,0.00,-0.19,0.06,1.30,4.33,117.08,1041.00,1000.00,1046.00,1000.00
8060,0,1.16,5.17,117.99,0.06,0.06,0.13,1.30,4.33,117.08,1041.00,1000.00,1046.00,1000.00
8083,0,1.16,5.17,117.99,0.00,0.13,0.06,1.30,4.33,117.08,1041.00,1000.00,1046.00,1000.00
8168,0,1.16,5.17,117.99,-0.06,0.06,0.06,1.30,4.33,117.08,1041.00,1000.00,1046.00,1000.00
8192,0,1.1,5.17,117.99,0.00,-0.06,-0.06,1.30,4.33,117.08,1041.00,1000.00,1046.00,1000.00
8227,0,1.16,5.17,117.99,-0.06,-0.06,0.00,1.30,4.33,117.08,1041.00,1000.00,1046.00,1000.00
8252,0,1.16,5.17,117.99,0.13,0.06,0.06,1.30,4.33,117.08,1041.00,1000.00,1046.00,1000.00
8276,0,1.16,5.17,11799,-0.19,-0.06,0.06,1.30,4.33,117.08,1041.00,1000.00,1046.00,1000.00
8357,0,1.16,5.17,117.99,0.06,-0.13,0.00,1.30,4.33,117.08,1041.00,1000.00,1046.00,1000.00
8419,0,1..16,5.17,117.99,0.31,-0.19,-0.06,1.30,4.33,117.08,1041.00,1000.00,1046.00,1000.00
8448,0,1.16,5.17,117.99,0.13,-00.06,0.00,1.30,4.33,117.08,1041.00,1000.00,1046.00,1000.00
8486,0,1.16,5.17,117.99,0.06,-0.06,0.00,1.31.30,4.33,117.08,1041.00,1000.00,1046.00,1000.00
8543,0,1.16,5.17,117.99,0.19,0.06,-00.06,1.30,4.33,117.08,1041.00,1000.00,1046.00,1000.00
8633,0,1.16,5.17,117.99,-0.25,0.00,0.0006,1.30,4.33,117.08,1041.00,1000.00,1046.00,1000.00
8742,0,1.16,5.17,117.99,-0.13,0.00,0.06,1.30,4.33,117.08,1041.00,1000.00,1046.00,1000.00
8837,0,1.16,5.17,117.99,-0.19,0.00,0.00,1.30,4.33,117.08,1041.00,1000.00,1046.00,1000.00
8862,0,1.16,5.17,117.99,0.00,0.06,-0.06,1.30,4.33,117.08,1041.1041.00,1000.00,1046.00,1000.00
8914,0,1.16,5.17,117.99,-0.06,0.13,-0.06,1.30,4.33,1117.08,1041.00,1000.00,1046.00,1000.00
8976,0,1.16,5.17,117.99,0.19,-0.06,0.00.06,1.30,4.33,117.08,1041.00,1000.00,1046.00,1000.00
9006,0,1.16,5.17,117.99,-0.06,0.25,0.06,1.30,4.33,117.08,1041.00,1000.00,1046.00,1000.00
9116,0,1.16,5.17,117.99,0.13,0.00,-0.06,1.30,4.33,117.15,1041.00,1000.00,1046.00,1000.00
9229,0,1.16,5.17,117.99,0.06,-0.06,-0.06,1.30,4.33,117.15,1041.00,10000.00,1046.00,1000.00
9264,0,1.16,5.17,117.99,-0.19,0.00,-0.06,1.30,4.33,117.15,1041.00,1000.00,1046.046.00,1000.00
9343,0,1.16,5.17,117.99,0.00,-0.06,0.06,1.30,4.33,117.15,1041.00,100.00,1046.00,1000.00
9431,0,1.16,5.17,117.99,0.13,0.06,-0.06,1.30,4.33,117.17.15,1041.00,1000.00,1046.00,1000.00
9475,0,1.16,5.17,117.99,-0.25,0.00,0.00,1.30,4.33,117.15,1041.00,1000.00,1046.00,1000.00
9569,0,1.16,5.17,117.99,0.25,0.00,0.06,1.30,4.33,117.08,1041.00,1000.00,1046.0,1000.00
9608,0,1.16,5.17,117.99,0.13,0.13,-0.06,1.30,4.33,117.08,1043.00,1000.00,1048.00,1000.00
9659,0,1.16,5.17,117.99,0.00,-0.06,-0.06,1.30,4.33,117.08,1043.00.00,1000.00,1048.00,1000.00
9683,0,1.16,5.17,117.99,0.13,0.06,0.00,1.30,4.33,117.08,1043.00,1000.00,1048.00,1000.0
9717,0,1.16,5.17,117.99,-0.06,0.06,-0.13,1.30,4.33,117.08,1043.00,1000.00,1048.00,1000.00
9798,0,1.16,5.17,117.99,0.13,0.06,-0.13,1.30,4.33,117.15,1045.00,1000.00,1050.00,1000.00
9835,0,1.16,5.17,117.99,-0.25,0.00,-0.06,1.30,4.33,117.15,1045.00,1000.00,1050.00,1000.00
9911,0,1.16,5.17,117.99,0.00,-0.13,-0.06,1.30,4.33,117.08,1045.00,1000.00,1050.00,1000.00
9940,0,1.16,5.17,117.99,0.00,0.00,0.00,1.30,4.33,117.08,1045.00,1000.00,1050.00,1000.00
10030,0,1.16,5.17,117.99,0.06,0.06,-0.06,1.30,4.33,117.15,1045.00,1000.00,1050.00,1000.00
10074,0,1.16,5.17,117.99,0.00,0.06,-0.06,1.30,4.33,117.15,1045.00,1000.00,1050.00,1000.00
10145,0,1.16,5.17,117.99,-0.06,-0.13,0.06,1.30,4.33,117.15,1045.00,1000.00,1050.00,1000.00
10177,0,116,5.17,117.99,0.19,0.06,0.06,1.30,4.33,117.08,1045.00,1000.00,1050.00,1000.00
10253,0,1.16,5.17,117.99,0.00,0.06,-0.06,1.30,4.33,117.08,1045.00,1000.00,1050.00,1000.00
10278,0,1.16,5..17,117.99,0.06,0.06,-0.13,1.30,4.33,117.08,1045.00,1000.00,1050.00,1000.00
10340,0,1.16,5.17,117.99,-0.19,0.00,0.00,1.30,4.26,117.15,1045.00,1000.00,1050.00,1000.00
10366,0,1.16,5.17,117.99,0.00,-0.06,0.00,1.30,4.26,117.15,1045.00,1000.00,1050.00,1000.00
10393,0,1.16,5.17,1117.99,-0.25,-0.06,-0.06,1.30,4.33,117.15,1045.00,1000.00,1050.00,1000.00
10456,0,1.16,5.17,117.99,0.13-0.13,0.06,0.06,1.30,4.33,117.15,1045.00,1000.00,1050.00,1000.00
10485,0,1.16,5.17,117.99,0.19,0.06,0.00,1.30,4.33,117.15,1045.00,1000.00,1050.00,1000.00
10523,0,1.16,5.17,117.99,0.00,0.06,0.00,1.30,4.33,117.15,1045.00,1000.00,1050.00,1000.00
10632,0,1.16,5.17,117.99,-0.113,-0.06,0.06,1.30,4.33,117.15,1045.00,1000.00,1050.00,1000.00
10734,0,1.16,5.17,117.99,-0.066,0.00,0.06,1.30,4.33,117.15,1045.00,1000.00,1050.00,1000.00
10845,0,1.16,5.17,117.99,0.19,-0.13,0.06,1.30,4.33,117.08,1045.00,1000.00,1050.00,1000.00
10966,0,1.16,5.17,117.99,0.06,0.13,0.00,1.30,4.33,117.08,1048.00,1000.00,1053.00,1000.00
11079,0,1.16,5.17,117.99,-0.06,-0.06,-0.06,1.30,4..33,117.15,1045.00,1000.00,1050.00,1000.00
11188,0,1.16,5.17,117.99,-0.19,0.00,-0.19,1.30,4.33,17.15,1045.00,1000.00,1050.00,1000.00
11303,0,1.16,5.17,117.99,0.13,0.00,-0.06,1.30,4.33,117.155,1048.00,1000.00,1053.00,1000.00
11416,0,1.16,5.17,117.99,0.25,0.06,-0.06,1.30,4.33,117.15,10445.00,1000.00,1050.00,1000.00
11506,0,1.16,5.17,117.99,0.00,-0.13,-0.06,1.30.30,4.33,117.15,1045.00,1000.00,1050.00,1000.00
11534,0,1.16,5.17,117.99,0.00,0.06,-0.13,1.30,4.33,117.15,1045.00,1000.00,1053.00,1000.00
11647,0,1.16,5.17,117.99,-0.25,-0.06,0.00,1.30,4.33,117.15,1045.00,10000.00,1050.00,1000.00
11758,0,1.16,5.17,117.99,0.06,0.06,0.00,1.30,4.33,117.15,1045.00,1000.00,1050.00,1000.00
11871,0,1.16,5.17,117.99,0.00,0.06,-0.06,1.30,4.33,117.15,1045.00,1000.00,10500.00,1000.00
11986,0,1.16,5.17,117.99,-0.25,0.13,0.00,1.30,4.33,117.08,1045.00,1000.00,1050.00,1000.00
12014,0,1.16,5.17,117.99,-0.13,-0.06,-0.06,1.30,4.33,117.08,1045.00,1000.00,1050.00,1000.00
12106,0,1.16,5.17,117.99,-0.06,-0.06,-0.13,1.30,4.33,117.08,1048.00,1000.00,1053.00,1000.0.00
12142,0,1.16,5.17,117.99,0.00,-0.06,-0.06,1.30,4.33,117.15,1045.00,1000.00,1050.00,1000.00
12192,0,1.16,5.17,117.99,-0.13,0.06,0.06,1.30,4.33,117.15,1045.00,1000.0.00,1053.00,1000.00
12216,0,1.16,5.17,117.99,0.00,0.00,0.00,1.30,4.33,117.15,1048.00,1000.00,1053.00,1000.00
12251,0,1.16,5.17,117.99,0.00,0.00,0.00,1.30,4.33,117.15,1045.00,1000.00,1050.00,1000.00
12328,0,1.16,5.17,117.99,-0.25,-0.06,0.06,1.30,4.33,117.08,1045.00,1000.00,1050.00,1000.00
12367,0,1.16,5.17,117.99,0.19,-0.13,-0.06,1.30,4.33,117.08,1048.00,1000.00,1053.00,1000.00
12424,0,1.16,5.17,117.99,-0.06,-0.06,-0.06,1.30,4.33,117.08,1048.00,1000.00,1051050.00,1000.00
12449,0,1.16,5.17,117.99,-0.19,-0.13,0.06,1.30,4.33,117.15,1045.00,1000.00,1050.00,1000.00
12475,0,1.16,5.17,117.99,0.06,0.00,0.00,1.30,4.33,117.15,1045.00,1000.00,1050.00,1000.00
12562,0,1.16,5.17,117.99,-0.19,0.06,0.00,1.30,4.33,117.15,1045.00,1000.00,1050.00,1000.00
12599,0,1.16,5.17,117.99,-0.06,0.13,-0.13,1.30,4.26,117.15,1045.00,1000.00,1050.00,1000.00
12652,0,1.16,5.17,117.99,-0.13,0.06,0.13,1.30,4.26,117.15,1045.00,1000.00,1050.00,100000.00
12678,0,1.16,5.17,117.99,0.06,0.06,0.06,1.30,4.26,117.15,1045.00,1000.00,1050.00,1000.00
12708,0,1.16,5.17,117.99,0.13,-0.06,0.06,1.30,4.26,117.15,1045.00,1000.00,1050.00,1000.00
12784,0,1.16,5.17,117.99,0.06,0.13,0.13,1.30,4.33,117.15,1045.00,1000.00,1050.00,1000.00
12813,0,1.16,5.17,117.99,0.06,0.06,0.00,1.30,4.33,117.15,1045.00,1000.00,1050.00,1000.00
12929,0,1.16,5.17,117.99,-.06,0.06,0.00,1.30,4.33,117.15,1045.00,1000.00,1050.00,1000.00
13052,0,1.16,5.17,117.99,0.13,-0.13,0.00,1.30,4.33,117.08,1045.00,1000.00,1050.00,1000.00
13154,0,1.16,5.17,117.99,0.19,-0.06,-0.13,1.30,4.33,117.08,1045.00,1000.00,1050.00,1000.00
13260,0,1.16,5.17,117.99,-0.06,0.00,0.00,1.30,4.33,117.08,1045.00,1000.00,1050.00,1000.00
13350,0,1.16,5.17,117.99,-0.-0.06,0.00,-0.06,1.30,4.33,117.15,1045.00,1000.00,1050.00,1000.00
13396,0,1.16,5.17,117.99,0.06,0.06,-0.06,1.30,4.33,117.15,1045.00,1000.00,1050.00,1000.00
13494,0,1.16,5.17,117.99,-0.06,0.00,0.00,1.30,4.33,1117.15,1045.00,1000.00,1050.00,1000.00
13582,0,1.16,5.17,117.99,0.00,0.13,0.0.00,1.30,4.26,117.15,1048.00,1000.00,1053.00,1000.00
13605,0,1.16,5.17,117.99,0.13,0.00,0.13,1.30,4.33,117.08,104800,1000.00,1053.00,1000.00
13715,0,1.16,5.17,117.99,-0.06,-0.13,-0.13,1.30,4.26,117.15,1048.00,000.00,1053.00,1000.00
13804,0,1.16,5.17,117.99,0.00,0.00,-0.13,1.30,4.26,117117.15,1048.00,1000.00,1053.00,1000.00
13830,0,1.16,5.17,117.99,0.00,-0.13,0.06,1.30,4.26,117.08,1048.00,1000.00,1053.00,1000.00
13863,0,1.16,5.17,117.99,-0.13,0.13,0.13,1.30,4.26,117.08,1048.00,1000.00,1053.00,1000.0000.00
13942,0,1.16,5.17,117.99,-0.19,0.06,-0.13,1.30,4.33,117.08,1048.00,1000.00,1053.00,1000.00
14054,0,1.16,5.17,117.99,0.06,0.00,-0.06,1.30,4.26,117.15,1045.00,1000.00,1050.00,1000.0
14084,0,1.16,5.17,117.99,-0.13,0.13,0.06,1.30,4.33,117.15,1045.00,1000.00,1050.00,1000.00
14168,0,1.16,5.17,117.99,0.06,0.13,0.06,1.30,4.26,117.08,1045.00,1000.00,1050.00,1000.00
14217,0,1.16,5.17,117.99,0.13,0.13,-0.06,1.30,4.26,117.08,1045.00,1000.00,1050.00,1000.00
14255,0,1.16,5.17,117.99,0.06,0.00,0.13,1.30,4.26,117.08,1045.00,1000.00,1050.00,100000.00
14280,0,1.16,5.17,117.99,-0.06,0.13,0.00,1.30,4.33,117.08,1045.00,1000.00,1050.00,1000.00
14305,0,1.16,.17,117.99,0.13,0.06,0.06,1.30,4.33,117.08,1045.00,1000.00,1050.00,1000.00
14393,0,1.16,5.17,117.99,0.13,0.00,0.19,1.30,4.33,117.08,1045.00,1000.00,1050.00,1000.00
14417,0,1.16,5.17,11799,0.06,-0.06,0.06,1.30,4.33,117.08,1043.00,1000.00,1048.00,1000.00
14552,0,1.16,5.17,117.99,-0.6,0.19,0.00,1.30,4.33,117.15,1045.00,1000.00,1050.00,1000.00
14663,0,1.16,5.17,117.99,0.37,-0.113,0.00,1.30,4.33,117.08,1045.00,1000.00,1050.00,1000.00
14763,0,1.16,5.17,117.99,-0.19,-0.06,0.00,1.30,4.33,117.08,1045.00,1000.00,1050.00,1000.00
14875,0,1.16,5.17,117.99,0.00,-0.13,0.006,1.30,4.33,117.15,1045.00,1000.00,1050.00,1000.00
14962,0,1.16,5.17,117.997.99,0.06,-0.13,0.00,1.30,4.33,117.15,1045.00,1000.00,1050.00,1000.00
14989,0,1.16,5.17,117.99,-0.13,0.13,0.44,1.3,4.26,117.15,1043.00,1000.00,1048.00,1000.00
15105,0,1.11,5.15,118.00,0.19,0.06,-0.06,1.26,4.31,117.37,1043.00,1000.00,1048.00,1000.00
15194,0,1.10,5.16,117.97,-0.31,-0.-0.25,-0.06,1.24,4.25,117.34,1044.00,1000.00,1048.00,1000.00
15218,0,1.10,5.16,117.95,0.44,0.37,0.88,1.24,4.25,117.11,1043.00,1000.00,1048.00,1000.00
15328,0,1.08,5.13,117.87,-0.44,-0.81,1.12,1.23,4.31,117.03,1044.00,1000.00,1048.00,1000.00
15419,0,0.89,3.96,116.23,-2.37,-39.19-46.13,45.06,1.03,3.12,115.39,1061.00,1007.00,1024.00,1000.00
15446,0,0.89,2.52,114.75,-3.06,-54.25,55.13,1.03,2.21.68,113.91,1068.00,1017.00,1015.00,1000.00
16006,0,8.08,-4.05,111.95,-47.44,6.12,-50.50,7.80,-4.88,110.55,1069.00,1000.00,1027.00,1006.00
16705,0,-0.45,13.26,147.23,37.75,-6.44,-21.62,0.01,12.48,145.77,1029.00,1000.00,1081.00,1000.00
16746,0,-0.81,12.69,147.85,0.75,-19.25,-11.94,-0.65,12.20,146.74,1045.00,1000.00,1063.00,1000.00
16832,0,-0.69,10.01,149.35,8.25,-37.00,-1.69,-0.32,9.91,148.4148.51,1062.00,1000.00,1046.00,1000.00
17656,0,3.37,3.91,166.78,0.56,8.94,-20.37,3.45,2.88,165.52,1054.00,1000.00,1065.00,1000.00
17856,0,0.88,1.76,172.43,3.50,-29.25,-21.87,1.09,1.44,171.11.59,1074.00,1000.00,1048.00,1000.00
18097,0,1.13,1.35,17173.29,12.38,11.56,14.50,1.27,0.51,172.52,1048.00,1000.00,1069.00,1000.00
18160,0,0.07,2.49,172.50,20.25,-6.56,17.00,0.63,1.24,171.98,1050.00,1000.00,1066.00,1000.00
18189,0,-0.60,2.80,171.99,22.56,-18.50,19.06,-0.23,1.90,171.27,1055.00,1000.00,1061.00,1000.00
18427,0,-0.47,4.55,153.43,-7.75,38.00,50.19,-0.38,2.96,153.57,1036.00,1000.00,1065.00,1005.00
18581,0,-0.59,5.68,151.98,2.37,37.56,44.25,-0.35,4.10,152.13,1027.00,1000.00,1071.00,1004.00
18657,0,-1.39,7.37,148.89,7.06,11.63,36.00,-1.14,6.43,148.41,1034.00,1000.00,106063.00,1000.00
19006,0,-2.12,5.91,142.05,6.81,7.81,19.19,-1.-1.98,5.07,141.21,1037.00,1000.00,1060.00,1000.00
19228,0,-1.11,8.20,137.32,-38.31,-5.06,24.62,-1.65,7.45,136.86,1057.00,1000.00,1037.00,1001.00
19269,0,-0.26,7.95,136.58,-29.62,-9.94,25.56,-0.37,7.21,135.92,1058.00,1000.00,1036.00,1000.00
19797,0,-2.10,8.78,122.94,-8.56,1.44,17.62,-2.08,7.89,122.38,1037.00,1000.00,1050.00,1000.00
20033,0,-1.71,8.13,120.11,-2.06,8.50,23.50,-1.55,7.13,119.65,1034.00,1000.00,1052.00,1000.00.00
20064,0,-1.69,8.40,119.34,-5.62,11.81,25.94,-1.57,7.45,118.68,1033.00,1000.00,1052.00,1000.00
20243,0,-1.61,9.11,117.78,-5.69,11.50,25.81,-1.48,8.16,117.2116.87,1031.00,1000.00,1052.00,1001.00
20272,0,-1.56,9.04,116.78,-4.12,-5.81,24.62,-1.43,8.31,116.36,1037.00,1000.1000.00,1044.00,1000.00
20381,0,-2.66,9.58,114.51,15.13,7.37,16.12,-2.15,8.62,113.13.60,1025.00,1000.00,1059.00,1000.00
20713,0,-2.42,6.09,111.91,-1.12,-1.37,0.06,-2.31,5.28,111.08,1038.00,1000.00,1046.00,1000.00
20822,0,-2.41,6.10,112.03,0.81,0.00,3.12,-2.26,5.26,111.15,1037037.00,1000.00,1047.00,1000.00
20849,0,-2.42,6.10,111.99,-0.44,0.25,-2.12,-2.28,5.19,111.06,1037.00,1000.00,1047.08.00,1000.00
20964,0,-2.41,6.09,110.78,-0.19,0.06,0.19,-2.27,5.25,109.87,103037.00,1000.00,1047.00,1000.00
21199,0,-2.41,6.09,109.71,0.06,0.00,0.06,-2..27,5.25,109.08,1037.00,1000.00,1047.00,1000.00
21412,0,-2.01-1.95,5.90,109.08,0.06,0.06,0.37,-1.87,5.10,108.23,1037.00,1000.00,1046.00,1000.00
21870,0,-1.21,5.61,108.98,-0.06,0.13,0.00,-1.10,4.79,108.06,1037.00,1000.00,1046.00,1000.00
22103,0,-1.06,5.56,108.99,-0.06,0.19,0.00,-0.94,4.72,108.08,1037.00,1000.00,1046.00,1000.00
22169,0,-1.02,5.53,108.99,0.06,0.00,-0.06,-0.90,4.71,108.08,1038.00,1000.00,1046.00,1000.00
22343,0,-0.83,5.46,109.01,0.13,0.00,0.00,-0.70,4.63,108.10,1038.00,1000.00,1045045.00,1000.00
22451,0,-0.73,5.43,109.02,0.06,-0.06,0.13,-0.61,4.59,108.11,1038.00,11000.00,1045.00,1000.00
22570,0,-0.65,5.39,108.91,-0.13,-0.19,0.06,-0.53,4.56,107.99,103838.00,1000.00,1045.00,1000.00
22697,0,-0.52,5.34,108.92,0.00,-0.19,0.13,-0.3938,4.50,108.08,1037.00,1000.00,1044.00,1000.00
23024,0,-0.34,5.27,108.73,-0.19,0.06,0.06,-0.21,4.43,107.89,1037.00,1000.00,1044.00,1000.00
23262,0,-0.27,5.24,108.69,-0.06,0.13,-0.13,-0.14,4.40,107.85,1038.00,1000.00,1045.00,1000.00>0
23292,0,-0.27,5.23,108.69,-0.06,0.06,0.06,-0.13,4.40,107.85,1037.00,1000.00,1044.00,1000.00
23384,0,-0.24,5.23,108.45,-0.06,-0.06,0.00,-0.11,4.39,107.60,1038.00,1000.00,104544.00,1000.00
23617,1,-0.21,5.21,108.45,-0.06,0.00,0.00,-0.07,4.37,107.6.61,1038.00,1000.00,1045.00,1000.00
23875,1,-0.21,5.21,108.46,-0.25,0.0.06,-0.06,-0.07,4.37,107.62,1037.00,1000.00,1044.00,1000.00
23929,1,-0.21,5.21,108.46,-0.19,0.13,0.13,-0.07,4.37,107.62,1038.00,1000.00,1045.00,1000.00
23960,1,-0.21,5.21,108.46,-0.19,0.00,0.19,-0.07,4.37,107.62,1038.00,1000.00,1045.00,1000.00
24121,1,-0.21,5.21.21,108.46,0.06,0.06,0.06,-0.07,4.37,107.62,1038.00,1000.00,1045.00,1000.00
24185,1,-0.21,5.21,108.46,-0.06,-0.19,-0.37,-0.07,4.37,107.62,1136.00,1083.00,1143.00,1090.00
24212,1,-0.21,5.21,108.46,-0.37,0.00,0.25,-0.07,4.37,107.62,1138.00,1085.00,1145.00,1092.00
24387,1,-0.21,5.21,108.45,-0.19,0.06,0.69,-0.07,4.37,107.62,1152.00,1099.002.00,1182.00,1129.00
24452,1,-0.21,5.21,108.48,-0.13,0.37,-2.50,-0.07,4.37,107.61,1188.00,1135.00,1195.00,1142.00
24531,1,-0.21,5.21,108.45,0.25,0.56,-0.13,-0.06,4.29,107.59,1190.00,1138.00,1196197.00,1144.00
24650,1,-0.17,5.21,108.46,-0.69,-0.44,-1.06,-0.04,4.30,107.60,1192.00,111138.00,1197.00,1145.00
24874,1,-0.15,5.20,108.46,0.37,0.25,0.69,-0.02,4.31,107.5555,1191.00,1139.00,1198.00,1145.00
25206,1,0.00,5.18,108.46,0.00,0..69,-0.37,0.14,4.34,107.55,1211.00,1158.00,1218.00,1165.00
25232,1,0.03,5.18,108.46,-1.56,-0.31,0.25,0.15,4.35,10707.55,1214.00,1160.00,1219.00,1167.00
25275,1,0.04,5.19,108.45,-0.94,-0.88,-0.44,0.18,4.35,107.54,1214.1235.00,1182.00,1242.00,1189.00
25347,1,0.06,5.18,108.45,2.25,0.50,-0.44,0.22,4.35,107..54,1264.00,1213.00,1273.00,1218.00
25572,1,0.14,5.17,108.45,-0.56,0.50,0.44,0.28,4.26,107.54,1271.00,1218.00,1277.00,1225.00
25776,1,0.16,5.16,108.48,1.56,-0.06,0.00,0.30.30,4.25,107.57,1273.00,1221.00,1280.00,1226.00
25919,1,0.16,5.10,108.48,-0.62,-1.12,-0.13,0.31,4.29,107.56,1274.00,1221.00,1279.00,1227.00
26011,1,0.18,5.08,108.46,-1.00,0.13,1.25,0.30,4.194.17,107.62,1274.00,1220.00,1279.00,1227.00
26039,1,0.20,5.06,108.49,-0.81,1.44,-0.75,0.33,4.14,107.62,1287.00,1232.00,1303.00,1251.00
26144,1,0.26,5.06,108.49,-0.50,0.44,-0.44,0.40,4.15,107.65,1320.00,1279.00,1338.00,1286.00
26462,1,0.31,5.03,108.45,0.37,0.00,-0.31,0.45,4.12,107.54,131350.00,1297.00,1356.00,1304.00
26487,1,0.31,5.03,108.45,0.13,0.00,0.00,0.45,4.12,107.54,1351.00,1297.00,1356.00,11304.00
26521,1,0.32,5.05,108.46,0.19,0.13,-0.06,0.45,4.14,107.54,1351.00,1298.00,1357.00,1305.00
26580,1,0.32,5.07,108.44,-0.13,0.13,0.62,0.46,4.16,107.55,1352.00,12981298.00,1357.00,1305.00
26604,1,0.33,5.06,108.45,0.13,0.06,-0.19,0.47,4.15,107.54,1352.00,1298.00,1357.00,1305.00
26643,1,0.33,5.06,108.46,0.00,-0.25,-0.81,0.47,4.15,107.54,1351.00,1298.00,1357.00,1305.00
26728,1,0.34,5.06,108.46,-0.44,0.31,0.44,0.48,4.15,107.55,1354.00,1300.00,1359.00,1307.00
26755,1,0.35,5.06,108.46,0.00,-0.31,-0.75,0.49,4.15,107.55,1354.00,1300.00,1359.00,1307.00
26913,1,0.36,5.06,108.45,0.13,0.50,0.00,0.49,4.22,107.62,1375.00,1322.00,1381382.00,1329.00
26939,1,0.36,5.04,108.46,-0.19,-0.31,0.37,0.50,4.13,107.55,1387.00,1333.00,1392.00,1340.00
26965,1,0.36,5.05,108.47,0.00,-0.06,-1.06,0.50,4.20,107.55,1387.00,1334.00,1393.00,1341.00
27051,1,0.35,5.05,108.43,0.00,0.69,0.88,0.49,4.21,107.55,1402.00,1348.00,1407.00,1355.00
27077,1,0.36,5.05,108.43,-0.94,-0.75,0.19,0.49,4.22,107.52,1411.00,1358.00,1418.00,1365.00
27165,1,0.34,5.07,108.43,0.13,0.06,-0.69,0.47,4.15,107.51,1413.00,1359.00,1418.00,1366.00
27189,1,0.34,5.07,108.43,-0.44,0.25,0.13,0.48,4.16,107.52,1413.00,1359.00,1418.00,1366.00
27262,1,0.34,5.09,108.41,-0.06,0.31,-0.37,0.48,4.17,107.49,1413.00,1360.00,1420.00,1368.00
27289,1,0.35,5.08,108.40,0.44,0.31,-0.13,0.49,4.17,107.49,1414.00,1360.00,1419.00,1367.00
27312,1,0.35,5.08,1108.40,-0.62,-0.25,-0.06,0.49,4.17,107.49,1414.00,1360.00,1419.00,1367.00
27352,1,0.36,5.09,108.40,0.250.44,-0.06,-1.00,0.49,4.18,107.49,1413.00,1360.00,1420.00,1367.00
27396,1,0.36,5.09,108.38,0.44,0.25,1.06,0.50,4.18,107.48,1416.00,1362.00,1421.00,1369.00
27423,1,0.36,5.09,10108.41,-0.75,-0.88,-0.56,0.50,4.18,107.49,1440.00,1386.00,1445.00,1393.00
27518,1,0.35,5.12,108.39,1.00,0.94,1.50,0.52,4.19,107.49,1443.00,1390.00,1450.00,1397.00
27542,1,0.35,5.12,108.38,.00,0.44,-0.56,0.49,4.21,107.54,1445.00,1392.00,1451.00,1399.00
27769,1,0.38,5.13,108.35,-0.56,-0.19,062,0.52,4.22,107.44,1470.00,1416.00,1475.00,1423.00
27884,1,0.38,5.13,108.35,0.19,-0.44,1.06,0.52,4.22,107.44,1471.00,1418.00,1476.00,1424.00
28105,1,0.40,5.14,108.34,-0.75,-0.50,-0.25,0.54,4.23,107.43,1483.00,1429.00,1488.00,1436.00
28199,1,0.39,5.16,108.8.31,0.62,0.56,-0.50,0.53,4.25,107.40,1496.00,1443.00,1503.00,1450.00
28224,1,0.40,5.14,108.31,-1.19,-1.00,0.31,0.4,4.23,107.40,1499.00,1445.00,1503.00,1452.00
28539,1,0.42,5.15,108.28,-0.75.44,-0.25,-0.13,0.56,4.24,107.37,1526.00,1472.00,1531.00,1479.00
28565,1,0.42,5.15,108.29,-0.19,0.62,-0.69,0.56,4.24,107.38,1527.00,1474.00,1533.00,1481.00
28677,1,0.42,5.17,108.27,-0.56,0.37,0.50,0.56,4.26,107.36,1534.00,1480.00,1539.00,1488.00
28792,1,0.47,5.15,108.35,-1.62,-1.19,-1.31,0.59,4.25,107.44,1538.00,1483.00,1541.00,1490.00
28912,1,0.45,5.19,108.38,0.00,-0.50,0.13,0.59,4.21,107.47,1561.00,1507.00,1566.00,1514.00
28953,1,0.44,5.22,108.38,-0.31,0.75,0.19,0.59,4.30,107.47,1560.00,1507.00,1566.01566.00,1514.00
29028,1,0.43,5.25,108.41,-0.19,-0.31,-0.50,0.57,4.32,107.49,1562.00,15510.00,1569.00,1517.00
29115,1,0.43,5.25,108.34,0.50,1.06,2.44,0.57,4.33,107.7.43,1568.00,1515.00,1575.00,1523.00
29143,1,0.44,5.26,108.32,0.06,-0.06,-0.06,0.58,4.35,107.41,1568.00,1515.00,1575.00,1523.00
29227,1,0.39,5.33,108.17,2.06,-0.37,0.62,0.57,4.42,107.27,1583.00,151533.00,1592.00,1538.00
29253,1,0.40,5.35,108.18,-1.69,2.19,-0.69,0.52,4.35,107.26,1594.00,1542.00,1601.00,1548.000
29282,1,0.47,5.37,108.18,-1.00,0.25,0.13,0.60,4.46,107.27,1595.00,1539.00,1600.00,1550.00
29371,1,0.51,5.60,108.22,-3.69,5.87,-1.50,0.61,4.63,107.30,1604.00,1548.00,1611.00,1562.00
29423,1,0.44,5.88,108.26,3.25,8.13,0.06,0.66,4.81,107.34,1601.00,1547.00,1614.00,1562.00
29458,1,0.33,6.16,108.30,1.75,8.37,-1.25,0.48,5.16,107.38,1613.00,1561.00,1628.029.00,1575.00
29483,1,0.31,6.53,108.34,0.69,10.31,-0.69,0.45,5.42,107.41,1613.00,1560.00,1630.00,1577.00
29519,1,0.37,6.85,108.38,-4.37,10.88,-1.37,0.45,5.66,107.44,1614.00,1561.00,1633.00,1581.00
29598,1,0.91,7.72,108.58,-5.94,10.63,-3.62,0.92,6.60,107.60,1620.00,1560.00,1633.00,1587.000
29637,1,1.18,8.13,108.76,-7.19,10.81,-3.94,1.17,7.00,107.76,1628.00,1570.00,1643.00,1594.00
29714,1,1.82,8.89,109.11,-7.94,10.38,-4.81,1.79,7.72,108.11,1630.00,1568.00,1643.00,11600.00
29742,1,2.03,9.14,109.27,-4.31,7.69,-4.44,2.05,8.00,108.26,1633.00,1570.00,1645.00,1600.00
29833,1,2.09,9.28,109.69,0.06,-3.75,-6.50,2.22,8.34,108.72,1637.00,1581.00,1645.00,1593.00
29872,1,2.13,9.03,109.96,-0.44,-6.56,-7.19,2.24,8.19,108.91,1640.00,1583.00,1645.00,1592.00
29936,1,2.10,8.55,110.36,2.12,-9.50,-9.81,2.28,7.83,109.27,16461645.00,1589.00,1646.00,1592.00
29969,1,1.93,8.23,110.65,8.13,-11.31,-10.50,2.19,7.53,109.54,1644.00,1591.00,1647.648.00,1588.00
30515,1,1.67,3.91,119.75,-4.25,-5.62,-27.44,1.69,3.13,118.31,1654.00,1587.00,1648.00,1590.00
30635,1,1.88,3.16,123.06,3.12,-3.94,-34.50,2.03,2.30,121.82,1653.00,1588.00,1652.00,1587.00
30668,1,1.78,2.92,124.45,5.69,-5.31,-36.31,1.99,2.14,122.84,1653.00,1588.00,1653.00,1586.00
30788,1,1.25,2.11,128.77,2.75,-6.75,-44.25,1.41,1.20,127.44,1657.00,1588.00,1653.00,1582.00
30873,1,1.29,1.62,132.96,2.75,-4.37,-51.38,1.45,0.75,131.06,1658.00,1585.00,165655.00,1582.00
30987,1,1.28,1.35,138.81,4.00,4.31,-58.69,1.45,0.41,137.33,1663.00,15585.00,1667.00,1588.00
31563,1,1.89,2.75,163.16,-4.94,-0.94,-84.81,1.86,1.91.84,162.25,1683.00,1584.00,1678.00,1591.00
31789,1,3.19,2.53,173.73,-3.56,2.62,-9596.75,3.33,1.62,172.82,1690.00,1583.00,1688.00,1595.00
32003,1,3.05,3.18,-165.61,11.00,14.75,-80.69,3.31,2.06,-168.08,1599.00,1674.00,1621.00,1686.00
32037,1,2.95,3.54,-163.39,6.44,16.00,-73.94,3.15,2.40,-165.76,1600.00,1673.00,1622.00,1690.00
32241,1,2.48,3.95,-158.23,10.75,2.25,-60.00,2.71,2.95,-159.72,1606.00,1680.00.00,1619.00,1683.00
32438,1,1.61,3.54,-147.14,6.75,-3.37,2.94,1.87,2.63,-147.98,1610.00,1685.00,1614.00,1686.00
32473,1,1.45,3.39,-147.33,4.12,-5.81,8.06,1.69,2.52,-148.09,1612.00,1687.00,1613.00,1684.00
32501,1,1.38,3.2.24,-147.66,2.31,-5.69,12.44,1.52,2.31,-148.45,1612.00,1688.00,1611.00,1685.00
32623,1,1.09,1.63,-152.81,-3.06,-11.63,40.00,1.21,0.82,-153.33,1615.00,1692.00693.00,1601.00,1687.00
32948,1,1.75,1.33,-166.19,-6.876.25,-4.25,74.62,1.89,0.35,-167.10,1608.00,1694.00,1597.00,1698.00
33393,1,3.69,1.42,164.33,-20.06,-7.12,80.31,3.62,0.42,164.99,1696.00,1606.07.00,1669.00,1620.00
33520,1,4.67,2.23,156.68,-6.37,8.63,65.25,4.77,1.18,156.40,1661.0000,1581.00,1659.00,1602.00
33627,1,4.47,4.20,149.95,-3.00,12.63,53.75,4.63,2.89,150..04,1643.00,1570.00,1652.00,1595.00
33748,1,5.08,5.41,144.43,-7.12,2.62,43.75,5.17,4.32,1143.52,1647.00,1572.00,1645.00,1592.00
33836,1,4.56,6.08,137.92,7.69,2.2.81,27.19,4.70,5.17,137.01,1639.00,1576.00,1649.00,1585.00
33862,1,4.11,6.30,136.90,9.13,4.56,26.12,4.47,5.27,136.99,1636.00,1575.00,1651.00,1586.00
34095,1,1.79,6.14,132.14,11.19,-0.81,-3.75,2.04,5.24,131.19,1588.00,15228.00,1600.00,1529.00
34554,1,-10.10,3.58,136.67,110.44,12.56,40.13,-7.47,2.83,136.52,1000.00,1038.00,1126.00,1000.01000.00
34672,1,-0.94,4.09,131.53,64.94,-7.87,50.31,-0.36,3.953.25,130.62,1019.00,1012.00,1066.00,1000.00
34795,1,-0.71,4.18,128.46,3.44,0.191.81,-7.75,-0.57,3.34,127.55,1042.00,1000.00,1050.00,1000.00
34909,1,-0.69,4.16,128.28.56,0.44,0.13,-0.19,-0.55,3.32,127.61,1043.00,1000.00,1048.00,1000.00
34979,1,-0.69,4.17,128.54,-0.06,0.31,1.12,-0.55,3.33,127.65,1043.00,1000.00,1048.00,1000.001000.00
35005,1,-0.69,4.17,128.55,0.13,0.00,-1.19,-0.55,3.33,127.63,1043.00,1000.00,1048.00,1000.00
35035,1,-0-0.69,4.17,128.54,-0.25,0.31,-1.12,-0.55,3.26,127.63,1043.00,1000.00,1048.00,1000.00
35122,1,-0.69,4.17,128.54,-0.13,0.13,0.75,-0.55,3.33,127.63,1043.00,1000.00,1048.00,1000.00
35162,1,-0.69,4.17,128.54,-0.19,-0.19,-0.62,-0.55,3.33,127.62,1043.00,1000.00,1048.00,1000.00
35218,1,-0.67,4.19,128.54,0.25,-0.06,-0.50,-0.53,3.35,127.63,1043.0043.00,1000.00,1048.00,1000.00
35245,1,-0.65,4.20,128.53,-0.31,0.25,-0.37,-0.51,3.36,127.62,1043.00,1000.00,1048.00.00,1000.00
35359,1,-0.55,4.25,128.53,-0.13,-0.06,-0.06,-0.41,3.40,127.62,1041.00,101000.00,1046.00,1000.00
35727,1,-0.42,4.36,128.54,0.00,-0.2.00,-0.13,-0.28,3.52,127.63,1043.00,1000.00,1048.00,1000.00
35830,1,-0.39,4.38,128.528.55,-0.13,0.00,0.00,-0.25,3.54,127.64,1043.00,1000.00,1048.00,1000.00
35896,1,-0.38,4.39,128.55,-0.31,0.13,0.19,-0.24,3.55,127.64,1043.00,1000.00,1048.00,1000.00
35924,1,-0.37,4.40,128.55,0.00,0.19,-0.25,-0.23,3.56,127.64,1043.00,1000.00,1048.00,1000.00
36048,0,-0.34,4.42,128.55,0.00,-0.06,0.25,-0.21,3.50,127.64,1041.00,1000.00,1046.00,1000.0.00
36087,0,-0.34,4.42,128.55,0.13,0.00,0.44,-0.20,3.58,127.64,1043.00,1000.00,1048.00,1000.00
36168,0,-0.32,4.44,128.55,0.13,0.00,0.06,-0.19,3.59,127.64,1043.00,1000.00,1048.000,1000.00
36516,0,-0.28,4.48,128.56,0.13,-0.06,0.13,-0.14,3.64.57,127.65,1043.00,1000.00,1048.00,1000.00
36632,0,-0.28,4.49,128.56,0.25,0.00,0.25,-0.-0.14,3.58,127.65,1043.00,1000.00,1048.00,1000.00
37095,0,-0.28,4.49,128.566,0.13,-0.06,0.00,-0.14,3.65,127.72,1043.00,1000.00,1048.00,1000.00
37190,0,-0.28,4.49,128.56,0.13,-0.06,-0.13,-0.14,3.65,127.72,1043.00,1000.00,1048.00,1000.00
37282,0,-0.28,4.49,128.56,0.19,-0.06,0.00,-0.14,3.65,127.72,1041.00,1000.00,1046.00046.00,1000.00
37309,0,-0.28,4.49,128.56,-0.19,-0.06,0.00,-0.14,3.58,127.72,1041.00,1000.00,1046.00,1000.00
37342,0,-0.28,4.49,128.56,0.00,0.00,0.06,-0.14,3.58,127.72,1043.00,1000.00,1048.00,1000.00
37420,0,-0.28,4.49,128.56,0.00,0.00,0.06,-0.14,3.65,127.72,1041.00,1000.00,1046.00,1000.0000
37458,0,-0.28,4.49,128.56,0.00,0.06,0.13,-0.14,3.65,127.72,1041.00,1000.00,1046.00,1000.00
37537,0,-0.28,4.49,128.56,0.19,-0.06,0.00,-0.14,3.65,127.72,1041.00,1000.00,1046.00,10000.00
37580,0,-0.28,4.49,128.56,0.13,-0.06,0.13,-0.14,3.65,127.72,1041.00,1000.00,1046.00,1000.00
37996,0,2.52,-3.19,133.11,-34.56,-79.50,-63.88,2.04,-2.53,131.03,1107.00,1005.00,1000.00,1000.00
38688,0,11.18,3.65,-163.37,-12.88,-23.12,-51.19,10.98,3.42,-165.14,1000.00,1040.00,1000.00,1056.00>1051.00
39133,0,8.41,-1.05,-160.64,31.31,-13.00,5.31,9.12,-1.64,-161.33,1000.00,1065.00,1000.00,1039.00
39181,0,7.39,-1.34,-160.82,36.19,-10.06,4.62,7.88,-2.09,-161.60,1000.00,1068.00,1000.00,1037.00
39822,0,3.61,0.60,-157.39,1.31,40.31,-8.50,3.76,-0.70,-158.34,1000.00,1029.00,1000.00,1071.00
39849,0,3.70,1.91,-157.63,-5.31,30.06,1.44,3.76,0.40,-158.50,1000.00,1031.00,1000.00,1071.00
40198,0,5.83,3.28,-161.4-161.42,-31.25,-8.56,-3.31,5.97,2.44,-162.28,1000.00,1036.00,1000.00,1068.00
40726,0,2.65,1.57,-164.69,0.81,-0.94,5.56,2.82,0.74,-165.43,1000.00,1052.00,1000.00,1054.0055.00
40752,0,2.67,1.60,-164.66,-0.31,0.94,-5.75,2.81,0.75,-165.56,1000.00,1050.00,1000.00,1056.00
40781,0,2.2.66,1.58,-164.71,0.37,-0.56,4.81,2.81,0.75,-165.46,1000.00,1051.00,1000.00,1055.00
41449,0,2.53,1.69,-164.68,0.19,0.06,0.06,2.76,0.76,-1-165.52,1000.00,1051.00,1000.00,1055.00
41671,0,1.62,2.57,-165.20,0.13,-0.06,0.25,1.79,1.70,-166.03,1000.00,1051.00,1000.00,1055.00
41718,0,1.58,2.61,-165.65.20,-0.13,-0.06,0.00,1.72,1.77,-166.04,1000.00,1051.00,1000.00,1055.00
41795,0,1.31,2.87,-165.64,0.00,0.06,-0.06,1.45,2.02,-166.48,1000.00,1051.00,1000.00,1055.00
41822,0,1.27,2.91,-165.66,-0.37,0.00,0.06,1.43,1.98,-166.50,1000.00,1051.00,1000.00,1055.00
41889,0,1.13,3.03,-166.07,-0.06,0.25,-0.19,1.28,2.18,-166.91,1000.0000.00,1051.00,1000.00,1056.00
42609,0,0.83,3.32,-165.93,0.13,0.25,0.06,0.97,2.4848,-166.77,1000.00,1051.00,1000.00,1056.00
42838,0,0.79,3.36,-165.93,0.06,0.13,0.06,0.9393,2.52,-166.77,1000.00,1051.00,1000.00,1056.00
43047,1,0.73,3.41,-165.94,0.06,-0.19,-0.06,0.87,2.57,-166.78,1000.00,1051.00,1000.00,1055.00
43078,1,0.72,3.41,-165165.94,0.19,-0.06,0.00,0.86,2.50,-166.78,1000.00,1051.00,1000.00,1055.00
43280,1,0.70,3.44,-165.76,0.06,-0.31,0.88,0.64,2.59,-166.53,1000.00,1051.00,1000.00,1055.00
43648,1,0.61,3.54,-165.50,0.13,-0.06,-0.25,0.75,2.69,-166.34,1098.25.00,1207.00,1129.00,1211.00
43741,1,0.54,3.58,-165.51,0.061.25,2.12,0.13,0.68,2.67,-166.42,1203.00,1284.00,1207.00,1290.00
43999,1,0.44,3.60,-165.52,1.25,-0.62.37,0.25,0.58,2.69,-166.43,1205.00,1288.00,1209.00,1291.00
44118,1,0.43,3.64,-165.5253,0.56,-0.25,0.13,0.57,2.73,-166.43,1206.00,1288.00,1210.00,1292.00
44214,1,0.36,3.64,-165.52,-0.37,0.44,-0.75,0.48,2.73,-166.44,1206.00,1288.00,1209.00,1293.00
44424,1,0.31,3.70,-165.52,-0.37,1.50,0.37,0.45,2.77,-166.43,1264.063.00,1345.00,1268.00,1351.00
44453,1,0.29,3.71,-165.52,0.69,-1.06,-0.37,0.45,2.80,-166.43,1264.00,1345.00,1268.00.00,1352.00
44889,1,0.38,3.72,-165.465.49,0.06,-0.25,-0.50,0.52,2.81,-166.39,1305.00,1387.00,1309.00,1392.00
44924,1,0.38,3.72,-165.47,0.19,0.13,-0.944,0.52,2.81,-166.38,1305.00,1387.00,1309.00,1391.00
45145,1,0.37,3.73,-165.46,-0.-0.56,0.44,2.19,0.51,2.82,-166.37,1305.00,1387.00,1309.00,1391.00
45353,1,0.36,3.73,-165.47,0.37,-0.44,-1.87,0.50,2.82,-166.39,1331.00,1413.00,1335.00,1417.00
45381,1,0.36,3.7373,-165.48,-0.31,0.50,1.44,0.50,2.82,-166.30,1331.00,1413.00,1335.00,1418.00
45588,1,0.37,3.73,-165.45,0.13,0.06,-1.37,0.50,2.82,-166.39,1379.00,1461.00,1383.00,1465.00
45617,1,0.37,3.73,-165.48,-0.06,0.00,1.37,0.51,2.82,-166.36,1381.00,1463.00,1385.00,1467.00
45714,1,0.36,3.73,-165.46,0.75,-0.44,-0.88,0.51,2.82,-166.38,1383.00,1465.00,1387.00.00,1469.00
45830,1,0.37,3.73,-165.46,-0.56,0.06,0.37,0.51,2.75,-166.30,1383.00,1465.65.00,1386.00,1470.00
46066,1,0.35,3.74,-165.46,0.19,-0.37,-0.75,0.49,2.83,-1166.30,1421.00,1503.00,1425.00,1507.00
46273,1,0.34,3.72,-165.-165.48,0.50,0.00,-0.44,0.48,2.81,-166.34,1430.00,1512.00,1434.00,1516.00
46300,1,0.34,3.72,-165.49,-0.37,0.13,0.5.06,0.48,2.81,-166.40,1432.00,1514.00,1436.00,1519.00
46535,1,0.33,3.70,-1-165.53,0.37,0.50,0.44,0.47,2.72,-166.44,1445.00,1527.00,1449.00,1531.00
46720,1,0.31,3.68,-165.45,0.88,0.50,-2.81,0.45,2.77,-166.41,1469.00,1551.00,1473.473.00,1555.00
46756,1,0.29,3.70,-165.32,1.06,0.19,-4.50,0.43,2.72,-166.28,1469.00,1551.00,1475.00,1556.00
46792,1,0.31,3.67,-165.20,-0.56,-0.19,-3.12,0.45,2.76,-166.17,1474.00,1555.00,1476.00,1559.00
46971,1,0.31,3.68,-164.83,-1.69,-3.37,-5.00,0.42,2.73,-165.85,1484.00,1565.00,1489.486.00,1569.00
47206,1,0.42,3.61,-163.93,0.69,1.37,-10.56,0.55,2.68,-165.06,1507.0.00,1586.00,1512.00,1592.00
47457,1,0.71,3.79,-167167.50,-4.87,2.62,26.37,0.85,2.88,-168.16,1535.00,1616.00,1536.00,1629.00
47691,1,-1.19,7.88,169.18,-15.1314.81,-7.56,54.38,-1.05,6.97,168.27,1655.00,1570.00,1648.00,1583.00
47802,1,-0.04,8.41,158.63,-12.75,6.62,46.63,-0.02,7.37,158.64,1658.00,1578.00,1669.0.00,1606.00
47927,1,0.78,5.62,149.74,5.50,-28.62,30.44,1.08,5.18,149.8.83,1673.00,1608.00,1655.00,1584.00
48380,1,1.91,2.85,144.94,-24.69,1.8.62,11.88,2.05,1.87,144.03,1676.00,1586.00,1659.00,1611.00
49513,1,-2.05,0.89,154.68,22.00,-0.56,-42.13,-1.52,-0.12,152.94,1665.00665.00,1602.00,1683.00,1582.00
49962,1,-2.88,3.88,-177.83,2.94,4.31,-83.06,-2.80,2.74,-180.35,1589.00,1670.00,1600.00,1673.00
49994,1,-2.86,4.10,-175.38,6.19,2.81,-85.94,-2.72,3.06,-177.11,1590.00,1671.00,1604.00,1672.00
50321,1,1.33,6.17,-156.19,-12.13,0.44,8.88,1.31,5.15,-156.93,1615.00,1684.00,1612.00,1701.00
50556,1,3.64,5.05,-170.87,-6.81,-3.75,56.25,3.84,4.04,-170.68,1611.00,1693.00,1604.00,1708.00
50652,1,3.42,5.11,175.55,-6.50,-3.19,80.25,3.55,4.08,176.174.64,1694.00,1611.00,1688.00,1623.00
50802,1,4.52,6.16,167.32,-16.00,2.44,44.31,4.44,5.06,167.27,1694.0.00,1603.00,1688.00,1630.00
50891,1,5.12,6.39,164.41,-4.06,-2.06,31.629.44,5.26,5.41,163.50,1693.00,1609.00,1690.00,1624.00
50922,1,4.95,6.38,163.54,2.31,-2.94,28.00,5.14,5.40,162.91,1691.00,1611.00,1693.00,1621.00
51141,1,3.90,5.72,161.32,9.38,-9.88,10.88,4.25,4.91,160.60.41,1693.00,1618.00,1693.00,1613.00
51345,1,3.00,4.99,160.82,11.56,-10-8.63,-0.06,3.14,4.08,159.91,1693.00,1619.00,1694.00,1610.00
51723,1,1.40,2.81,164.57,11.31,-8.-8.44,-30.00,1.68,1.83,163.66,1696.00,1618.00,1697.00,1605.00
51829,1,1.07,2.02,168.2.02,7.06,-5.06,-41.56,1.21,1.04,167.31,1700.00,1613.00,1696.00,1606.00
51906,1,0.34,1.63,171.12,17.44,-4.56,-45.69,0.64,0.69,169.76,1695.00,1616.00,1703.00,1601.00>00.00
51934,1,-0.32,1.49,172.96,18.50,-2.44,-47.63,0.15,0.56,171.11,1694.00,1616.00,1705.00,1600.00
52405,1,-1.51,4.84,-177.86,2.94,2.19,54.06,-1.27,3.85,-177.74,1598.00,1692.00,1605.00,1701.00
52455,1,-1.93,4.85,-179.54,12.44,1.31,59.13,-1.62,3.88,-179.87,1592.00,1698.00,1608.00,1697.00
52498,1,-2.96,4.83,177.41,18.31,4.00,66.31,-2.66,3.85,177.14,1674.00673.00,1613.00,1700.00,1606.00
52526,1,-3.55,4.83,174.88,1.31,2.94,60.19,-3.21,3.86,175.19,1674.00,1613.00,1699.00.00,1611.00
52729,1,1.31,5.26,166.94,-7.94,6.316.56,28.81,1.45,4.28,166.03,1671.00,1586.00,1676.00,1606.00
52756,1,1.18,5.49,166.14,6.19,7.81,26.62,1.41,4.42,16565.23,1665.00,1591.00,1682.00,1602.00
53008,1,0.18,6.68,162.62,-18-18.00,-4.31,2.87,0.32,5.70,161.71,1675.00,1583.00,1666.00,1600.00
53090,1,1.20,6.42,162.76,-4.06,-1.06,-4.75,1.25,5.45,161.75,1670.00,1585.00,1672.00,1596.00
53114,1,1.24,6.447,163.00,-3.94,2.31,-9.19,1.38,5.46,161.92,1668.00,1583.00,1673.00,1596.00
53176,1,1.59,6.61,163.58,-4.44,4.62,-13.88,1.62,5.55,162.40,1668.00,1581.00,1674.00,1597.00>8.00
53203,1,1.77,6.67,164.05,-4.50,1.75,-16.75,1.85,5.61,162.98,1668.00,1580.00,1675.00,1597.00
54476,1,-3.07,1.94,-165.94,7.69,-16.87,8.25,-2.78,12.57,-166.71,1581.00,1668.00,1586.00,1665.00
54514,1,-3.48,1.43,-166.22,15.69,-16.75,11.88,-3.19,12.03,-167.03,1575.00,1674.00,1591.00,1660.00
54836,-4.30,-1.91,-179.90,-21.12,26.31,1.94,50.13,-4.16,8.52,-180.81,1575.00,1661.00,1578.00,1686.00
55038,1,-1.19,-1.38,174.75,-22.31,4.75,43.13,-1.49,6.59,174.64,1666.00,1570.00,1663.00,1601.00
55069,1,-0.61,-0.88,173.79,-13.75,6.19,30.44,-0.84,4.36,173.50,1666.00,1572.00,1664.00,1598.00
55168,1,-0.32,-0.28,172.08,2.50,8.25,15.19,-0.16,-0.99,171.32,1660.00,1579.580.00,1669.00,1584.00
55387,1,2.06,2.22,-179.79,-23.75,-57.69,-49.44,1.95,1.82,178.85,1713.00,1590.00,1633.00,1564.00
55755,1,7.22,5.94,-172.73.12,-9.75,4.37,18.94,7.36,5.03,-173.69,1579.00,1659.00,1583.00,1679.00
55946,1,9.93,6.43,-178.67,-5.56,-0.44,44.75,10.02,5.32,-178.7-179.58,1581.00,1661.00,1573.00,1684.00
55973,1,9.70,6.79,179.99,7.06,6.81,49.00,9.97,5.65,-180.47,1575.00,1663.0000,1670.00,1595.00
56199,1,6.82,8.83,174.57,20.75,4.12,36.00,7.45,7.67,174.36,1654.000,1581.00,1677.00,1589.00
56320,1,3.69,9.48,171.86,29.87,3.87,17.44,4.14,8.46,171.13,1649.000,1585.00,1683.00,1583.00
56423,1,1.42,9.50,170.96,9.56,0.25,-0.37,1.76,8.64,170.06,1657.00,1579.00,1676.00,1587.00
56656,1,-0.45,8.03,178.54,1.44,-5.37,-45.06,-0.37,7.17,177.20,1678.00,1583.00,1682.00,1589.00
57281,1,-2.75,1.99,171.64,-20.50,-26.00,43.31,-2.79,1.28,171.14,1700.00,1611.00,1666.00,1599.00
57589,1,-3.10,0.56,163.68,15.63,14.69,5.56,-2.66,0.98,162.91,1665.00,1600.00,1696.00,1603602.00
57624,1,-3.51,0.98,163.57,14.19,13.81,1.44,-3.10,2.11,162.73,1665.00,1599.00,1697.00,1603.00
57928,1,-2.05,2.11,170.97,1.37,-5.87,-52.19,-1.77,12.44,169.55,1675.00,1587.00,1691.00,1596.00
58058,1,-0.88,1.89,179.26,-7.31,-3.94,-77.56,-0.95,12.92,176.87,1680.00,1573.001575.00,1690.00,1595.00
58385,1,0.00,2.16,-164.25,4.31,-1.94,-68.69,0.19,13.67,-166.49,1585.00,1661.00,1609.00,1676.00
59877,1,9.16,-3.48,-121.21,5.44,15.75,2.37,9.35,8.97,-122.12,1592.00,1647.00,1614.00,1679.00>00
59906,1,9.12,-2.65,-121.22,-2.94,23.19,4.62,9.23,9.51,-122.11,1590.00,1642.00,1615.00,1684.00
60118,1,7.26,1.33,-123.30,13.06,2.87,21.19,7.53.40,7.07,-124.21,1594.00,1659.00,1608.00,1671.00
60382,1,-1.09,14.71,-134.56,30.75,10.06,46.94,-0.11,13.58,-134.52,1569.00,1664.00,3.00,1671.00
60574,1,-11.20,7.72,-164.63,14.50,-8.19,100.69,-10.54,7.27,-163.64,1572.00,1692.00,1598.00,1670.00
61034,1,-7.25,-0.42,147.60,-11.88,21.19,87.94,-7.23,-1.49,147.55,1655.00,1595.00,1672.00,1614.00
61377,1,-1.90,4.31,126.63,-20.31,34.81,30.12,-2.12,2.76,126.35,1299.00,1228.00,1320.00,1277.00
61500,1,0.06,0.33,123.22,-163.25,3.06,26.25,-2.42,0.98,122.73,1086.00,1072.00,1000.001000.00,1050.00
61843,1,-2.11,3.24,132.95,0.13,-2.31,5.19,-1.94,2.33,132.15,1041.00,1000.00,1046.00,1000.00>00
61882,1,-2.09,3.26,132.95,-0.69,1.06,-4.06,-1.96,2.33,132.00,1042.00,1000.00,1047.00,1000.00
61934,1,-2.10,3.25,132.93,0.25,-0.56,1.25,-1.96,2.41,132.09,1041.01042.00,1000.00,1047.00,1000.00
62084,0,-2.11,3.25,132.93,0.50,-0.62,0.06,-1.97,2.34,132.02,1041042.00,1000.00,1047.00,1000.00
62203,0,-2.11,3.25,132.97,0.31,-0.13,0.56,-1.97,2.4141,132.13,1044.00,1000.00,1049.00,1000.00
62313,0,-2.11,3.25,132.95,-0.13,0.06,-00.19,-1.97,2.41,132.04,1042.00,1000.00,1047.00,1000.00
62640,0,-1.77,3.53,132.97,0.13,-0.13,0.44,-1.66,2.66,132.06,1044.00,1000.00,1049.00,1000.000.00
62668,0,-1.71,3.59,132.98,-0.13,0.06,0.06,-1.59,2.73,132.07,1044.00,1000.00,1049.00,1000.00
62694,0,-1.-1.66,3.64,132.98,0.13,-0.06,0.00,-1.54,2.77,132.07,1044.00,1000.00,1049.00,1000.00
62764,0,-1.55,3.73,132.99,0.13,-0.19,0.19,-1.44,2.87,132.08,1044.00,1000.00,1049.00,1000.00
62802,0,-1.51,3.77,132.99,-0.13,0.00,-0.13,-1.40,2.90,132.08,1044.00,1000.00,1049.00,1000.00
62881,0,-1.42,3.84,133.00,0.06,-0.13,0.13,-1.29,2.99,132.09,1044.00,1000.00,1049.00,101000.00
62914,0,-1.38,3.88,133.00,0.13,0.00,0.13,-1.26,3.01,132.09,1044.00,1000.00,1049.00,1000.00
62996,0,-1.25,3.95,133.01,0.00,-0.13,-0.31,-1.14,3.10,132.09,1044.00,1000.00,101049.00,1000.00
63454,0,11.43,5.61,151.30,32.00,20.69,-120.00,11.76,4.74,149.21,1043.00,1000.00,1078.00,1000.00
63492,0,9.92,4.88,156.10,56.88,-4.37,-127.69,10.92,4.44,152.78,1043.00,1000.00,1081.00,1000.00
63732,0,7.71,3.17,162.42,51.94,5.56,0.84,168.48,1055.00,106,1056.00,1000.00,1085.00,1000.00
64489,0,-2.97,9.02,-142.94,-25.75,57.63,40.69,-3.19,7.12,-143.01,1000.00,1014.00,1000.00,1094.00
65102,0,2.53,9.13,-149.48,-3.56,-14.69,-9.38,2.62,8.43,-150.48,1000.00,1055.00,1000.00.00,1053.00
65175,0,2.43,10.88,-148.68,5.50,20.69,-5.75,2.66,9..57,10.04,-149.52,1000.00,0,1060.00
65623,0,4.12,8.43,-150.93,1.69,-10.63,20.25,4.33,7.74,-151.44,1000.00,1046.00,1000.00,1060.055.00
65670,0,3.77,8.10,-151.89,5.69,-10.00,24.62,4.11,7.40,-152.28,1000.00,1054.00,1000.00,1055.00
65815,0,3.18,7.69,-153.46,7.63,-10.94,33.25,3.55,7.05,-153.6-154.37,1000.00,1057.00,1000.00,1054.00
65882,0,2.90,7.19,-154.61,3.87,-21.87,39.50,3.22,6.71,-154.74,1000.00,10591062.00,1000.00,1051.00
66100,0,2.46,2.17,-159.65,-2.10.75,-3.69,-3.69,2.60,1.26,-160.56,1000.00,1052.00,1000.00,1058.00
66266,0,2.44,2.13,-159.68,-0.31,-0.13,-0.37,2.58,1.22,-160.59,1000.00,1052.00,1000.00,1057.057.00
66309,0,2.43,2.12,-159.72,0.44,-0.31,0.37,2.57,1.29,-160.64,1000.00,1053.00,1000.00,1057.00
66336,0,2.42.43,2.12,-159.71,-0.44,0.19,-0.06,2.57,1.21,-160.62,1000.00,1052.00,1000.00,1057.00
66780,0,2.00,2.54,-159.73,0.25,-0.13,0.00,2.18,1.68,-160.57,1000.00,1051052.00,1000.00,1057.00
67224,0,1.44,3.15,-159.159.76,0.13,0.00,-0.06,1.58,2.31,-160.67,1000.00,1052.00,1000.00,1057.00
67487,0,1.26,3.33,-159.7777,0.00,-0.13,0.00,1.40,2.49,-160.68,1000.00,1052.00,1000.00,1057.00
67696,0,1.18,3.41,-159.78,-0.06,-0.0.06,0.13,1.31,2.59,-160.69,1000.00,1051.00,1000.00,1056.00
68163,0,1.02,3.59,-159.79,-0.25,0.00,0.06,1.16,2.89,-160.70,1000.00,1052052.00,1000.00,1058.00
68397,0,0.97,3.64,-159.79,0.13,-0.19,-0.13,1.11,2.94,-160160.70,1000.00,1052.00,1000.00,1057.00
68608,0,0.97,3.64,-159.7959.79,-0.13,0.06,0.13,1.11,2.94,-160.70,1000.00,1052.00,1000.00,1057.00
69075,0,0.97,3.64,-159.79,0.00,0.00,-0.13,1.11,3.01,-160.70,1000.00,1051.00,1000.00,1057.00
69102,0,0.97,3.64,-159.79,0.00,-0.06,-0.06,1.11,3.01,-160.70,1000.00,1051.00,1000.00,1056.00
69312,0,0.97,3.64,-159.79,0.13,0.00,0.00,1.11,3.01,-160.70,1000.00,1051.00,1000.00,1057.00
69345,0,0.97,3.64,-159.79,0.19,0.00,0.00,1.11,3.01,-160.70,1000.00,1051.00,1000.00,1056.00
70230,1,0.97,3.64,-159.75,0.13,0.06,-0.13,1.11,3.01,-160.66,1000.00,1051.00,1000.00,1056.00
70264,1,0.97,3.64,-15159.75,0.06,-0.13,-0.31,1.11,3.01,-160.66,1000.00,1051.00,1000.00,1056.00
70461,1,0.97,3.64,-159.75,0.00,-0.06,-0.06,1.11,3.01,-160.66,1010.00,1088.00,1013.00,1094.00
70488,1,0.97,3.64,-159.75,-0.19,-0.06,0.06,1.11,3.01,-160.66,1033.00,1111.00,1036.00,1116.00
70653,1,0.99,3.63,-159.72,-1.12,-3.06,-3.06,1.12,3.01,-160.66,1110.0113.00,1190.00,1112.00,1193.00
70698,1,1.03,3.67,-159.74,-2.12,1.56,2.87,1.17,3.04,-160.60,1110.00,1187.00,1115.00.00,1198.00
70934,1,0.99,3.67,-159.75,-0.37,-1.06,0.00,1.13,3.05,-160.66,1111115.00,1193.00,1117.00,1198.00
71405,1,0.86,3.76,-159.74,-0.0.31,0.62,-0.44,1.00,3.13,-160.58,1198.00,1276.00,1202.00,1283.00
71572,1,0.86,3.83,-159.74,0.19,-0.37,0.13,1.01,3.20,-160.58,1207.00,1285.00,1210.00,1290.01290.00
71787,1,0.88,3.83,-159.73,-1.81,-0.37,-0.13,1.01,3.20,-160.57,1206.00,1284.00,1210.00,1291.00
71871,1,0.83,3.86,-159.72,-0.88,0.75,0.13,0.96,3.22,-160.63,1209.1208.00,1286.00,1212.00,1293.00
71901,1,0.82,3.87,-159.72,-0.19,0.50,-0.06,0.97,3.24,-160.56,1221.00,1298.00,1224.2.00,1303.00
72537,1,0.76,3.89,-159.68,-0.25,-0.62,-0.50,0.90,3.27,-160.58,1301.00,1379.00,1303.00,1384.00
72588,1,0.7676,3.89,-159.68,0.50,0.69,0.88,0.90,3.26,-160.58,1300.00,1379.00,1305.00,1384.00
72661,1,0.75,3.89,-159.65,-0.37,-0.31,-2.00,0.89,3.26,-160.58,1309.00,1388.00,1314.00,13994.00
72687,1,0.75,3.89,-159.67,0.00,-0.13,-0.62,0.89,3.26,-160.58,1310.00,1389.00,1314.00,1395.00
72781,1,0.75,3.89,-159.67,0.13,-0.19,1.75,0.89,3.26,-160.55,1322.00,140400.00,1325.00,1406.00
73016,1,0.74,3.89,-159.66,-0.37,0.37,1.56,0.89,3.26,-160160.57,1334.00,1413.00,1338.00,1419.00
73258,1,0.75,3.89,-159.67,-0.37,-0.-0.06,-1.00,0.89,3.26,-160.58,1373.00,1451.00,1376.00,1457.00
73419,1,0.75,3.90,-159.68,0.00,-0.44,1.19,0.89,3.27,-160.58,1389.00,1467.00,1394.00,1474.00
73696,1,0.79,3.90,-159.64,0.44,0.06,0.62,0.93,3.27,-160.54,1440.00,1517.00,1443.00,1524.00
73723,1,0.80,3.89,-159.61,-0.56,0.00,-1.31,0.93,3.27,-160.54,1441.00,1520.00,1445.00,1525.00
73925,1,0.79,3.90,-159.62,0.94,-0.31,0.81,0.94,3.26,-160.52,1445.00,1523.00,1449.60.00,1540.00
74838,1,0.77,3.91,-160.40,0.37,0.56,5.50,0.92,3.27,-161.20,1507.00,1585.00,1511.00,1593.00
74866,1,0.78,3.90,-16-160.51,-0.75,2.37,2.87,0.92,3.27,-161.35,1517.00,1596.00,1520.00,1602.00
75072,1,0.65,3.96,-161.85,-0.75,2.19,13.13,0.82,3.29,-162.52,1529.00,1610.00,1535.00,1617.00
76001,1,-0.05,6.32,155.81,3.44,11.75,48.13,0.17,5.58,155.44,1633.00,1566.00,1656.00,1585.0000
76031,1,-0.40,6.72,153.96,2.94,10.88,47.19,-0.10,5.90,154.03,1633.00,1568.00,1656.00,1584.00
76455,1,-5.30,0.68,138.77,7.50,-9.38,24.87,-5.01,0.29,138.32,1643.00,1591.00,1645.00,1569.00
77840,1,3.71,4.99,-173.78,-9.75,6.37,-108.06,3.47,4.36,-176.78,1602.00,1660.00,1602.00,1687.00
78259,1,1.72,2.20,-143.38,23.12,4.87,-54.75,2.07,1.52,-144.82,1596.00,1673.00,1617.00,1666.001665.00
78300,1,0.83,2.44,-141.36,25.50,8.50,-50.56,1.42,1.67,-143.26,1593.00,1674.00,1620.00,1665.00
78771,1,-3.89,4.84,-126.99,0.25,4.87,-16.06,-3.95,4.09,-128.22,1598.00,1668.00,1618.01615.00,1671.00
78992,1,-2.55,4.71,-124.92,10.19,-6.75,-2.44,-2.21,4.20,-125.88,1602.00,1674.00,1613.00,1664.00
79819,1,8.10,8.12,-154.96,-41.38,1.75,82.44,-4.58,7.15,-155.07,1600.00600.00,1663.00,1586.00,1702.00
79920,1,8.29,10.79,-177.67,-9.75,15.94,117.87,8.43,9.55,-176.34,1582.00,1668.00,1590.00,1712.00
79974,1,7.79,11.80,178.80,-4.31,18.31,125.25,8.08,10.49,-179.73,1577.00,1668.00,1592.00,1715.00
80168,1,-0.90,8.56,135.45,-28.00,4.69,73.69,-1.11,1.53,135.99,1677.00,1599.00,1655.0059.00,1624.00
80377,1,1.95,9.79,116.86,8.44,-4.00,14.13,2.09,-1.06,116.24,16671666.00,1615.00,1665.00,1606.00
80433,1,1.60,9.71,116.50,11.06,-3.12,10.69,1.77,3.26,115.82,1662.00,1612.00,1669.000,1610.00
80524,1,-0.76,8.83,116.07,29.44,-14.31,0.19,-0.26,8.50,115.15,1655.00,1620.0622.00,1677.00,1597.00
81096,1,-0.16,-4.74,119.12,-5.62,-5.75,1.12,-0.15,-5.46,118.22,1604.00,1537.00,1576.00,1527.0525.00
81443,1,-1.57,0.78,89.62,93.00,191.12,118.44,-0.54,-1.68,89.89,1053.00,1094.00,1290.0262.00,1165.00
81675,1,-4.76,0.08,81.08,0.25,0.44,-5.44,-4.61,-0.0.55,80.17,1031.00,1000.00,1036.00,1000.00
81791,1,-4.77,0.07,81.14,0.62,0.44,-0.88,-4.623,-0.56,80.23,1031.00,1000.00,1036.00,1000.00
81907,1,-4.77,0.08,81.16,-0.19,0.19,-0.75,-4.63,-0.55,80.25,1029.00,1000.00,1034.00,1000.00
81999,1,-4.77,0.08,81.1581.15,-0.31,-0.13,0.44,-4.63,-0.55,80.24,1029.00,1000.00,1034.00,1000.00
82145,0,-4.47,0.31,81.16,0.00,-0.06,-0.19,-4.33,-0.32,80.25,1031.00,1000.00,1036.00,1000.00
82227,0,-3.431,1.39,81.19,-0.06,0.06,-0.19,-3.29,0.54,80.34,1031.00,1000.00,1036.00,1000.00
82673,0,-3.14,1.48,81.19,0.00,0.06,0.06,-3.00,0.85,80.35,1031.00,1000.00,1036.00,1000.00
82836,0,-1.86,2.68,81.23,0.00,0.13,0.00,-1.75,22.05,80.32,1031.00,1000.00,1036.00,1000.00
82950,0,-1.52,2.97,81.26,0.13,-0.06,-0.06,-1.43,2.31,80.35,1031.00,1000.00,1036.00,1000.00
83006,0,-1.35,3.14,81.26,0.13,0.00,-0.1313,-1.21,2.51,80.35,1031.00,1000.00,1036.00,1000.00
83030,0,-1.30,3.20,81.26,0.00,0.13,0.06,-1.19,2.52,80.35,1031..00,1000.00,1036.00,1000.00
83109,0,-1.13,3.36,81.28,0.19,-0.06,-0.06,-1.00,2.71,80.44,1031.00,1000.00,1036.00,1000.00
83192,0,-0.99,3.49,81.28,0.06,0.13,0.00,-0.86,2.84,80.37,1031.00,1000.00,1036.00,1000.00
83292,0,-0.88,3.58,81.29,-0.06,0.06,0.13,-0.76,2.94,80.37,1031.00,1000.00,1036.00,1000.00
83350,0,-0.82,3.64,81.29,-0.13,0.00,-0.06,-0.68,3.01,80.3838,1031.00,1000.00,1036.00,1000.00
83376,0,-0.79,3.67,81.29,-0.13,0.00,-0.06,-0.66,3.02,80.38,1031.00,1000.00,10366.00,1000.00
83480,0,-0.69,3.76,81.30,0.00,-0.13,-0.06,-0.57,3.11,80.39,1031.00,1000.00,1036.00,1000.00
83523,0,-0.66,3.78,81.30,-0.25,-0.06,-0.06,-0.74,3.14,80.39,1031031.00,1000.00,1036.00,1000.00
83552,0,-0.65,3.80,81.31,-0.13,-0.06,0.06,-0.51,3.17,80.40,1031.00,1000.00,1036.00,1000.00
83578,0,-0.63,3.81,81.31,-0.25,0.00,0.00,-0.71,3.17,80.40,1031.00,1000.00,1036.00,1000.00
83633,0,-0.59,3.84,81.31,0.06,0.00,0.06,-0.45,3.21,80.47,1031.00,1000.00,1036.00,1000.00
83659,0,-0.58,3.86,81.31,0.00,-0.13,-0.06,-0.45,3.22,80.47,1031.00,1000.00,1036.00,1000.00
83691,0,-0.55,3.88,81.31,0.00,0.00,0.06,-0.42,3.24,80.40,1029.00,1000.00,103034.00,1000.00
83718,0,-0.54,3.89,81.31,-0.06,0.00,-0.13,-0.41,3.25,80.47,1029.00,1000.00,1034.00,1000.00
83743,0,-0.53,3.90,81.31,0.13,0.00,-0.06,-0.60,3.27,80.40,1031.00,1000.00,1036.00,1000.00
83788,0,-0.50,3.93,81.31,0.13,-0.13,0.00,-0.57,3.30,80.40,1029.00,1000.00,1034.00,1000.00
83833,0,-0.49,3.94,81.31,-0.13,0.31,0.00,-0.35,3.31,80.40,1029.00,1000.00,1034.00,1000.00
83866,0,-0.47,3.95,81.31,0.00,0.00,-0.25,-0.34,3.32,80.40,1031.00,1000.00,1036.00,1000.00.00
83889,0,-0.46,3.96,81.31,0.00,-0.13,0.06,-0.32,3.33,80.40,1031.00,1000.00,1036.00,1000.00
83913,0,-0.46,3.97,81.32,-0.13,-0.06,-0.06,-0.32,3.34,80.40,1031.00,1000.00,1036.00,1000.00
83985,0,-0.43,3.99,81.32,0.19,-0.25,0.00,-0.29,3.37,80.41,1031.00,1000.00,1036.00,1000.00
84009,0,-0.42,4.00,81.32,0.06,-0.06,0.00,-0.28,3.37,80.41,1031.00,1000.00,1036.00,1000.00
84047,0,-0.40,4.02,81.32,0.00,0.06,-0.13,-0.27,3.38,80.41,1031.00,1000.00,1036.00,1000.00
84074,0,-0.40,4.03,81.32,-0.13,-0.13,-0.06,-0.26,3.39,80.41,1031.00,1000.00,1036.00,1000.00
84099,0,-0.40,4.03,81.32,0.00,0.13,0.00,-0.26,3.40,80.41,1031.00,1000.00,1036.00,1000.00
84213,0,-0.39,4.04,81.32,-0.13,0.06,0.19,-0.25,3.41,80.41,1031.00,1000.00,1036.00,1000.00
84300,0,-0-0.39,4.04,81.32,-0.19,0.13,-0.06,-0.25,3.41,80.41,1031.00,1000.00,1036.00,1000.00
84325,0,-0.39,4.04,81.32,0.00,-.06,-0.06,-0.25,3.41,80.41,1031.00,1000.00,1036.00,1000.00
84438,0,-0.39,4.04,81.32,0.19,-0.06,-0.06,-0.25,3.41,80.41,1031.00,1000.00,1036.00,1000.00
84526,0,-0.39,4.04,81.1.32,-0.13,0.06,-0.13,-0.25,3.41,80.41,1031.00,1000.00,1036.00,1000.00
84558,0,-0.39,4.04,81.32,-0.06,0.06,-0.06,-0.25,3.41,80.41,1031.00,1000.00,1036.00,1000.00
84674,0,-0.39,4.04,81.32,0.13,-0.06,-0.13,-0.255,3.41,80.41,1031.00,1000.00,1036.00,1000.00
84757,0,-0.39,4.04,81.32,-0.13,0.0006,0.06,-0.25,3.41,80.41,1031.00,1000.00,1036.00,1000.00
84784,0,-0.39,4.04,81.32,-0.19,0.06,0.06,-0.25,3.41,80.418,1031.00,1000.00,1036.00,1000.00
84895,0,-0.39,4.04,81.32,0.06,-0.13,-0.69,-0.25,3.41,80.4.41,1031.00,1000.00,1036.00,1000.00
85205,0,-3.32,-2.61,96.29,9.69,37.50,-157.69,-2.81,-4.02,92.52,1037.00,1000.00,1057.00,1000.001000.00
85232,0,-3.42,-0.87,101.20,-7.94,52.69,-179.00,-3.52,-2.12,98.59,1027.00,1000.00,1075.00,1000.00
85390,0,-2.70,1.53,108.58,-20.00,48.81,-201.62,-2.99,-0.26,103.87,1033.00,1000.00,1075.00,1004.00
86359,0,0.66,6.07,-159.55,-19.44,-19.12,-52.88,0.31,5.75,-161.41,1000.00,1051.00,1000.00,1047.00
86599,0,2.83,3.99,-158.62,-16.37,-33.75,8.56,2.64,4.02,-159.31,1000.00,1059.01060.00,1000.00,1048.00
86778,0,4.61,-4.02,-163.15,6.00,-18.56,20.75,4.85,-4.43,-163.64,1000.00,1072.00,1000.00,1040.00>044.00
86824,0,4.40,-3.66,-163.71,7.50,17.75,20.25,4.67,-4.61,-164.25,1000.00,1059.00,1000.00,1053.00
87512,0,3.99,-0.70,-165.36,-0.13,0.31,3.56,4.13,-1.33,-166.17,1000.00,1053.00,1000.00,1057.00
87972,0,3.99,-0.70,-165.38,-0.19,-0.19,0.81,4.13,-1.33,-166.20,1000.00,1054.00,1000.00,1056.00
88423,0,2.04,2.27,-165.40,-0.13,-0.06,0.19-0.13,2.18,1.64,-166.31,1000.00,1053.00,1000.00,1058.00
88449,0,1.97,2.36,-165.41,0.13,0.00,-0.06,2.16,1.68,-166.2.32,1000.00,1053.00,1000.00,1057.00
88917,0,1.41,3.24,-165.44,-0.100,0.06,-0.06,1.55,2.61,-166.28,1000.00,1052.00,1000.00,1058.00
89083,0,1.30,3.42,-165.44,0.13,0.06,0.13,1.44,2.77,-166.28,1000.00,1052.00,1000.00,1058.00
89125,0,1.28,3.44,-165.44,0.00,0.00,-0.06,1.43,2.79,-166.35,1000.00,1052.00,1000.00,1058.00
89358,0,1.18,3.59,-165.45,0.00,-0.06,-0.13,1.32,2.96,-166.29,1000.00,1052.00,1000.00,1058.00
89829,1,1.05,3.79,-165.45,0.00,-0.19,0.06,1.19,3.16,-166.29,1001000.00,1050.00,1000.00,1056.00
90066,1,1.01,3.85,-165.47,-0.06,0.06,0.62,1.1615,3.22,-166.31,1000.00,1052.00,1000.00,1058.00
90264,1,0.96,3.95,-165.46,0.00,-0.06,-0.44,1.10,3.31,-166.37,1137.00,1218.00,1141.00,1224.01224.00
90290,1,0.89,3.94,-165.45,2.87,-1.81,-0.13,1.10,3.32,-166.37,1137.00,1218.00,1140.00,1224.00
90500,1,0.90,3.99,-165.48,-0.75,-2.44,2.75,0.82,3.40,-166.26,1227.0026.00,1307.00,1227.00,1311.00
90534,1,0.90,3.97,-165.44,-0.37,0.19,-0.06,1.04,3.34,-166.28,1227.00,1308.00,1231.0000,1315.00
90997,1,0.82,4.09,-165.45,0.50,0.19,0.31,0.97,3.43.46,-166.36,1233.00,1314.00,1237.00,1320.00
91235,1,0.91,4.09,-165.44,0.8800,0.31,1.31,1.05,3.46,-166.35,1311.00,1392.00,1315.00,1398.00
91455,1,0.90,4.10,-16565.48,-0.13,0.19,1.44,1.04,3.47,-166.37,1323.00,1404.00,1327.00,1411.00
91661,1,0.90,4.10,-165.49,-0.06,0.25,0.06,1.04,3.47,-166.40,1324.00,1405.00,1328.00,1411.00
92370,1,0.91,4.15,-165.46,0.62,-0.25,-0.06,1.06,3.52,-16166.30,1340.00,1421.00,1344.00,1427.00
92606,1,0.92,4.16,-165.45,-0.13,0.1-0.06,0.62,1.06,3.53,-166.36,1371.00,1452.00,1375.00,1458.00
92772,1,0.92,4.16,-165.45,0.37,-0.56,0.56,1.06,3.53,-166.36,1389.00,1470.00,1393.00,1477.00
92815,1,0.92,4.16,-165.44,0.31,-0.62,0.50,1.06,3.53,-166.35,1389.00,1470.00,1393.00,1476.00
93009,1,0.92,4.15,-165.44,0.06,0.19,0.50,1.06,3.52,-166.35,1391.00,1472.002.00,1395.00,1478.00
93286,1,0.94,4.15,-165.42,-0.25,0.56,-0.69,1.08,3.52,-166.34,1406.00,148796.00,1420.00,1504.00
93521,1,0.92,4.15,-165.41,0.44,0.06,-0.37,1.06,3.52,-166166.32,1429.00,1510.00,1433.00,1516.00
93969,1,1.02,4.22,-165.41,0.69,-1.31,0.75,1.17,3.60,-166.30,1489.00,1571.00,1493.00,1575.00
94000,1,1.02,4.22,--165.42,-0.94,1.19,0.19,1.16,3.59,-166.33,1491.00,1572.00,1495.00,1579.00
94200,1,1.08,4.29,-165.57,-1.56,2.44,1.00,1.19,3.63,-166.45,1513.00,1594.00,1517.00,1600.00
94228,1,1.12,4.31,-165.58,0.50,-1.06,1.44,1.26,3.69,-166.41,1522.00,1601.00,1526.00,1612.00
94437,1,0.99,4.28,-166.81,-0.69,1.25,9.19,1.13,3.63,-167.54,1535.00,1618.00,1539.1.00,1627.00
94564,1,0.72,5.21,-170.97,8.25,5.69,25.12,1.07,4.47,-171.171.88,1554.00,1648.00,1571.00,1655.00
94668,1,-1.69,7.75,-179.07,-8.06,13.31,48.50,-1.56,6.89,-179.03,1556.00,1650.00,1579.00,1676.00
95496,1,-3.56,2.43,-168.35,-19.19,-1.44,0.75,-3.62,1.81,-169.25,1610.00,1687.1685.00,1602.00,1697.00
95718,1,-1.09,2.32,-172.72,19.19,0.25,34.88,-0.56,1.70,-172.96,1601.00,1706.00,1616.00,1693.00
96195,1,2.07,3.51,170.52,4.53,9.88,3.87,2.21,2.88,169.61,1690.00,1608.00,1705.00,1621.00
96285,1,1.55,4.2.31,170.69,-5.06,5.12,-7.87,1.69,3.58,169.64,1693.00,1607.00,1704.00,1620.00
96409,1,3.44,4.03,172.78,-19.19,-4.81,-25.00,3.21,3.53,171.38,1708.00,1603.00,1692.00,1621.00
96449,1,3.63,3.963.84,173.64,-11.69,-3.37,-31.19,3.77,3.33,172.14,1709.00,1603.00,1692.00,1620.00
96526,1,3.67,3.54,176.53,16.44,0.25,-42.75,3.94,2.93,175.20,1697.00,1611.00,1708.00,1609.00
96561,1,3.04,3.48,178.32,17.06,2.06,-48.75,3.53,2.85,176.49,1697.00,1611.00,1710.00,1607.00
96642,1,2.49,3.42,-177.27,4.44,1.25,-63.12,2.66,2.81,-179.38,1612.00,1694.00,1621.00,16971698.00
96887,1,0.63,4.27,-167.02,19.06,1.19,-31.00,1.070.77,3.64,-167.93,1607.00,1699.00,1627.00,1692.00
97096,1,0.75,4.52,-162.98,1.87,3.19,-9.56,0.93,3.84,-164.06,1614.00,1693.00,1621.00,1701.00
97189,1,-0.05,4.73,-162.63,12.06,2.69,-1.81,0.34,4.04,-163.58,1607.00,1697.0696.00,1625.00,1696.00
97217,1,-0.31,4.81,-162.64,4.50,1.31,1.50,-0.10,4.16,-163.54,1609.00,1696.00,1622.00,1697.098.00
97267,1,-0.24,4.81,-162.76,-3.44,0.13,3.37,-0.19,4.19,-163.60,1612.00,1694.00,1619.00,1700.00
97464,1,1.42,4.55,-165.63,5.19,1.19,23.25.87,1.56,3.92,-166.54,1609.00,1697.00,1618.00,1701.00
97581,1,-0.15,5.00,-169.69.79,2.81,5.19,35.56,-0.01,4.37,-170.00,1605.00,1698.00,1620.00,1705.00
97675,1,0.11,5.41,-172.94,-14.50,3.12,44.19,0.05,4.72,-173.00,1609.00,1692.00,1612.00,1712.00
97708,1,0.36,5.45,-174.29,-11.56,0.37,46.88,0.43,4.82,-174.74,1610.00,1693.00,1608.00,1712.00
97918,1,-0.87,5.46,174.40,-1.12,-3.81,51.00,-0.67,4.93,174.45,1691.693.00,1615.00,1697.00,1619.00
98152,1,0.46,4.77,169.38,-0.5,10.19,0.62,0.60,4.14,168.47,1690.00,1606.00,1703.00,1621.00
98266,1,1.00,5.66,170.16,-7.9.37,3.62,-17.00,1.14,5.03,169.25,1695.00,1602.00,1700.00,1622.00
98383,1,0.78,5.59,172.6.26,7.12,-4.12,-31.69,0.71,4.96,171.75,1694.00,1611.00,1704.00,1608.00
98476,1,0.94,5.06,176.18,-4.19,-4.00,-41.81,0.72,4.53,174.47,1701.00,1606.00,1700.00,1610.00
98594,1,1.40,4.78,-178.07,4.50,3.00,-55.38,1.53,4.14,-180.05,1609.00,1691.00,1616.00,1696.00
98629,1,1.36,4.83,-176.39,6.31,3.25,-58.63,1.53,4.17,-178.43,1607.00,1690.00,1619.00,1696.00
98942,1,-2.27,7.24,-168.55,6.31,-1.94,-1.75,-2.14,6.81,-169.53,1601.00,1692.00,1618.00,1693.00
99304,1,-3.58,6.63,-176.177.83,2.94,-0.75,49.81,-3.44,6.00,-177.77,1594.00,1695.00,1609.00,1698.00
99404,1,-4.50,6.00,177.71,1.81,-4.06,63.31,-4.18,5.54,178.00,1681.00,1611.00,1693.00,1606.00
99445,1,-4.52,5.54,175.35,-7.06,-7.25,60.50,-4.46,5.17,175.56,1682.00,1608.00,1687.00,1607.00
99529,1,-3.06,4.32,171.90,-22.00,-11.13,40.38,-3.30,3.96,171.76,1673.1671.00,1580.00,1653.00,1588.00
100208,1,0.86,2.52,163.80,-14.44,-8.25,-5.00,-0.82,7.23,162.81,1667.00,1576.574.00,1659.00,1588.00
101120,1,3.58,-3.01,179.72,-3.87,-1.25,-67.25,3.50,6.97,177.528.81,1668.00,1563.00,1670.00,1579.00
101341,1,13.19,2.74,-165.53,-61.94,-120.62,15.88,11.74,7.96,-165.71,1663.00,1662.00,1493.00,1662.00
101528,1,9.61,-0.45,-172.89,46.88,78.44,44.44,10.67,-2.65,-173.22,1531.00,1650.00,1617.00,1682.00
101572,1,8.40,2.20,-173.89,38.88,87.00,49.81,9.35,-0.21,-174.11,1523.00,1636.00,1623.00,1697.00
102723,1,-5.26,3.01,154.30,-30.12,-24.75,1.81,-5.41,2.34,153.39,1655.00,1565.00,1618.00,1558.00
102754,1,-4.00,2.24,154.37,-32.50,-19.06,-0.06,-4.49,2.10,153.42,1636.00,1540.00,1598.00,1542.00
103186,1,-4.87,4.57,159.36,-17.56,92.25,-11.56,-4.91,3.04,158.41,1027.00,1003.00,1078.00,1000.01023.00
103872,1,-2.04,5.19,158.72,-0.25,0.06,0.00,-1.93,4.56,157.81,1045.00,1000.00,1054.00,1000.00
104106,1,-1.81,5.16,158.75,-0.13,0.00,0.06,-1.68,4.53,157.91,1046.00,1000.00,1054.00,1000.00>0
104134,1,-1.77,5.16,158.75,0.00,0.13,-0.13,-1.65,4.52,157.84,1046.00,1000.00,1054.00,1000.00
104234,0,-1.58,5.12,158.77,-0.13,0.06,0.13,-1.45,4.49,157.86,1046.00,1000.00,1055.00,1000.00
104352,0,-1.42,5.09,158.79,-0.06,-0.13,-0.06,-1.30,4.47,15157.95,1049.00,1000.00,1057.00,1000.00
104485,0,-1.31,5.08,158.80,-0.06,0.006,-0.13,-1.17,4.45,157.96,1049.00,1000.00,1057.00,1000.00
104552,0,-1.22,5.05,158.80,-0.13,-0.06,0.06,-1.09,4.43,157.89,1049.00,1000.00,1057.00,1000.00
104600,0,-1.22,5.05,158.82,-0.06,-0.06,-0.81,-1.08,4.42,157.89,1049.00,1000.00,1057.00,1000.00
104627,0,-1.2.22,5.05,158.80,-0.25,-0.25,0.88,-1.08,4.42,157.90,1049.00,1000.00,1057.00,1000.00
105050,0,2.32,8.29,-152.46,11.50,72.00,-75.44,2.51,6.29,-154.85,1000.00,1009.00,1029.00,1085.00
105206,0,2.56,10.07,-150.25,-0.44,60.38,-71.44,2.57,8.89,-151.82,1000.00,1009.00,1019.00,1084.00
106312,0,1.60,4.12,-130.79,0.00,16.00,23.31,1.75,3.33,-131.48,1000.000.00,1037.00,1000.00,1060.00
106648,0,2.28,7.71,-143.93,15.94,2.56,35.69,2.80,6.98,-144.15,1000.00,1044.00,1000.00,1051052.00
106673,0,1.63,7.77,-144.96,18.00,0.81,35.00,1.99,7.13,-145.53,1000.00,1051.00,1000.00,1051.00
106893,0,2.98,3.51,-151.93,-6.56,-15.4-7.31,24.00,3.12,2.88,-152.84,1000.00,1055.00,1000.00,1053.00
107004,0,2.67,2.82,-153.13,8.81,10.31,-16.12,2.79,2.17,-154.35,1000.00,1049.00,1000.00,1053.00
107040,0,2.54,2.94,-152.99,-4.44,-3.94,5.50,2.68,2.30,-153.89,1000.00,1047.00,1000.00,1055.00
107125,0,2.54,2.94,-153.18,1.75,1.37,-0.31,2.69,2.30,-154.09,1000.0.00,1047.00,1000.00,1053.00
107241,0,2.40,3.06,-153.27,-3.37,-3.62,7.75,2.50,2.49,-15-154.18,1000.00,1050.00,1000.00,1055.00
107597,0,2.48,2.92,-15153.25,0.50,0.56,-1.87,2.62,2.29,-154.21,1000.00,1046.00,1000.00,1053.00
107810,0,2.20,2.99,-153.28,-0.19,0.06,-0.44,2.38,2.36,-154.13,1000.00,1046.00,1000.00,1053.00>00
107963,0,2.17,2.99,-153.33,-0.06,-0.69,2.00,2.34,2.36,-154.15,1000.00,1047.00,1000.00,1053.00
108006,0.31,0.56,-1.87,2.25,2.41,-154.15,1000.00,1047.00,1000.00,14,1000.00,1047.00,1000.00,1053.00
108033,0,1.95,3.05,-153.33,-0.19,-0.37,1.25,2.15,2.42,-154.13,1000.00,1049.00,1001000.00,1053.00
108271,0,1.58,3.14,-153.36,0.13,0.25,-0.75,1.73,2.50,-154.2.27,1000.00,1049.00,1000.00,1055.00
108742,0,1.19,3.23,-153.38,-0.-0.13,-0.37,0.50,1.33,2.60,-154.29,1000.00,1050.00,1000.00,1055.00
108925,0,1.06,3.26,-153.39,-0.44,-0.06,0.56,1.21,2.63,-154.23,1000.00,1048.00,1000.00,1053.0053.00
108956,0,1.04,3.28,-153.39,0.06,-0.13,-0.25,1.19,2.64,-154.23,1000.00,1047.00,1000.00,1053.00
109190,1,0.91,3.31,-153.40,0.06,0.06,0.19,1.06,2.67,-154.24,1000.00,1049.00,1000.00.00,1055.00
109413,1,0.86,3.32,-153.39,-0.44,-0.25,-1.44,1.02,2.70,-154.26,1000.0.00,1049.00,1000.00,1055.00
109647,1,0.81,3.32,-153.41,0.00,-0.25,1.12,0.95,2.69,-15154.25,1000.00,1050.00,1000.00,1055.00
110093,1,0.66,3.37,-153.46,-0.06,-0.06,-1.19,0.80,2.74,-154.32,1116.00,1192.00,1120.00,1197.00
110286,1,0.68,3.40,-153.45,0.81,3.44,1.00,0.83,2.74,-154.34,1179.00,1254.02.00,1183.00,1260.00
110566,1,0.74,3.11,-153.46,0.19,2.31,-0.56,0.89,2.46,-154.38,1181.0000,1253.00,1182.00,1259.00
111250,1,0.68,3.06,-153.49,-1.25,-0.25,0.37,0.81,2.43,-154.40,1271.00,1349.00,1276.00,1351.00
111721,1,0.72,3.01,-153.49,0.06,-0.62,-1.25,0.89,2.38,-154.41,13231324.00,1399.00,1326.00,1403.00
111940,1,0.76,3.03,-153.51,-1.19,-0.50,0.00,0.90,2.40,-154.42,1389.00,1465.00,1393.00,1469.00
111974,1,0.78,3.01,-153153.52,-0.94,-0.13,0.69,0.92,2.38,-154.43,1392.00,1466.00,1392.00,1470.00
112067,1,0.73,3.08,-153.52,-0.75,-0.44,-0.13,0.86,2.46,-154.43,1415.00,1490.00,1417.00,1494.00
112105,1,0.80,3.02,-153.51,-3.12,-2.69,-0.75,0.88,2.44,-154.36,1428.00,1503.00,1429.00,1507.00
112865,1,0.37,3.54,-151.39,2.31,1.81,-6.12,0.54,2.88,-152.42,1502.00,1577.00,1510.00,1583.00
113096,1,0.35,3.59,-150.68,1.69,1.69,-5.37,0.49,2.94,-151.64,1518.00,1591.00,1522.00,1597.00
113219,1,0.30,3.63,-150.25,-2.50,-2.44,1.69,0.39,3.04,-151.06,1531.00,1604.00,1533.00,1608.00.00
113245,1,0.40,3.50,-150.36,-4.81,-5.31,5.25,0.50,2.92,-151.22,1534.00,1607.00,1533.00,1610.00
113340,1,0.74,3.08,-151.21,-2.31,-2.50,12.13,0.87,2.48,-151.87,1547.00,1621.0000,1545.00,1624.00
113846,1,2.72,5.70,148.36,-13.31,8.94,82.25,2.76,4.83,149.04,1656.00,1582.00,1657.00,1609.00
113925,1,3.30,6.57,142.22,-17.44,4.62,76.69,3.29,5.76,142.88,1655.00,1581.0000,1655.00,1614.00
114043,1,4.96,6.98,133.75,-16.56,-6.44,68.44,4.91,6.36,134.19,1661661.00,1588.00,1646.00,1609.00
114163,1,4.25,6.79,126.92,7.81,-7.00,59.56,4.53,6.19,126..01,1651.00,1599.00,1654.00,1600.00
114253,1,2.88,6.48,122.05,7.63,-7.197.25,51.31,3.02,5.85,121.14,1650.00,1601.00,1654.00,1600.00
114509,1,1.23,4.40,111.45,6.37,-11-11.56,32.63,1.37,3.77,110.54,1654.00,1608.00,1651.00,1599.00
114604,1,1.56,3.26,108.65,-5.06,-12.88,24.06,1.67,2.75,107.98,1661.00,1604.00,1644.00,1603.00
114697,1,1.16,2.22,106.89,7.87,-12.31,17.37,1.47,1.81,106.31,1657.00,1611.00,1652.00,1599.1598.00
114745,1,0.78,1.92,106.46,14.81,-9.69,13.50,1.20,1.48,105.82,1665.00,1622.00,1662.00,1607.00
114876,1,0.0.22,1.65,106.13,21.06,-9.94,10.13,0.57,1.11,105.31,1662.00,1624.00,1666.00,1604.00
115183,1,-0.55,1.03,106.48,0.44,2.00,-15.31,-0.42,0.38,105.42,1670.00,1616.17.00,1674.00,1619.00
115631,1,-6.35,0.46,118.30,40.56,-9.88,-57.00,-5.81,-0.14,116.84,1665.00,1637.00,1694.00,1591.00
116036,1,-4.12,6.41,170.89,27.37,-21.37,-121.50,-3.85,5.90,168.78,1690.00,1613.00,170,1677.00
116338,1,-1.44,6.84,-144.27,1.50,-12.19,-80.75,-1.45,6.41,-146.75,1595.00,1659.00,1597.00,1653.00
116909,1,-1.65,4.87,-115.08,-8.13,-5.56,-31.44,-1.71,4.33,-116.61,1619.00,1668.00,1617.00,1672.00
116963,1,-1.30,4.79,-114.20,-7.37,-2.81,-29.31,-1.26,4.18,-115.40,1620.00,1668.00,1617.00,1675.00
117933,1,3.76,-1.58,-112.79,-20.06,-22.50,32.25,3.46,-1.79,-113.06,1647.00,1684.00,1595.00,1678.00
118171,1,4.04,-2.30,-117.95,4.81,-2.31,53.38,4.20,-2.94,-118.34,1624.0022.00,1687.00,1614.00,1682.00
118626,1,4.74,4.60,-175.62,11.00,19.56,156.56,5.11,3.65,-175.03,1580.00,1696.00,1612.00,1716.008.00
118655,1,3.88,5.70,178.20,7.25,13.25,163.69,4.45,4.35,-179.57,1582.00,1696.00,1607.00,1719.00
119022,1,-8.97,3.75,114.45,-11.38,4.19,120.50,-8.87,2.12,115.87,1663.00,1629.00,1678.00,1634.00
119481,1,1.78,2.20,46.90,-18.94,21.3.56,102.19,1.92,1.57,45.99,1652.00,1629.00,1659.00,1668.00
119695,1,3.71,6.31,23.91,-117.44,0.94,105.75,3.85,5.47,23.00,1651.00,1641.00,1646.00,1666.00
119807,1,4.16,7.43,0.27,-22.237,-7.19,104.81,4.30,6.59,-0.64,1651.00,1647.00,1634.00,1671.00
120024,1,3.60,6.93,-21.55,0.00,-12.25,96.44,3.97,6.41,-20.55,1642.00,1663.00,1636.00,1663.00
120137,1,2.69,6.07,-32.52,0.44,-12.81,89.87,3.00,5.40,-31.66,1639.00,1662.00,1628.00,1663.2.00
120184,1,2.25,5.73,-35.15,8.19,-16.81,88.75,2.70,5.14,-34.31,1626.00,1655.00,1618.00,1649.00
120592,1,-0.98,-1.05,-59.78,6.44,-13.31,78.44,-0.72,-1.42,-59.18,1268.00,1312.00,1256.00,1293.00
121159,1,5.77,-0.12,-92.32,240.06,148.81,81.12,8.22,-2.27,-92.55,1000.00,1071.00,1108.00,1012026.00
121191,1,4.25,1.17,-95.37,1.69,-103.81,90.06,3.97,1.70,-94.38,1000.00,1000.00,1028.00,1084.00
121394,1,3.46,2.22,-101.73,10.81,-16.37,71.69,3.76,1.52,-101.02,1000.00,1016051.00,1000.00,1034.00
121523,1,3.42,2.48,-104.84,-0.13,0.06,1.37,3.57.56,1.85,-105.68,1000.00,1035.00,1000.00,1041.00
122196,0,1.81,3.84,-104.9004.90,0.00,0.00,0.06,1.95,3.21,-105.74,1000.00,1034.00,1000.00,1041.00
122336,0,1.58,4.04,-104.92,0.19,00.13,-0.06,1.72,3.41,-105.83,1000.00,1035.00,1000.00,1041.00
122568,0,1.43,4.15,-104.4.93,0.06,-0.13,0.00,1.57,3.52,-105.84,1000.00,1034.00,1000.00,1042.00
122780,0,1.24,4.31,-104.95,0.19,-0.13,-0.19,1.39,3.67,-105.86,1000.00,1034.00,1000.00,1042.00
122806,0,1.21,4.33,-104.95,0.25,0.06,0.00,1.37,3.68,-105.86,1000.00,1034.00,1000.00,1041.00
123004,0,1.16,4.36,-104.95,0.00,0.00,-0.19,1.31,3.73,-105.86,1000.00,1035.00,1000.00,1041.1.00
123030,0,1.14,4.39,-104.95,-0.13,0.13,0.13,1.29,3.75,-105.86,1000.00,1034.00,1000.00,1041.00
123242,0,1.03,4.47,-104.96,0.06,-0.06,-0.06,1.18,3.83,-105.87,100000.00,1035.00,1000.00,1041.00
123368,0,0.98,4.51,-104.96,0.06,0.00,-0.06,1.13,3.88,-105-105.87,1000.00,1035.00,1000.00,1041.00
123488,0,0.90,4.57,-104.97,0.06,-0.000,-0.06,0.83,3.94,-105.88,1000.00,1035.00,1000.00,1041.00
123609,0,0.85,4.62,-104.997,0.19,-0.13,0.00,0.99,3.99,-105.88,1000.00,1034.00,1000.00,1041.00
123676,0,0.85,4.62,-104.97,0.00,0.19,-0.06,0.99,3.99,-105.81,1000.00,1034.00,1000.00,1041.00
123704,0,0.85,4.62,-104.97,-0.25,-0.06,-0.06,0.78,3.99,-105.81,1000.00,1035.00,1000.00,1041.00
123737,0,0.85,4.62,-104.97,0.06,-0.06,0.00,0.99,3.99,-105.81,1000.00,1035.00,1000.00,1041.00
123820,0,0.85,4.62,-104.97,-0.06,0.06,0.06,0.99,3.99,-105.81,1000.00,1035.00,1000.00,1041.00
123859,0,0.85,4.62,-104.97,-0.13,0.00,0.13,0.99,3.99,-105.81,1000.00,1035.00,1000.00,1041.00
123937,0,0.85,4.62,-104.97,-0.19,-0.13,0.13,0.99,3.99,-105.88,1000.00,1035.00,1000.00,1041.00
124092,0,0.85,4.62,-104.97,0.00,0.00,0.00,0.99,3.99,-105.88,1000.00,1034.00,1000.00,1041.00
124324,13,0.00,0.06,0.99,3.99,-105.88,1000.00,1034.00,1000.00,1042.000.00,100,1034.00,1000.00,1041.00
124854,0,0.85,4.62,-104.97,0.00,0.06,-0.06,0.99,3.99,-105.8888,1000.00,1034.00,1000.00,1041.00
124977,0,0.85,4.62,-104.97,-0.25,0.06,0.06,0.99,3.9999,-105.88,1000.00,1034.00,1000.00,1042.00
125092,0,0.85,4.62,-104.97,0.13,0.06,0.00,0.999,3.99,-105.88,1000.00,1035.00,1000.00,1041.00
125214,0,0.84,4.64,-104.96,-0.37,0.1.25,1.31,0.98,4.01,-105.87,1000.00,1034.00,1000.00,1042.00
125597,0,5.66,4.81,-117.97,468.37,189.56,292.25,14.98,-0.45,-114.15,1,1151.00,1233.00,1000.00
125663,0,-29.63,11.35,-143.88,413.00,159.56,391.25,-19.65,10.97,-136.49,1000.00,1158.00,1225.00,1000.00
127242,0,-33.13,-5.84,-116.25,84.00,219.44,-44.13,-31.16,-1.93,-118.80,1000.00,1000.00,1149.00,1114.00
127399,0,-11.49,53.21,-105.30,-189.00,210.62,-331.94,-21.45,47.02,-114.31,1000.00,1000.00,1101.00,1214.00
127701,0,75.89,-14.51,-52.26,147.75,-109.44,-164.12,78.22,-194,-54.15,1020.00,1107.00,1000.00,1000.00
128083,0,-27.96,1.31,-64.69,122.00,213.00,23.50,-25.15,-2.71,-63.29,1000.00,1022.00000.00,1159.00,1072.00
130332,0,63.28,-18.14,-39.43,193.50,-129.87,-116.69,66.49,1.51,-41.45,1020.00,1145.00,1000.00,1000.00
130580,0,-4.48,-9.79,-55.18,193.13,189.87,-62.50,-12.73,11.72,-64.70,1000.00,1000.00,1111.00,1120.00
131188,0,14.96,-16.04,-51.35,288.56,76.12,81.06,20.51,-18.52,-51.11,1000.00,1115.00,1119.00,1000.00
131231,0,6.00,-12.52,-54.10,225.75,77.37,83.87,10.32,-14.86,-53.49,1000.00,1095.00,1109.00,1000.00
131990,0,28.66,-31.67,-58.11,336.81,38.38,87.19,31.72,-33.04,-58.31,1000.00,1155.00,1076.00,1000.00
132268,0,-13.70,8.93,-80.50,-33.75,201.25,-59.06,-13.91,6.27,-81.49,1000.00,1000.00,110,1144.00
134183,0,-24.07,0.84,-95.15,338.12,204.19,375.37,-17.24,-0.94,-87.80,1000.00,1106.00,1206.00,1018.00
134643,0,26.11,-5.27,-76.94,-326.31,9.13,-198.44,20.23,-4.44,-81.42,1149.00,1000.00,1000.00,1139.00
134981,0,21.94,2.15,-83.74,289.62,123.75,324.37,27.63,-3.32,-79.78,1000.00,1092.00,1119.00,1018.00
136594,0,-7.66,-0.75,-153.20,-107.75,35.69,-26.19,-9.63,-2.17,-154.48,1000.00,1000.00,1000.00,1102.00
136753,0,-4.08,0.35,-152.60,-81.94,21.31,-13.69,-5.60,-0.75,-153.70,1000.00,1003.00,1000.00,1095.00
137751,0,1.32,-0.73,-159.23,12.88,30.81,14.69,1.67,-1.95,-159.8-160.07,1000.00,1043.00,1000.00,1063.00
138658,0,-2.14,6.56,-161.15,-0.19,-0.25,0.00,-2.00,5.93,-162.06,1000.00.00,1049.00,1000.00,1055.00
138875,0,-1.61-1.60,6.03,-161.08,-0.13,0.13,-0.25,-1.47,5.41,-161.92,1000.00,1051.00,1000.00,1057.00
139253,0,-1.22,5.70,-161.40,0.13,-0.00.25,0.00,-1.08,5.07,-162.24,1000.00,1051.00,1000.00,1057.00
139380,0,-1.08,5.59,-161.38,0.00,0.25,-0.13,-0.96,4.97,-162.23,1000.00,1049.00,1000.00,1055.00
139596,0,-1.01,5.54,-161.66,0.19,-0.06,0.00,-0.88,4.94.91,-162.50,1000.00,1051.00,1000.00,1057.00
139811,0,-0.94,5.47,-162.89,-0.06,-0.06,0.06,-0.81,4.85,-163.73,1000.00,1049.00,1000.00,1056.00
140499,0,-0.86,5.40,-164.65,0.00,0.06,-0.06,-0.72,4.77,-165.49,1000.00,1050.00,1000.00,1056.00
140535,0,-0.86,5.40,-164.65,0.19,0.13,-0.06,-0.72,4.77,-165.49,1000.00,1050.00,1000.00,1056.00
140688,0,-0.86,5.40,-164.65,-0.06,-0.06,0.06,-0.72,4.77,-165.4-165.49,1000.00,1050.00,1000.00,1056.00
140740,0,-0.86,5.40,-164.65,0.00,-0.06,-0.06,-0.72,4.77,-165.49,1000.00,1051050.00,1000.00,1056.00
140871,1,-0.86,5.40,-164.654.65,-0.25,-0.06,-0.69,-0.72,4.77,-165.49,1000.00,1050.00,1000.00,1056.00
140971,1,-0.85,5.40,-164.63,-0.31,0.25,-0.44,-0.71,4.77,-165.47,1000.00,1050.00,1000.00.00,1056.00
141212,1,-0.85,5.40,-164.63,0.00,0.06,0.10.06,-0.71,4.77,-165.47,1025.00,1108.00,1033.00,1114.00
141864,1,-0.80,5.37,-164.61,-1.12,-1.69,-0.19,-0.69,4.76,-165.52,1194.00,1276.00,1202.1201.00,1283.00
141900,1,-0.82,5.34,-164.61,2.19,1.81,-0.19,-0.67,4.73,-165.52,1193.00,1277.00,1203.00,1283.00
141932,1,-0.79,5.28,-164.61,-1.50,-2.06,0.50,-0.67,4.68,-165.52,1196.00,1277.00,1201.00,1282.00
142117,1,-0.79,5.27,-164.60,-0.56,0.88,0.00,-0.66,4.65,-165.52,1195.04.00,1276.00,1202.00,1284.00
142925,1,-0.73,5.35,-164.57,0.44,-0.31,0.56,-0.59,4.72,-165.48,1330.00,1413.00,1338.00,1419.00
142962,1,-0.74,5.35,-164.57,0.13,-0.19,-0.19,-0.60,4.72,-165.48,1330.00,1413.00,1338.00,1419.00
143269,1,-0.75,5.35,-164.56,0.62,-0.37,0.69,-0.60,4.72,-165.47,1350.00,1433.00,1358.00,1439.00
143297,1,-0.75-0.75,5.35,-164.55,0.31,0.00,0.31,-0.61,4.72,-165.46,1362.00,1445.00,1370.00,1451.00
143513,1,-0.74,5.35,-164.55,-0.69,0.13,-0.50,-0.61,4.72,-165.39,1413.014.00,1495.00,1421.00,1502.00
143970,1,-0.77,5.36,-164.53,0.69,-0.06,0.06,-0.62,4.73,-165.37,1456.00,1539.0048.00,1473.00,1554.00
144197,1,-0.77,5.35,-164.53,-0.62,0.25,0.44,-0.64,4.724.72,-165.37,1465.00,1547.00,1473.00,1554.00
144434,1,-0.77,5.36,-164.58,0.37-0.19,0.88,2.31,-0.63,4.73,-165.49,1465.00,1548.00,1473.00,1554.00
145116,1,-1.21,5.39,-170.09,-1.75,1.44,19.37,-1.06,4.75,-170.56,1513.00,1600.00,1522.00,1609.1617.00
145485,1,-2.60,7.80,172.67,-3.37,11.81,32.31,-2.45,7.06,172.08,1623.00,1543.00,1645.00,1565.00
145584,1,-4.43,8.91,167.06,0.69,5.31,25.31,-4.24,8.24,166.40,1647.00,15771575.00,1670.00,1587.00
146398,1,-0.43,1.61,161.14,-20.19,0.44,-21.81,-0.71,0.98,159.82,1688.00,1590.00,1672.00,1606.00
146453,1,0.21,1.61,161.82,-21.56,-0.50,-23.81,-0.08,0.98,160.45,1687.00,1588.00,1672.00,1605.00
146487,-20.87,-1.12,-28.19,1.21,0.96,161.92,1688.00,1587.00,160.94,162.19,1690.00,1588.00,1673.00,1606.00
146632,1,3.89,0.94,168.50,-14.38,-2.50,-40.81,3.85.03,0.31,167.59,1691.00,1587.00,1674.00,1600.00
146754,1,1.32,0.42,-179.178.35,10.19,2.50,-66.37,1.46,-0.21,-180.56,1595.00,1682.00,1604.00,1675.00
146968,1,-3.48,3.59,-166.17,-2.50,7.63,3.00,-3.44,2.86,-167.05,1587.00,1678.00,1606.00,1680.00
147889,1,-3.22,5.65,176.23,-11.75,1.87,69.25,-3.20,5.07,176.68,1680.00,1596.00,1683.00,1613.04.00
147918,1,-3.27,5.56,174.16,-1.19,-0.31,68.44,-3.07,5.00,174.62,1681.00,1603.00,1687.00,1614.00
147978,11.50,-2.50,51.75,-3.50,4.82,171.56,1677.00,1610.00,16972,170.54,1676.00,1613.00,1694.00,1605.00
148223,1,0.79,5.65,163.81,-13.19,5.31,-6.81,0.66,4.94,162.78,1698.00,1607.00,1701.00,1630.00
148321,1,1.83,5.32,167.96,11.88,-0.37,-33.69,2.05,4.71,166.72,1698.00,1618.00617.00,1711.00,1617.00
148348,1,1.54,5.27,169.44,10.75,-0.25,-39.13,1.80,4.66,167.76,1699.00,1617.00,1712.00,1616.000
148379,1,1.52,5.36,170.69,2.94,5.19,-44.56,1.66,4.66,168.93,1700.00,1613.00,1712.00,1619.00
148815,1,-1.16,6.92,-158.82,10.50,3.69,-13.69,-0.93,6.04,-159.86,1610.00,1698.00,1635.0034.00,1701.00
149076,1,-0.76,6.77,-159.13159.46,12.00,-3.87,18.00,-0.62,6.14,-160.04,1612.00,1703.00,1629.00,1701.00
149425,1,-3.06,4.02,-172.-174.03,2.12,-5.12,66.75,-2.92,3.39,-173.64,1610.00,1714.00,1616.00,1704.00
149532,1,-2.36,3.17,-179.87,-22.06,-5.81,81.44,-2.40,2.62,-180.00,1617.00,1707.00,1604.00602.00,1718.00
150861,1,1.59,6.09,140.37,4.31,10.31,38.56,1.89,5.24,140.20,1675.00,1614.00,1694.00,1629.00
150893,1,1.53,6.18,140.29,1.75,8.13,37.06,1.67,5.34,139.09,1676.00,1613.00,1693.00,1630.00
151091,1,-1.91,7.19,132.92,13.63,0.31,29.31,-1.46,6.30,132.57,1672.00,1623.00,1695.00,1622.00
151290,1,-3.68,6.60,128.30,14.25,-1.44,20.31,-3.20,5.74,127.78,1673.001672.00,1627.00,1694.00,1619.00
151333,1,-4.17,6.50,127.75,13.44,-1.87,18.62,-3.88,5.69,127.02,1671.00,1628.00,1694693.00,1619.00
151620,1,-5.61,4.18,123.54,-0.94,-7.81,3.56,-5.47,3.42,122.66,1679.00,1630.00,1687.00,1616.00
151674,1,-5.28,3.86,123.47,-9.88,-8.31,2.12,-5.36,3.18,122.59,1684.00,1625.00,1682.00,1621.00
151807,1,-0.29,2.83,124.27,-12.13,1.31,-7.06,-0.37,1.96,123.22.36,1686.00,1616.00,1682.00,1629.00
152170,1,-0.48,3.86,142.75,-10.0-7.87,9.69,-56.06,-0.34,3.23,141.91,1689.00,1603.00,1696.00,1624.00
152270,1,-2.63,5.43,156.74,21.87,1.87,-75.31,-2.17,4.49,154.38,1681.00,1616.00,1713.00,1602.0003.00
152304,1,-2.83,5.55,159.02,11.06,0.19,-79.19,-2.66,4.67,157.33,1685.00,1613.00,1710.00,1604.00
152510,1,1.95,6.04,177.64,-7.56,7.81,-102.22.94,2.09,5.20,176.73,1701.00,1590.00,1708.00,1613.00
154324,1,0.91,2.30,-137.01,1.00,-5.94,22.75,1.08,1.57,-137.49,1620.00,1690.00,1615.00.00,1687.00
154675,1,5.75,3.99,-156.05,-4.31,9.69,63.12,5.86,2.83,-155.75,1607.00,1686.00,1613.00,1706.00
154703,1,5.96,4.48,-157.93,-14.13,10.94,66.94,5.94,3.30,-157.57,1609.00,1683.00,1609.00,1711.00
155496,1,-5.77,5.94,141.60,20.94,-17.94,3.81,-5.20,5.67,140.74,1681.00,16361635.00,1693.00,1603.00
155614,1,-6.07,4.89,141.36,-5.50,-7.12,2.44,-5.98,4.12,140.140.45,1687.00,1620.00,1688.00,1617.00
156082,1,-3.32,-2.41,151.86,12.94,-1.81,-40.94,-2.89,-3.26,150.15,1690.001690.00,1623.00,1697.00,1603.00
156440,1,-1.32,2.77,179.53178.79,-15.56,6.44,-87.25,-1.18,1.93,178.62,1702.00,1594.00,1706.00,1611.00
156880,1,2.90,5.67,-154.80,-28.06,-2.37,-26.69,2.43,5.11,-156.25,1626.00,1673.00,1605.00,1704.01704.00
157000,1,3.96,5.18,-152.84,12.94,-0.81,-8.44,4.33,4.40,-153.933.75,1610.00,1690.00,1621.00,1690.00
157090,1,2.86,5.15,-152.60,10.37.25,1.31,4.31,3.00,4.31,-153.51,1609.00,1690.00,1621.00,1692.00
157119,1,2.61,5.23,-152.78,2.37,2.62,6.81,2.84,4.5.60,-153.69,1610.00,1685.00,1618.00,1696.00
157333,1,4.03,5.28,-157.40,5.94,-5.94,35.25,4.31,4.50,-157.63,1614.00,1691.00,1610.00,1698.00
158032,1,2.85,6.29,-177.17,-4.81,-9.00,80.062.00,2.78,5.45,-178.08,1607.00,1700.00,1599.00,1706.00
158244,1,-1.41,4.09,166.14,-2.31,-4.69,61.56,-1.21,3.39,166.44,1688.00,1622.00,1690.00,1612.00
158275,1,-1.26,3.98,163.86,-9.31,-0.88,58.44,-1.24,3.16,164.06,1690.00,1614.00,1688.00,1620.00
158455,1,-0.48,4.18,161.23,-23.12,7.06,52.75,-0.73,3.21,161.34,1691.01691.00,1603.00,1686.00,1632.00
158482,1,0.27,4.43,159.77,-30.50,9.31,49.06,-0.10,3.42,159.83,1693.00,1600.00,1685.84.00,1636.00
158716,1,-0.47,6.96,152.01,23.44,5.81,23.19,-0.08,6.07,151.33,1671.02.00,1619.00,1705.00,1616.00
159165,1,1.49,5.76,152.14,25.37,-3.00,-22.06,2.08,5.00,150.78,1682.00,1620.00,1702.00,1608.00
160794,1,-4.58,5.56,158.21,-25.56,14.25,28.8727.62,-4.44,4.72,157.30,1686.00,1599.00,1693.00,1634.00
161650,1,-3.40,3.50,149.91,22.06,3.12,8.13,-2.86,2.83,149.16,1679.00,1622.00,1699.00,1611.00>0.00
161691,1,-4.17,3.71,149.67,27.44,9.56,7.75,-3.76,2.79,148.84,1673.00,1623.00,1705.00,1611.00
161721,1,-4.63.03,4.19,149.38,22.44,12.13,6.06,-4.49,3.12,148.62,1669.00,1621.00,1709.00,1613.00
161824,1,1.24,6.44,148.43,-60.31,9.25,1.94,0.20,5.63,147.56,1705.00,1585.00,1674..00,1649.00
161942,1,4.37,9.63,148.84,17.62,12.25,-2.56,4.85,8.54,147.86,1672.0000,1608.00,1706.00,1625.00
162407,1,3.29,4.88,150.59,-12.75,-14.69,-2.44,3.31,4.18,149.67,1700.00,1613.00,1680.00,1619.00
162443,1,3.89,4.39,150.69,-16.06,-11.25,-3.56,3.71,3.79,149.73,1701.00,1611.00,1679.00,1620.00
162867,1,4.68,-2.94,155.31,26.62,-20.62,-20.31,5.31,-3.35,154.04,1702.00,1632.00,1683.00,1595.00
162905,1,3.22,-3.62,156.16,38.19,-14.62,-23.94,4.15,-4.17,154.79,1694.00,1636.00,1692.00,1591.00
162960,40.63,1.19,-30.06,2.06,-4.66,156.01,1684.00,1633.00,170.68,156.58,1682.00,1629.00,1706.00,1595.00
163212,1,0.12,0.96,167.76,-0.19,-5.81,-53.13,0.25,0.39,166.33,1701.00,1608.00,1695.00,1608.00
163336,1,-1.86,0.59,174.79,20.94,0.81,-67.56,-1.53,-0.28,173.23,1692.00,1615.0012.00,1709.00,1595.00
163554,1,-0.53,3.66,-168.91,-11.56,14.06,-60.25,-0.74,2.72,-170.99,1610.00,1673.00,1619.00,1706.00
163592,1,-0.09,4.05,-167.23,-10.50,11.25,-57.13,-0.09,3.10,-168.69,1610.00,1675.00,1620.00,1703.00
164002,1,1.86,5.19,-155.13,-16.81,16.62,-25.12,1.81,4.41,-156.29,1571.00,1628.00,1576.00,1665.00
164246,1,4.04,7.36,-152.82,-14.75,19.19,-13.69,3.85,6.37,-154.03,1547.00547.00,1605.00,1559.00,1649.00
164371,1,4.88,8.74,-151.78,-5.00,9.44,-4.063.37,5.02,7.90,-152.69,1536.00,1601.00,1547.00,1631.00
164490,1,5.94,8.97,-151.76.85,-6.62,-1.56,4.69,6.08,8.34,-152.67,1493.00,1557.00,1491.00,1579.00
164694,1,6.19,9.05,-152.45,-0.44,-1.00,9.63,6.36,8.40,-153.17,1429.00,1499.00,1436.00,1520.00
164800,1,5.77,9.01,-153.77,8.44,-2.37,17.75,6.14,8.39,-154.31,1293.00,1369.001370.00,1301.00,1381.00
164951,1,4.45,5.54,-156.84,17.69,-16.87,-5.50.31,4.59,4.91,-157.89,1000.00,1061.00,1000.00,1044.00
165157,1,4.45,5.67,-156.96,0.00,0.37,-1.81,4.59,5.04,-157.88,1000.00,1047.00,1000.00,1060.00
165289,1,4.14,5.60,-156.98,0.31,-0.31,-0.69,4.35,4.97,-157.81,1000.00,1045.00,1000.00,1057.00
165324,1,4.07,5.58,-156.98,0.13,0.13,-0.31,4.28,4.97,-157.89,1000.00,1045.00,1000.00,1057.00
165382,0,3.30,5.50,-157.05,0.13,0.06,0.44,3.52,4.88,-157.8857.96,1000.00,1048.00,1000.00,1059.00
165409,0,3.18,5.50,-157.05,0.00,-0.06,-1.12,3.39,4.87,-157.89,1000.00,1047.000,1000.00,1058.00
165520,0,2.77,5.45,-157.09,0.00,0.00,-0.75,2.97,4.82,-158.00,1000..00,1048.00,1000.00,1058.00
165611,0,2.57,5.44,-157.10,0.00,-0.13,-0.56-0.62,2.71,4.81,-157.94,1000.00,1048.00,1000.00,1058.00
165638,0,2.49,5.44,-157.12,-0.06,0.13,0.69,2.66,4.81,-158.07.96,1000.00,1048.00,1000.00,1058.00
165967,0,1.92,5.42,-157.17,0.06,-0.06,-0.31,2.08,4.79,-158.01,1000.00,1048.00,1000.00,1058.00
166006,0,1.90,5.42,-157.17,0.13,-0.06,-0.25,2.04,4.79,-158.01,1000.00,1048.00,1000.00,1058.00
166078,0,1.82,5.41,-157.18,-0.13,0.06,-0.19,1.98,4.79,-158.01,1000.00,1048.00,1000.00,1058.0058.00
166103,0,1.79,5.41,-157.18,-0.06,-0.06,0.06,1.94,4.79,-158.02,1000.00,1048.00,1000.00,1058.00
166203,0,1.68,5.41,-157.19,-0.06,0.13,-0.06,1.83,4.78,-158.03,1000.00,1048.00,1000.00,1058.00>0
166242,0,1.65,5.41,-157.20,-0.19,0.13,0.00,1.80,4.78,-158.03,1000.00,1048.00,1000.00,1058.00
166296,0,1.61,5.41,-157.20,0.00,0.00,-0.06,1.76,4.78,-158.11,1000.000.00,1049.00,1000.00,1058.00
166544,0,1.50,5.40,-157.21,-0.06,0.00,0.13,1.65,4.77,-158.12,1000.00,1049.9.00,1000.00,1057.00
166778,0,1.43,5.40,-157.22,-0.06,-0.13,0.00,1.59,4.77,-158.12,100000.00,1049.00,1000.00,1057.00
167102,0,1.34,5.39,-157.2-157.23,-0.06,0.00,0.00,1.48,4.76,-158.13,1000.00,1049.00,1000.00,1057.00
167129,0,1.32,5.39,-157.23,0.00,-0.06,0.0.19,1.46,4.76,-158.14,1000.00,1049.00,1000.00,1057.00
167343,0,1.24,5.39,-157.23,0.25,-0.19,0.00,1.38,4.76,-158.14,1000.00,1049.00,1000.00,1057.00
167369,0,1.23,5.39,-15757.23,-0.06,0.06,0.19,1.37,4.76,-158.14,1000.00,1049.00,1000.00,1057.00
167435,0,1.19,5.39,-157.24,0.19,0.00,0.00,1.33,4.76,-158.15,1000.00,1049.00,1000.00,1057.007.00
167462,0,1.19,5.39,-157.24,0.00,-0.06,0.00,1.33,4.76,-158.15,1000.00,1049.00,1000.00,1057.00
167488,0,1.19,5.39,-157.24,0.00,0.19,-0.13,1.33,4.76,-158.08,1000.00,1049.00,1000.00,1057.00
167557,0,1.19,5.39,-157.24,0.13,-0.13,0.00,1.33,4.76,-158.08,1000.00,1049.00,1000.0000.00,1057.00
167583,0,1.19,5.39,-157.24,0.31,-0.13,0.13,1.33,4.76,-158.15,1000.00,1049.00,1000.00,1057.00
167622,0,1.19,5.39,-157.24,0.13,0.13,0.00,1.33,4.76,-158.15,1000.00,1049.00,1000.00,1057.00
167675,0,1.19,5.39,-157.24,0.25,-0.13,-0.06,1.33,4.76,-158.15,1000.00,1049.1049.00,1000.00,1057.00
167701,0,1.19,5.39,-157.24,0.13,-0.19,0.06,1.33,4.76,-158.15,1000.00,1049.00,1000.00,1057.000
167746,0,1.19,5.39,-157.24,0.19,-0.06,-0.06,1.33,4.76,-158.15,1000.00,1049.00,1000.00,1057.00
167819,0,1.19,5.39,-157.24,-0.06,0.06,0.13,1.33,4.76,-158.15,1000.00,1049.00,1000.000,1057.00
168404,0,1.19,5.39,-157.24,0.19,-0.19,-0.13,1.33,4.7.76,-158.15,1000.00,1049.00,1000.00,1057.00
168861,0,1.19,5.39,-157.27.24,0.00,0.00,-0.06,1.33,4.76,-158.15,1000.00,1049.00,1000.00,1057.00
168935,0,1.19,5.39,-157.24,-0.06,-0.13,0.00,1.33,4.76,-158.15,1000.00,1049.00,1000.00,1057.00
168962,0,1.19,5.39,-157.24,-0.13,0.06,0.06,1.33,4.76,-158.15,1000.00,1049.00,1000.00,1057.00
169056,0,1.19,5.39,-157.24,0.06,0.00,0.00,1.33,4.76,-158.15,1000.00,1049049.00,1000.00,1057.00
169087,0,1.19,5.39,-157.24,0.06,-0.06,-0.06,1.33,4.76,-158.15,1000.00,1049.00,1000.00,1057.07.00
169117,0,1.19,5.39,-157.24,0.00,0.06,0.06,1.33,4.76,-158.15,1000.00,1049.00,1000.00,1057.00
169174,0.00,0.00,0.06,1.33,4.76,-158.08,1000.00,1049.00,1000.00,.08,1000.00,1049.00,1000.00,1057.00
169314,0,1.19,5.39,-157.24,0.06,-0.06,0.00,1.33,4.76,-158.08,1000.00,1049.49.00,1000.00,1057.00
169716,0,20.94,-10.20,-144.88,-282.69,19.94,-69.69,15.927,-11.04,-144.31,1105.00,1000.00,1000.00,1167.00
171829,0,30.24,-7.79,-166.80,183.44,30.81,25.62,33.93,-9.26,-167.63,1000.00,1101.00,1022.00,1014.00
172458,0,7.44,1.31,-165.465.17,13.38,32.00,-9.06,7.58,0.68,-166.26,1000.00,1042.00,1000.00,1067.00
172535,0,6.26,4.63,-164.35,4.56,35.25,-4.37,6.45,3.32,-165.36,1000.00,1037.00,1000.00,1072.00
172570,0,6.38,5.59,-164.11,-5.69,30.56,-4.19,6.42,4.34,-165.10,1000.00,1030.00,1000.00,1079.00
172774,0,4.47,5.11,-160.63,0.50,16.06,-38.63,4.584.61,4.48,-161.54,1000.00,1037.00,1000.00,1064.00
173081,0,4.55,5.14,-160.18,-0.25,0.69,-2.12,4.68,4.51,-161.04,1000.00,1048.00,1000.00,1060.60.00
173107,0,4.55,5.15,-160.20,0.13,0.31,-0.31,4.69,4.51,-161.03,1000.00,1048.00,1000.00,1060.00
173147,0,4.54.55,5.15,-160.20,-0.06,-0.44,0.69,4.68,4.51,-161.10,1000.00,1048.00,1000.00,1059.00
173219,0,3.71,5.32,-160.28,0.00,0.06,-1.25,4.13,4.71,-161.11,1000.00,1048.00,1000.00,1060.00
173248,0,3.71,5.32,-160.30,-0.06,0.13,0.19,3.85,4.69,-161.13,1000.00,1048.00,1000.00,1060.00
173313,0,3.57,5.26,-160.30,-0.06,-0.37,0.44,3.71,4.63,-161.14,1000.0000.00,1048.00,1000.00,1059.00
173454,0,2.25,5.14,-160.42,0.06,-0.06,0.31,2.48,4.50,-161.25,1000.00,1041049.00,1000.00,1058.00
173786,0,1.99,5.15,-160.4560.45,-0.06,-0.06,0.13,2.13,4.52,-161.29,1000.00,1049.00,1000.00,1058.00
173811,0,1.97,5.16,-160.45,-0.19,-0.13,0.1.00,2.11,4.53,-161.29,1000.00,1049.00,1000.00,1058.00
173925,0,1.88,5.16,-160.45,-0.060.00,-0.06,0.13,2.02,4.53,-161.36,1000.00,1049.00,1000.00,1058.00
174132,0,1.83,5.16,-160.46,-0.06,-0.06,-0.13,1.98,4.53,-161.37,1000.00,1050.00,1000.00,1058.00
174361,0,1.78,5.17,-160.47,0.06,0.00,0.06,1.93,4.54,-161.38,1000.00,1049.00,1000.00,1058.00
174388,0,1.76,5.16,-160.47,0.13,-0.06,-0.06,1.91,4.53,-161.38,1000.00,1049.00,1000.00,1058.00
174462,0,1.74,5.17,-160.47,-0.13,0.19,0.13,1.89,4.54,-161.38,1000.00,1049.0049.00,1000.00,1058.00
174490,0,1.73,5.17,-160.47,-0.19,0.00,0.19,1.88,4.54,-161.38,1000.00,1050.00,1000.00,1058.00>00
174528,0,1.71,5.17,-160.47,-0.19,0.06,0.06,1.85,4.54,-161.31,1000.00,1049.00,1000.00,1058.00
174583,0,1.66,5.17,-160.48,-0.13,0.06,0.06,1.80,4.54,-161.3161.39,1000.00,1049.00,1000.00,1058.00
174630,0,1.64,5.18,-160.48,0.00,-0.13,0.06,1.79,4.55,-161.39,1000.00,1049.0000,1000.00,1058.00
174726,0,1.61,5.18,-160.48,0.13,0.19,0.00,1.76,4.55,-161.39,1000.00.00,1049.00,1000.00,1058.00
174845,0,1.58,5.18,-160.48,0.19,-0.13,0.00,1.72,4.55,-161161.39,1000.00,1050.00,1000.00,1058.00
175067,0,1.53,5.18,-160.49,0.00,0.00,0.00,1.67,4.55,-161.33,1000.00,1050.00,1000.00,1058.00
175102,1,1.53,5.188,-160.49,-0.06,0.06,0.19,1.67,4.55,-161.33,1000.00,1050.00,1000.00,1058.00
175180,1,1.53,5.18,-160.49,-0.13,0.19,0.06,1.67,4.55,-161.33,1000.00,1050.00,1000.00,1058.00
175219,1,1.5.53,5.18,-160.49,0.13,0.00,0.06,1.67,4.55,-161.33,1000.00,1049.00,1000.00,1058.00
175271,1,1.53,5.18,-160.50,0.00,-0.06,2.06,1.67,4.55,-161.33,1000.00,1049.00,1000.0000.00,1058.00
175297,1,1.52,5.19,-160.51,-0.06,0.06,1.56,1.66,4.55,-161.40,1000.00,1049.00,1000.00,1058.00
175331,1,1.51,5.18,-160.49,-0.13,0.19,0.00,1.65,4.56,-161.42,1000.00,1049.00,1000.00,1058.00
175418,1,1.49,5.18,-160.50,0.06,0.06,-0.88,1.63,4.55,-161.35,1000.00,1050.00,1000.00,1058.00>0
175453,1,1.48,5.18,-160.50,0.06,-0.13,1.12,1.63,4.55,-161.33,1000.00,1050.00,1000.00,1058.00
175533,1,1.46,5.19,-160.49,-0.06,0.00,0.13,1.61,4.56,-161.33,1000.00,1050.00,1000.00,11058.00
175685,1,1.45,5.18,-160.50,0.19,-0.19,-0.19,1.59,4.56,-161.34,1000.00,1050.00,1000.00,1058.00
175756,1,1.44,5.18,-160.50,-0.13,-0.06,0.50,1.58,4.55,-161.41,1000.00,1050.58.00,1000.00,1066.00
176225,1,1.34,5.18,-160.51,-0.06,-0.31,1.5081,1.48,4.55,-161.35,1159.00,1237.00,1163.00,1245.00
176343,1,1.30,5.20,-160.55,0.1.06,-0.50,-0.62,1.44,4.57,-161.39,1159.00,1237.00,1164.00,1245.00
176434,1,1.31,5.21,-160.57,-0.19,0.06,0.06,1.45,4.58,-161.47,1158.00,1237.00,1164.00,1245.00
176564,1,1.23,5.21,-160.56,0.06,-0.25,0.13,1.37,4.58,-161.47,1158.00,1237.00,1164.00,1245.00
176604,1,1.23,5.20,-160.56,0.06,-0.31,-0.44,1.37,4.57,-161.47,1158.00,1236.00,1164.00,1245.00
176679,1,1.23,5.21,-160.56,-0.25,0.19,0.25,1.37,4.58,-161.47,1163.00,1241.00,1168.170.00,1251.00
176803,1,1.23,5.21,-160.56,-0.06,-0.19,0.31,1.36,4.58,-161.47,1178.00,125768.00,1195.00,1276.00
176922,1,1.13,5.27,-160.58,0.19,-0.56,-0.69,1.27,4.64,-16-161.42,1269.00,1347.00,1274.00,1355.00
177152,1,1.07,5.24,-160.58,0.06,0.50,-0.880.44,1.21,4.61,-161.49,1279.00,1358.00,1285.00,1366.00
177355,1,1.05,5.21,-160.61,-0.75,0.69,-0.62,1.19,4.57,-161.52,1279.00,1358.00,1285.00,1365.00
177485,1,1.05,5.24,-160.60,-1.06,0.00,-0.88,1.19,4.61,-161.46,1294.00,1372.00,1299.00,1380.00
177523,1,1.04,5.25,-160.61,-0.31,0.25,0.13,1.18,4.62,-161.45,1293.00,1372.00,1299.00,1380.00
177598,1,1.04,5.26,-160.60,0.25,0.31,-0.69,1.18,4.62,-161.45,1306.00,1385.00,1312.00,1393.000
177631,1,1.05,5.25,-160.60,-0.06,0.25,0.00,1.18,4.63,-161.44,1307.00,1386.00,1313.00,1394.00
177718,1,1.04,5.26,-160.60,0.37,0.37,-0.19,1.18,4.63,-161.44,1320.00,1399.00,1326.00,1401407.00
177756,1,1.03,5.25,-160.60,0.06,0.19,0.37,1.17,4.62,-161.45,1321.00,1399.00,1326.00,1407.00
177838,1,1.03,5.26,-160.61,0.25,0.06,1.25,1.17,4.63,-161.51,1321.00,140400.00,1327.00,1408.00
178073,1,1.03,5.26,-160.62,-0.25,0.06,0.19,1.17,4.4.63,-161.46,1370.00,1449.00,1376.00,1457.00
178298,1,1.04,5.26,-160.63,0.06,-0.25,-0.-0.94,1.18,4.63,-161.47,1393.00,1471.00,1398.00,1479.00
178627,1,1.04,5.26,-160.63,-0.50,-0.06,-0.19,1.18,4.63,-161.53,1394.00,1473.00,1400.00,1481.00
178653,1,1.04,5.25.26,-160.62,0.56,-0.06,0.75,1.18,4.63,-161.45,1394.00,1472.00,1400.00,1481.00
178745,1,1.04,5.26,-160.61,0.06,0.06,-0.44,1.18,4.63,-161.46,1407.00,1485.00,1412.00,1493.00
178777,1,1.03,5.26,-160.63,-0.37,-0.06,0.50,1.18,4.63,-161.45,1409.00,1488.00,1415.00,1496.00
178863,1,1.04,5.27,-160.60,-0.06,0.06,-1.31,1.18,4.64,-161.53,1421.00,1500.00,1427.00,1508.00>00
178902,1,1.03,5.26,-160.60,0.00,0.06,-0.25,1.17,4.63,-161.44,1423.00,1502.00,1429.00,1509.00
179339,1,1.06,5.27,-160.77,0.13,0.19,2.94,1.18,4.63,-161161.61,1491.00,1570.00,1497.00,1578.00
179447,1,0.98,5.26,-161.22,1.19,-1.12,5.37,1.1.12,4.63,-162.06,1497.00,1577.00,1502.00,1583.00
179574,1,0.96,5.28,-161.71,0.19,0.13,5.6.25,1.10,4.65,-162.62,1510.00,1591.00,1516.00,1599.00
179685,1,0.92,5.29,-162.42,-0.-0.50,-0.06,8.31,1.06,4.66,-163.33,1521.00,1602.00,1527.00,1610.00
179784,1,0.87,5.34,-163.47,-1.44,0.06,13.69,1.01,4.71,-164.25,1522.00,1604.00,1529.00,1613.00
179906,1,0.56,5.67,-167.94,0.19,3.12,27.56,0.75,4.98,-168.33,1545.00,1631.00,1554.00,161643.00
179940,1,0.41,5.78,-168.80,0.19,3.31,29.75,0.58,5.12,-169.42,1544.00,1634.00,1558.00,1644.00
180025,1,-0.27,6.14,-171.96,3.06,6.62,41.00,0.01,5.40,-172.05,1545.00,1640.047.00,1570.00,1659.00
180245,1,-0.46,9.41,175.19,-2.31,15.31,76.75,-0.15,8.49,175.77,1644.00,1566.00,1672.00,1598.00
180337,1,-2.57,9.85,170.08,27.31,2.44,59.62,-1.72,9.20,170.35,1644.00,1588.00,1681.01682.00,1584.00
180363,1,-3.76,9.78,168.38,32.31,-0.25,56.69,-3.22,9.18,168.02,1641.00,1594.00,1683.00,1581.00
180400,1,-5.29,9.63,166.20,29.06,0.56,55.44,-4.41,9.08,166.37,1644.00,1598.00,1685.00,1584.00
180495,1,-7.41,9.36,162.19,4.87,4.87,48.69,-7.14,8.74,161.76,1649.00,1595.00,16831682.00,1598.00
180827,1,-0.66,6.67,148.20,-16.19,-27.75,33.25,-0.64,6.32,147.61,1693.00,1614.00,1666.00,1610.00
180863,1,-0.32,5.64,146.97,-9.94,-25.19,31.13,-0.33,5.51,146.67,1694.00,1618.00,1667.00,1609.00
180945,1,0.03,4.45,144.86,-8.25,-7.37,24.44,0.10,3.89,144.18,1690.00,161616.00,1682.00,1621.00
181060,1,1.71,4.73,142.58,-26.00,6.12,15.06,1.40,3.97,141.95,161698.00,1608.00,1688.00,1642.00
181301,1,1.94,3.99,140.78,33.38,-13.63,1.62,2.72,3.6.15,139.87,1694.00,1648.00,1708.00,1617.00
181485,1,0.46,1.88,141.47,-22.37,-9.31,-7.56,0.21,1.15,140.42,1714.00,1628.00,1690.00,1636.01637.00
181516,1,1.07,1.65,141.70,-19.37,-7.63,-8.25,0.81,0.97,140.63,1714.00,1626.00,1691.00,1637.00
181638,1,1.02,1.09,142.84,20.37,-8.69,-11.88,1.53,0.61,141.71,1701.00,1638.00,1704.00,1624.00>.00
181676,1,0.40,0.82,143.20,21.81,-8.88,-12.25,0.96,0.37,142.05,1699.00,1643.00,1706.00,1620.00
182324,1,0.15,-0.45,154.30,-1.00,1.56,-31.75,0.25,-1.10,152.78,1710.00,1625.00,1704.00,1628.00
182361,1,0.10.05,-0.38,155.23,5.00,3.44,-32.25,0.28,-1.07,153.70,1707.00,1627.00,1707.00,1626.00
182436,1,-1.00,0.19,158.31,13.56,7.56,-37.88,-0.58,-0.60,156.68,1701.00,1630.00,1720.1718.00,1623.00
182684,1,0.72,4.41,172.83.79,20.44,15.88,-46.31,0.86,3.78,171.98,1683.00,1606.00,1721.00,1614.00
182778,1,-0.05,5.76,177.43,1.81,11.44,-47.00,0.07,5.02,176.06,1690.00,1600.00,1714.00,1616.00
182899,1,-0.17,7.15,-176.81,14.38,13.44,-51.25,0.09,6.27,-178.73,1596.00,1685.00,1625.001628.00,1697.00
183124,1,-6.09,11.06,-173.55,5.56,2.87,9.00,-5.95,10.56,-174.33,1583.00,1688.00,1624.00,1693.00
183157,1,-5.98,10.81,-173.87,-1.56,-2.06,14.06,-5.80,10.23,-174.52,1589.00,1687.00,1615.00,1693.00
183388,1,-7.55,8.15,179.408.35,1.56,2.69,54.56,-7.41,7.52,178.49,1672.00,1605.00,1696.00,1602.00
183470,1,-7.32,7.63,174.42,-27.37,-2.69,41.44,-7.57,7.14,174.33,1679.00,1594.00,1684.00,1611.00
183509,1,-6.19,7.24,172.93,-36.44,-5.56,38.69,-6.66,6.61,172.75,1687.00,1590.00,1674.00,1613.00
183594,1,-4.20,6.59,170.35,-21.62,-3.44,30.31,-4.43,5.87,170.04,1686.00,1592.1593.00,1677.00,1610.00
183822,1,-4.46,7.00,167.36,4.94,10.19,20.44,-4.17,6.21,166.88.45,1667.00,1596.00,1694.00,1607.00
184057,1,-0.72,8.02,164.64.67,-15.94,0.50,2.62,-0.58,7.39,163.82,1683.00,1588.00,1679.00,1614.00
184132,1,-0.02,8.04,164.65,-4.62,2.31,-1.44,0.02,7.38,163.73,1677.00,1590.00,1682.00,1607.00>.00
184173,1,0.04,8.17,164.74,-0.56,5.00,-3.69,0.17,7.49,163.80,1673.00,1590.00,1686.00,1606.00
184200,1,0.04,8.36,164.96,0.56,5.12,-5.75,0.18,7.63,163.93,1672.00,1591.00,1688.00,1606.00
184269,1,0.62,8.69,165.76,-7.00,3.62,-12.56,0.58,7.99,164.60,1676.00,1587.00,1685.00,1608.00
184363,1,0.98,8.61,166.86,-0.88,-3.12,-15.44,1.06,8.05,165.65,1677.00,1591.00,1685.0685.00,1602.00
184390,1,1.03,8.45,167.34,1.81,-6.31,-17.44,1.17,7.88,166.26,1679.00,1593.00,1684.00,1600.00
184430,1,1.10,8.12,168.05,-1.69,-7.94,-19.25,1.20,7.67,166.78,1680.00,1594.00,1683.00,1599.00
184742,1,4.69,7.33,176.79,3.62,6.44,-35.56,4.79,6.63,175.17,16679.00,1583.00,1692.00,1602.00
185082,1,7.98,6.19,-175.23,23.25,-4.19,2.94,8.34,5.60,-176.10,1590.00,1682.00,1598.00,1681.00
185122,1,6.75,6.05,-175.57,35.50,-6.31,10.81,7.57,5.29,-176.26,1586.00,1688.00,1603.00,1678.00
185200,1,3.87,5.81,-177.08,31.75,-2.75,24.75,4.69,5.20,-177.52,1581.00,1693692.00,1605.00,1678.00
185328,1,2.39,6.24,178.87,-5.62,2.62,42.38,2.52,5.51,178.77,16777.00,1588.00,1681.00,1606.00
185446,1,0.18,5.02,172.67,37.56,-2.37,14.19,1.00.32,4.18,171.76,1664.00,1609.00,1695.00,1585.00
185655,1,0.78,5.99,171.72,19.31,-34.81,1.50,1.12,5.70,170.83,1702.00,1578.00,1659.00,1614.00
186001,1,-5.87,5.57,174.45,-38.50,32.69,-28.31,-6.47,4.29,173.04,1616.00,1504.00,1636.00,1569.00
186042,1,-4.87,6.37,175.31,-27.12,21.50,-33.19,-5.37,5.24,173.81,1600.00,1489.00,1615.00,1544.00
186578,1,0.71,5.73,-176.71,25.69,28.44,0.56,0.90,4.75,-177.54,1000.00,1063.00,1000.00,1050.00
186700,1,0.67,5.80,-176.73,0.62,-0.81,-0.06,0.82,5.19,-177.60,1000.00,1051.00,1000.00,10600.00
186739,1,0.67,5.81,-176.74,-0.19,0.75,-4.56,0.80,5.18,-177.68,1000.00,1052.00,1000.00,1060.00
186817,1,0.67,5.80,-176.72,-0.81,0.31,0.31,0.80,5.18,-177.63,1000.00,1050.00,1001000.00,1061.00
187049,1,0.67,5.80,-176.71,0.06,-0.19,0.19,0.81,5.17,-1777.55,1000.00,1051.00,1000.00,1059.00
187171,0,0.66,5.78,-176.71,0.00,0.1313,-0.06,0.80,5.15,-177.55,1000.00,1052.00,1000.00,1060.00
187299,0,0.64,5.76,-176.70,-0.-0.13,0.00,-0.56,0.78,5.13,-177.54,1000.00,1051.00,1000.00,1060.00
187417,0,0.57,5.7069,-176.73,-0.13,0.19,0.00,0.71,5.07,-177.57,1000.00,1052.00,1000.00,1060.00
187470,0,0.54,5.65,-176.73,-0.06,0.00,0.37,0.68,5.03,-177.57,1000.00,1052.00,1000.00,1060.01062.00
187497,0,0.52,5.63,-176.73,-0.06,-0.06,-0.37,0.67,5.02,-177.57,1000.00,1054.00,1000.00,1062.00
187529,0,0.50,5.62,-176.73,0.13,0.00,0.06,0.65,5.00,-177.57,1000.00,1052.00,1000.00,1060.00
187614,0,0.46,5.59,-176.74,-0.06,0.06,0.13,0.60,4.96,-177.58,1000.00,1054.00,1000.00,1062.00
187652,0,0.44,5.57,-176.74,0.13,0.00,-0.19,0.59,4.95,-177.58,1000.00,1054.00,1000.00,1062.00
187762,0,0.42,5.55,-176.74,-0.25,-0.06,-0.13,0.57,4.93,-177.58,1000.0000.00,1054.00,1000.00,1062.00
187960,0,0.37,5.50,-176.75,0.13,0.06,0.00,0.51,4.87,-177.66,1000.00,1054..00,1000.00,1062.00
188083,0,0.34,5.47,-176.75,-0.13,0.06,-0.25,0.97,4.85,-177.66,1000.00.00,1054.00,1000.00,1062.00
189110,0,2.84,10.43,-135.19,0.75,48.25,-41.56,2.91,9.36,-136.52,1000.1000.00,1013.00,1013.00,1076.00
190189,0,2.40,7.91,-135.73,6.62,45.56,9.31,2.66,6.34,-136.51,1000.00,1016.00,1010.00,1081.00
190479,0,2.59,10.65,-145.08,15.63,-1.31,46.44,2.97,10.02,-145.53,1000.00,1049.00,1000.00,1058.00
190692,0,0.62,9.09,-148.87,6.87,-26.69,37.44,1.18,9.17,-148.99,1000.001000.00,1063.00,1000.00,1045.00
191183,0,2.86,2.63,-153.65,-0..25,0.00,-1.06,3.00,2.00,-154.56,1000.00,1049.00,1000.00,1055.00
191283,0,2.75,2.72,-153.66,0.06,-0.13,0.50,2.89,2.09,-154.56,1000.00,1049.00,1000.00,1055.00
191314,0,2.75,2.72,-15-153.64,-0.13,0.00,0.25,2.89,2.09,-154.56,1000.00,1049.00,1000.00,1055.00
191378,0,2.46,3.01,-153.66,0.13,0.00,-0.06,2.63,2.34,-154.50,1000.00,1049.00,1000.000.00,1055.00
191402,0,2.39,3.08,-153.67,-0.25,0.00,0.19,2.58,2.41,-154.51,1000.00,1049.00,1000.00,1055.00
191430,0,2.34,3.13,-153.67,0.06,0.06,-0.13,2.49,2.48,-154.30,1000.00,1049.00,1000.00,1055.00
191502,0,2.02,3.41,-153.68,0.13,0.06,-0.06,2.19,2.76,-154.52,1000.000.00,1049.00,1000.00,1055.00
191647,0,1.69,3.70,-153.70,0.13,-0.19,-0.06,1.85,3.05,-154.61,1000.00,104949.00,1000.00,1055.00
191888,0,1.52,3.85,-153.72,-0.13,-0.13,0.00,1.68,3.21.22,-154.63,1000.00,1049.00,1000.00,1055.00
192318,0,1.36,4.00,-153.73,-0.06,-0.06,0.00,1.50,3.36,-154.64,1000.00,1049.00,1000.00,1055.00
192551,0,1.31,4.04,-153.73,0.13,0.19,-0.06,1.45,3.40,-154.64,1000.00,1049.00,1000.00,1056.00
192780,0,1.27,4.07,-153.73,-0.13,-0.06,-0.06,1.41,3.44,-154.64,1000.00,1049.00,1000.00,1056.00>0
192805,0,1.26,4.08,-153.73,0.06,-0.13,0.00,1.41,3.45,-154.64,1000.00,1049.00,1000.00,1055.00
193015,1,1.23,4.10,-153.74,-0.06,0.13,-0.06,1.38,3.47,-154.65,1000.00,1049.00,100000.00,1056.00
193248,1,1.16,4.17,-153.75,-0.13,-0.19,-1.44,1.30,3.53,-154.61,10000.00,1049.00,1000.00,1055.00
193484,1,1.12,4.21,-153.75,-0.31,0.06,-0.69,1.1.26,3.58,-154.66,1000.00,1049.00,1000.00,1056.00
193883,1,1.06,4.21,-153.78,0.06,0.13,2.31,1.22,3.58,-154.59,1213.00,1288.00,1217.00,1294.00
193929,1,1.07,4.23,-153.77,-2.25,-0.81,3.00,1.19,4.32,-154.56,1214.00,1289.00,1220.00,1297.00
194164,1,1.12,4.33,-153.77,-0.62,0.13,0.50,1.24,3.70,-154.68,1220.00,1294.00,1223.00,1301302.00
194648,1,0.96,4.38,-153.753.79,0.25,-0.13,1.12,1.10,3.75,-154.69,1287.00,1362.00,1291.00,1368.00
194816,1,1.00,4.44,-153.79,-0.75,0.19,1.19,1.13,3.80,-154.69,1287.00,1363.00,1292.001292.00,1370.00
194856,1,1.00,4.44,-153.76,-0.19,0.50,0.31,1.14,3.81,-154.69,1288.00,1363.00,1292.00,1370.00
194907,1,1.00,4.44,-153.77,-0.37,-0.31,-1.00,1.14,3.81,-154.69,1290.00,1365.00,1294.00,1372.00
195333,1,0.94,4.38,-153.77,-0.31,-0.06,-0.81,1.08,3.7575,-154.68,1373.00,1448.00,1377.00,1455.00
195562,1,0.95,4.38,-153.78,0.06,-0.13,0.8.75,1.09,3.75,-154.62,1376.00,1451.00,1380.00,1458.00
195794,1,0.94,4.39,-153.81,-0.3.06,0.00,-0.25,1.08,3.76,-154.72,1378.00,1453.00,1382.00,1460.00
196005,1,0.94,4.39,-153.79,-0.06,-0.19,0.81,1.08,3.76,-154.70,1392.00,1467.00,1396.00,1474.00
196238,1,0.94,4.39,-153.79,-0.37,0.31,-0.19,1.07,3.76,-154.72,1406.00,1481.00,1410.00,141489.00
196267,1,0.93,4.37,-153.79,0.62,-0.50,-0.81,1.08,3.75,-154.71,1406.00,1482.00,1411.00,1489.00
196473,1,0.92,4.37,-153.81,-0.13,0.25,0.75,1.07,3.74,-154.71,1407.07.00,1482.00,1411.00,1489.00
196691,1,0.93,4.38,-153.79,0.2-0.37,0.25,-0.44,1.07,3.75,-154.70,1432.00,1508.00,1437.00,1515.00
196718,1,0.93,4.38,-153.79,-0.31,0.25,0.00,1.07,3.75,-154.63,1445.00,1520.00,1449.00,1527.00
196950,1,0.94,4.39,-153.810,0.50,-0.31,-0.50,1.08,3.76,-154.72,1453.00,1528.00,1457.00,1535.00
197158,1,0.95,4.40,-153.81,0.44,-0.13,0.88,1.09,3.77,-154.69,1453.00,1528.00,1457.00,1534.00
197630,1,0.91,4.43,-154.22,-1.25,-0.25,3.31,1.04,3.80,-155.10,1502.0.00,1577.00,1505.00,1584.00
197861,1,0.86,4.45,-154.87,0.37,-0.19,3.25,1.00,3.82,-1155.78,1518.00,1595.00,1523.00,1601.00
198221,1,0.66,4.40,-158158.54,0.00,2.94,18.06,0.80,3.77,-159.11,1547.00,1627.00,1551.00,1632.00
198321,1,-0.22,5.69,-163.97,-2.62,7.63,32.69,-0.03,4.92,-164.23,1552.00,1640.00,1570.00,1654.0057.00
198350,1,-0.30,5.91,-164.99,-0.81,8.75,36.75,-0.11,5.14,-165.21,1554.00,1641.00,1569.00,1656.00
198795,1,1.55,6.28,147.96,-11.00,-19.62,35.63,1.55,6.02,147.84,1683.00,1606.00,1661.00,1603.604.00
198840,1,1.84,5.77,146.95,-16.06,-16.81,33.13,1.77,5.48,146.78,1682.00,1604.00,1661.00,1605.00
199031,1,4.73,4.65,142.16,-4.31,-2.25,15.50,4.81,4.03,14141.25,1674.00,1598.00,1669.00,1611.00
199254,1,4.14,3.93,140.87,9.75,-16.12,5.94,4.28,3.37,139.96,1676.00,1611.00,1668.00,1597.00
199707,1,2.11,-0.76,143.20,7.06,-6.62,-20.19,2.32,-1.32,142.17,1677.00,1607.00,1672.00,1597.00
199733,1,1.75,-0.95,144.07,9.75,-3.87,-22.75,2.09,-1.51,142.78,1676.00,1607.00,1674.00,1596.00
200395,1,-2.04,1.02,161.50,13.69,7.56,-63.19,-1.64,0.20,159.39,1676.00,1600.00,1696.00,1596.00
200867,1,0.88,3.74,-172.21.13,11.38,3.44,-61.13,1.02,3.11,-173.19,1603.00,1683.00,1615.00,1687.00
201543,1,-0.57,5.23,-170.82,5.19,-0.06,46.88,-0.34,4.61,-171.28,1594.00,1693.00,1609.00,1692.094.00
201571,1,-0.80,5.29,-172.78,-0.44,2.25,53.75,-0.56,4.63,-172.67,1595.00,1690.00,1606.00,1697.00
201686,1,0.07,4.54,173.94,-17.44,-12.-16.00,63.56,0.21,3.91,173.03,1694.00,1606.00,1674.00,1613.00
201733,1,-0.73,3.83,164.30,9.88,12.56,41.69,-0.34,2.74,164.20,1673.00,1607.00,1696.00,1612.00
201774,1,-1.05,4.30,163.17,9.50,18.56,36.06,-0.69,3.13,163.00,1671.00,1604.00,1697.00,1616.00
202016,1,-0.60,6.09,157.85,-11.06,-6.31,11.69,-0.61,5.58,157.15,1688.00,1601604.00,1682.00,1614.00
202251,1,-0.69,4.60,162.89,0.00,-6.75,-30.12,-0.57,4.03,161.68,1691.00,1604.00,1687.00,1606.00>.00
202285,1,-0.63,4.43,164.11,0.44,-4.00,-31.75,-0.53,3.87,162.57,1688.00,1605.00,1691.00,1604.00
202705,1,-0.01,2.91,-176.26,-6.25,-5.06,-60.69,-0.04,2.40,-178.28,1622.00,1698.00,1617.00,1699.00
202752,1,0.19,2.97,-174.77,-1.87,6.00,-45.94,0.29,2.28,-176.06,1619.00,1694.00,1620.00,1703.00
203387,1,-1.93,3.73,-176.21,-10.44,2.06,41.13,-1.95,3.11,-176.34,1613.00,1701.00,1612.00,1710.00
203617,1,-1.72,3.87,177.54,0.50,2.69,62.44,-1.59,3.25,177.82,1695.00,1615.00,170703.00,1623.00
203964,1,1.54,5.34,165.63,-9.00,9.81,-11.06,1.58,4.61,164.61,1697.00,1605.00,1704.00,1630.00
204088,1,3.41,6.21,171.47,-14.00,1.25,-36.56,3.21,5.58,169.93,1705.00,1603.00,1703.00,1626.00
204139,1,3.93,6.12,172.57,-13.50,-1.62,-39.06,3.73,5.56,170.92,1709.00,1604.00,1703.00,1628.00
204215,1,3.99,5.88,-177.62,8.37,3.19,-60.69,4.18,4.99,-179.70,1614.00,1697.00,1628627.00,1705.00
204317,1,-0.06,7.03,-169.37-169.16,18.75,5.06,-21.94,7.36,2.41,-170.21,1612.00,1703.00,1631.00,1702.00
204434,1,-1.21,7.47,-167.63,11.13,3.62,-5.81,10.69,2.04,-168.60,1621.00,1697.00,1622.00,1709.00
204557,1,-2.52,7.27,-167.86,15.19,1.75,8.25,10.47,1.80,-168.55,1619.00,1702.00,1621.0622.00,1707.00
204777,1,-8.28,7.58,-171.64-172.23,29.75,2.87,30.19,4.53,3.66,-172.48,1602.00,1712.00,1632.00,1702.00
204896,1,-12.36,6.15,-176.61,28.06,-12.38,46.94,1.07,2.85,-176.63,1608.00,1721.00,1622.00,1697.00
204939,1,-13.38,5.41,-177.94,31.00,-14.50,51.31,-0.23,2.09,-178.40,1608.00,1727.00,1620.00,1693.00
205026,1,-15.99,3.08,177.20,8.19,-8.13,67.12,-3.06,0.53,176.8976.29,1699.00,1632.00,1702.00,1615.00
205586,1,0.91,3.99,164.96,-50.44,12.25,-3.87,0.55,3.03,164.01,1711.00,1591.00,1692.00,1650.00
205698,1,6.10,4.58,166.54,-36.38,3.00,-21.69,5.48,3.72,165.22,1718.00,1597.00,1691.00,1642.00
205734,1,6.83,4.57,167.24,-26.31,3.00,-26.62,6.70,3.74,166.08,1717.00,1600.00,1693.00,1638.00
206046,1,8.18,2.65,-170.07,31.56,-6.56,-51.13,8.87,2.08,-171.95,1619.00,1706.00,1628.00,1695.00
206167,1,5.63,2.05,-165.09,5.87,5.62,-36.44,5.88,1.18,-166.72,1619.00,1699.00,1629.00.00,1705.00
206287,1,5.32,2.39,-161.94,5.37,-0.06,-21.81,5.51,1.57,-163.06,1623.623.00,1698.00,1623.00,1703.00
206415,1,3.49,2.79,-160.36,10.75,5.69,-7.50,3.8.63,1.95,-161.27,1617.00,1699.00,1629.00,1703.00
206524,1,2.40,3.07,-160.24,11.75,-1.0088,6.06,2.54,2.23,-161.15,1618.00,1704.00,1626.00,1700.00
206740,1,0.82,4.02,-163.50,-3.69,5.37,24.75,0.95,3.12,-164.17,1619.00,1700.00,1624.00,1713.00
206778,1,0.7656,4.23,-164.58,9.94,5.62,29.94,0.90,3.27,-164.94,1616.00,1702.00,1626.00,1711.00
206860,1,-0.55,4.32,-167.28,6.25,-2.25,37.94,-0.32,3.51,-167.82,1616.00,1713.00,1629.00,1710.0010.00
207015,1,-0.70,4.24,-168.83,-1.44,0.13,40.81,-0.50,3.44,-168.95,1620.00,1711.00,1625.00,1712.00
207434,1,-2.47,4.67,171.51,-9.94,-3.69,27.81,-2.48,3.92,171.22,1708.00,1625.00,1706.00,1629.00
207474,1,-2.19,4.55,170.78,-13.31,-1.81,23.81,-2.17,3.74,170.10,1709.00,1623.00,1705.00,1631.00
207519,.69,-11.88,1.50,16.56,-1.56,3.89,169.16,1708.00,1619.00,1706.068.85,1708.00,1619.00,1707.00,1634.00
207547,1,-1.26,4.72,169.32,-9.50,6.69,10.63,-1.28,3.98,168.71,1705.00,1618.0000,1711.00,1635.00
207675,1,0.02,5.58,169.11,-9.50,7.87,-4.31,-0.06,4.83,168.10,17705.00,1614.00,1713.00,1636.00
207913,1,3.11,5.67,179.59.87,11.13,1.94,-55.19,13.19,4.83,178.75,1715.00,1611.00,1716.00,1627.00
208010,1,2.16,5.75,-174.71,22.37,10.25,-52.38,12.67,4.78,-176.69,1623.00,1700.00,1633.00,1712.00
208041,1,1.46,6.03,-173.34,31.37,12.44,-45.19,11.94,5.09,-174.69,1614.00,1702.00,1641.00,1712.00
208133,1,-0.88,6.99,-170.04,23.12,8.88,-32.94,9.74,6.01,-171.-170.95,1615.00,1701.00,1639.00,1712.00
208350,1,-2.44,6.46,-165.43,2.69,-8.63,-10.19,7.66,5.70,-166.44,1630.00,1704.00,1624.00,1710.00
208395,1,-2.60,6.15,-165.09,7.69,-8.19,-6.44,7.60,5.46,-166.14,1630.00,1705.00,1624.00,1710.00
208921,1,-6.84,4.41,-171.67,-1.00,-6.56,38.31,7.40,3.77,-171.86,1625.00,1707.00,1618.00,1717.00
209076,1,-6.92,4.07,-172.82,0.37,-7.63,42.06,7.24,3.35,-173.32,1626.00,1710.00,1616.00,1716.00
209609,1,-2.17,0.76,171.47,-14.87,0.94,39.06,11.06,-0.08,170.94,1721.00,1617.00,1691.00,1639.00
209820,1,0.05,4.17,166.84,-14.75,22.06,8.81,12.7313.00,3.54,165.93,1707.00,1601.00,1708.00,1653.00
210048,1,-0.47,5.91,176.38,12.88,0.13,-51.81,12.85,5.07,174.48,1712.00,1615.0014.00,1716.00,1626.00
210077,1,-0.51,6.00,178.58,6.37,1.19,-57.50,12.63,5.11,176.53,1714.00,1610.00,1716.00,1628.008.00
210107,1,-0.29,6.09,-179.61,-1.75,3.12,-64.19,12.77,5.18,178.25,1718.00,1606.00,1714.00,1630.00
211224,1,6.97,3.76,-159.99,-12.06,-0.50,20.00,6.92,2.88,-160.50,1633.00,1698.00,1618.619.00,1719.00
211346,1,5.40,4.07,-163.19,21.44,-1.37,31.50,6.11,3.14,-163.47.10,1617.00,1713.00,1631.00,1707.00
211560,1,2.292.10,5.60,-178.16,3.44,-0.62,59.88,2.43,4.73,-177.91,1615.00,1712.00,1622.00,1719.00
211684,1,-1.59,5.34,169.63,11.31,-2.69,33.88,-1.31,4.75,169.12,1697.00,1633.00,1715.00,1623.00
211710,1,-1.81,5.16,168.50,1.19,-4.62,27.87,-1.63,4.44,168.12,1702.00,1629.00,1711.00,1627.00
212033,1,1.29,4.38,178.50,-18.56,0.13,-58.63,0.97,3.57,176.71,1720.00,1609.00,1711.00,1629.00
212072,1,1.51.93,4.37,-179.67,-15.94,2.12,-64.62,1.65,3.54,178.46,1721.00,1607.00,1711.00,1629.00
212847,1,-13.71,5.00,178.26,34.69,-2.19,74.94,-13.54,4.62,178.30,1682.00,1649.00,1729.01728.00,1610.00
213181,1,-15.57,-1.27,165.49,9.56,-5.62,51.81,-15.26,-1.72,165.80,1698.00,1647.00,1710.00,1613.00
213223,1,-15.74,-1.68,164.06,6.37,2.06,50.44,-15.55,-2.41,163.90,1695.00,1646.00,1712.00,1615.00
213413,1,-14.51,-1.85,155.43,-13.06,8.81,38.38,-14.67,-2.68,155.56,1695.00,1633.00,1709.00,1630.00
213750,1,-5.64,1.51,147.33,-47.75,35.44,28.25,-6.40,0.24,147.31,1680.00,1582.00,1684.00,1646.00
214223,1,9.00,7.68,144.10,-33.00,1.56,-11.19,8.44,6.83,143.23.47,1574.00,1466.00,1551.00,1513.00
214460,1,10.25,8.00,146.50,8.63,10.38,-27.4428.37,10.39,7.37,145.87,1423.00,1342.00,1439.00,1368.00
214900,1,2.21,10.58,146.46,-142.81,143.69,58.94,-0.01,7.39,146.91,1011.00,1000.00,1084.068.00,1113.00
215354,1,-1.77,3.79,138.36,-0.06,0.06,0.31,-1.66,3.09,137.72,1043.00,1000.00,1049.00,1000.00
215402,11,-1.77,3.79,138.36,-0.31,0.25,-0.75,-1.63,3.16,137.73,1043.00,1000.00,1049.00,1000.00
215551,1,-1.59,3.83,138.38,-0.06,-0.13,-0.19,-1.45,3.20,137.75,1043.0043.00,1000.00,1049.00,1000.00
215594,1,-1.59,3.83,138.38,-0.31,-0.25,-0.31,-1.45,3.20,137.75,1043.00,1000.00,1049.049.00,1000.00
215825,1,-1.07,4.15,138.41,-0.19,0.06,-0.13,-0.94,3.52,137.78,1043.3.00,1000.00,1049.00,1000.00
216299,0,18,0,-0.61,4.45,138.45,0.00,0.00,0.06,-0.47,3,1000.00,1049.00,1000.00
216465,0,-0.47,4.53,138.46,0.00,0.00,-0.19,-0.34,3.89,137.83,1040.00,1000.00,1046.00,10001000.00
216512,0,-0.46,4.54,138.46,-0.13,0.25,-0.06,-0.33,3.90,137.83,1040.00,1000.00,1046.00,1000.00
216631,0,-0.36,4.61,138.47,-0.06,0.13,0.13,-0.22,3.97,137.98,1040.00,1000.00,1046.00,1000.00.00
216660,0,-0.34,4.61,138.47,0.13,0.31,0.13,-0.21,3.98,137.98,1040.00,1000.00,1046.00,1000.00
216753,0,-0.27,4.67,138.48,-0.19,0.13,0.00,-0.13,4.03,137.98,1040.00,1000.00,1041046.00,1000.00
216851,0,-0.20,4.70,138.48,-0.06,-0.13,0.00,-0.070.06,4.07,138.20,1042.00,1000.00,1048.00,1000.00
216896,0,-0.19,4.71,138.48,-0.13,0.00,0.00,-0.06,4.08,138.20,1040..00,1000.00,1046.00,1000.00
216969,0,-0.14,4.74,138.49,0.13,0.13-0.13,0.06,-0.00,4.11,138.21,1040.00,1000.00,1046.00,1000.00
217228,0,-0.12,4.75,138.49,0.00,-0.06,-0.06,0.02,4.12,138.21,1040.00,1000.00,1046.00,1000.00
217920,0,-0.12,4.75,138.49,0.13,0.00,0.06,0.00.02,4.12,138.56,1040.00,1000.00,1046.00,1000.00
218138,0,-0.12,4.75,138.49,0.00,0.139,-0.06,0.02,4.12,138.56,1040.00,1000.00,1046.00,1000.00
218260,0,-0.12,4.75,138.49,0.00,--0.06,-0.06,0.02,4.12,138.35,1040.00,1000.00,1046.00,1000.00
218377,0,-0.12,4.75,138.49,-00.00,0.13,-0.13,0.02,4.12,138.35,1040.00,1000.00,1046.00,1000.00
218499,0,-0.12,4.75,138.49,0.013,0.00,-0.13,0.02,4.12,138.56,1042.00,1000.00,1048.00,1000.00
218617,0,-0.12,4.75,138.49,0..00,-0.06,0.06,0.02,4.12,138.56,1045.00,1000.00,1051.00,1000.00
218710,0,-0.12,4.75,138.49,0.13,0.06,-0.06,0.02,4.12,138.56,1053.00,1000.00,1059.00,1000.00
218755,0,-0.12,4.75,138.49,0.06,-0.13,0.06,0.02,4.12,138.56,1053.00,1000.00,1059.00,1000.00
218831,0,-0.12,4.75,138.49,0.00,-0.06,-0.06,0.02,4.12,138.56,1053.00,1000.00,1059.00,1000.00
218947,0,-0.12,4.75,138.49,0.19,-0.13,0.19,0.02,4.12,138.56,1053.00,1000.00,1059.00,1000.00
219065,0,-0.08,4.78,138.50,0.44,-0.19,1.75,0.06,4.15,138.38,1053.00,1000.00,1059.00,1000.00
219221,0,-0.04,5.11,138.76,-2.06,6.75,-7.75,0.06,4.20,138.39,1051.00,1000.00,1062.00,1000.00
219743,0,12.32,10.10,174.77,44.56,-7.00,-137.69,12.82,10.17,172.85,1061.00,1000.00,1090.00,1000.00
220466,0,-1.83,27.16,-150.17,15.94,8.75,-56.50,-1.91,26.22,-151.50,1000.00,1030.00,1000.00,1082.00
221118,0,1.57,12.00,-146.65,21.06,-0.50,-10.25,2.09,11.37,-147.01,1000.00,1052.00,1000.00,1052.00
221154,0,1.23,11.84,-146.49,8.00,-7.87,-2.81,1.44,11.28,-146.45,1000.00,1051.00,1000.00,1054.00
221337,0,3.53,1.39,-151.69151.74,-4.87,9.50,5.06,3.67,0.76,-151.41,1000.00,1054.00,1000.00,1056.00
221371,0,3.53,1.41,-151.63,4.00,-4.19,-6.3.19,3.67,0.78,-151.49,1000.00,1055.00,1000.00,1053.00
221599,0,3.32,1.55,-151.1.71,0.06,0.06,1.19,3.46,0.92,-151.61,1000.00,1052.00,1000.00,1057.00
221811,0,2.77,2.17,-151.72,0.13,0.13,0.44,3.03,1.39,-151.86,1000.00,1052.00,1000.00,1057.00
222164,0,1.62,3.34,-151.78,-0.19,-0.13,0.00,1.79,2.68,-151.92,1000.00,10051.00,1000.00,1057.00
222756,0,1.10,3.87,-151.1.81,0.06,0.06,0.06,1.24,3.24,-151.74,1000.00,1048.00,1000.00,1054.00
222922,0,1.01,3.95,-151.81,0.19,0.00,0.00,1.17,3.31,-151.95,1000.00,1048.00,1000.00,1055.0055.00
222964,1,1.00,3.96,-151.81,0.19,0.19,0.06,1.15,3.32,-151.95,1000.00,1049.00,1000.00,1054.00
222990,1,0.99,3.97,-151.82,-0.13,0.00,0.00,1.14,3.34,-151.96,1000.00,1048.00,1000.00,1055.00
223156,1,0.94,4.03,-151.85,-0.31,0.06,3.37,1.08,3.39,-151.73,1000.00,1048.00048.00,1000.00,1055.00
223428,1,0.90,4.07,-151.82,0.00,0.00,1.50,1.05,3.43,-151.73,1000.00,1048.00,101000.00,1055.00
223662,1,0.88,4.09,-151.83,0.06,0.00,0.00,1.01,3.46,-151.76,1000.00,104058.00,1000.00,1065.00
223896,1,0.83,4.15,-151.83,-0.25,0.00,0.00,0.97,3.52,-15151.76,1108.00,1181.00,1112.00,1188.00
224580,1,0.61,4.25,-151.83,0.06,0.50,-0.31,0.74,3.64,-151.97,1202.00,1276.00,1207.00,1283.00
224619,1,0.62,4.24,-151.84,-0.94,-2.00,0.25,0.75,3.63,-151.98,1201.00,1276.00,1208.00,1283.00
224770,1,0.62,4.22,-151.85,0.56,0.44,0.13,0.76,3.58,-151.99,1174.01174.00,1248.00,1179.00,1255.00
224815,1,0.62,4.21,-151.85,-1.06,-1.81,-0.19,0.77,3.58,-152.00,1175.00,1249.00,11771177.00,1254.00
225047,1,0.56,4.31,-151.86,-1.62,0.88,0.44,0.71,3.63,-152.02.00,1195.00,1268.00,1200.00,1277.00
225287,1,0.57,4.36,-151.87,1.81,-0.2.69,-0.56,0.71,3.73,-152.01,1319.00,1394.00,1324.00,1399.00
225451,1,0.57,4.41,-151.85,0.13,0.62,0.44,0.72,3.78,-151.99,1324.00,1399.00,1329.00,1404.00
225688,1,0.57,4.41,-151.85,0.81,-0.44,-0.44,0.73,3.79,-151.99,1326.00,1401.0401.00,1331.00,1406.00
225732,1,0.59,4.42,-151.85,-0.69,0.44,0.44,0.71,3.78,-151.99,1326.00,1400.00,1331.00,1407.000
225761,1,0.58,4.41,-151.85,0.56,-0.19,-0.37,0.72,3.78,-151.78,1326.00,1400.00,1331.00,1407.00
225923,1,0.59,4.42,-151.85,0.75,-0.69,0.06,0.74,3.81,-151.7151.78,1327.00,1402.00,1332.00,1407.00
225965,1,0.60,4.42,-151.85,-0.81,0.25,-0.06,0.73,3.79,-151.78,1327.00,1402.0.00,1332.00,1408.00
226438,1,0.54,4.37,-151.90,0.75,-1-0.37,1.69,0.68,3.74,-151.83,1357.00,1432.00,1362.00,1437.00
226606,1,0.65,4.50,-151.86,-0.81,-0.06,0.94,0.79,3.87,-152.00,1384.00,1457.00,1389.00,1466.00>65.00
226648,1,0.63,4.48,-151.87,0.94,-1.12,0.37,0.77,3.86,-152.00,1386.00,1461.00,1391.00,1466.00
227363,1,0.63,4.46,-151.87,-1.44,1.81,-0.31,0.70.77,3.83,-151.80,1462.00,1535.00,1467.00,1544.00
227760,1,0.69,4.61,-152.88,0.00,-0.19,7.31,0.83,3.98,-152.95,1489.00,1566.00,1494.00,1571.00>4.00
228395,1,-0.21,5.48,-167.89,2.06,0.94,43.25,-0.01,4.84,-167.62,1539.00,1629.00,1551.00,1640.00
228436,1,-0.34,5.48,-169.69,0.06,0.94,47.69,-0.12,4.84,-168.90,1552.00,1641.00,1557.00,1649.00
228523,1,-1.87,6.77,177.10,2.06,9.13,80.56,-1.51,6.0114,176.96,1633.00,1561.00,1654.00,1576.00
228669,1,-3.12,5.99,160.459.13,-24.19,8.81,68.50,-2.98,5.36,160.34,1648.00,1567.00,1651.00,1595.00
229432,1,0.67,5.67,125.62,-12.81,-7.25,53.25,0.64,5.17,126.52,1666.00,1599.00,1654.00,1613.00
229471,1,0.70,5.39,124.08,-2.31,-11.25,51.25,0.87,4.87,124.44,1665.00,1603.00,1655.00,1610.00
229664,1,-2.36,2.68,114.56,8.31,-15.50,42.25,-2.01,2.40,115.214.42,1666.00,1624.00,1662.00,1604.00
229901,1,-1.19,-2.04,104.03,9.25,-22.75,23.62,-0.92,-2.22,104.34,1676.001674.00,1634.00,1656.00,1600.00
230012,1,-3.35,-2.80,99.74,-22.12,13.06,17.00,-3.44,-3.54,99.77,1665.00,1613.00,1667.00,1627.00
230052,1,-2.20,-2.37,99.12,-31.81,10.38,14.75,-2.68,-3.21,99.27,1673.00,1608.00,1661.00,1634.00
230139,1,-0.63,-1.68,97.47,15.25,2.62,2.25,-0.18,-2.36,97.38,1678.00,1643.00,1681688.00,1629.00
230351,1,-3.80,-0.02,97.77,17.5017.06,9.44,-6.06,-3.66,-0.65,97.63,1678.00,1646.00,1703.00,1637.00
230376,1,-4.28,0.27,97.92,16.00,9.69,-5.75,-3.9914,-0.36,97.78,1679.00,1647.00,1704.00,1639.00
231063,1,-2.92,1.04,105.25,5.25,-5.566.19,-24.75,-2.78,0.41,105.11,1696.00,1648.00,1699.00,1636.00
231272,1,-2.36,0.80,107.85,-4.44,-11.69,-29.06,-2.32,0.36,107.16,1704.00,1645.00,1693.00,1638.00
231399,1,-2.97,-0.17,111.55,10.19,-5.87,-33.94,-2.63,-0.70,110.74,1699.001698.00,1649.00,1702.00,1631.00
232202,1,2.30,3.80,148.73,-5.19,6.56,-60.13,2.27,3.08,147.42,170708.00,1619.00,1712.00,1637.00
232322,1,2.03,3.88,155.40,10.44,-0.44,-64.50,2.35,3.27,15455.26,1708.00,1627.00,1718.00,1626.00
232564,1,2.61,2.71,-179.51.85,16.44,2.12,-85.94,2.75,1.87,-179.65,1614.00,1701.00,1632.00,1697.00
232665,1,0.66,3.03,-165.44,12.00,1.56,-43.06,0.89,2.38,-165.99,1607.00,1691.00,1624.001.00,1688.00
233115,1,2.27,2.97,-160.35,-4.00,5.81,9.31,2.37,2.28,-160.40,1607.00,1681.00,1610.00,1697.00
233238,1,2.09,3.71,-162.58,3.75,4.56,27.69,2.33,2.97,-162.20,1601.00,1685.00,1611.00,1695.00
233279,1,1.93,3.86,-163.47,2.50,3.12,32.31,2.16,3.14,-163.00,1602.00,1688.00,1611.00,1695.00
233355,1,1.66,4.18,-166.50,1.94,2.37,44.56,1.85,3.52,-166.21,1601.00,1689.00,1606.00,1696.0.00
233388,1,1.27,4.31,-168.40,8.19,1.87,51.06,1.63,3.62,-167.57,1598.00,1691.00,1608.00,1695.00
233924,1,-0.35,7.10,158.88,-5.37,-2.56,38.31,-0.22,6.50,159.12,1684.00,1607.00,1687.00,1619.00
234033,1,-0.88,6.38,155.38,1.69,-6.44,22.37,-0.70,5.81,155.45,1683.00,1612.00,1686.00,1611.00
234061,1,-0.88,6.16,154.65,-3.00,-5.00,17.81,-0.78,5.63,154.84,1684.00,1611.00,1688.00,1614.00
234159,1,0.32,5.88,153.93,-22.19,-2.50,4.37,0.04,5.10,153.89,1691.00,1602.00.00,1681.00,1622.00
234272,1,2.85,6.10,154.53,-25.06,4.94,-13.38,2.49,5.39,154.13,1691692.00,1591.00,1682.00,1626.00
234505,1,4.74,6.46,156.78,-2.25,4.50,-26.44,4.83,5.80.83,156.64,1687.00,1598.00,1693.00,1618.00
234741,1,5.54,5.03,173.15,5.7519,1.25,-69.62,5.68,4.40,173.01,1694.00,1596.00,1700.00,1606.00
234882,1,4.02,4.60,-177-176.31,20.37,2.81,-85.37,4.16,3.97,-178.12,1601.00,1688.00,1622.00,1685.00
234962,1,2.22,4.27,-170.34,25.62,-0.06,-68.25,2.79,3.70,-171.81,1599.00,1693.00,1625.00,1679.00
234995,1,1.72,4.17,-168.45,19.75,-1.44,-64.50,2.00,3.57,-169.21,1603.00,1691.00,1621.00,1680.00
235535,1,3.28,2.41,-142.15,24.00,-37.06,-43.06,3.49,1.98,-143.08,1119.00,1209.00,1057.00,1099.00
235658,1,3.86,2.34,-136.95,3.94,-2.12,-46.69,4.06,1.73,-137.97,1000.00,1038.00,1000.0000.00,1045.00
235801,1,3.98,1.99,-133.79,3.19,0.69,-5.50,4.14,1.36,-133.933.93,1000.00,1042.00,1000.00,1047.00
236016,1,3.89,1.86,-134.05,-0.13,0.31.13,0.06,4.03,1.23,-134.19,1000.00,1042.00,1000.00,1048.00
236082,0,3.89,1.86,-134.03,0.06,0.00,0.37,4.03,1.23,-134.17,1000.00,1042.00,1000.00,1048.00
236109,0,3.75,2.04,-134.04,0.00,0.06,-0.13,3.93,1.34,-134.18,1000.00,1042.00,1000.00,1048.00
236143,0,3.75,2.0404,-134.05,-0.06,0.37,0.75,3.89,1.41,-134.18,1000.00,1042.00,1000.00,1048.00
236227,0,3.43,2.40,-134.06,0.00,0.00,-0.37,3.71,1.62,-134.19,1000.00,1044.00,1000.00,1050.00
236319,0,3.11,2.74,-134.07,-0.06,-0.06,0.31,3.31,2.05,-134.21,1000.00,1044.01044.00,1000.00,1050.00
236345,0,2.99,2.85,-134.08,0.06,0.06,0.13,3.17,2.19,-134.22,1000.00,1044.00,1000.00,1050.00.00
236376,0,2.85,3.00,-134.09,0.00,0.00,-0.13,3.05,2.29,-134.23,1000.00,1044.00,1000.00,1051.00
236462,0,2.63,3.23,-134.10,0.06,-0.06,0.00,2.81,2.55,-134.24,1000.00,1044.00,1000.00.00,1050.00
236581,0,2.40,3.48,-134.12,-0.19,0.19,-0.06,2.57,2.80,-134.04,1000.00,1041043.00,1000.00,1051.00
236698,0,2.22,3.64,-134.12,0.00,0.00,0.13,2.38,3.00,-134.05,101000.00,1043.00,1000.00,1051.00
236814,0,2.08,3.79,-134.13,0.13,0.00,-0.06,2.24,3.15,-1334.06,1000.00,1041.00,1000.00,1049.00
237027,0,1.89,4.00,-134.15.15,-0.06,0.13,0.00,2.03,3.37,-134.29,1000.00,1041.00,1000.00,1049.00
237073,0,1.86,4.02,-134.15,0.19,0.06,0.06,2.0.00,3.39,-134.29,1000.00,1041.00,1000.00,1049.00
237165,0,1.78,4.10,-134.15,0.00,-0.0.13,0.00,1.92,3.47,-134.29,1000.00,1041.00,1000.00,1049.00
237379,0,1.66,4.23,-134.16,0.06,0.00,0.19,1.81,3.59,-134.30,1000.00,1041.00,1000.00,1049.00
237470,0,1.62,4.28,-134.16,-0.25,0.19,-0.06,1.76,3.64,-134.30,1000.00,1041.00,1000.00,1049.049.00
237499,0,1.60,4.29,-134.16,0.19,0.00,0.00,1.75,3.65,-134.30,1000.00,1041.00,1000.00,1049.00
237531,0,1.60.59,4.30,-134.17,-0.06,0.19,0.00,1.74,3.66,-134.31,1000.00,1041.00,1000.00,1049.00
237608,0,1.55,4.33,-134.17,-0.31,0.00,0.13,1.70,3.70,-134.10,1000.00,1041.00,1000.00,1049.00
237647,0,1.54,4.35,-134.17,-0.06,0.00,-0.13,1.69,3.71,-134.31,1000.00,1042.00,1000.00,1049.00
237699,0,1.52,4.37,-134.17,0.06,0.00,0.00,1.67,3.73,-134.10,1000.00,1041.01041.00,1000.00,1049.00
237727,0,1.51,4.38,-134.17,0.19,0.00,0.19,1.65,3.74,-134.31,1000.00,1041.00,1000.00,1049.0000
237756,0,1.50,4.39,-134.17,0.13,0.00,0.00,1.64,3.76,-134.10,1000.00,1041.00,1000.00,1049.00
237848,0,1.47,4.42,-134.17,0.06,0.06,0.06,1.62,3.78,-134.31,1000.00,1041.00,1000.000,1049.00
237939,0,1.45,4.45,-134.18,0.06,0.06,0.06,1.59,3.81,-134.3234.32,1000.00,1041.00,1000.00,1049.00
237967,0,1.44,4.46,-134.18,0.13,-0.06,-0.06,1.58,3.82,-134.32,1000.00,1041.00.00,1000.00,1049.00
238077,0,1.40,4.49,-134.18,0.06,-0.19,-0.06,1.54,3.86,-134.32,1000.00.00,1041.00,1000.00,1049.00
238166,0,1.38,4.51,-134.18,-0.06,-0.06,0.1-0.06,1.52,3.88,-134.11,1000.00,1041.00,1000.00,1049.00
238195,0,1.37,4.52,-134.18,-0.13,0.00,-0.13,1.52,3.88,-134.34.11,1000.00,1041.00,1000.00,1049.00
238316,0,1.38,4.51,-134.19,-0.37,0.13,0.31,1.52.52,3.88,-134.12,1000.00,1041.00,1000.00,1049.00
238657,0,1.11,4.14,-133.943.76,-4.37,-44.13,-11.25,1.25,3.51,-133.87,1000.00,1051.00,1000.00,1038.00
238869,0,14.52,-15.05,-125.36,-177.19,-4.00,-95.56,11.78,-15.06,-127.03,1079.00,1000.00,1000.00,1075.00
240703,0,-60.33,-8.68,157.25,128.25,85.75,158.44,-58.32,-7.59,160.17,1000.00,1032.00,1170.00,1000.00
248543,1,0.49,3.61,121.97,0.19,0.31,-1.31,0.63,2.98,122.03,1509.00,1448.00,1513.00,1454.00
248751,1,0.51,3.62,121.95,-0.19,0.37,-0.06,0.65,2.992.99,122.02,1534.00,1473.00,1538.00,1479.00
248773,1,0.51,3.63,121.96,0.50,0.62,-0.75,0.65,2.99,122.02,1542.00,1481.00,1546.00,1487.00
248959,1,0.49,3.61,121.81,0.25,0.25,1.50,0.64,2.98,121.71,1565.0.00,1505.00,1569.00,1510.00
249000,1,0.49,3.62,121.78,-0.13,0.31,0.69,0.63,2.99,121.65,1568.00,1507.00,1572.00,151313.00
249026,1,0.50,3.63,121.75,-1.12,0.75,1.31,0.63,2.99,121.62,1568.00,1508.00,1571.00,1513.00
249097,1,0.49,3.64,121.54,-0.31,-0.81,1.12,0.63,3.02,121.62,1595.00,1535.00,1599.0.00,1542.00
249119,1,0.49,3.64,121.51,-0.31,0.13,1.19,0.62,3.02,121.61,1596.00,1536.00,1602.00,1542.00
249194,1,0.50,3.66,121.74,-0.31,-0.88,-3.87,0.64,3.04,121.77,1607.00,1546.00,1612.00,1552.53.00
249235,1,0.49,3.73,121.93,2.31,2.12,-5.12,0.66,3.06,121.88,1617.00,1556.00,1622.00,1562.00
249260,1,0.50,33.68,122.11,-0.44,-2.69,-6.62,0.64,3.09,121.84,1619.00,1558.00,1622.00,1561.00
249353,1,0.95,4.67,123.42,-9.13,6.87,-10.00,1.00,3.97,123.39,1633.00,1564.00,1641.00,1586.00
249381,1,1.28,4.74.86,123.87,-21.19,3.69,-12.69,1.42,4.16,123.69,1641.00,1564.00,1637.00,1590.00
249483,1,3.34,6.39,127.10,24.56,15.06,-22.37,3.87,5.51,126.51,1643.00,1585.00,1672.00,1591596.00
249508,1,2.59,6.89,127.83,29.50,20.37,-24.50,3.24,5.91,127.19,1638.00,1589.00,1680.00,1597.00
249866,1,-0.54,5.34,153.56,-9.44,-7.94,-63.69,-0.58,4.84,152.17,1688.00,1600.00,1685.00,1603.00
250281,1,4.25,1.54,-174.58,2.25,-0.88,-92.12,4.37,1.07,-176.49,1624.00,1692.00,1617.00,1696.00
250646,1,2.16,2.05,-157.75,-1.06,6.75.81,-15.44,2.30,1.42,-157.68,1638.00,1709.00,1643.00,1721.00
250739,1,1.25,2.35,-156.92,11.94,2.12,-2.62,1.62,1.67,-156.89,1636.00,1720.00,1647.00,1717.00
251221,1,-2.31,4.18,-166.98,5.62,1.94,57.44,-1.97,3.35,-166-167.12,1638.00,1736.00,1651.00,1736.00
251556,1,0.20,1.73,167.90,-26.37,-8.25,69.81,0.11,1.18,168.47.76,1717.00,1624.00,1690.00,1638.00
251683,1,2.50,2.38,160.56,-19.69,15.25,58.06,2.30.64,1.75,160.42,1696.00,1608.00,1696.00,1643.00
251933,1,4.59,6.32,149.5721,-9.63,5.19,37.44,4.73,5.69,149.43,1689.00,1606.00,1689.00,1636.00
252228,1,3.96,7.73,143.91,13.69,3.56,19.75,4.40,6.99,144.16,1666.00,1600.00,1684.00,1615.00
252254,1,3.79,7.78,143.736,12.44,3.94,18.19,3.93,7.15,143.58,1664.00,1603.00,1686.00,1611.00
252370,1,2.66,7.81,141.975,6.87,-5.19,10.44,2.80,7.18,141.82,1672.00,1605.00,1678.00,1609.00
252483,1,1.93,7.14,141.16,0.49,-6.25,2.31,2.07,6.51,141.23,1675.00,1604.00,1676.00,1609.00
252597,1,1.46,6.47,141.10,7.25,--5.12,-3.94,1.60,5.84,141.17,1673.00,1606.00,1679.00,1606.00
252690,1,1.00.89,5.84,141.75,6.50,-6.81,-8.94,1.14,5.35,141.43,1674.00,1607.00,1679.00,1604.00
252816,1,-0.20,4.44,145.65,4.44,-5.62,-25.31,-0.03,3.91,145.03,1678.00,1603.00,1679.00,1604.00
252855,1,-0.37,4.32,146.43,9.25,-3.69,-27.00,-0.16,3.73,146.03,1675.00,1605.00,1683.00,1601.00
252919,1,-1.05,3.73,152.19,6.19,-2.56,-41.13-43.00,-0.91,3.10,152.05,1676.00,1600.00,1684.00,1597.00
253161,1,-1.64,3.46,166.07,15.88,-1.62,-68.62,-1.27,2.83,164.61,1677.00,1599.00,1693.00,1588.00
253505,1,-3.46,3.63,-166.38,29.00,1.94,-74.19,-2.84,2.88,-167.76,1583.00,1681.00,1617.00,1662.00
253631,1,-3.97,4.49,-158.59,-4.87,2.12,-62.19,-3.92,3.80,-159.12,1584.00,1657.01656.00,1595.00,1663.00
253856,1,-3.56,5.01,-146.96,3.06,1.31,-43.38,-3.41,4.31,-147.94,1567.00,1643.00,1583.00,1639.00
253893,1,-3.42,5.13,-145.73,-3.06,1.00,-41.31,-3.39,4.43,-146.69,1568.00,1638.00,1581.00,1642.00
254774,1,2.50,-0.37,-127.87,49.94,-50.19,3.81,3.13,-0.51,-127.95,1149.00,1201.00,1000.00,1000.00
254892,1,2.75,0.20,-128.15,0.19,2.00,-8.50,2.89,-0.44,-128.37,1000.00,1042.00,1000000.00,1045.00
255012,1,2.77,0.22,-128.24,0.37,0.37,0.25,2.91,-0.41,-128.38,100000.00,1042.00,1000.00,1045.00
255131,1,2.70,0.41,-128.25,0.13,0.13,0.44,2.84.84,-0.22,-128.18,1000.00,1042.00,1000.00,1045.00
255254,0,2.64,0.57,-128128.23,0.13,0.25,-0.62,2.78,-0.06,-128.17,1000.00,1042.00,1000.00,1045.00
255346,0,2.31,1.14,-128.25,-0.06,-0.19,0.37,2.56,0.29,-128.37,1000.00,1044.00,1000.00,1047.00
255462,0,1.86,2.09,-128.26,-0.13,0.00,-0.31,2.03,1.42,-128.18,1000.00,1043.00,1000.00,1048.00
255497,0,1.75,2.29,-128.26,0.00,0.13,0.19,1.93,1.56,-128.40,1000.00,1043.00,1000.00,1048.00
255580,0,1.60,2.64,-128.26,-0.31,0.19,0.19,1.78,1.92,-128.19,1000.00,1043.00,1000.00,104848.00
255624,0,1.54,2.73,-128.27,0.00,0.00,-0.13,1.70,2.07,-128.41,1000.00,1043.00,1000.00,1048.00
255672,0,1.47,2.90,-128.27,-0.06,0.00,-0.31,1.62,2.24,-128.41,1000.1000.00,1043.00,1000.00,1048.00
255698,0,1.41,3.00,-128.27,-0.13,0.13,0.31,1.57,2.31,-128.41,1000.00,1043.00,1000.00.00,1048.00
255819,0,1.27,3.24,-128.28,0.06,-0.13,0.06,1.42,2.59,-128.21,1000.00,10443.00,1000.00,1048.00
255910,0,1.18,3.40,-128.29,0.13,0.00,0.19,1.33,2.762.77,-128.22,1000.00,1043.00,1000.00,1048.00
256048,0,1.06,3.63,-128.29,-0.13,0.00,0.00,1.20,2.99,-128.222,1000.00,1043.00,1000.00,1048.00
256415,0,0.86,4.00,-128.31,-0.0.06,-0.19,-0.06,1.00,3.37,-128.24,1000.00,1042.00,1000.00,1049.00
256512,0,0.82,4.07,-128.31,0.13,0.00,0.06,0.97,3.43,-128.24,1000.00,1043.00,1000.00,1049.00
256584,0,0.79,4.13,-128.31,-0.13,0.13,0.00,0.93,3.49,-128.24,1000.00,1043.00,1000.00,1049.00>9.00
256611,0,0.77,4.15,-128.31,-0.06,0.06,-0.06,0.92,3.51,-128.24,1000.00,1042.00,1000.00,1049.00
256641,0,0.7676,4.16,-128.31,0.06,0.00,0.00,0.90,3.53,-128.24,1000.00,1042.00,1000.00,1049.00
256734,0,0.74,4.21,-128.32,-0.13,0.00,0.06,0.88,3.58,-128.25,1000.00,1043.00,1000.00,1049.00
256772,0,0.73,4.23,-128.32,-0.13,0.06,-0.06,0.87,3.59,-128.25,1000.00,1042.00,1000.00,1049.00
256851,0,0.71,4.27,-128.32,-0.06,0.00,-0.06,0.85,3.63,-128.46,1000.00,1040.00,1000.00,104047.00
257005,0,0.69,4.29,-128.32,0.00,0.00,0.00,0.84,3.65,-128.25,1000.00,1040.00,1000.00,1047.00
257048,0.13,-0.13,0.00,0.83,3.67,-128.25,1000.00,1040.00,1000.00,15,1000.00,1043.00,1000.00,1049.00
257077,0,0.68,4.33,-128.32,-0.06,-0.13,0.00,0.82,3.69,-128.25,1000.00,1040.00,100000.00,1047.00
257200,0,0.66,4.37,-128.33,0.00,0.06,-0.06,0.79,3.73,-128.26,1000.00,1041042.00,1000.00,1049.00
257436,0,0.61,4.45,-128.32,0.00,0.06,-0.13,0.75,3.8182,-128.25,1000.00,1042.00,1000.00,1049.00
257547,0,0.59,4.49,-128.33,-0.06,0.00,0.00.06,0.73,3.86,-128.26,1000.00,1042.00,1000.00,1049.00
257983,0,0.56,4.54,-128.33,0.06,0.00,0.00,1.19,3.91,-128.26,1000.00,1042.00,1000.00,1049.00
258027,0,0.56,4.54,-128128.33,0.00,0.06,0.06,0.70,3.91,-128.26,1000.00,1042.00,1000.00,1049.00
258207,0,0.56,4.54,-128.33,0.06,0.00,0.00,0.70,3.91,-128.26,1000.00,1042.00,1000.00,1049.00
258397,0,0.56,4.54,-128.33,0.00,0.19,0.00,0.70,3.91,-128.26,1000.00,1040.00,1000.00,10471047.00
258438,0,0.56,4.54,-128.33,-0.13,0.00,0.06,0.70,3.91,-128.26,1000.00,1042.00,1000.00,1049.00
258668,0,0.56,4.54,-128.33,0.19,-0.06,0.00,0.70,3.91,-128.26,1000.00,1040.00,1000.00,1047.00
258695,0,0.56,4.54,-128.33,0.00,-0.06,0.00,0.70,3.91,-128.26,1000.00,1042.00,1000.00,1049.00
258821,0,0.56,4.54,-128.33,-0.19,0.00,0.06,0.70,3.91,-128.26,1000.00,1042.00,1000.00,1049.00
258888,0,0.56,4.54,-128.33,0.06,-0.13,0.06,0.70,3.91,-128-128.26,1000.00,1042.00,1000.00,1049.00
259264,0,3.45,-18.17,-142.50,22.44,-41.31,39.88,3.67,-18.42,-142.21,1011.00,1088.00,1000.00,1012.00
259383,0,-6.64,1.02,-153.57,2.75,213.25,35.00,-6.58,-3.71,-152.35,1000.00,1000.00,1075.00,1139.00
259610,0,2.67,50.15,-156.96,6.94,132.50,-9.13,2.65,47.10,-157.59,1000.00,1000.00,1077.00,1158.00>1152.00
259878,0,-4.02,11.97,-132.75,120.12,-330.81,-110.19,-2.21,17.61,-135.46,17.00,1237.00,1000.00,1000.00
259952,0,-13.23,-10.13,-121.29,123.44,-285.50,-102.69,-10.20,-6.05,-124.50,1086.00,1234.00,1000.00,1000.00
261376,0,12.40,-2.96,-98.49,307.12,99.69,137.81,18.30,-5.99,-96.65,1000.00,1000,1124.00,1063.00
262771,0,0.07,6.58,-150.17,-0.94,0.75,0.62,0.24,5.97,-150.10,1000.00,1042.00,1000.000.00,1054.00
262810,0,0.05,6.53,-150.15,-1.50,1.50,-1.87,0.18,5.89,-150.33,1000.00,1051.00,1000.00,1052.00
262856,0,0.06,6.55,-150.21,-1.19,1.31,3.94,0.19,5.91,-150.10,1000.00,1045.00,1000.00,1056.00
263520,0,0.21,5.81,-153.69,-0.13,0.19,-0.06,0.35,5.18,-153.83,1000.00,1048.00,1000.00,1056.00
263857,0,0.28,5.45,-161.13,-0.31,0.06,0.13,0.42,4.83,-161.06,1000.00,1048.00,1000.00,1056.00
263979,0,0.30,5.35,-161.13,-0.19,0.06,0.00,0.43,4.73,-161.06,1000.00,1048.00,1000.00,11056.00
264002,0,0.30,5.33,-161.13,0.06,-0.13,0.00,0.44,4.70,-161.06,1000.00,1048.00,1000.00,1056.00
264870,1,0.32,5.22,-161.09,0.00,-0.19,-0.62,0.46,4.59,-161.03,1000.00,1048.00,1000.00,1055.1055.00
264897,1,0.32,5.22,-161.09,-0.25,0.06,-0.19,0.46,4.59,-161.02,1000.00,1048.00,1000.00,1055.00
265120,1,0.32,5.22,-161.09,0.00,0.06,-0.37,0.46,4.59,-161.02,1000.00,1048.00,1000.00,1055.00>00
265144,1,0.32,5.22,-161.09,0.13,0.13,-0.13,0.46,4.59,-161.02,1000.00,1048.00,1000.00,1055.00
265217,1,0.32,5.22,-161.09,0.19,-0.13,0.00,0.46,4.59,-161.02,1000.00000.00,1048.00,1000.00,1055.00
265244,1,0.32,5.22,-161.09,-0.13,0.25,-0.13,0.46,4.59,-161.02,1000.00,1048.00,1000.0.00,1056.00
265362,1,0.32,5.22,-161.09,-0.50,0.00,-0.19,0.46,4.59,-161.02,1000.0.00,1048.00,1000.00,1056.00
265597,1,0.32,5.22,-161.90,0.00,-0.06,-0.44,0.46,4.54.59,-161.83,1100.00,1179.00,1106.00,1187.00
265833,1,0.34,5.12,-161.88,-0.10.06,0.62,0.62,0.48,4.49,-162.02,1174.00,1253.00,1180.00,1261.00
266000,1,0.34,5.10,-161.89,0.13,-1.62,-0.75,0.47,4.49,-162.04,1177.00,1255.00,1179.00,12611261.00
266042,1,0.32,5.13,-161.89,2.31,3.62,0.25,0.49,4.46,-162.03,1174.00,1253.00,1182.00,1263.00
266068,1,0.30.35,5.11,-161.89,0.62,3.69,0.31,0.48,4.46,-162.03,1177.00,1256.00,1179.00,1261.00
266142,1,0.38,5.01,-161.90,-2.00,-3.56,0.19,0.49,4.39,-162.03,1176.00,12561256.00,1179.00,1262.00
266169,1,0.38,4.97,-161.90,-1.69,-5.56,-0.25,0.50,4.41,-162.03,1173.00,1253.00,1183.00,12631260.00
266221,1,0.43,4.85,-161.90,-1.19,-0.81,0.44,0.57,4.23,-162.04,1180.00,1258.00,1178.00,1260.00
266282,1,0.41,4.88,-161.90,1.31,3.25,0.13,0.58,4.22,-162.04,1178.00,1256.055.00,1184.00,1264.00
266761,1,0.38,4.91,-162.06,00.37,-0.56,-0.56,0.52,4.28,-161.99,1228.00,1308.00,1234.00,1314.00
266969,1,0.39,4.84,-162.07,-0.62,1.81,0.25,0.52,4.22,-162.01,1243.00,1321.00,1249.00,1331.00
267199,1,0.42,4.85,-162.08,0.19,1.75,-0.25,0.56,4.21,-162.22,1243.00,1322.00,1249.00,1330.0000
267225,1,0.42,4.92,-162.08,-0.25,1.37,0.13,0.56,4.25,-162.22,1242.00,1322.00,1250.00,1330.00
267407,1,0.44,4.99,-162.08,-0.25,1.87,-0.56,0.58,4.34,-162.22,1243.242.00,1321.00,1250.00,1331.00
267451,1,0.41,4.95,-162.08,-0.50,-0.19,0.13,0.56,4.34,-162.22,1243.00,1324.00,1249.09.00,1330.00
267669,1,0.43,4.99,-162.07,0.75,1.62,0.13,0.57,4.35,-162.01,125253.00,1333.00,1261.00,1341.00
268338,1,0.45,4.92,-162.07,-0.50,0.06,1.75,0.60,4.29,-161.98,1337.00,1417.00,1343.00,1423.00
268366,1,0.45,4.92,--162.05,0.19,-0.56,-1.12,0.59,4.29,-162.02,1340.00,1420.00,1346.00,1427.00
268577,1,0.45,4.88,-162.04,0.13,0.44,-1.00,0.58,4.24,-161.98,1362.00,1442.00,1368.00,1448.00
268603,1,0.45,4.89,-162.10,-0.50,0.81,2.31,0.59,4.25,-161.98,1362.00,1441.00,1368.00,1449.00
268700,1,0.43,4.86,-162.06,-0.50,0.25,0.13,0.57,4.23,-162.20,1362.00,1443.00,136368.00,1449.00
268822,1,0.43,4.86,-162.07,-0.37,0.31,-0.62,0.57,4.23,-162.00.00,1362.00,1441.00,1368.00,1449.00
269046,1,0.44,4.92,-162.06,0.06,0.25,0.19,0.58,4.29,-161.99,1365.00,1444.00,1371.00,1452.00
269071,1,0.44,4.92.90,-162.06,0.56,-0.56,0.56,0.58,4.29,-161.99,1365.00,1444.00,1371.00,1452.00
269437,1,0.54,5.02,-162.03,1.06,-0.88,-0.88,0.70,4.40,-162.18,1404.00,1484.00,1410.00,1490.00
269520,1,0.52,4.97,-162.04,-1.19,1.31,-0.75,0.63,4.31,-161.98,1430.00,150508.00,1436.00,1518.00
269749,1,0.36,4.82,-162.05,0.88,-1.06,-0.31,0.53,4.20,-16162.19,1432.00,1513.00,1438.00,1518.00
269982,1,0.71,5.16,-162.04,-4.00,4.44,0.06,0.81.85,4.53,-161.97,1431.00,1508.00,1439.00,1522.00
270208,1,0.81,5.26,-162.05,2.25,-2.2.12,0.19,0.95,4.63,-162.19,1432.00,1513.00,1438.00,1517.00
270439,1,0.47,4.83,-162.0506,1.62,-2.06,0.31,0.61,4.20,-162.19,1432.00,1514.00,1438.00,1517.00
270652,1,0.64,5.01,-162.05,1.00,-0.75,-1.37,0.79,4.39,-161.99,1434.00,1513.00,1440.00,1521.00
270700,1,0.61,4.98,-162.06,0.06,-0.50,1.44,0.76,4.35,-161.96,1432.00,1512.00,1438.00,1518.00
270841,1,0.67,5.04,-162.05,0.00,0.50,-1.19,0.81,4.41,-161.99,1432.1432.00,1511.00,1438.00,1519.00
270885,1,0.67,5.04,-162.07,-0.44,-0.31,1.62,0.81,4.41,-161.97,1432.00,1511.00,1438.7.00,1519.00
271120,1,0.52,4.90,-162.09,-0.56,-0.06,-0.69,0.66,4.27,-162.03,1431433.00,1511.00,1438.00,1519.00
271358,1,0.66,5.05,-162.05,0.62,-1.00,-2.2.00,0.80,4.42,-161.98,1433.00,1512.00,1438.00,1518.00
271567,1,0.81,5.18,-162.08,1.00,-0.75,0.62,0.96,4.55,-162.00,1434.00,1513.00,1440.00,1521.00
271595,1,0.80,5.15,-1-162.11,1.19,-1.75,0.81,0.94,4.52,-162.03,1433.00,1512.00,1437.00,1518.00
271761,1,0.76,5.08,-162.15,-0.69,0.56,2.19,0.90,4.45,-162.04,1432.00,1511.00,14381438.00,1519.00
271802,1,0.78,5.08,-162.15,-0.19,0.31,-1.81,0.92,4.45,-162.10,1432.00,1511.00,1437.00,1519.00
271830,1,0.80,5.12,-162.10,-1.00,1.00,-1.12,0.93,4.48,-162.05,1432.00,1510.00,1439.00,1520.00
271904,1,0.52,4.81,-162.15,3.25,-3.56,-0.62,0.69,4.21,-162.0-162.08,1460.00,1541.00,1464.00,1542.00
271929,1,0.39,4.67,-162.13,2.31,-2.87,0.69,0.60,4.11,-162.05,1460.00,1541.0.00,1464.00,1543.00
272287,1,0.73,4.98,-162.17,5.37,-5.74.94,-1.37,0.87,4.35,-162.10,1462.00,1545.00,1466.00,1543.00
272496,1,0.75,4.99,-162.18,-2.50,2.25,-1.44,0.84,4.31,-162.07,1461.00,1538.00,1467.00,1550.00
272522,1,0.8184,5.07,-162.19,-2.50,2.50,1.56,0.95,4.42,-162.03,1461.00,1538.00,1467.00,1550.00
272689,1,0.90,5.14,-162.19,-1.81,1.31,-1.81,1.01,4.50,-162.07,1461.00,1539.0539.00,1467.00,1549.00
272744,1,0.94,5.19,-162.17,-0.37,0.75,-0.37,1.08,4.56,-162.03,1461.00,1538.00,1467.00,1550.0.00
272770,1,0.91,5.15,-162.21,0.56,-1.37,1.62,1.06,4.54,-162.04,1462.00,1541.00,1466.00,1547.00
272858,1,0.88,5.11,-162.21,-1.19,1.44,-0.25,1.48,4.45,-162.09,1462.00,151539.00,1467.00,1549.00
272972,1,0.93,5.15,-162.22,0.25,-0.25,0.88,1.07,4.52,-162.2.08,1464.00,1543.00,1470.00,1551.00
273177,1,0.99,5.18,-162.20,0.060.13,0.13,-0.31,1.13,4.55,-162.06,1487.00,1566.00,1493.00,1574.00
273204,1,0.99,5.19,-162.21,0.44,0.44,1.19,1.13,4.4.56,-162.07,1487.00,1566.00,1493.00,1574.00
273328,1,1.01,5.22,-162.78,-0.56,0.0.44,1.69,1.15,4.59,-162.64,1502.00,1581.00,1507.00,1590.00
273421,1,0.92,5.11,-163.53,-1.75,1.06,4.62,1.03,4.45,-163.32,1502.00,1581.00,1507.00,1590.00
273447,1,0.93,5.13,-16-163.68,-0.81,1.06,4.00,1.07,4.50,-163.50,1501.00,1581.00,1507.00,1590.00
273653,1,0.91,5.20,-164.38,-0.25,-0.31,4.06,1.05,4.56,-164.17,1523.00,1604.00,1529.00,1612.00
273681,1,0.90,5.22,-164.50,-1.69,1.50,4.25,1.03,4.57,-164.32,1525.00,1606.00,1531.00,1613.00
274091,1,0.83,5.24,-165.45,-0.81,-0.31,6.69,0.99,4.61,-165.18,1530.031.00,1612.00,1536.00,1620.00
274354,1,0.63,5.15,-168.03,-3.06,1.69,8.88,0.74,4.50,-167.7189,1550.00,1631.00,1555.00,1643.00
274919,1,0.93,6.75,-178.21,-11.25,8.13,42.19,0.93,5.95,-177.26,1560.00,1645.00,1567.00,1669.00
274951,1,1.14,7.10,-179.50,-13.69,12.19,45.44,1.20,6.34,-178.92,1560.00,1645.00,1569.00,1674.00
275041,1,1.27,9.59,172.30,-6.00,9.25,30.12,1.40,8.86,172.74,1644.00,1559.00,166362.00,1588.00
275380,1,-1.64,7.65,169.07,-3.50,-22.56,-11.44,-1.59,7.45,168.98,1675.00,1591.00,1666.00,1580.00
275409,1,-1.51,6.96,169.47,-2.06,-24.12,-14.00,-1.41,6.56,169.47,1678.00,1592.00,1663.00,1579.00
275967,1,0.16,1.05,-175.21,9.00,16.44,12.31,0.47,0.12,-174.81,1582.00,1677.00,1606.00,1687.00
276122,1,0.10,1.18.39,-175.74,1.31,10.00,19.62,0.24,0.55,-175.23,1586.00,1679.00,1603.00,1689.00
276201,1,0.59,1.44,-177.90,-14.44,-7.63,34.75,0.59,0.88,-177.42,1602.00,1685.00,1589.00,1692.00>692.00
276437,1,1.91,-0.93,172.12,10.19,9.13,30.758.87,2.05,-1.56,172.26,1685.00,1610.00,1697.00,1611.00
276559,1,1.99,1.74,169.30,-19-20.75,19.00,19.06,2.13,1.11,169.44,1688.00,1591.00,1695.00,1631.00
276648,1,3.91,2.61,167.79,-12.31,-2.75,12.69,3.81,1.99,168.18,1698.00,1599.00,1685.00,1622.00
276673,1,4.00,2.2.48,167.47,2.75,-5.69,9.00,4.14,1.90,167.71,1697.00,1607.00,1687.00,1614.00
276875,1,2.78,2.41,167.17,20.62,4.75,0.19,3.13,1.73,167.30,1683.00,1613.00,1701.00,1606.00
277003,1,1.66,6.49,170.63,7.25,9.94,-28.37,1.88,5.67,170.22,1684.00,1598.00,1706.00,1615.00
277027,1,1.51,6.65,171.55,9.50,4.87,-32.38,1.76,5.93,171.07,1686.00,1601.00,1707.00,1614.00
277111,1,1.05,6.74,174.45,10.56,2.19,-40.81,1.25,6.09,174.19,1689.00,1604.00,1705.00,1606.000
277145,1,1.02,6.84,176.14,5.12,3.69,-43.69,1.14,6.14,175.43,1690.00,1601.00,1705.00,1608.00
277212,1,1.26,7.06,178.49,0.13,5.19,-48.56,1.29,6.35,177.67,1693.00,1591595.00,1705.00,1611.00
277239,1,1.34,7.18,-179.98,4.62,5.62,-52.69,1.43,6.46,179.13,1691.00,1596.00,1707.00,1610.09.00
277279,1,1.36,7.34,-178.36,6.87,7.87,-56.13,1.49,6.60,-179.31,1602.00,1685.00,1620.00,1698.00
277383,1,0.36,8.55,-174.39,29.00,17.00,-34.69,1.00,7.62,-174.91,1591.0590.00,1692.00,1639.00,1699.00
277805,1,-0.49,2.56,-177.62,-3.25,-4.31,43.00,-0.35,2.01,-176.66,1617.00,1712.00,1617.00,1709.00
278044,1,-0.35,1.70,176.40,4.75,-7.81,57.13,-0.10,1.23,177.64,1706.00,1627.00,1701702.00,1620.00
278164,1,-1.16,0.79,172.25,10.25,-8.69,25.69,-0.93,0.00,172.172.39,1704.00,1632.00,1705.00,1615.00
278400,1,-1.47,1.04,170.50,0.1937,3.62,-8.81,-1.33,0.41,170.64,1704.00,1620.00,1710.00,1623.00
278491,1,-1.57,1.49,171.74,5.31,6.19,-18.69,-1.36,0.73,171.53,1703.00,1619.00,1712.00,1622.00
278519,1,-1.70,1.61.73,172.32,7.31,8.44,-21.12,-1.56,1.01,172.25,1700.00,1619.00,1716.00,1621.00
278595,1,-1.56,3.41,177.40,2.06,8.56,-39.56,-1.44,2.60,176.79,1703.0703.00,1612.00,1719.00,1622.00
278623,1,-1.50,3.74,179.03,0.56,6.81,-42.88,-1.41,2.95,178.34,1704.00,1612.00,1718.08.00,1621.00
278852,1,-2.69,6.10,-172.63,4.87,0.69,1.87,-2.43,5.45,-172.47,1611.00,1707.00,1632.00,1701708.00
279163,1,-2.11,6.07,179.82,1.81,3.25,48.31,-1.90,5.42,-179.57,1608.00,1709.00,1624.00,1715.00
279191,1,-2.25,6.10,177.78,-2.62,3.25,54.56,-2.07,5.46,178.97,1698.00,1619.00,1711.00,1628.00
279863,1,0.67,6.69,167.97,3.31,3.81,-0.31,0.8581,6.06,168.11,1698.00,1617.00,1713.00,1628.00
279888,1,0.72,6.69,168.12,-1.00,-1.37,-4.31,0.80,6.09,168.16,1701.00.00,1617.00,1709.00,1627.00
280008,1,2.58,5.81,169.35,-18.81,-8.44,-17.19,2.522.72,5.18,169.49,1716.00,1613.00,1698.00,1629.00
280126,1,2.84,5.24,172.24,14.25,-0.4437,-33.81,2.98,4.61,172.38,1702.00,1620.00,1716.00,1619.00
280351,1,1.47,4.97,176.7.12,2.12,-5.37,-45.13,1.61,4.34,176.82,1709.00,1616.00,1713.00,1618.00
280448,1,1.83,3.98,-178.46,-1.44,-10.31,-55.31,1.87,3.60,-179.38,1627.00,1706.00,1620.00,1702.00
280575,1,1.74,4.51,-169.64,10.56,3.94,-22.69,1.97,3.85,-169.72,1617.006.00,1702.00,1632.00,1706.00
280894,1,0.62,4.96,-170.49,13.25,-1.12,26.44,0.91,4.34,-170.10,1613.00,1710.00,1627.001627.00,1706.00
280921,1,0.03,4.94,-171.61,10.88,0.06,30.31,0.44,4.31,-170.89,1612.00,1711.00,1627.00,1706.00
280960,1,-0.22,4.97,-172.58,2.50,2.00,33.88,0.05,4.31,-171.79,1613.00,1709.00,1626.00,1709.00
281049,1,1.22,5.03,178.09,-2.94,-2.69,55.88,1.43,4.43,17978.23,1704.00,1620.00,1704.00,1628.00
281282,1,3.26,3.46,170.15,-26.2.44,2.81,15.25,3.40,2.83,170.29,1713.00,1608.00,1697.00,1638.00
281402,1,4.86,4.56,169..34,5.12,14.56,-0.13,5.00,3.93,169.47,1699.00,1609.00,1712.00,1635.00
281464,1,4.14,5.38,169.61,18.31,13.88,-6.25,4.61,4.48,169.61,1693.00,1614.00,1720.00,1629.00
281492,1,3.70,5.67,169.91,14.56,9.31,-10.81,3.96,4.75,169.94,1694.00,1617.00,1720.00,1626.00
281611,1,4.24,5.42,172.16,-17.12,-7.37,-26.06,4.02,4.97,171.80,1714.00,1612.00,1702.00,1628.00
281651,1,5.09,5.10,173.28,-21.37,-5.37,-30.25,4.74,4.62,172.82,1719.00,1608.00,1699.00,1630.00
282888,1,2.65,5.89,-170.14,3.81,7.25,18.56,2.90,5.10,-169.63,1622.00,1707.00,1636.00,1723.00
283321,1,-4.70,5.34,169.21,-0.50,-7.94,25.31,-4.54,4.82,169.59,1710.00,1635.00,1713.00,1630.00
283431,1,-2.18,4.79,166.58,-9.63,3.00,3.37,-2.13,4.13,166.756.72,1711.00,1624.00,1715.00,1638.00
284702,1,1.73,2.87,-174.02,-33.94,-1.19,29.25,1.24,2.25,-173.33,1639.00,1702.00,1615.00,1732.00
284734,1,2.70,2.91,-174.93,-35.31,-0.50,32.00,2.52,2.26,-174.47,1640.00,1702.00,1614.00,1733.00
285042,1,2.64,0.97,173.1172.61,-0.56,-10.31,25.37,2.78,0.34,173.25,1721.00,1638.00,1709.00,1629.00
285071,1,2.76,0.74,172.39,-9.44,-6.31,22.19.87,2.90,0.11,172.53,1721.00,1629.00,1705.00,1633.00
285187,1,5.62,2.82,170.78,6.644,8.88,-5.81,5.76,2.19,170.85,1707.00,1621.00,1718.00,1634.00
285288,1,2.36,3.35,173.74,-3.75,-0.56,-22.81,2.42,2.74,173.44,1713.00,1622.00,1714.00,1627.00
285315,1,2.48,3.32.30,174.43,-4.25,-0.75,-24.87,2.62,2.69,174.33,1715.00,1619.00,1712.00,1629.00
285383,1,1.64,4.30,179.77,14.44,11.25,-39.06,2.02,3.46,179.16,1703.00,1618.00,1729.01729.00,1625.00
285429,1,1.39,4.57,-179.03,9.56,10.44,-41.50,1.59,3.85,-179.37,1615.00,1707.00,1640.00,1714.00
285453,1,1.45,4.87,-177.31,0.31,8.19,-44.88,1.48,4.11,-178.04,1620.00,1703.00,1637.00,1716.00
285552,1,1.39,6.48,-174.59,11.06,2.44,4.25,1.78,5.84,-174.38,161617.00,1710.00,1634.00,1715.00
285663,1,2.36,5.73,179.779.34,-27.87,-4.69,43.44,2.50,6.29,179.91,1721.00,1612.00,1700.00,1643.00
285759,1,3.62,5.18,175.60,-9.31,-14.06,33.75,3.68,10.37,176.38,1715.00,1620.00,1704.00,1636.00
285799,1,3.49,4.83,174.75,5.37,-13.69,26.62,3.75,11.64,175.44,1709.00,1621.00,1707.00,1631.00
285851,1,2.82,4.33,173.59,15.31,-10.88,20.50,3.28,13.90,174.16,1701.0099.00,1624.00,1718.00,1627.00
285878,1,2.37,4.08,173.02,12.50,-8.44,18.44,2.64,15.14,173.34,1698.00,1623.00,1719.00.00,1630.00
286335,1,0.82,-0.77,173.90,-6.31,-6.69,-19.94,0.87,14.06,173.66,1697.00,1607.00,1709.00,1623.00
286367,1,1.28,-1.09,174.77,-13.44,-8.44,-23.12,1.14,13.78,174.46,1702.00,1603.00,1705.00,1625.00
286681,1,2.68,-0.58,-175.14,15.50,20.81,-25.87,2.97,-1.40,-175.25,1604.00,1693.00,1628.00,1703.00
287031,1,-2.07,6.10,-173.76,-21.25,15.44,13.13,-2.28,5.19,-173.36,1607.00,1686.00,1620.00,1715.00
288180,1,7.39,9.28,177.13,-15.06,-8.06,-31.25,7.34,8.76,176.97,1711713.00,1600.00,1698.00,1625.00
288534,1,-7.57,9.46,-161.52,26.50,-7.69,-4.87,-6.93,8.97,-161.51,1603.00,1709.00709.00,1635.00,1686.00
288643,1,-13.22,7.85,-163.83,1.62,-15.31,22.37,-13.02,7.64,-163.40,1595.00,1698.00,1613.00,1678.00
289104,1,-1.95,-0.79,177.15,-5.00,9.25,68.81,-1.95,-1.55,178.65,1563.00,1485.00,1569.00,1491.01479.00
289444,1,-1.62,0.75,165.58,-96.56,-222.25,13.75,-3.58,3.68,165.85,1224.00,1108.00,1030.00,1000.00
289709,1,-4.50,6.587.42,160.37,-38.63,40.13,69.56,-4.36,5.95,161.97,1000.00,1000.00,1107.00,1000.00
289763,1,-4.18,7.26,158.87,-2.19,6.87,5.00,-4.01,6.57,159.26,1045.00,1000.00,1053.0061.00,1000.00
289788,1,-4.16,7.27,158.83,1.50,-0.75,2.19,-4.01,6.64,158.99,1044.00,1000.00,1059.00,1000.00
289819,1,-4.15,7.28,158.88,-1.87,0.75,1.12,-4.02,6.65,159.04,1044.00,1000.00,1059.00,1000.00
289912,1,-4.14,7.29,158.86,0.37,-0.31,-0.19,-4.02,6.66,158.98,1044.00,1000.00,1059.00,100000.00
289950,1,-4.15,7.29,158.83,-0.25,-0.31,1.12,-4.01,6.66,158.97,1044.00,1000.00,1058.00,1000.00
290144,0,-4.15,7.28,158.83,0.31,-0.25,0.94,-4.01,6.65,158.8.97,1044.00,1000.00,1058.00,1000.00
290260,0,-3.67,7.02,158.90,-0.13,0.00,-0.50,-3.67,6..39,159.04,1045.00,1000.00,1058.00,1000.00
290589,0,-1.84,6.04,159.10,-0.06,0.00,-0.06,-1.75,5.43,159.24,1046.00,1000.00,1056.00,1000.00
290710,0,-1.52,5.87,159.14,-0.06,0.06,-0.13,-1.42,5.26,159.28,1047.00,1000.00,1056.00,1000.00
290743,0,-1.45,5.83,159.14,0.25,-0.13,0.06,-1.33,5.21,159.28,1047.00,1000.00,1056.00,1000.00
290825,0,-1.26,5.74,159.16,0.25,-0.19,0.19,-1.16,5.13,159.30,1047.00,1000.00,1056.00,1000.00.00
290864,0,-1.21,5.71,159.17,0.06,0.06,-0.06,-1.11,5.10,159.31,1047.00,1000.00,1056.00,1000.00
290916,0,-1.13,5.66,159.18,-0.06,0.00,0.06,-1.02,5.05,159.32,1047.0047.00,1000.00,1056.00,1000.00
290986,0,-1.04,5.61,159.19,-0.06,0.06,0.13,-0.92,4.99,159.32,1047.00,1000.00,1055.00,1000.00
291065,0,-0.95,5.56,159.20,-0.13,-0.13,0.06,-0.83,4.95,159.33,1047.00,1000.00.00,1055.00,1000.00
291296,0,-0.74,5.44,159.22,-0.06,-0.06,0.06,-0.60,4.82,15159.36,1048.00,1000.00,1055.00,1000.00
291408,0,-0.65,5.39,159.22,0.00,0.19,0.00,-0.52,4.786,159.36,1047.00,1000.00,1055.00,1000.00
291533,0,-0.58,5.36,159.23,-0.13,0.06,0.06,-0.40.44,4.73,159.37,1048.00,1000.00,1055.00,1000.00
291624,0,-0.54,5.33,159159.24,0.00,-0.13,-0.06,-0.40,4.70,159.38,1048.00,1000.00,1055.00,1000.00
291649,0,-0.52,5.32,159.24,-0.06,0.00,0.00.13,-0.38,4.69,159.38,1048.00,1000.00,1055.00,1000.00
291828,0,-0.44,5.28,159.25,0.13,0.06,-0.06,-0.31,4.65,159.39,1048.00,1000.00,1055.00,1000.00
291857,0,-0.42,5.27,159.25,0.13,-0.13,-0.06,-0.29,4.65,159.39,1048.00,1000.00,1055.00,1000.00
292084,0,-0.39,5.25,159.25,0.06,0.06,-0.06,-0.25,4.63,159.39,1048.00,1000.00,1055.00,1000.00
292110,0,-0.38,5.24,159.25,-0.19,-0.06,0.00,-0.25,4.62,159.39,1048.00,1000.00,1055.00,1000.00
292180,0,-0.38,5.24,159.25,-0.06,0.06,-0.13,-0.24,4.61,159.39,1048.00,1000.000.00,1055.00,1000.00
292209,0,-0.38,5.24,159.25,0.00,-0.06,-0.06,-0.24,4.61,159.39,1048.00,1000.00,1055.00,1000.000.00
292246,0,-0.38,5.24,159.25,-0.06,-0.13,-0.13,-0.24,4.61,159.39,1048.00,1000.00,1055.00,1000.00
292439,0,-0.38,5.24,159.25,0.06,0.00,0.06,-0.24,4.61,159.39,1048.00.00,1000.00,1055.00,1000.00
292680,0,-0.38,5.24,159.25,0.00,0.00,0.00,-0.0.24,4.61,159.39,1048.00,1000.00,1055.00,1000.00
294142,0,-10.90,-5.57,-142.26,53.25,52.69,-28.81,-9.71,-7.27,-142.48,1000.00,1049.00,1024.00,1041.00
294391,0,1.14,7.16,-141.68,-35.81,-4.75,0.37,0.55,6.52,-141.-141.54,1000.00,1030.00,1000.00,1064.00
294606,0,3.80,4.61,-146.39,-18.31,-13.00,45.25,3.80,4.09,-145.80,1000.00,1050.00,1000.00,1052.00
294841,0,0.87,0.37,-158.24,85.19,77.50,9.00,2.38,-1.58,-158.02,1000.00,1061.00,1000.00,1040.00
294940,0,0.55,2.33,-160.23,-0.62,0.94,0.13,0.68,1.69,-160.09,1000.000.00,1049.00,1000.00,1054.00
296011,0,0.60,2.76,-160.20.25,0.06,-0.19,-0.19,0.74,2.13,-160.11,1000.00,1050.00,1000.00,1053.00
296214,0,0.61,2.80,-160.25,0.00,-0.13,0.00,0.75,2.17,-160.11,1000.00,1049.00,1000.00,1054.00
296245,0,0.61.61,2.83,-160.25,-0.19,0.13,0.13,0.75,2.18,-160.11,1000.00,1049.00,1000.00,1054.00
296446,0,0.62,2.87,-160.25,-0.19,0.00,0.06,0.76,2.23,-160.11,1000.00,1050.00,1000.00,1054.00
296635,0,0.64,2.96,-160.25,0.06,0.19,0.00,0.77,2.32,-160.11,1000.00,1050.00.00,1000.00,1054.00
296682,0,0.64,2.97,-160.25,0.00,0.06,-0.06,0.78,2.33,-160.11,1000.00,1049.00,1000.00,1054.00
296707,0,0.65,2.98,-160.25,0.00,-0.06,-0.06,0.78,2.35,-160.11,1000.00,1049.00,1000.00,1054.00
297384,0,0.68,3.17,-160.24,0.13,0.00,0.13,0.82,22.54,-160.10,1000.00,1049.00,1000.00,1054.00
297506,0,0.68,3.17,-160.24,-0.13,-0.000,-0.06,0.82,2.54,-160.10,1000.00,1049.00,1000.00,1054.00
297599,0,0.68,3.17,-160.24,0.00,-0.25,-0.06,0.82,2.54,-160.10,1000.00,1049.00,1000.00,1054.00
297729,0,0.68,3.17,-160.24,0.00,0.00,-0.06,0.82,2.54,-160.10,1000.00,1049.00,1000.00,1054.00
297821,0,0.68,3.17,-160.24,-0.19,0.13,0.19,0.82,2.54,-160.10,1000.00,1049.49.00,1000.00,1054.00
297847,0,0.68,3.17,-160.24,-0.19,0.06,0.06,0.82,2.54,-160.10,1000.00,1049.00,1000.00,1054.00>0
297881,0,0.68,3.17,-160.24,-0.13,0.00,-0.06,0.82,2.54,-160.10,1000.00,1049.00,1000.00,1054.00
297969,0,0.68,3.17,-160.24,0.19,0.13,-0.06,0.82,2.54,-160.10,1000.00,1049.00,1000000.00,1054.00
298445,1,0.68,3.17,-160.22,0.06,-0.-0.19,1.31,0.82,2.54,-160.08,1000.00,1049.00,1000.00,1054.00
298552,1,0.68,3.17,-160.0.22,0.06,0.00,-0.31,0.82,2.54,-160.08,1000.00,1049.00,1000.00,1054.00
298761,0,0.68,3.17,-160.21,0.00,-0.06,0.56,0.82,2.54,-160.07,1000.00,1049.00,1000.00,1054.00
298989,0,0.68,3.17,-160.21,-0.06,0.00,-0.88,0.82,2.54,-160.07,1000.00,1049.00,1000.00,1054.4.00
299015,0,0.68,3.17,-160.21,-0.06,-0.13,-0.44,0.82,2.54,-160.07,1000.00,1049.00,1000.00,1054.00
299687,0,0.68,3.17,-160.21,-0.13,0.06,-0.13,0.82,2.554,-160.07,1000.00,1049.00,1000.00,1054.00
300157,0,0.68,3.17,-160160.21,0.06,0.13,-0.06,0.82,2.54,-160.07,1000.00,1049.00,1000.00,1054.00
300599,0,0.68,3.17,-160.21,0.00,0.00,0.00,0.82,2.54,-160.07,1000.00,1049.00,1000.00,10554.00
300625,0,0.68,3.17,-160.21,0.06,0.13,-0.06,0.82,2.54,-160.07,1000.00,1049.00,1000.00,1054.00
300790,0,0.68,3.17,-160.21,0.25,0.06,0.06,0.82,2.54,-160.-160.07,1000.00,1049.00,1000.00,1054.00
300843,0,0.68,3.17,-160.21,0.13,-0.13,-0.06,0.82,2.54,-160.07,1000.00,1049.9.00,1000.00,1054.00
301062,1,0.68,3.17,-160.21,0.13,-0.06,-0.06,0.82,2.54,--160.07,1000.00,1049.00,1000.00,1054.00
301278,1,0.68,3.19,-160.280.26,-0.06,-0.19,0.13,0.82,2.56,-160.14,1000.00,1049.00,1000.00,1054.00
301748,1,0.70,3.27,-160.28,0.19,-0.13,-0.06,0.84,2.64,-160.14,1000.00,1059.00,1000.00,1064.00
301942,1,0.70,3.31,-160.28,0.00,0.13,0.37,0.84,2.67,-160.14,1106.00,11841195.00,1120.00,1200.00
301981,1,0.71,3.32,-160.26,0.19,-0.06,-2.56,0.84,2.68,-160.15,1117.00,1195.00,1120.00,1200.00.00
302008,1,0.73,3.33,-160.26,-2.12,-1.12,0.94,0.85,2.71,-160.11,1118.00,1196.00,1121.00,1201.00
302218,1,0.76,3.32,-160.27,-0.50,0.00,0.00,0.90,2.69,-160.13,1123.00,11200.00,1125.00,1205.00
302469,1,0.74,3.42,-160.27,0.56,0.4.62,-0.37,0.88,2.79,-160.13,1123.00,1201.00,1126.00,1206.00
302633,1,0.73,3.45,-160.28,0.00,0.06,0.25,0.86,2.82,-160.14,1156.00,1235.00,1161.00,1240.00
302679,1,0.73,3.45,-160.28,-0.06,0.19,-0.25,0.87,2.82,-160.14,1179.00,1257.00,1182.00,1262.00
302705,1,0.73,3.43.45,-160.28,0.69,-0.31,0.44,0.87,2.82,-160.14,1181.00,1259.00,1184.00,1264.00
302909,1,0.53,3.76,-160.26,1.94,2.25,0.31,0.70,3.09,-160.12,1195.00,1274.00,1202.00,1281.00
302939,1,0.45,3.83,-160.27,2.94,2.12,0.25,0.64,3.16,-160.12,1194.00,1275.00,1203.00,1280.00
303147,1,0.30,3.99,-160.27,-1.87,-2.25,0.44,0.41,3.38,-160.13,1198.00,1277.00,1203.00,1281282.00
303170,1,0.30,4.00,-160.27,0.69,1.75,-0.56,0.44,3.36,-160.13,1199.00,1278.00,1202.00,1282.00
303353,1,0.16,4.16,-160.27,-0.19,-0.37,-0.37,0.29,3.54,-160.-160.13,1222.00,1301.00,1227.00,1306.00
303381,1,0.16,4.15,-160.26,-0.62,0.13,0.19,0.29,3.53,-160.13,1234.00,1313.012.00,1239.00,1319.00
303603,1,0.18,4.12,-160.27,0.06,-0.44,-1.25,0.32,3.49,-160.1.13,1261.00,1340.00,1266.00,1345.00
303840,1,0.24,4.08,-160.30,-2.37,0.56,-0.31,0.3538,3.45,-160.16,1276.00,1353.00,1279.00,1360.00
304077,1,0.03,4.06,-160.60.29,-1.69,0.31,-0.62,0.17,3.43,-160.16,1278.00,1357.00,1283.00,1362.00
304286,1,-0.08,4.02,-160.31,0.31,0.50,-0.69,0.06,3.39,-160.18,1325.00,1404.00,1330.00,1409.00.00
304325,1,-0.08,4.02,-160.30,0.50,0.37,0.56,0.06,3.39,-160.17,1325.00,1404.00,1330.00,1409.00
304546,1,-0.05,4.01,-160.35,-0.25,-0.06,0.69,0.09,3.38,-160.20.21,1357.00,1436.00,1362.00,1441.00
304769,1,-0.04,4.01,-160.-160.31,0.75,-0.56,-1.19,0.10,3.38,-160.18,1384.00,1463.00,1389.00,1468.00
304876,1,-0.03,4.02,-160.31,0.69,-0.50,0.81,0.12,3.39,-160.16,1396.00,1475.00,1401.00,148491.00
304901,1,-0.03,4.02,-160.34,-0.19,0.25,-0.31,0.11,3.39,-160.20,1407.00,1486.00,1412.00,1491.00
305454,1,-0.04,4.03,-160.26,1.12,-1.06,-1.31,0.13,3.41,-160.14,1453.00,1532.00,1458.09.00,1537.00
305908,1,-0.05,4.03,-160.34,0.94,-1.12,1.69,0.10,3.41,-160.18,1492.00,1571.00,1497.00,1576.00
306131,1,-0.04,4.06,-160.45,0.13,0.75,2.31,0.11,3.42,-160.34,1498.00,1577.00,1503.00,1583.00
306157,1,-0.06,4.02,-160.52,1.50,-1.62,2.62,0.10,3.41,-160.36,1500.00,1580.00,1504.00,1584.00
306322,1,-0.08,4.02,-160.62,0.81,-0.44,0.88,0.07,3.39,-160.47,1509.0009.00,1589.00,1514.00,1593.00
306364,1,-0.05,4.05,-160.68,0.19,-0.13,2.12,0.08,3.40,-160.50,1510.00,1588.00,1515.00.00,1595.00
306819,1,-0.19,4.05,-162.55,1.19,0.25,5.56,-0.03,3.42,-162.36,1528.00,1607.00,1533.00,1616.00
306845,1,-0.17,4.064.06,-162.82,-0.44,0.56,7.56,-0.03,3.43,-162.55,1529.00,1610.00,1535.00,1617.00
307084,1,-0.22,3.97,-16-167.63,9.25,1.69,20.50,-0.08,3.34,-167.29,1559.00,1650.00,1572.00,1651.00
307191,1,1.36,4.55,-173.24,-29.50,9.13,35.31,1.00,3.74,-172.42,1575.0573.00,1640.00,1564.00,1679.00
307421,1,-1.69,8.94,168.75,-3.19,4.50,22.94,-1.54,8.27,169.12,1654.00,1574.00,1670.00,1590.00
307461,1,-1.65,9.10,167.94,-4.75,5.56,19.81,-1.55,8.38,168.47,1655.00,1574.00,1671.00,1592.00
307661,1,-4.41,6.90,166.88,6.06,-22.62,-6.817.06,-4.27,6.27,166.95,1674.00,1600.00,1671.00,1578.00
307882,1,-3.42,5.69,168.60,-7.81,9.31,-7.56,-3.45,4.88,168.61,1668.00,1581.00,1682.00,1600.00
307930,1,-3.24,5.97,168.83,-3.62,8.69,-8.13,-3.20,5.16,168.82,1669.00,1582.00,1684.00,1601.00
308559,1,2.87,-1.88,174.14,6.06,1.12,-16.94-17.06,3.01,-2.51,174.21,1684.00,1597.00,1683.00,1593.00
308589,1,2.65,-1.82,174.65,7.19,2.87,-17.75,2.94,-2.49,174174.79,1683.00,1596.00,1684.00,1593.00
308697,1,2.34,-1.98,177.04,3.19,-2.0-1.81,-24.19,2.48,-2.61,177.18,1688.00,1596.00,1681.00,1591.00
308907,1,2.63,-1.68,179.74,-10.50,-2.06,-30.81,2.59,-2.24,179.28,1693.00,1591.00,1678.00,1594.00
309044,1,0.16,0.13,-176.84,8.19,7.37,13.08.00,0.30,-0.50,-176.70,1588.00,1683.00,1600.00,1684.00
309129,1,0.10,0.18,-179.38,0.06,-4.31,37.25,0.24,-0.41,-178.88,1594.00,1687.00,1590.00,1684.00
309496,1,1.97,-2.26,170.01,9.63,-2.06,43.38,7.83,-3.07,170170.15,1683.00,1603.00,1673.00,1598.00
309719,1,-3.37,0.83,154.97,17.62,8.13,43.50,9.43,-5.28,155.96,1675.00,1606.00,1673.00,1602.00
309835,1,-6.36,2.77,150.23,23.06,23.69,36.94,6.80,-3.92,151.13,1659.00,1601.00,16881687.00,1608.00
309965,1,-8.72,4.34,146.01,14.38,12.06,30.37,4.85,-3.00,146.776.15,1666.00,1604.00,1679.00,1606.00
310066,1,-12.97,5.80,140.37,13.31,14.94,21.75,2.18,-3.40,140.98,1663.00,1606.00,1681.00,1606.00
310157,1,-13.87,6.212.75,17.00,1.28,-2.76,139.01,1663.00,1607.00,1681.00,1605.00>65.00,1605.00,1679.00,1607.00
310183,1,-14.51,6.78,137.98,1.69,11.13,15.19,1.76,-3.29,138.46,1667.00,1604.00,1676.075.00,1610.00
310559,1,-15.42,9.19,135.135.61,-10.56,8.94,-2.62,1.66,-0.54,135.75,1672.00,1598.00,1673.00,1613.00
310906,1,-8.94,12.35,135.54,-14.-18.56,-3.37,1.81,7.30,3.67,135.68,1682.00,1596.00,1663.00,1615.00
310961,1,-7.36,12.17,135.43,-31.13,0.25,2.44,8.17,3.64,135.62,1685.00,1590.00,1659.00,1621.00
310990,1,-6.06,12.24,135.34,-34.63,3.06,2.19,9.31,3.72,135.53,1687.00,1584.00,1658.00,1628.00
311216,1,-3.71,12.27,135.18,-9.75,-5.56,-1.87,11.87,4.13,135.30,1683.00,1590.00,1662.00662.00,1616.00
311440,1,-0.22,8.18,138.09,-13.19,-6.25,-18.81,12.98,1.10,137.86,1691.00,1594.00,1658.00,1613.00
311472,1,0.19,8.02,138.69,-10.88,-4.94,-21.56,12.86,0.93,138.62,1688.00,1594.00,1662.00,1612.00
312247,1,-3.94,2.10,133.67,-2.06,-0.69,23.31,-3.80,1.51,134.34,1040.00,1000.00,1044.00,1000.00
312288,1,-3.9.96,2.10,133.86,0.62,-2.75,-15.50,-3.80,1.48,133.76,1041.00,1000.00,1049.00,1000.00
312370,0,-3.97,2.09,133.80,-0.56,0.94,3.87,-3.84,1.45,133.98,1042.00,1000.00,1048.00,1000000.00
312523,0,-3.98,2.08,133.84,1.31,-0.06,2.00,-3.83,1.46,133.97,1042.00,1000.00,1049.00,1000.00
312600,0,-3.99,2.08,133.79,0.44,-0.37,-0.56,-3.85,1.45,133.93,1041.00,1000.00.00,1050.00,1000.00
312720,0,-3.99,2.09,133.82,0.13,-0.06,-0.31,-3.85,1.46,133.94,1042.2.00,1000.00,1048.00,1000.00
312830,0,-3.99,2.09,133.81,0.31,-0.13,0.25,-3.85,1.46.46,133.95,1042.00,1000.00,1048.00,1000.00
312955,0,-3.65,2.28,133.83,0.31,0.19,-0.06.25,-3.51,1.65,133.97,1042.00,1000.00,1048.00,1000.00
313070,0,-2.71,2.87,133.87,0.1919,0.00,0.50,-2.57,2.24,134.01,1042.00,1000.00,1048.00,1000.00
313190,0,-2.15,3.21,133.901,0.31,-0.13,-0.19,-2.01,2.58,134.04,1042.00,1000.00,1048.00,1000.00
313258,0,-1.56,3.56,133.94,-0.13,0.00,0.13,-1.46,2.89,134.08,1042.00,1000.00,1048.00,1000.00>00.00
313284,0,-1.48,3.60,133.94,0.06,0.06,-0.06,-1.39,2.94,134.08,1042.00,1000.00,1048.00,1000.00
313314,0,-1.442,3.63,133.95,0.06,-0.13,0.13,-1.30,2.99,134.08,1042.00,1000.00,1048.00,1000.00
313411,0,-1.25,3.74,133.96,-0.19,-0.06,0.06,-1.14,3.09,134.10,1042.00,1000.00,1048.00,1000.00
313447,0,-1.20,3.77,133.97,0.13,-0.06,-0.06,-1.09,3.13,134.10,1042.00,1000.00,1048.00,1000.00
313524,0,-1.08,3.84,133.97,0.25,0.06,-0.06,-0.95,3.20,134.11,1042.00,1000.00,1048.00,100000.00
313557,0,-1.03,3.87,133.97,0.00,0.00,0.13,-0.91,3.23,134.11,1042.00,1000.00,1048.00,1000.00
313634,0,-0.92,3.93,133.98,0.06,-0.06,0.06,-0.80,3.29,134.12,1042.00,1000.00,1048.0.00,1000.00
313727,0,-0.84,3.98,133.99,0.25,0.13,0.06,-0.71,3.35,134.1334.13,1042.00,1000.00,1048.00,1000.00
313871,0,-0.70,4.07,134.00,0.00,0.06,0.06,-0.58,3.43,134.13,1042.00.00,1000.00,1048.00,1000.00
314103,0,-0.55,4.16,134.01,0.13,0.06,0.00,-0.42,3.5.53,134.15,1042.00,1000.00,1048.00,1000.00
314198,0,-0.49,4.19,134.0134.01,0.06,-0.13,-0.13,-0.35,3.56,134.15,1042.00,1000.00,1048.00,1000.00
314376,0,-0.34.02,-0.19,0.06,-0.06,-0.33,36,-0.32,3.58,134.16,1042.00,1000.00,1048.00,1000.00
314448,0,-0.43,4.23,134.02,-0.0606,-0.06,0.06,-0.29,3.60,134.16,1042.00,1000.00,1048.00,1000.00
314684,0,-0.38,4.26,134.0202,0.31,0.13,-0.13,-0.24,3.63,134.16,1042.00,1000.00,1048.00,1000.00
314774,0,-0.34,4.28,134.03,0.00,0.00,-0.06,-0.21,3.65,134.17,1042.00,1000.00,1048.00,1000.00
314800,0,-0.34,4.24.29,134.03,0.13,-0.13,-0.06,-0.20,3.66,134.17,1042.00,1000.00,1048.00,1000.00
314892,0,-0.30,4.30,134.03,0.13,-0.06,0.06,-0.16,3.67,134.17,1042.00,1000.00,1048.00,1000.00
315010,0,-0.27,4.32,134.03,0.06,0.00,0.06,-0.13,3.69,134.17,1042.00,1000.00,1048.00,1000.00
315049,0,-0.26,4.33,134.03,0.13,-0.13,0.06,-0.12,3.70,134.17,1042.00,1000.00,1048.00,1000.00
315149,0,-0.23,4.35,134.03,0.00,-0.06,0.06,-0.10,3.71,134.17,1042.00,1000.00,1048.00,101000.00
315281,0,-0.23,4.35,134.03,-0.31,-0.06,0.13,-0.09,3.72,134.17,1042.00,1000.00,1048.00,1000.00
315363,0,-0.20,4.37,134.04,-0.13,-0.13,-0.06,-0.06,3.74,134.18,1042.00.00,1000.00,1048.00,1000.00
315492,0,-0.20,4.37,134.04,-0.13,0.06,0.00,-0.06,3.3.74,134.18,1042.00,1000.00,1048.00,1000.00
315605,0,-0.20,4.37,134.04,0.13,-0.06,-0.0.19,-0.06,3.74,134.18,1042.00,1000.00,1048.00,1000.00
315833,0,-0.20,4.37,13134.04,0.25,0.00,0.00,-0.06,3.74,134.18,1042.00,1000.00,1048.00,1000.00
315903,0,-0.20,4.37,134.04,-0.19,0.00,0.06,-0.06,3.74,134.18,1042.00,1000.00,1048.00,1000.00
315930,0,-0.20,4.37,134.04,0.00,0.06,0.00,-0.06,3.74,134.18,1042.00,1000.00,1048.00,1000.00
315956,0,-0.20,4.37,134.04,0.13,-0.06,0.06,-0.06,3.74,134.18,1042.00,1000.00,1048.00,1000.00
316048,0,-0.17,4.37,134.04,0.13,-0.13,0.13,-0.03,3.74,134.18,1042.00,1000.00,1048.00,1000.00
316970,0,-6.16,16.36,-144.45,-181.00,-48.44,-143.44,-10.32,16.29,-147.25,1056.00,1000.00,1000.00,1083.00
317548,0,-13.48,1.72,167.40,-159.06,89.19,68.69,-16.54,-0.19,169.05,1043.00,1000.00,1049.00,1065.00
317590,0,-7.64,3.60,166.35,-214.94,67.06,8.88,-11.52,1.72,166.95,1074.00,1000.00,1020.00,1072.00
317774,0,42.89,10.62,-171.83,-283.44,81.37,-167.62,39.96,10.46,-173.46,1061.00,1000.00,1000.00,1216.00
318385,0,15.13,-7.50,-161.72,375.06,5.81,171.81,21.97,-9.25,-158.49,1000.00,1187.00,1065.00,00
318689,0,-35.93,-1.93,157.95,-157.87,74.00,-62.75,-38.53,-4.39,158.17,1023.00,1000.00,1077.00,1021.00
318926,0,68.08,-25.81,-156.70,-89.00,-3.81,-137.06,66.64,-23.86,-157.61,1097.00,1000.00,1000.00,1105.00
319442,0,3.39,-3.1000,1155.00,.31,-18.50,129.81,-27.48,-2.69,-179.13,1000.00,1165.00,1049.00,1000.00
320190,0,11.70,-9.06,-152.83,48.69,40.25,34.19,12.77,-10.53,-152.16,1000.00,1062.00,1000.00,1041.00
320415,0,10.98,-0.45,-154.92,0.13,-8.56,5.56,11.12,-1.01,-154.83,1000.00,1044.00,1000.00,1051.00
321581,0,3.05,3.94,-16-161.90,8.31,-0.69,-1.19,3.19,3.31,-161.73,1000.00,1057.00,1000.00,1051.00
321791,0,7.13,3.68,-161.08,0.88,-0.37,5.87,7.29,3.04,-160.90,1000.00,1045.00,1000.00,105758.00
321819,0,7.13,3.69,-161.14,0.06,0.62,-2.87,7.27,3.05,-161.01,1000.00,1046.00,1000.00,1059.00
322705,0,5.91,3.90,-167.60,-0.13,0.13,-0.13,6.24,3.25,-167.45,1000.00,1047.00,1000.00,1059.00
322732,0,5.57,3.93,--167.64,0.25,0.00,0.31,5.71,3.30,-167.48,1000.00,1048.00,1000.00,1059.00
322934,0,3.47,4.29,-168.27,0.06,-0.06,0.00,3.68,3.66,-168.13,1000.00,1049.00,1000.00,1058.00
323130,0,2.54,4.45,-168.34,0.00,0.13,0.00,2.72,3.81,-168.19,1000.00,1049.01049.00,1000.00,1058.00
323205,1,2.32,4.48,-168.36,0.13,0.00,-0.06,2.52,3.83,-168.21,1000.00,1049.00,1000.00,1058.00
323406,1,1.85,4.54,-168.40,0.06,-0.06,-0.88,2.04,3.90,-168.26,1000.00,1050.000.00,1000.00,1057.00
323640,1,1.50,4.59,-168.43,0.00,0.19,0.00,1.66,3.96,-168.28,10000.00,1050.00,1000.00,1058.00
324082,1,1.08,4.67,-16-168.46,0.25,0.06,0.31,1.22,4.04,-168.32,1053.00,1135.00,1058.00,1142.00
324343,1,066,1,0.91,4.71,-168.46,0.19,0.44,-0.62,1.06,4,1265.00,1188.00,1272.00
324512,1,0.71,4.84,-168.48,2.00,4.37,-0.50,0.90,4.12,-168.35,1191.00,1271.00,1190.0098.00,1280.00
324786,1,0.56,4.87,-168.48,-0.69,0.56,1.06,0.72,4.22,-168.32,1222.00,1306.00,1231.00,11314.00
324817,1,0.54,4.86,-168.46,1.00,-0.56,-0.88,0.70,4.24,-168.34,1224.00,1306.00,1229.00,1313.00
325024,1,0.43,4.86,-168.48,-0.13,-1.25,-1.44,0.57,4.26,-168.35,1244.45.00,1328.00,1250.00,1333.00
325969,1,0.24,4.85,-168.45,-0.13,0.00,0.13,0.38,4.22,-168.31,1340.00,1423.00,1346.00,1430.00
327094,1,0.26,4.86,-168.45,0.75,0.25,-0.75,0.41,4.23,-168.31,1462.00,1544.00,1461468.00,1551.00
327801,1,0.19,4.83,-169.11,-0.25,0.40.25,2.25,0.33,4.20,-168.97,1492.00,1575.00,1498.00,1583.00
328242,1,0.07,4.84,-170.82,0.06,-0.06,8.13,0.23,4.21,-170.53,1528.00,1613.00,1534.00,1620.00
328485,1,-0.11,4.86,-173.43,-0.69,0.75,14.06,0.04,4.21,-173.03,1552.003.00,1640.00,1559.00,1648.00
328591,1,-0.36,6.27,-178.18,2.06,14.94,30.75,-0.14,5.36,-177.45,1548.00,1641.00,1570.00,1661.00
328720,1,-3.61,7.19,174.50,1.69,-13.63,15.63,-3.37,6.83,174.94,1652.0055.00,1576.00,1657.00,1568.00
328855,1,-0.09,9.82,173.62.79,8.31,21.62,-9.38,0.05,9.19,173.76,1649.00,1564.00,1690.00,1601.00
329412,1,-1.52,1.41,-174.36,-4.50,-34.69,18.94,-1.48,1.47,-173.86,1621.00,1709.00,1588.00,1677.00
329861,1,1.37,-0.78,178.33,-4.75,7.87,47.69,1.45,-1.50,178.93,1692.00,1606.00,1691.00,1615.00
330219,1,5.84,-1.30,172.34,-8.75,-0.88,4.75,5.89,-1.92,17272.48,1702.00,1604.00,1685.00,1614.00
330571,1,3.81,1.28,179.9117,6.12,3.69,-48.25,3.95,0.65,180.05,1696.00,1602.00,1702.00,1604.00
331033,1,1.09,5.80,-171.03,-27.31,-6.12,24.00,0.76,5.28,-170.42,1628.1629.00,1695.00,1609.00,1719.00
331459,1,2.77,4.28,169.19,-5.62,-14.00,43.00,2.87,3.86,170.17,1714.00,1627.00,1698.00698.00,1628.00
331505,1,2.81,4.09,167.97,-4.00,-6.62,40.13,2.93,3.57,168.92,1712.00,1627.00,1699.00,1630.00
331532,1,2.85,4.03,166.85,-4.31,-2.56,37.88,2.96,3.43,167.73,1709.00,1626.00,1702.00,1632.00
331597,1,2.20,6.27,162.13,18.25,22.62,21.37,2.70,5.18,162.67,1689.00,1616.619.00,1726.00,1638.00
331626,1,1.38,6.86,161.59,30.19,18.62,17.56,2.11,5.85,162.08,1684.00,1621.00,1727.00,1636.00.00
331650,1,0.33,7.38,161.13,36.81,17.50,15.00,0.85,6.59,161.42,1680.00,1627.00,1731.00,1630.00
331717,1,-3.04,8.31,160.32,33.56,4.06,4.00,-2.22,7.58,160.56,1682.00,1633.0000,1728.00,1621.00
331961,1,-6.28,7.07,162.66,20.3119.31,-0.75,-21.81,-6.14,6.44,162.80,1696.00,1634.00,1726.00,1620.00
332065,1,-7.20,7.32,165.12,4.75,-0.75,-28.37,-7.04,6.63,164.71,1710.00,1638.00,1734.00,1634.00
332293,1,-3.43,6.06,179.78,-7.31,-9.63,-56.81,-3.58,5.54,178.82,1735.00,1633.00,1729.00,1639.00
332644,1,-2.55,3.80,-168.99,-2.56,-12.81,-3.37,-1.79,3.42,-168.94,1399.00,1479.00,1388.001321.00,1403.00
332987,1,-7.09,3.22,-171.10,14.50,0.31,9.50,-6.65,2.62,-170.50,1000.00,1059.00,1000.00,1044.00
333114,1,-4.28,1.99,179.11,108.87,-64.37,109.25,-1.86,2.50,-178.63,1000.00032.00,1045.00,1058.00,1000.00
334134,0,-3.14,2.64,125.74,-0.25,2.06,12.13,-2.99,2.00,126.25.88,1038.00,1000.00,1046.00,1000.00
334254,0,-3.12,2.67,125.84,-0.19,-0.75,2.25,-2.92.98,2.04,125.98,1040.00,1000.00,1046.00,1000.00
334379,0,-3.13,2.66,125.85,0.1.13,0.31,-0.44,-2.99,2.03,125.99,1040.00,1000.00,1046.00,1000.00
334450,0,-3.13,2.66,125.85,0.44,-0.25,-0.44,-2.99,2.03,125.99,1040.00,1000.00,1046.00,1000.000.00
334475,0,-3.13,2.66,125.84,-0.25,0.25,0.25,-2.99,2.03,125.98,1040.00,1000.00,1046.00,1000.00
334500,0,-3.1-3.13,2.66,125.85,-0.06,-0.06,-0.25,-2.99,2.03,126.00,1040.00,1000.00,1046.00,1000.00
334601,0,-1.93,3.06,125.92,-0.31,0.06,-0.25,-1.89,2.40,126.05,1040.00,1000.00,1046.00,1001000.00
334640,0,-1.76,3.11,125.92,0.00,0.00,-0.13,-1.73,2.45,126.06,1040.00,1000.00,1046.00,1000.00
334722,0,-1.06,3.35,125.96,0.00,-0.19,-0.06,-0.97,2.69,126.24,1041.001.00,1000.00,1045.00,1000.00
335278,0,0.83,3.21,129.75,-36.13,-11.19,-78.56,0.20,2.77,128.53,1059.00,1000.00,1038.00,1000.00
336360,0,37.00,13.64,-117.96,-177.19,-223.87,-116.31,35.52,15.42,-117.43,1160.00,1016.00,1000.00,1041..00
337498,0,59.85,-35.92,-158.65,270.56,-141.31,-105.87,63.84,-33.24,-156.59,1052.00,1194.00,1000.00,1000.0.00
338148,0,-4.63,10.34,-163.84,-116.44,119.12,-62.00,-6.80,7.42,-164.68,1000.00,1000.00,1000.00,1157.00
338179,0,-1.82,12.57,-162.17,-75.69,58.00,-59.00,-3.47,10.62,-163.15,1000.00,1000.00,1000.00,1130.00
338838,0,1.52,-0.50,-152.07,0.81,0.37,2.31,1.67,-1.13,-151.86,1000.00,1050.00,1000.00,1049.00
338868,0,1.52,-0.49,-151.96,-0.50,0.56,-3.75,1.66,-1.12,-151.90,1000.00,1049.00,1000.00,1050.00
339299,0,1.51,-0.49,-151.99,-0.62,0.31,-0.44,1.65,-1.12,-151.85,1000.00,1049.00,1000.00,1050.00
339496,0,1.07,1.64,-151.99,-0.06,-0.06,-0.25,1.24,0.72,-151-151.85,1000.00,1048.00,1000.00,1051.00
339773,0,0.95,2.29,-151.99,0.13,0.06,0.00,1.09,1.65,-151.8.85,1000.00,1048.00,1000.00,1051.00
339985,0,0.92,2.43,-151-151.97,-0.13,-0.06,0.00,1.06,1.80,-151.83,1000.00,1048.00,1000.00,1051.00
340926,1,0.86,2.76,-151.95,0.25,-0.13,0.00,1.00,2.13,-15151.81,1002.00,1075.00,1004.00,1079.00
341165,1,0.86,2.76,-151.95,-0.13,-0.13.44,2.12,1.00,2.13,-151.81,1094.00,1167.00,1095.00,1172.00
341399,1,0.90,2.78,-151.9151.92,-3.06,2.87,0.37,1.04,2.15,-151.78,1118.00,1188.00,1116.00,1195.00
341604,1,0.86,2.83,-151.93,-2.31,3.44,0.62,1.01,2.14,-151.78,1118.00,1189.00,1115.00,1194.00
341633,1,0.85,2.82,-151.92,2.44,-0.69,-0.56,1.00,2.17,-151.79,1117.00,1191.00,1116.00,1192.00
341803,1,0.86,2.86,-151.95,0.06,-0.25,1.25,1.00,2.23,-151.7951.81,1211.00,1285.00,1213.00,1290.00
343681,1,0.62,3.16,-151.83,0.31,-0.06,0.06,0.76,2.53,-151.69,1374.00,1448.00,1377.00,1453.00
344389,1,0.57,3.14,-151.81,-0.25,0.13,-0.81,0.71,2.5.51,-151.67,1452.00,1526.00,1455.00,1531.00
344791,1,0.61,3.19,-151.87,-1.37,2.12,0.94,0.73,2.53,-151.72,1495.00,1569.00,1498.00,1574.0075.00
344834,1,0.64,3.21,-151.90,0.62,-0.62,1.06,0.78,2.58,-151.76,1495.00,1568.00,1498.00,1575.00
344860,1,0.6259,3.16,-151.99,1.19,-1.37,3.06,0.76,2.56,-151.80,1498.00,1574.00,1501.00,1575.00
345027,1,0.55,3.14,-152.29,0.37,-0.19,0.37,0.69,2.51,-152.15,1506.00,1582.082.00,1510.00,1586.00
345777,1,0.18,3.27,-157.69,6.19,-0.69,21.21.25,0.32,2.64,-157.55,1563.00,1648.00,1570.00,1647.00
345990,1,0.38,4.19,-163.76,1.62,10.31,39.31,0.56,3.45,-163.24,1565.00,1650.00,1578.00,1666.00
346017,1,-0.12,4.61,-165.39,13.00,11.31,44.06,0.33,3.77,-164.40,1562.00,1655.00,1584.00,1666.00
346911,1,0.17,4.26,149.33,-30.19,-13.13,26.37,-0.23,3.87,149.97,1691.00,1599.00,1661.00,1614.00.00
346941,1,0.92,4.04,148.65,-25.69,-6.62,22.50,0.58,3.54,149.24,1689.00,1596.00,1663.00,1616.00
347104,1,0.60,4.30,146.31,15.81,2.00,8.37,0.89,3.65,146.54,1667.0.00,1607.00,1686.00,1604.00
347145,1,0.13,4.34,146.03,10.31,1.44,7.19,0.46,3.69,146.23,1669.00,1607.00,1684.00,16045.00
347173,1,-0.05,4.28,145.86,4.50,-3.75,4.94,0.21,3.70,146.10,1672.00,1606.00,1681.00,1605.00
347336,1,0.67,2.87,146.11,0.56,-10.06,-6.81,0.81,2.35,146.146.25,1684.00,1610.00,1677.00,1604.00
347514,1,-1.07,1.86,151.00,-1.191.94,-9.38,-28.50,-0.93,1.23,151.14,1703.00,1625.00,1697.00,1619.00
347588,1,-3.34,1.11,157.00,9.88,0.00,-40.38,-3.00,0.45,156.37,1698.1699.00,1626.00,1711.00,1616.00
347613,1,-3.40,1.24,158.62,1.31,1.44,-42.06,-3.28,0.54,157.95,1701.00,1623.00,1709.709.00,1619.00
348078,1,-4.07,5.39,-162.99,-9.31,-7.25,-35.38,-4.05,4.80,-163.20,1624.00,1701.00,1627.00,1700.00>1702.00
348197,1,0.84,4.76,-158.92,-33.00,-9.31,-2.31,0.35,4.31,-158.84,1636.00,1692.00,1612.00,1711.00
348316,1,4.06,3.23,-159.71,-19.69,-15.75,13.50,3.82,2.88,-159.31,1640.00,1699.01700.00,1608.00,1708.00
348567,1,8.59,3.16,-171.39,-0.81,-6.44,57.31,8.75,2.51,-170.69,1627.00,1707.00,1612.00,1717.07.00
348593,1,8.33,3.22,-173.75,4.50,-7.25,61.81,8.62,2.56,-172.41,1624.00,1711.00,1613.00,1715.00
349000,1,9.98,6.26,163.70,12.56,1.75,27.12,10.42,5.49,164.36,1702.00,1622.00,1708.00,1635.00
349026,1,9.83,6.32,16362.98,13.44,-1.56,24.06,9.97,5.69,163.59,1701.00,1623.00,1709.00,1634.00
349117,1,8.28,6.06,161.40,11.94,-10.81,15.63,8.55,5.52,161.70,1707.00,1629.00,1705.00,1628.00
349233,1,7.65,4.75,160.29,7.37,-14.56,1.75,7.91,4.39,160.51,1715.00,1630.00,1701.00,1629.00
349456,1,4.87,3.66,160.97,25.75,-4.94,-14.44,5.53,3.14,160.86,1704.00,1637.00,1717.00,1622.02.00
349482,1,4.25,3.48,161.44,20.56,-4.62,-17.12,4.79,2.98,161.25,1705.00,1635.00,1717.00,1623.00
351518,1,-1.33,5.03,158.33,1.50,8.13,42.94,-1.05,4.25,159.31,1700.00,1634.00,1722.00,1644.00
351714,1,0.17,4.84,150.40,1.12,-1.25,39.19,0.36,4.24.21,150.54,1706.00,1639.00,1712.00,1643.00
351758,1,-0.08,4.86,149.24,6.94,1.56,39.44,0.16,4.22,149.76,1703.00,16390.00,1715.00,1642.00
352209,1,-2.14,4.02,130.67,-8.13,-3.69,43.75,-2.15,3.46,131.59,1704.00,1645.00,1704.00,1647.00
352450,1,0.07,2.77,120.30,7.44,-6.12,48.13,0.31,2.20,120.91,1700.00,1649.0000,1701.00,1644.00
352578,1,0.40,1.24,108.77,-5.87,-7.44,51.25,0.0.54,0.61,108.91,1697.00,1647.00,1686.00,1646.00
352668,1,0.48,0.95,98.88.33,0.37,-1.37,50.94,0.62,0.32,98.96,1686.00,1643.00,1683.00,1644.00
352692,1,0.43,0.91,97.34,1.81,-2.75,51.19,0.6,0.28,97.48,1684.00,1645.00,1682.00,1642.00
352813,1,-0.86,0.68,86.65,11.75,-0.37,49.50,-0.61,0.05,87.28,11675.00,1650.00,1684.00,1640.00
352937,1,-0.86,-0.24,75.71,-9.06,-6.1-6.50,44.88,-0.72,-0.87,75.78,1683.00,1647.00,1669.00,1645.00
353843,1,0.79,0.25,47.63,3.50,-0.06,43.63,0.97,-0.38,48.12,1664.00,1644.00,163.00,1645.00
355215,1,3.45,3.64,22.87,40.88,47.31,-8.56,3.98,2.55,22.90,1512.000,1509.00,1571.00,1532.00
355625,1,-2.31,-1.67,27.92,0.06,3.00,7.69,-2.19,-2.35,28.03,1022.00,1010.00,1016.00,1000.0005.00
355904,1,-2.32,-1.69,27.89,0.13,0.25,-2.44,-2.19,-2.32,27.98,1019.00,1008.00,1018.00,10032.00
355928,1,-2.32,-1.69,27.85,0.44,-0.37,1.69,-2.18,-2.32,28.03,1019.00,1009.00,1018.00,1003.00
357053,0,0.35,2.02,27.89,-0.06,0.13,0.19,0.47,1.36,28.03,1018.00,1004.00,1019.00,1007.00
357082,0,0.39,2.06,27.89,0.25,-0.13,-0.06,0.51,1.40,28.03,1018.00,1004.00,1019.00,1007.00
357478,0,0.68,2.46,27.90,0.00,0.00,-0.06,0.80,1.81,28.04,11018.00,1004.00,1019.00,1007.00
357518,0,0.70,2.48,27.90,-0.19,-0.06,0.06,0.83,1.84,28.04,1018.00,1004.00,1019.00,17.00
357566,0,0.71,2.51,27.90,-0.06,-0.25,0.06,0.84,1.86,28.04,1018.00,1004.00,1019.00,1007.00
357698,0,0.78,2.60,27.91,0.00,0.06,0.19,0.91,1.96,28.05,1018.00,1004.00,1019.00,1007.00
357739,0,0.80,2.62,27.91,0.13,0.00,-0.06,0.93,1.98,28.05,1018.00,1004.00,1019.00,1007.00
357763,0,0.81,2.63,27.91,0.06,006,0.06,0.95,2.00,28.05,1018.00,1003.00,1019.00,1007.00
357981,0,0.88,2.73,27.91,0.06,0.00,0.06,1.01,2.09,28.05,1018.00,1004.00,1019.00,1008.00
358165,0,0.93,2.80,27.91,-0.19,0.00,0.06,1.07,2.17,28.05,1018.00,1003.00,1019..00,1008.00
358205,0,0.94,2.82,27.91,0.00,-0.13,0.13,1.08,2.18,28.05,1018.00,1003.00,1019.00,1008.00
358231,0,0.,2.83,27.91,0.00,0.19,-0.06,1.09,2.19,28.05,1018.00,1003.00,1019.00,1008.00
358424,0,0.99,2.88,27.91,0.13,0.00,0.06,1.13,2.25,28.05,1017.00,1003.00,1020.00,1008.00
358455,0,0.99,2.89,27.91,0.06,0.06,0.06,1.13,2.25,28.05,7.00,1003.00,1020.00,1008.00
358482,0,1.00,2.89,27.91,0.00,0.00,0.00,1.14,2.26,28.05,1017.00,1003.00,1021020.00,1008.00
358535,0,1.02,2.93,27.92,-0.25,0.13,0.06,1.16,2.30,28.06,1017.00,1003.00,1020.00,1008.00
358561,0,1.03,2.94,27.92,0.06,0.06,-0.06,1.17,2.31,28.06,1017.00,1003.00,1020.00,1008.00
358585,0,1.03,5,27.92,0.37,0.06,0.00,1.17,2.31,28.06,1017.00,1003.00,1020.00,1008.00
358621,0,1.04,2.95,27.92,0.19,0.0.06,0.00,1.19,2.33,28.06,1018.00,1003.00,1020.00,1008.00
358661,0,1.05,2.96,27.92,0.00,-0.13,0.0.06,1.19,2.33,28.06,1018.00,1003.00,1019.00,1008.00
360037,0,1.05,2.96,27.92,0.06,-0.13,0.13,1.19,2.33,28.06,1017.00,1003.00,1020.00,1008.00
360066,0,1.05,2.96,27.92,0.31,-0.06,-0.13,1.19,2.33,28.06,1017.00,1003.00,1000,1008.00
360089,0,1.05,2.96,27.92,0.00,-0.13,0.00,1.19,2.33,28.06,1017.00,1003.00,1020.00,1008.00
360122,0,1.05,2.96,27.92,-0.19,-0.06,0.13,1.19,2.33,28.06,1017.00,1003.00,1020.00,1008.00
360171,0,1.05,2.96,27.92,-0.13,0.06,-0.06,1.19,2.33,28.06,1018.00,1003.00,1020.00,1008.00
360197,0,1.05,2.96,27.92,06,0.00,0.06,1.19,2.33,28.06,1017.00,1003.00,1020.00,1008.00
360478,0,1.06,2.98,27.93,0.44,0.00,-0.62,1.20,2.34,28.05,1018.00,1003.00,1019.00,11008.00
360521,0,1.04,2.97,27.97,2.25,-1.56,-2.87,1.20,2.36,28.08,1017.00,1003.00,1020.00,1008.00
360547,0,0.97,2.86,28.30,8.56,-1.75,-18.37,1.11,2.24,28.26,1019.00,1007.00,1020.00,1003.00
360728,0,-4.26,4.44,47.81,60.00,14.94,-202.94,-3.22,3.32,44.12,1008.00,1009.001000.00,1074.00,1000.00
360755,0,-5.09,5.86,54.05,39.31,39.31,-224.00,-4.78,4.66,52.04,1003.00,1000.00,1080.00,10001000.00
362482,0,-34.16,14.35,22.20,66.62,-62.44,-77.50,-33.23,13.92,20.31,1005.00,1071.00,1045.00,1000.00
362838,0,-25.34,1.96,28.22,-52.19,78.06,59.00,-25.68,0.90,29.20,1000.00,1000.0000.00,1050.00,1055.00
362951,0,-11.71,20.89,6.86,-63.81,78.56,63.12,-12.29,18.99,8.63,1000.00,1000.00,1046.00,1093.00
362992,0,-10.92,22.47,4.53,-52.38,65.94,61.75,-11.03,21.39,5.42,1000.00,1000.00,1045.00,1081.00
363179,0,-7.47,25.99,-10.08,-44.63,-49.50,13.44,-8.07,26.23,-9.75,1012.00,1002.00,1009.00,1034.00
363928,0,-23.10,27.07,-44.55,-111.06,75.87,-94.31,-25.54,24.27,-45.47,1000.00,1000.00,1024.00,1098.00
363984,0,-10.66,31.44,-36.78,-145.19,4.00,-110.94,-14.54,30.17,-39.60,1021.00,1000.00,1005.00,1091.00
364444,0,-20.91,2.81,-26.08,197.31,66.19,109.19,-16.70,1.80,-23.63,1000.00,1105.00,1110.00,1000.00
364642,0,-33.62,10.28,-50.74,-32.25,84.06,73.2543.31,-27.23,11.71,-53.71,1014.00,1011.00,1000.00,1039.00
366404,0,-12.99,17.56,-49.01,-17.94,-42.25,-6.00,-13.24,17.62,-49.18,1000.00,1027.00,1008.00,1024.00
366639,0,-8.50,15.62,-50.73,-21.75,1.62,10.38,-8.72,14.95,-50.37,1000.00,1009.00,1013.00,1046.00
366860,0,-8.87,11.81,-53.56,38.13,-4.00,15.06,-8.33,11.24,-53.27,1000.00,1034.00,1023.00,1022.00
367216,0,-3.30,9.62,-51.75,-41.69,-5.00,-13.00,-4.00,9.06,-51.88,1009.00,1009.00,1000.00,1043.00>043.00
367338,0,0.30,6.58,-50.90,-6.37,-38.19,0.06,0.39,6.31,-50.776,1018.00,1038.00,1000.00,1015.00
367424,0,-0.22,3.93,-51.41,10.44,-28.06-22.87,10.25,-0.08,3.30,-51.27,1008.00,1042.00,1000.00,1013.00
367669,0,-6.85,5.08,-52.83,8.31,-20.62,-7.44,-6.41,4.72,-52.86,1000.00,1038.00,1018.00,1014.00
367701,0,-6.19,4.10,-52.80,-30.12,-40.25,-24.81,-6.59,4.17,-53.19,1014.00,1037.00,1000.00,1014.00
367795,0,-5.48,0.55,-52.65,0.94,-25.44,8.63,-5.30,0.50,-51.98,1015.1010.00,1043.00,1000.00,1013.00
368029,0,-4.89,0.97,-58.2428,11.75,-0.44,4.75,-4.75,0.34,-58.10,1000.00,1037.00,1003.00,1020.00
368098,0,-5.53,1.05,-58.83,6.94,3.62,1.25,-5.23,0.37,-58.23,1000.00,1034.00,1009.00,1023.00
368145,0,-5.60,1.20,-58.89,-0.62,7.06,1.81,-5.47,0.50,-58.73,1000.00,1030.00,1007.00,1027.00
368248,0,-6.05,3.33,-59.23,6.19,13.75,0.44,-5.74,2.39,-59.05,1000.00,1023.00,1020.00,1034.00
368287,0,-6.04,3.57,-59.27,-0.25,6.62,1.50,-5.89,2.87,-59.11,1000.00,1025.00,1008.00,1031.00
368366,0,-6.89,3.49,-60.39,10.88,-14.44,7.25,-6.53,3.11,-60.13,1000.00,1038.00,1007.00,1020.00
368400,0,-7.12,2.85,-61.11,7.75,-24.31,8.25,-6.84,2.67,-60.29,1000.00,1043.00,1000.00,1015.00
368454,17.00,-5.37,16.37,-7.28,1.56,-61.21,1000.00,1046.00,100,-61.49,1000.00,1042.00,1007.00,1018.00
368852,0,-3.10,1.27,-62.36,00.06,0.44,0.44,-2.96,0.64,-62.22,1000.00,1030.00,1001.00,1028.00
368931,0,-3.10,1.27,-63.65,0.06,-0.13,1.31,-2.96,0.64,-62.85,1000.00,1030.00,1001.00,1028.00
368971,0,-3.10,1.21.27,-63.63,-0.06,0.19,-0.94,-2.96,0.64,-63.50,1000.00,1031.00,1001.00,1028.00
369051,0,-2.99,1.30,-64.62,0.06,0.06,-0.31,-2.96,0.65,-64.49,1000.00,1031.00,1001.00,1028.00
369094,0,-2.80,1.40,-64.99,-0.25,0.13,0.13,-2.77,0.71,-64.48,1000.00,1031.00,1001.00,1028.00
369172,0,-2.74,1.41,-65.37,-0.19,0.06,-0.25,-2.60,0.78,-65.23,1000.00,1031.00,1000.00,1029.29.00
369211,0,-2.58,1.46,-65.57,0.00,0.19,-0.19,-2.60,0.78,-65.44,1000.00,1031.00,1000.00,1029.00
369288,0,-2.07,1.70,-66.23,0.19,-0.06,0.13,-2.03,1.01,-65.70,1000.00,1030.00,100000.00,1030.00
369404,1,-1.53,1.93,-66.59,0.19,-0.25,-0.06,-1.45,1.27,-66.53,100000.00,1028.00,1000.00,1028.00
369772,1,-0.69,2.27,-66.64,-0.13,-0.13,0.19,-0.55,1.64,-66.50,1000.00,1027.00,1000.00,1029.00
369874,1,-0.53,2.34,-666.63,0.06,0.00,-0.44,-0.39,1.71,-66.49,1000.00,1027.00,1000.00,1029.00
369940,1,-0.46,2.38,-66.63,0.19,0.00,-0.25,-0.34,1.74,-66.49,1000.00,1027.00,1000.00,1029.00
369967,1,-0.42,2.39,-66.63,-0.06,-0.06,-0.13,-0.31,1.75,-66.49,1000.00,1027.00,1000.00,1029.00
370084,1,-0.31,2.43,-66.72,-0.06,0.00,0.06,-0.19,1.80,-66.49,1000.00,1027.00,1000.00,1029.00
370201,1,-0.22,2.47,-66.70,-0.13,-0.25,0.00,-0.09,1.84,-66.56,1000.00,1027.00,1000.00,1029.00
370232,1,-0.20,2.48,-66.74,0.19,0.06,0.06,-0.07,1.85,-66.56,1000.00,1027.00,1000.00,1029.00
370318,1,-0.15,2.51,-66.74,-0.13,0.06,0.00,-0.02,1.87,-66.61,1000.00,1027.00,1000.00,101030.00
370357,1,-0.12,2.51,-66.74,0.19,-0.13,0.06,0.01,1.88,-66.60,1000.00,1027.00,1000.00,1030.00
370408,1,-0.10,2.52,-66.74,0.13,-0.06,0.06,0.04,1.89,-66.60,1000000.00,1027.00,1000.00,1029.00
370468,1,-0.05,2.55,-66.75,-0.06,0.00,0.00,0.07,1.91,-66.61,1000.00,1027.00,1000.00,1030.00
370550,1,-0.01,2.56,-66.75,0.00,0.00,0.06,0.12,1.93,-66.61,1000.00,1027.00,1000..00,1030.00
370638,1,0.02,2.58,-66.75,0.13,0.06,-0.13,0.16,1.95,-66.61,1000.00.00,1027.00,1000.00,1030.00
370684,1,0.03,2.58,-66.75,-0.31,-0.06,0.00,0.17,1.95,-66.61,1000.00,1027.00,1000.00,100.00
370707,1,0.05,2.60,-66.75,-0.19,0.06,0.06,0.18,1.96,-66.61,1000.00,1027.00,1000.00,1030.00
370782,1,0.08,2.61,-66.74,0.13,-0.06,0.13,0.22,1.98,-66.60,1000.00,1026.00,1000.00,1030.00
370820,1,0.09,2.61,-66.74,-0.06,0.19,0.00,0.22,1.98,-66.60,1000.00,1027.00,1000.00,1030.00
370869,1,0.11,2.62,-66.74,0.06,0.00,0.06,0.24,1.98,-66.60,1000.00,1026.00,10000.00,1030.00
370895,1,0.12,2.62,-66.74,0.06,-0.06,-0.06,0.25,1.99,-66.60,1000.00,1027.00,1000.00,1030.00
370927,1,0.12,2.62,-66.74,-0.19,0.00,0.06,0.26,1.99,-66.60,1000.00,1027.00,1000.00,1030.00
371005,1,0.12,2.62,-66.74,0.06,0.00,0.06,0.26,1.99,-66.60,1000.00,1027.00,1000.00,1030.00
371042,1,012,2.62,-66.74,0.25,-0.06,0.00,0.26,1.99,-66.60,1000.00,1026.00,1000.00,1030.00
371091,1,0.12,2.62,-66.74,-0.06,-0.06,0.06,0.26,1.99,-66.60,1000.00,1027.00,1000.00,1030.00>0
371116,1,0.12,2.62,-66.74,0.00,0.19,0.06,0.26,1.99,-66.60,1000.00,1027.00,1000.00,1030.00
371162,1,0.12,2.62,--66.78,0.19,-0.13,-0.06,0.26,1.99,-66.60,1000.00,1027.00,1000.00,1030.00
371236,1,0.12,2.62,-66.79,-0.19,0.06,0.06,0.26,1.99,-66.65,1000.00,1027.00,1000.00,1030.00
371273,1,0.12,2.62,-66.78,0.06,0.06,0.06,0.26,1.99,-66.64,1000.00,1027.00,1000.00,1030.00
371349,1,0.12,2.62,-66.77,0.00,0.06,-0.13,0.26,1.99,-66.64,1000.00,1027.00,1000.00,1030.00
371383,1,0.12,2.62,-66.77,-0.013,-0.13,0.13,0.26,1.99,-66.63,1000.00,1026.00,1000.00,1030.00
371477,1,0.12,2.62,-66.76,0.06,0.13,0.06,0.26,1.99,-66.62,1000.00,1027.00,1000.00,1030.00
371568,1,0.12,2.62.62,-66.76,-0.06,0.06,-0.13,0.26,1.99,-66.62,1000.00,1027.00,1000.00,1030.00
371597,1,0.12,2.62,-66.76,-0.19,0.00,0.06,0.26,1.99,-66.62,1000.00,1026.00,1000.00,1030.00
371831,1,0.12,2.62,-66.67,-0.06,-0.06,-0.06,0.26,1.99,-66.53,1000.00,1027.00,1000.00,1030.00
371937,1,0.12,2.62,-66.72,-0.13,-0.06,-0.06,0.26,11.99,-66.58,1000.00,1027.00,1000.00,1030.00
372056,0,0.12,2.62,-66.72,-0.06,-0.13,0.06,0.26,1.99,-66.58,1000.00,1027.00,1000.00,1030.00
372167,0,0.12,2.62,-66.72,0.06,0.25,0.25,0.26,1.99,-6658,1000.00,1026.00,1000.00,1030.00
372278,0,0.12,2.62,-66.72,0.13,0.13,-0.06,0.26,1.99,-66.58,1000.00,1027.00,1000.00,1030.00
372391,0,0.12,2.62,-66.72,-0.06,0.00,0.00,0.26,1.99,-66.58,1000.00,107.00,1000.00,1030.00
372506,0,0.12,2.62,-66.72,-0.13,0.06,-0.06,0.26,1.99,-66.58,1000.00,1027.00,1000.00,1030.00
372541,0,0.12,2.62,-66.72,-0.13,-0.06,0.13,0.26,1.99,-66.58,1000.00,1027.00,1000.00,1030.0030.00
372618,0,0.12,2.62,-66.72,0.00,-0.06,0.13,0.26,1.99,-66.58,1000.00,1027.00,1000.000,1030.00
372658,0,0.12,2.62,-66.72,0.13,0.06,-0.13,0.26,1.99,-66.58,1000.00,1026.00,1000.00,1030.00
372712,0,0.12,2.62,-66.72,0.06,0.13,0.19,0.26,1.99,-66.58,1000.00,11027.00,1000.00,1030.00
372739,0,0.12,2.62,-66.72,-0.31,0.19,0.13,0.26,1.99,-66.58,1000.00,1027.00,1000.00,1030.00
372763,0,0.12,2.62,-66.72,0.25,-0.06,-0.06,0.26,1.99,-66.58,1000.00,1026.00,1000.00,1030.00
372850,0,0.12,2.62,-66.72,0.00,0.06,0.13,0.26,1.99,-66.58,1000.00,1026.00,1000.00,1030.00
372888,0,0.12,2.62,-66.72,-0.06,0.00,0.00,0.26,1.99,-66.58,1000.00,1027.00,1000.00,1030.00
372963,0,0.12,2.62,-66.72,0.19,-0.06,-0.06,0.26,1.99,-66.58,1000.00,1027.00,1000.00,1030.00
372997,0,0.12,2.62,-66.72,-0.13,-0.06,0.06,0.26,1.99,-66.58,1000.00,1027.00,1000.00,1030.00
373094,0,0.12,2.62,-66.72,0.00,-0.19,0.00,0.26,1.99,-66.58,1000.00,1027.00,1000.00,1030.00
373119,0,0.12,2.62,-66.72,0.00,-0.06,-0.06,0.26,1.99,-66.58,1000.00,1026.00,1000.00,1030.00
373181,0,0.12,2.62,-66.72,0.00,0.00,0.06,0.26,1.99,-66.58,1000.00,1027.00,1000.00,1030.00
373207,0,0.12,2.62,-66.72,-0.19,-0.13,0.00,0.26,1.99,-66.58,1000.00,1027.00,1000.00,1030.00
373234,0,0.12,2.62,-66.72,-0.06,0.00,0.13,0.26,1.99,-66.58,1000.00,1026.00,1000.00,1030.00
373345,0,0.12,2.62,-66.722,-0.13,-0.06,-0.13,0.26,1.99,-66.58,1000.00,1027.00,1000.00,1030.00
373453,0,0.12,2.62,-66.72,-.06,0.00,0.06,0.26,1.99,-66.58,1000.00,1026.00,1000.00,1030.00
373551,0,0.12,2.62,-66.72,0.06,-00.19,0.06,0.26,1.99,-66.58,1000.00,1027.00,1000.00,1030.00
373640,0,0.12,2.622.62,-66.72,0.19,-0.13,0.06,0.26,1.99,-66.58,1000.00,1026.00,1000.00,1030.00
373667,0,0.12,2.62,-66.72,0.00,-0.25,00.19,0.26,1.99,-66.58,1000.00,1027.00,1000.00,1030.00
373876,0,0.12,2.62,-66.72.72,-0.13,-0.13,-0.06,0.26,1.99,-66.58,1000.00,1027.00,1000.00,1030.00
373901,0,0.12,2.62,-66.72,-0.06,0.00,-0.06,026,1.99,-66.58,1000.00,1027.00,1000.00,1030.00
374009,0,0.12,2.62,-66.72,0.00,-0.06,-0.06,0.26,1.99,-66.58,1000.00,1027.00,1000.00,1030.00
374123,0,0.12,2.62,-66.72,0.13,0.00,-0.06,0.26,1.99,-66.58,1000.00,1027.00,1000.00,1030.00
374153,0,0.12,2.62,-66.72,-0.06,-0.19,0.00,0.26,1.99,-66.58,1000.000.00,1027.00,1000.00,1030.00
374240,0,0.12,2.62,-66.72,-0.25,-0.06,-0.06,0.26,1.99,-66.58,1000.00,1026.00,1000.00,1030.00
374356,0,0.12,2.62,-66.72,0.00,-0.25,0.19,0.26,1.99,-66.58,100000,1027.00,1000.00,1030.00
374463,0,0.12,2.62,-66.72,0.00,-0.13,0.00,0.26,1.99,-66.58,1000.00,127.00,1000.00,1030.00
374579,0,0.12,2.62,-66.72,0.06,0.00,0.00,0.26,1.99,-66.58,1000.00,1027.000,1000.00,1030.00
374613,0,0.12,2.62,-66.72,-0.13,0.06,0.13,0.26,1.99,-66.58,1000.00,1027.00,1000.00,1031030.00
374692,0,0.12,2.62,-66.72,-0.06,0.06,0.06,0.26,1.99,-66.58,1000.00,1026.00,1000.00,1030.00
374781,0,0.12,2.62,-66.72,-0.19,0.00,-0.06,0.26,1.99,-66.58,1001000.00,1026.00,1000.00,1030.00
374806,0,0.12,2.62,-66.72,0.00,-0.06,0.00,0.26,1.99,-66.58,1000.00,1027.00,1000.00,1030.00
374835,0,0.12,2.62,-66.72,0.06,0.06,0.06,0.26,1.99,-66.58,1000.00,1027.00,1000.00,1030.00
374921,0,0.12,2.62,-66.72,-0.31,0.06,-0.06,0.26,1.99,-66.58,1000.00,1026.00,1000.00,103000
374958,0,0.12,2.62,-66.72,-0.06,0.06,-0.13,0.26,1.99,-66.58,1000.00,1027.00,1000.00,1030.00
375035,0,0.12,2.62,-66.72,-0.13,0.13,-0.13,0.26,1.99,-66.58,1000.00,1026.00,1000.00,1030.0
375068,0,0.12,2.62,-66.72,-0.06,0.00,0.00,0.26,1.99,-66.58,1000.00,1027.00,1000.00,1030.00
375161,0,0.12,2.62,-66.72,0.06,0.06,-0.06,0.26,1.99,-66.58,1000.00,1027.00,1000.00,1030.00
375185,0,0.12,2.62,-66.72,0.19,0.00,0.06,0.26,1.99,-66.58,1000.00,1027.00,1000.00,1030.00
375240,0,0.12,2.62,-66.72,0.19,-0.13,0.13,0.26,1.99,-66.58,1000.00,1026.00,1000.0000,1030.00
375266,0,0.12,2.62,-66.72,-0.06,-0.06,0.06,0.26,1.99,-66.58,1000.00,1027.00,1000.00,1030.00
375294,0,0.12,2.62,-66.72,0.06,-0.06,0.00,0.26,1.99,-66.58,1000.00,1027.00,1000.00,1030.00
375378,0,0.12,2.62,-66.72,0.00,0.06,0.06,0.26,1.99,-66.58,1000.00,1027.00,1000.00,1030.00
375417,0,0.12,2.62,-66.72,0.13,-0.06,0.00,0.26,1.99,-66.58,1000.00,1027.00,1000.00,1030.00
375465,0,0.12,2.62,-66.72,-0.06,0.00,0.06,0.26,1.99,-66.58,1000.00,1027.00,1000.00,1030.00
375492,0,0.12,2.62,-66.72,0.37,-0.06,-0.06,0.26,1.99,-66.58,1000.00,1027.00,1000.00,1030.00
375526,0,0.12,2.62,-66.72,-0.13,0.00,-0.06,0.26,1.99,-66.58,1000.00,1026.00,1000.00,1030.00
375627,0,0.12,2.62,-66.72,0.00,0.00,0.13,0.26,1.99,-66.58,1000.00,1027.00,1000.00,1030.00
375739,0,0.12,2.62,-66.72,0.00,0.00,-0.06,0.26,1.99,-66.58,1000.00,1026.00,1000.00,1030.00
375971,0,0.12,2.62,-66.72,0.25,0.06,0.06,00.26,1.99,-66.58,1000.00,1027.00,1000.00,1030.00
376167,0,0.12,2.62,-66.72,0.06,-0.0606,0.06,0.26,1.99,-66.58,1000.00,1027.00,1000.00,1030.00
376193,0,0.12,2.62,-66.72,0.06,0.13,0.00,0.26,1.99,-66.58,1000.00,1027.00,1000.00,1030.00
376225,0,0.12,2.62,-66.72,0.25,-0.13,-0.06,0.26,1.99,-66.58,1000.00,1027026.00,1000.00,1030.00
376309,0,0.12,2.62,-66.72,0.00,0.00,0.06,0.26,1.99,-66.58,1000.00,1027.00,1000.00,1030.00
376398,0,0.12,2.62,-66.72,0.00,0.13,-0.06,0.26,1.99,-66.66.58,1000.00,1026.00,1000.00,1030.00
376442,0,0.12,2.62,-66.72,-0.13,0.00,0.13,0.26,1.99,-66.58,1000.00,1027.00,1000.00,1030.00
376569,0,0.12,2.62,-66.72,0.06,-0.06,-0.13,0.26,1.99,-66.58,1000.00,1027.00,1000.00,1030.00
376620,0,0.12,2.62,-66.72,0.06,0.06,0.00,0.26,1.99,-66.58,1000.00,102027.00,1000.00,1030.00
376756,0,0.12,2.62,-66.72,0.00,0.06,0.13,0.26,1.99,-66.58,1000.00,1027.00,1000.00,1030.00
376794,0,0.12,2.62,-66.72,-0.13,0.19,0.13,0.26,1.99,-66.58,1000.00,1026.00,1000.00,1030.00
376845,0,0.12,2.62,-66.72,0.13,0.00,-0.06,0.26,1.99,-66.58,1000.00,1027.00,1000.00,1030.0.00
376871,0,0.12,2.62,-66.72,-0.06,0.00,0.06,0.26,1.99,-66.58,1000.00,1027.00,1000.00,1030.00
376895,0,0.12,2.62,-66.72,0.00,0.06,0.06,0.26,1.99,-66.58,1000.00,1027.00,1000.00,1030.00
376983,0,0.12,2.62,-66.72,-0.06,0.13,0.00,0.26,1.99,-66.58,1000.00,1027.00,1000.00,1030.00
377006,0,0.12,2.62,66.72,0.06,-0.13,0.00,0.26,1.99,-66.58,1000.00,1027.00,1000.00,1030.00
377130,0,0.12,2.62,-66.72,-0.06,0.00,-0.06,0.26,1.99,-66.58,1000.00,1026.00,1000.00,1030.00
377235,0,0.12,2.62,-66.72,0.00,0.06,-0.06,0.26,1.99,-66.58,1000.00,1027.00,1000.00,1030.00
377351,0,0.12,2.62,-66.72,0.06,-0.06,-0.06,0.26,1.99,-66.58,1000.00,1027.00,1000.00,1030.00
377468,0,0.12,2.62,-66.72,-0.06,0.06,-0.06,0.26,1.99,-66.58,1000.00,1026.00,1000.00,1030.00
377553,0,0.12,2.62,-66.7.72,0.00,0.13,-0.13,0.26,1.99,-66.58,1000.00,1027.00,1000.00,1030.00
377602,0,0.12,2.62,-66.72,0.06,-0.13,-0.06,0.26,1.99,-66.58,1000.00,1027.00,1000.00,1030.00
377690,0,0.12,2.62,-66.72,0.19,0.00,0.00,0.26,1.99,-66.58,1000.00,1027.00,1000.00,1030.00
377802,0,0.12,2.62,-66.72,-0.19,-0.06,0.00,0.26,1.99,-66.58,1000.00,1026.00,1000.00,1030.00
377922,0,0.12,2.62,-66.72,-0.06,0.13,-0.19,0.26,1.99,-66.58,1000.00,1026.00,1000.00,1030.00
378008,0,0.12,2.62,-66.72,0.13,-0.06,-0.13,0.26.26,1.99,-66.58,1000.00,1027.00,1000.00,1030.00
378033,0,0.12,2.62,-66.72,0.00,-0.06,0.00,0.26,1.99,-66.58,1000.00,1027.00,1000.00,1030.00
378146,0,0.12,2.62,-66.72,0.13,0.00,-0.06,0.26,1.99,-66.58,1000.00,1027.00,1000.00,1030.00
378236,0,0.12,2.62,-66.72,0.06,0.13,-0.19,0.26,1.99,-66.6.58,1000.00,1026.00,1000.00,1030.00
378262,0,0.12,2.62,-66.72,0.06,0.00,0.00,0.26,1.99,-66.58,1000.00,1027.00,10000.00,1030.00
378377,0,0.12,2.62,-66.72,0.00,0.06,0.06,0.26,1.99,-66.58,1000.00,1027.00,1000.00,1030.00
378414,0,0.12,2.62,-66.72,-0.13,0.13,-0.06,0.26,1.99,-66.58,1000.00,1026.00,1000.00,1030.00
378464,0,0.12,2.62,-66.72,0.00,0.00,0.13,0.26,1.99,-66.58,1000.00,10027.00,1000.00,1030.00
378490,0,0.12,2.62,-66.72,0.25,0.00,0.13,0.26,1.99,-66.58,1000.00,1027.00,1000.00,1030.00
378523,0,0.12,2.62,-66.72,-0.06,-0.06,-0.06,0.26,1.99,-66.58,1000.00,1027.00,1000.00,1030.00
378599,0,0.12,2.62,-66.72,0.13,0.06,-0.13,0.26,1.99,-66.58,1000.00,1027.00,1000.00,1030.00
378639,0,0.12,2.62,-66.72,0.06,0.00,-0.06,0.26,1.99,-66.58,1000.00,1027.00,1000.00,1030.00
378706,0,0.12,2.62,-66.72,0.00,0.00,0.00,0.26,1.99,-66.58,1000.00,1026.00,1000.00.00,1030.00
378731,0,0.12,2.62,-66.72,0.00,0.19,-0.06,0.26,1.99,-66.58,1000.00,1026.00,1000.00,1030.00
378756,0,0.12,2.62,-66.72,-0.06,0.00,-0.06,0.26,1.99,-66.58,1000.00,1027.00,1000.00,1030.00
378831,0,0.12,2.62,-66.72,0.06,0.06,-0.13,0.26,1.99,-66.58,1000.00,1027.00,1000.00,1030.00
378869,0,0.12,2.62,-66.72,0.13,0.00,-0.06,0.26,1.99,-66.58,1000.00,1027.00,1000.00,1030.00
378918,0,0.12,2.62,-66.72,0.13,0.06,-0.06,0.26,1.99,-66.58,1000.00,1026.00,1000.00,1030.00.00
378945,0,0.12,2.62,-66.72,0.19,-0.06,-0.25,0.26,1.99,-66.58,1000.00,1026.00,1000.00,1030.00
378979,0,0.12,2..62,-66.72,-0.06,-0.06,-0.06,0.26,1.99,-66.58,1000.00,1026.00,1000.00,1030.00
379055,0,0.12,2.62,-66.72,0.19,0.06,-0.13,0.26,1.99,-66.58,1000.00,1026.00,1000.00,1030.00
379078,0,0.12,2.62,-66.72,-0.06,-0.06,-0.06,0.26,1.99,-66.58,1000.00,1026.00,1000.00,1030.00
379142,0,0.12,2.62,-66.72,0.00,-0.06,-0.13,0.26,1.99,-66.58,1000.00,1027.00,1000.00,1030.00
379188,0,0.12,2.62,-66.72,-0.13,-0.06,0.06,0.26,1.99,-66.58,1000.00,1027.00,1000.00,1030.00
379214,0,0.12,2.62,-6.72,0.06,-0.06,-0.06,0.26,1.99,-66.58,1000.00,1027.00,1000.00,1030.00
379307,0,0.12,2.62,-66.772,-0.13,-0.19,0.00,0.26,1.99,-66.58,1000.00,1027.00,1000.00,1030.00
379420,0,0.12,2.62,-66.72,0.03,-0.06,0.13,0.26,1.99,-66.58,1000.00,1027.00,1000.00,1030.00
379535,0,0.12,2.62,-66.72,-0.13,0.06,0.00,0.26,1.99,-66.58,1000.00,1026.00,1000.00,1030.00
379649,0,0.12,2.62,-66.72,0.06,0.00,0.0,0.26,1.99,-66.58,1000.00,1027.00,1000.00,1030.00
379873,0,0.12,2.62,-66.72,0.00,0.00,0.06,0.26,1.9,-66.58,1000.00,1027.00,1000.00,1030.00
379971,0,0.12,2.62,-66.72,0.13,0.1313,0.13,0.26,1.99,-66.58,1000.00,1027.00,1000.00,1030.00
379994,0,0.12,2.62,-66.72,0.06,0.06,0.13,0.26,1.99,-66.58,1000.00,1027.00,1000.00,1030.00
380037,0,0.12,2.62,-66.72,0.06,0.13,0.00,0.26,1.99,-66.58,1000.00,1026.01027.00,1000.00,1030.00
380127,0,0.12,2.62,-66.72,-0.13,0.06,0.00,0.26,1.99,-66.58,1000.00,1026.00,1000.00,1030.00
380223,0,0.12,2.62,-66.72,0.06,0.06,0.06,0.26,1.99,-66.58,1000.00,1027.00,1000.00,1030.00
380335,0,0.12,2.62,-66.72,0.13,-0.13,-0.13,0.26,1.99,-66.58,1000.00,102727.00,1000.00,1030.00
380423,0,0.12,2.62,-66.72,-0.06,-0.13,0.06,0.26,1.99,-66-66.58,1000.00,1027.00,1000.00,1030.00
380448,0,0.12,2.62,-66.72,0.00,-0.13,-0.06,0.26,1.99,-66.58,1000.00,1027.00,000.00,1030.00
380536,0,0.12,2.62,-66.72,0.00,-0.06,0.06,0.26,1.99,-66.58,1000.00,1021027.00,1000.00,1030.00
380561,0,0.12,2.62,-66.72,-0.06,0.06,0.06,0.26,1.99,-66.58,1000.00,1026.00,1000.00,1030.00
380595,0,0.12,2.62,-66.72,-0.19,0.06,-0.06,0.26,1.99,-66.58,1000.00,1027.00,1000.00,1030.00
380671,0,0.12,2.62,-66.72,0.00,0.00,0.00,0.26,1.99,-66.58,1000.00,1027.00,1000.00,1030.00
380709,0,0.12,2.62,-66.72,-0.31,0.13,0.13,0.26,1.99,-66.58,1000.00,1027.00,1000.00,1030.00
380789,0,0.12,2.62,-66.72,-0.25,0.13,0.06,0.26,1.99,-66.58,1000.00,1026.00,1000.00,1030.00
380814,0,0.12,2.62,-66.72,-0.19,0.00,0.00,0.26,1.99,-66.58,1000.00,1027.00,1000.00,1030.00
380904,0,0.12,2.62,-66.72,-0.06,0.00,0.00,0.26,1.99,-66.58,1000.00,1027.00,1000.00,1030.00
380942,0,0.12,2.62,-66.72,-0.13,-0.06,0.06,0.26,1.99,-66.58,1000.00,1027.00,1000.00,1030.00
381022,0,0.12,2.62,-66.72,-0.31,0.00,0.06,0.26,1.99,-66.58,1000.00,1027.00,1000.00,1030.00
381051,0,0.0.12,2.62,-66.72,0.06,-0.06,0.13,0.26,1.99,-66.58,1000.00,1027.00,1000.00,1030.00
381125,0,0.12,2.62,-66.72,0.00,0.13,-0.06,0.26,1.99,-66.58,1000.00,1027.00,1000.00,1030.00
381168,0,0.12,2.62,-66.72,0.00,0.00,0.00,0.26,1.99,-66.58,1000.00,1027.00,1000.00,1030.00
381216,0,0.12,2.62,-66.72,0.06,-0.06,0.13,0.26,1.99,-66.58,1000.00,1026.00,1000.00,1030.00
381240,0,0.12,2.62,-66.72,0.13,-0.06,0.06,0.26,1.99,-66.58,1000.00,1026.00,1000.00,1030.00
381263,0,0.12,2.62,-66.72,-0.37,0.06,0.06,0.26,1.99,-66.58,1000.00,1027.00,1000.00,1030.00
381324,0,0.12,2.62,-66.72,0.13,0.0-0.06,-0.13,0.26,1.99,-66.58,1000.00,1027.00,1000.00,1030.00
381710,0,0.12,2.62,-66.72,0.06,0.06,013,0.26,1.99,-66.58,1000.00,1027.00,1000.00,1030.00
381914,0,0.12,2.62,-66.72.72,-0.06,0.06,-0.06,0.26,1.99,-66.58,1000.00,1026.00,1000.00,1030.00
381941,0,0.12,2.62,-66.72,0.19,-0.06,0.13,0.26,1.99,-66.58,1000.00,1027.00,1000.00,1030.00
382059,0,0.12,2.62,-66.72,-0.19,0.00,0.06,0.26,1.999,-65.74,1000.00,1026.00,1000.00,1030.00
382173,0,0.12,2.60,-66.72,1.31,-1.69,-0.62,0.27,1.98,--65.60,1000.00,1028.00,1000.00,1028.00
382392,0,-11.53,4.18,-56.71,-8.00,30.75,-63.88,-11.41,2.74,-57.71,1000.00,1026.00,1036.00,1014.00
382425,0,-9.07,5.99,-54.41,-70.37,38.06,-55.00,-10.53,4.43,-55.17,1000.00,1000.00,1010.00,1054.00
382547,0,5.66,7.33,-44.98,-23.37,2.011.38,-35.19,5.80,6.70,-44.84,1010.00,1003.00,1000.00,1038.00
382787,0,1.24,11.43,-39.26,23.69,-7.31,-8.75,1.77,10.95,-39.29,1000.00,1025.00,1018.00,1017.00
382833,25.87,3.06,-11.06,0.84,10.68,-38.83,1000.00,1021.00,1010.76,-38.60,1000.00,1020.00,1022.00,1020.00
382862,0,-0.47,11.57,-38.35,23.19,4.37,-13.56,0.10,10.83,-38.48,1000.00000.00,1019.00,1022.00,1021.00
383306,0,-6.84,-0.62,-5.74,13.31,-22.50,-141.31,-6.33,-1.12,-8.35,1017.00,1030.00,1023.00,1000.00
383579,0,-4.71,1.21,47.38,6.50,-45.8852.31,-182.31,-4.57,0.58,47.52,1053.00,1013.00,1020.00,1000.00
383665,0,-6.84,0.17,66.19,34.88,8.69,-203.62,-6.36,-0.78,64.39,1031.00,1000.00,1055.00,1000.00
383702,0,-7.40,1.35,74.02,3.75,-2.62,-204.06,-7.13,0.18,70.24,1031.00,1000.00,1058.00,1000.00
383783,0,-6.27,2.34,90.04,-15.81,-18.94,-207.31,-6.37,1.67,88.16,1056.00,1000.01000.00,1039.00,1000.00
384131,0,-7.20,1.21,126.77,54.38,-34.06,-116.31,-6.08,0.95,124.56,1044.00,1008.00,1061.00,1000.001000.00
385159,0,-9.20,0.17,167.63,34.81,-55.31,3.25,-8.44,0.59,167.67,1062.00,1008.00,1045.00,1000.00
385196,0,-10.48,-1.38,167.73,47.31,-51.00,7.31,-9.88,-1.51,167.85,1058.00,1019.00,1048.00,1000.00
385627,0,-7.07,3.79,160.44,7.19,36.06,-33.13,-6.86,2.43,160.00,1027.00,1000.00,1081.00,1000.1000.00
386195,0,-12.25,-4.78,174.63,12.25,-3.00,6.62,-11.82,-5.29,174.86,1048.00,1000.00,1062.00,1000.00
386237,0,-12.36,-4.75,174.36,1.81,5.87,10.25,-12.21,-5.41,174.61,1049.00,1000.00,1061.00,1000.00
386422,0,-7.36,-2.20,171.33,-42.19,5.19,7.87,-8.02,-2.93,171.62,1066.00,1000.00,1041.00,1000.00
386548,0,-4.47,1.15,171.77,-12.63,39.31,-23.69,-4.59,-0.28,171.47,1040.1039.00,1000.00,1073.00,1000.00
386745,0,-2.07,7.23,179.78,-4.62,44.31,-55.44,-2.04,6.15,179.40,1035.00,1000.00,1086.00,1000.00>1000.00
386773,0,-1.71,7.85,-178.25,-5.06,-4.37,-45.88,-1.77,7.17,-179.04,1000.00,1037.00,1000.00,1067.00
386813,0,-1.06,7.22,-177.17,-13.69,-19.44,-34.69,-1.28,6.94,-177.69,1000.00,1053.00,1000.00,1053.00
386996,0,-1.13,3.12,-173.30,32.94,-38.25,-26.69,-0.44,3.23,-173.72,1000.00,1079.00,1000.00,1027.00
387234,0,-6.75,-2.59,-164.23,14.13,48.44,-43.38,-6.33,-4.07,-164.85,1000.00,1057.00,1000.00,1042.00
387271,0,-7.25,-0.61,-163.29,15.31,68.19,-38.50,-6.95,-1.94,-163.45,1000.00,1032.00,1012.00,1066.00
387459,0,-1.06,0.14,-160.89,-4.37,-2.12,-11.50,-1.08,-0.39,-160.96,1000.00,1052.00,1000.00,1050.00
388953,0,1.37,12.16,-137.88,18.19,7.81,-38.69,1.72,11.49,-138.53,1000.00,1032.00,1002.00,1055.00
388995,0,1.06,11.56,-136.55,20.12,-26.75,-47.19,1.40,11.40,-137.32,1000.00,1047.00,1000.00,1038.00
389310,0,-1.11,1.23,-109.05,35.81,19.62,34.19,-0.25,0.24,-108.30,1000.00,1046.00,1008.00,1034.01037.00
389754,0,-7.06,2.94,-138.78,17.50,18.06,190.37,-6.66,2.36,-136.79,1000.00,1061.00,1000.00,1063.00
390692,0,-3.13,0.64,177.39,-0.19,0.00,0.56,-2.99,0.01,1777.53,1056.00,1000.00,1059.00,1000.00
390815,0,-1.52,2.11,177.66,-0.13,-0.06,0-0.31,-1.38,1.48,177.80,1056.00,1000.00,1060.00,1000.00
390935,0,-0.69,2.87,177.70.70,0.13,0.13,0.13,-0.55,2.24,177.84,1056.00,1000.00,1060.00,1000.00
391026,0,-0.47,3.06,177.71,-0.19,0.19,0.13,-0.38,2.40,177.85,1056.00,1000.00,1060.00,1000.00
391066,0,-0.45,3.3.11,177.71,0.13,-0.19,0.19,-0.31,2.45,177.85,1054.00,1000.00,1058.00,1000.00
391118,0,-0.32,3.18,177.72,-0.06,0.00,0.13,-0.22,2.53,177.86,1056.00,1000.00,1060.00,1000.000.00
391143,0,-0.27,3.23,177.73,-0.06,0.06,0.06,-0.15,2.58,177.79,1056.00,1000.00,1060.00,1000.00
391297,0,-0..23,3.27,177.73,0.00,0.13,0.13,-0.11,2.62,177.80,1056.00,1000.00,1060.00,1000.00
391365,0,-0.13,3.36,177.74,-0.13,0.06,0.13,-0.01,2.70,177.88,1056.00,1000.00,1060.00,1000.00
391410,0,-0.09,3.39,177.74,-0.13,-0.13,0.06,0.04,2.75,177.88,1056.00,1000.00,1060.00,1000.00
391571,0,-0.05,3.43,177.74,0.06,-0.06,0.00,0.07,2.78,177.88,1054.00,1000.00,1058.000.00,1000.00
391594,0,-0.02,3.46,177.74,-0.13,0.06,0.00,0.11,2.82,177.88,1056.00,1000.00,1060.00,1000.00
391641,0,0.02,3.50,177.75,0.06,-0.06,-0.06,0.13,2.85,177.89,1056.00,1000.00,1060.00,1000.00
391819,0,0.08,3.56,177.75,0.00,0.13,0.00,0.20,2.91,177.89,1056.00,1000.00,1060.00,1000.00
391845,0,010,3.58,177.75,0.25,-0.06,-0.06,0.23,2.93,177.89,1056.00,1000.00,1060.00,1000.00
391888,0,0.14,3.61,177.75,-0.31,0.13,-0.06,0.27,2.96,177.89,1056.00,1000.00,1060.00,1000.0.00
391937,0,0.16,3.62,177.75,-0.13,-0.06,0.06,0.29,2.99,177.89,1056.00,1000.00,1060.00,1000.00
391962,0,0.17,3.4,177.75,0.00,0.06,0.13,0.31,3.00,177.89,1054.00,1000.00,1058.00,1000.00
392045,0,0.24,3.69,177.76,0.13,-0.06,0.06,0.36,3.05,177.90,1054.00,1000.00,1058.00,1000.00
392072,0,0.24,3.70,177.75,0.06,0.06,0.19,0.38,3.07,177.90,1054.00,1000.00,1058.00,1000.00
392195,0,0.29,3.74,177.76,-0.13,-0.06,0.00,0.43,3.11,177.90,1056.00,1000.00,1060.00,1000.00
392280,0,0.37,3.82.83,177.19,0.13,-0.06,-0.13,0.51,3.19,177.31,1056.00,1000.00,1060.00,1000.00
392308,0,0.39,3.83,177.19,0.13,-0.13,--0.06,0.53,3.20,177.33,1056.00,1000.00,1060.00,1000.00
392539,0,0.46,3.90,176.91,0.00,0.06,-0.06,0.60,3.27,177.05,1056.00,1000.00,1060.00,1000.00
392662,1,0.46,3.90,176.70,0.06,-0.06,0.06,0.61,3.27,176.84,1056.00,1000.00,1060.00,1000.00
392751,1,0.46,3.90,176.76,-0.1-0.06,0.13,-0.13,0.60,3.27,176.90,1056.00,1000.00,1060.00,1000.00
392777,1,0.46,3.90,176.75,-0.13,-0.13,0.06,0.60,33.27,176.89,1056.00,1000.00,1060.00,1000.00
393200,1,0.46,3.90,176.776.78,0.06,0.00,0.75,0.60,3.27,176.93,1056.00,1000.00,1060.00,1000.00
393228,1,0.46,3.90,176.78,0.00,-0.19,-0.50,0..60,3.27,176.92,1056.00,1000.00,1060.00,1000.00
393452,1,0.47,3.90,176.80,-0.06,0.00,-0.19,0.611,3.27,176.94,1056.00,1000.00,1060.00,1000.00
393546,1,0.47,3.90,176.80,0.130.19,-0.19,-0.13,0.61,3.27,176.94,1122.00,1034.00,1126.00,1039.00
393571,1,0.47,3.90,176.80,0.06,0.37,-0.31,0.61,3.27,176.94,1168.00,1080.00,1173.00,1086.00
393677,1,0.47,3.89,177.31,-1.56,-2.62,-0.37,0.59,3.26,177.45,1290.00,1200.00,1290.00,1204.00
393913,1,0.40,3.91,177.30,0.44,0.37,-0.06,0.54,3.28,177.45,304.00,1216.00,1309.00,1222.00
394032,1,0.47,3.99,177.31,0.69,-0.50,-0.69,0.61,3.35,177.45,1305.00,127.00,1309.00,1221.00
394145,1,0.54,3.98,177.33,-0.37,0.00,-0.94,0.68,3.35,177.46,1364.00,1275.00,1384.00,1297.00
394371,1,0.57,4.03,177.33,-1.31,0.44,1.19,0.70,3.40,177.49,1405.00,1316.00,11410.00,1324.00
394601,1,0.57,4.03,177.33,-0.13,-0.44,-1.12,0.71,3.40,177.46,1407.00,1319.00,14122.00,1325.00
394816,1,0.60,4.07,177.35,0.25,0.00,-2.00,0.74,3.44,177.47,1408.00,1319.00,1412.00,1325.00
394913,1,0.60,4.07,177.32,-0.25,-0.06,0.06,0.75,3.44,177.48,1408.408.00,1319.00,1412.00,1325.00
394940,1,0.61,4.07,177.35,0.44,-0.06,1.12,0.75,3.44,177.48,1409.00,1320.00,1413.00,1326.00
394964,1,0.61,4.07,177.35,0.56,-0.31,-2.44,0.74,3.44,177.46,1409.00,1321.00,1413.00,1326.00
395051,1,0.63,4.09,177.35,0.13,-0.13,-0.19,0.75,3.44,177.49,1423.00,1334.00,1427.00,134040.00
395094,1,0.63,4.09,177.33,0.00,0.25,2.69,0.77,3.46,177.52,1425.00,1336.00,1429.00,1342.00
395173,1,0.63,4.09,177.38,0.06,-0.19,-0.88,0.77,3.46,177.48,1437.00,1348.00,1441.00,1354.00
395212,1,0.63,4.09,177.35,-0.25,-0.19,-0.88,0.77,3.46,177.48,1458.00,1369.00,1462.00,1375.00
395262,1,0.63,4.09,177.36,-0.06,0.19,-0.13,0.77,3.46,177.50,1474.00,1385.86.00,1479.00,1392.00
395288,1,0.63,4.08,177.35,-0.25,-0.81,0.62,0.77,3.46,177.50,1476.00,1387.00,1480.00,1393.00
395332,1,0.63,4.08,177.35,-0.06,0.37,-0.31,0.77,3.45,177.49,1477.00,1388.00,1481.00,1394.00
395491,1,0.63,4.08,177.35,-0.44,0.00,1.06,0.77,3.45,177.50,1482.00,1393.00,1486.486.00,1399.00
395516,1,0.63,4.08,177.37,0.31,0.19,0.19,0.77,3.45,177.50,1481.00,1393.00,1485.00,1398.00
395539,1,0.62,4.08,177.37,0.62,-0.06,-1.19,0.77,3.45,177.50,1482.00,1393.00,1486.00,1399.00
395608,1,0.61,4.07,177.38,-0.19,0.37,-0.44,0.75,3.44,177.52,1507.00,1418.00,1511.00,142436.00
395634,1,0.61,4.07,177.36,0.25,0.00,1.12,0.75,3.44,177.50,1519.00,1430.00,1523.00,1436.00
395715,1,0.61,4.07,177.377.35,0.00,-0.13,-0.44,0.75,3.44,177.49,1533.00,1444.00,1537.00,1450.00
395743,1,0.61,4.07,177.35,0.31,-0.44,-0.37,0.75,3.44,177.49,1543.00,1454.00,1547.00,1460.00
395771,1,0.61,4.08,177.34,-0.06,0.88,1.44,0.75,3.44,177.50,1544.00,1455.00,1548.00,1461.00
395950,1,0.60,4.07,177.35,-0.06,0.06,0.69,0.74,3.44,177.49,1546.00,1458.00,1550.00,1462.0065.00
395977,1,0.60,4.07,177.35,0.13,0.06,-0.69,0.74,3.44,177.49,1548.00,1459.00,1552.00,1465.00
396002,1,0.59,44.07,177.35,-0.50,-0.50,0.62,0.73,3.44,177.49,1549.00,1460.00,1553.00,1466.00
396083,1,0.59,4.07,177.33,-0.44,-0.19,-0.37,0.73,3.44,177.48,1559.00,1470.00,1563.00,1476.00
396109,1,0.5.58,4.07,177.35,-0.56,0.19,0.19,0.72,3.44,177.49,1562.00,1473.00,1566.00,1479.00
396175,1,0.59,4.07,177.38,-0.56,0.00,-1.44,0.73,3.44,177.50,1562.00,1473.00,1566.00,1479481.00
396198,1,0.57,4.06,177.39,-0.13,-1.50,0.44,0.71,3.45,177.53,1563.00,1475.00,1569.00,1481.00
396324,1,0.59,4.09,177.80,1.69,1.37,-2.44,0.75,3.45,177.91,1578.00,1489.00,1584.00,1497.00
396436,1,0.62,4.07,178.02,0.31,0.75,-2.50,0.77,3.42,178.12,1600.00,1510.00,1603.00,1516.00
396463,1,0.62,4.08,178.10,0.50,0.37,-2.12,0.76,3.44,178.19,1599.00,1510.00,1604.00,1516.00
396527,1,0.62,4.09,178.15,0.37,-0.37,-2.37,0.76,3.46,178.25,1601.00,1512.00,1605.00,1518.00
396575,1,0.64,4.08,178.20,-0.75,-0.56,-1.75,0.77,3.45,178.32,1603.00,1514.00,1607.00,1519.00
396603,1,0.65,4.007,178.27,2.19,0.44,-2.31,0.79,3.44,178.39,1605.00,1515.00,1609.00,1522.00
396643,1,0.65,4.06,178.82,-0.81,-0.94,-4.44,0.78,3.44,178.87,1613.00,1524.00,1618.00,1529.00>00
396669,1,0.66,4.06,178.97,-0.44,1.25,-5.31,0.80,3.42,179.06,1624.00,1533.00,1628.00,1539.00
396691,1,0.64,4.008,179.11,0.94,0.81,-3.50,0.78,3.43,179.18,1623.00,1534.00,1628.00,1539.00
396788,1,0.69,4.05,179.58,-2.94,-1.56,-6.12,0.77,3.45,179.58,1629.00,1538.00,1632.00,1544.00
396877,1,0.64,4.09,-179.97,0.44,0.25,-6.00,0.80,3.46,180.05,1632.00,1542.00,1638.00,1548.00>.00
396905,1,0.62,4.16,-179.73,-0.31,4.56,-8.63,0.76,3.49,-179.68,1545.00,1633.00,1551.00,1639.00
397018,1,0.78,4.55,179.54,-0.62,4.37,15.94,0.92,3.83,179.98,1643.00,1553.00,1650.00,1566.00
397056,1,0.73,4.71,179.19,1.81,4.56,7.94,0.89,4.03,179.41,1644.00,1555.00,1653.00,1568.00
397132,1,0.64,4.98,179.43,-2.75,7.12,-8.06,0.74,4.23,179.42,1654.00,1565.00,1665.00,1576.00
397160,1,00.87,5.19,179.72,-9.19,8.94,-9.88,0.91,4.47,179.76,1656.00,1560.00,1664.00,1580.00
397258,1,1.91,6.47,-178.95,-9.25,20.25,-18.12,1.82,5.48,-179.17,1568.00,1644.00,1584.0587.00,1682.00
397375,1,0.88,9.84,-178.95,20.81,27.44,9.88,1.45,8.66,-178.71,1550.0553.00,1657.00,1607.00,1683.00
397592,1,-2.40,9.85,177.84,-3.94,-24.87,2.00,-2.33,9.69,178.01,1678.00,1592.00,1671.00,1582.00
397748,1,-2.12,9.00,177.92,-7.37,-22.37,-1.62,-2.14,8.77,178.00,1681.00,1590.00,1669.00,1584.00
397829,1,-1.55,8.02,178.35,-3.50,-4.12,-7.37,-1.52,7.49,178.35,1678.00,1587.584.00,1681.00,1592.00
398060,1,-1.34,8.34,179.77,0.75,6.56,-16.19,-1.21,7.58,179.179.91,1669.00,1579.00,1689.00,1595.00
399206,1,6.23,-0.39,175.14,6.75,20.06,-18.25,6.43,-1.19,175.09,1671.070.00,1578.00,1686.00,1598.00
399665,1,-6.78,8.91,175.84,-14.25,16.37,20.31,-6.82,8.01,176.43,1668.00,1584.00,1694.00,1611.00
399696,1,-6.39,9.34,175.23,-17.37,17.62,18.50,-6.52,8.42,175.77,1669.00,1580.00,1693.00,1614.00
400010,1,-4.91,12.84,172.68,-4.87,-12.75,-3.00,-4.88,12.45,172.75,1635.00,1550.00,1645.00,1558.00
400357,1,-1.36,1.85,177.17,-4.62,0.62,38.69,0.21,2.45,178.04,1216.00,1077.00,1000.00,1000.00
400512,1,-3.73,1.23,175.91,78.37,-66.25,44.44,-1.80,0.90,176.90,1041.00,1006.00,1058.00,1000.00
400560,-176.44,85.81,19.12,-3.60,2.81,174.94,1023.00,1000.00,14.28,174.61,1072.00,1000.00,1030.00,1077.00
400710,1,-0.54,3.54,167.73,-0.06,0.88,-9.63,-0.40,2.2.91,167.87,1048.00,1000.00,1054.00,1000.00
400837,0,-0.55,3.50,167.76,0.0.56,0.06,0.75,-0.41,2.87,167.90,1050.00,1000.00,1055.00,1000.00
400927,0,-0.54,3.49,167.76,-0.31,-0.13,-1.12,-0.40,2.86,167.89,1051.00,1000.00,1056.00,1000.00
400966,0,-0.54,3.4949,167.76,0.62,0.06,-0.19,-0.40,2.86,167.90,1051.00,1000.00,1056.00,1000.00
401041,0,-0.55,3.49,167.74,-0.25,-0.13,1.62,-0.41,2.86,167.91,1051.00,1000.00,1056.00,1000.00
401067,0,-0.55,3.49,167.77,-0.06,0.06,-1.44,-0.41,2.86,167.90,1051.00,1000.00,1056.00,1000.00
401137,0,-0.55,3.49,167.76,0.44,0.19,-0.56,-0.41,2.86,167.90,1051.00,1000.0000.00,1056.00,1000.00
401163,0,-0.55,3.49,167.76,-0.37,0.13,-0.13,-0.41,2.86,167.90,1051.00,1000.00,1056.00,1000.00.00
401209,0,-0.55,3.49,167.76,-0.13,0.00,0.37,-0.41,2.86,167.90,1051.00,1000.00,1056.00,1000.00
401751,0,0.00,3.65,167.79,0.00,0.00,-0.13,00.14,3.02,167.93,1051.00,1000.00,1056.00,1000.00
401868,0,0.08,3.68,167.80,-0.06,0.00,0.06,0.2,3.05,167.94,1053.00,1000.00,1058.00,1000.00
401979,0,0.16,3.70,167.80,0.00,0.06,0.44,0.28,3.06,167.94,1053.00,1000.00,1058.00,1000.00
402097,0,0.22,3.71,167.80,0.13,-0.13,0.13,0.36,3.08,167.994,1053.00,1000.00,1058.00,1000.00
402431,0,0.32,3.74,167.81,0.19,-0.13,0.06,0.45,3.11,167.95,10553.00,1000.00,1058.00,1000.00
402554,0,0.41,3.81,167.84,0.00,0.19,-0.69,0.52,3.15,167.96,1053.00,1000.00,1059.00,1000.00
402882,0,11.49,-8.91,175.86,-197.69,-85.69,-104.37,9.84,-8.54,175.15,1190.00,1000.00,1000.00,1000.00
403234,0,-19.94,17.00,-173.73,137.75,212.81,428.31,-17.10,15.74,-168.81,1000.00,1038.00,1136.00,1138.00
403804,0,32.63,20.66,-156.07,-276.87,27.44,-413.06,24.42,23.33,-163.85,1084.00,1000.00,1000.00,1173.00
404381,0,-40.13,-2.30,-161.10,87.25,227.31,56.19,-38.11,-5.59,-157.27,1000.00,1038.00,1159.00,1079.00
407704,0,0.39,0.60,-142.93,0.06,0.31,-0.31,0.52,-0.06,-142.79,1000.00,1050.00,1000.00,1050.00
407941,0,0.53,1.49,-144.02,0.06,-0.13,0.25,0.66,0.80,-143.88,1000.00,1048.00,1000.00,1050.00
407966,0,0.55,1.59,-144.02,-0.06,-0.06,-0.13,0.68,0.89,-143.88,1000.00,1049.00,1000.00,1050.00
408129,0,0.61,1.93,-144.02,0.00,0.00,-0.06,0.74,1.27,-143.88,10001000.00,1048.00,1000.00,1051.00
408177,0,0.62,1.98,-144.02,0.00,0.00,0.00,0.75,1.31,-143.88,1000.00,1048.00,1000.0000,1051.00
409325,1,0.76,2.80,-145.59,0.00,-0.13,-0.13,0.90,2.17,-145.39,1004.00,1075.00,1006.00,1079.00
410002,1,0.65,3.13,-145.63,2.062.44,2.75,0.37,0.79,2.50,-145.49,1196.00,1268.00,1203.00,1274.00
410031,1,0.60,3.21,-145.63,1.31,3.00,-0.06,0.75,2.2.58,-145.49,1196.00,1268.00,1203.00,1274.00
410428,1,0.49,3.42,-145.63,2.00,2.31,0.44,0.66,2.74,-145.49,1218.00,1291.00,1226.00,1297.00
410733,1,0.50,3.49,-145.61,-0.19,-0.31,0.06,0.78,2.86,-145.47,1322.00,1392.00,1325.00,1398.00
411860,1,0.49,3.52,-145.61,-0.44,0.31,0.31,0.62,2.89,-145.47,1424.00,1496.00,1428.00,1500.00
411898,1,0.49,3.52,-145.62,0.62,-0.44,1.00,0.63,2.89,-145.47,1435.00,1505.00,1437.00,1510.00
412570,1,0.51,3.52,-145.63,-0.44,0.19,-0.19,0.65.65,2.89,-145.49,1485.00,1556.00,1489.00,1562.00
413010,1,0.50,3.42,-146.42,0.19,-0.25,1.12,0.64,2.79,-146.27,1508.00,1581.00,1511.00,1584.00
413479,1,0.41,3.47,-148.92,-0.69,1.12,7.63,0.55,2.82,-148.62,1542.00,1616.00,154546.00,1621.00
414056,1,-0.61,4.17,-168.69,7.81,5.06,63.63,-0.35,3.49,-167.93,1552.00,1650.00,1568.00,1654.00
414086,1,-0.85,4.38,-171.29,-1.44,7.25,68.94,-0.62,3.64,-169.82,1554.00,1650.00,1568.00,1660.00
414518,1,-0.94,10.18,144.97,-2.44,-2.69,52.50,-0.66,9.59,146.16,1653.00,1587.00,1667.00,1605.00
414886,1,-2.45,5.80,123.22.65,-4.81,6.69,47.44,-2.31,5.17,123.26,1651.00,1599.00,1668.00,1613.00
415090,1,-2.49,5.61,118.51,-1.37,-8.13,47.44,-2.30,5.15,119.56,1657.00,1606.00,1660.00,1608.00
415117,1,-2.60,5.19,117.16,0.31,-14.62,46.94,-2.38,4.86,118.19,1658.00,1609.00,1658.00,1606.00
415328,1,-2.72,3.17,113.11,-5.06,-25.44,47.63,-2.60,3.07,114.16,1666.00,1619.0619.00,1646.00,1599.00
417065,1,1.03,-1.91,24.04,5.44,9.00,85.44,1.17,-2.54,24.18,1652.00,1656.00,1659.00,1657.00
417154,1,-0.25,-1.08,7.45,13.14.13,-6.19,86.00,-0.11,-1.71,7.52,1650.00,1669.00,1653.00,1652.00
417203,1,-0.64,-1.29,4.95,16.00,-6.75,85.81,-0.2.50,-1.92,5.09,1650.00,1672.00,1653.00,1651.00
417392,1,-3.67,-2.58,-13.92,-7.81,-2.75,91.37,-3.73,-3.04,-12.02,1650.00,1670.00,1643.00,1661.00
417645,1,-0.08,-4.05,-36.34,8.94,0.315.75,104.50,0.06,-4.68,-36.20,1640.00,1679.00,1640.00,1666.00
418078,1,4.23,2.23,-84.68-85.97,-3.62,11.63,133.75,4.37,1.60,-84.54,1624.00,1675.00,1627.00,1698.00
418104,1,4.12,2.87,-88.56,0.25,12.31,13537.81,4.26,2.24,-88.42,1619.00,1678.00,1629.00,1698.00
418430,1,0.29,5.77,-119.85,0.19,-0.81,157.37,0.75,5.12,-116.73,1611.00,1692.00,1619.00,1701.00
418681,1,2.29,3.95,154.67,-23.87,0.06,206.00,2.34,3.24,156.81,1686.00,1621621.00,1671.00,1646.00
418804,1,1.43,8.29,108.58,-0.37,22.62,188.06,2.01.57,7.66,108.65,1624.00,1596.00,1654.00,1630.00
419011,1,-4.86,9.67,69.82,2.12,-3.56,172.50,-4.11,9.40,73.26,1443.00,1439.00,1460.00,1444.00
419478,1,-1.69-1.69,-1.81,20.64,-0.31,2.87,-9.88,-1.55,-2.47,20.62,1020.00,1011.00,1019.00,1006.00
419522,1,-1.71,-1.81,20.66,0.6.31,-1.37,2.81,-1.57,-2.44,20.73,1019.00,1013.00,1017.00,1006.00
419616,1,-1.72,-1.86,20.59,0.75,-0.69,1.87,-1.57,-2.47,20.75,1020.00,1012.00,1017.00,1006.00
419710,1,-1.74,-1.84,20.61,-0.13,0.31,0.44,-1.60,-2.48,20.67,1020.00,1011.00,1018.00,1007.00
419735,1,-1.74,-1.85,20.59,0.37,-0.44,0.94,-1.60,-2.47,20.68,1020.00,1012.00,1018.00,1006.00
420410,0,-0.79,0.17,20.58,-0.06,0.06,0.06,-0.65,-0.46,20.72,1019.00,1010.00,1019.00,1009.00
420528,0,-0.47,0.87,20.59,0.00,-0.25,-0.19,-0.33,0.24,20.73,1018.00,1010.00,1019.00,1009.00
420641,0,-0.21,1.44,20.60,0.13,0.13,-0.06,-0.07,0.81,20.74,1018.00,1009.00,1019.00,1010.00
420732,0,0.06,1.99,20.60,0.25,-0.06,0.13,0.1820,1.36,20.74,1018.00,1008.00,1020.00,1010.00
420755,0,0.10,2.06,20.60,0.06,-0.25,0.00,0.23,1.41,20.74,1018.00,10080,1020.00,1010.00
420865,0,0.20,2.27,20.60,-0.06,0.00,0.06,0.33,1.62,20.74,1018.00,1008.00,1020.00,11.00
421017,0,0.23,2.33,20.61,0.00,0.06,-0.06,0.35,1.68,20.75,1018.00,1008.00,1020.00,1011.00
421065,0,0.26,2.40,20.61,0.19,-0.13,-0.06,0.39,1.76,20.75,1018.00,1008.00,1020.00,1011.00
421110,0,0.28,2.45,20.61,0.13,0.00,0.13,0.41,1.79,20.75,1018.00,1008.00,1020.00,1011.00
421308,0,0.40,2.69,20.62,0.1,-0.13,-0.06,0.54,2.06,20.76,1017.00,1008.00,1020.00,1011.00
421446,0,0.47,2.83,20.62,0.00,-0.06,0.06,0.60,2.19,20.76,1017.00,1007.0,1020.00,1011.00
421532,0,0.50,2.90,20.62,-0.19,-0.19,0.00,0.63,2.25,20.76,1017.00,1007.00,1020.00,1011.00
421660,0,0.54,2.99,20.62,0.19,0.25,-0.06,0.67,2.34,20.76,1017.00,1007.00,1020.00,1011.00
421686,0,0.55,3,20.63,-0.06,0.00,0.06,0.69,2.37,20.77,1017.00,1007.00,1020.00,1011.00
421769,0,0.567,3.05,20.63,0.19,-0.13,0.13,0.70,2.42,20.77,1017.00,1007.00,1020.00,1012.00
421814,0,0.57,3.07,20.63,-0.19,0.00,0.,0.71,2.44,20.77,1017.00,1007.00,1020.00,1012.00
421948,0,0.58,3.08,20.63,-0.19,0.00,0.00,0.72,2.44,20.7.77,1017.00,1007.00,1020.00,1012.00
421991,0,0.62,3.16,20.63,-0.13,0.06,0.00,0.76,2.52,20.77,10117.00,1007.00,1020.00,1012.00
422015,0,0.63,3.17,20.63,0.06,-0.06,0.13,0.76,2.54,20.77,1017.00,1007.00,1020.00,10120
422043,0,0.63,3.18,20.63,-0.06,0.19,0.06,0.77,2.55,20.77,1017.00,1007.00,1020.00,1012.00
422190,0,00.66,3.25,20.63,-0.06,-0.06,0.06,0.79,2.61,20.77,1017.00,1007.00,1020.00,1012.00
422629,0,0.71,3.35,20.63,-0.13,-0.06,0.06,0.85,2.72,20.77,1017.00,1007.00,1020.00,1012.00
422694,0,0.72,3.37,20.63,0.00,0.00,0.06,0.86,2.74,20.77,1017.00,1007.00,1020.00,1012.00
422790,0,0.73,3.39,20.63,0.00,0.00,0.13,0.87,2.76,20.77,1017.00,1007.00,1020.00,1012.00
422813,0,0.73,3.40,20.63,0.00,0.06,0.00,0.87,2.76,20.77,1017.00,1007.00,1020.00,1012.00
422852,0,0.73,3.40,20.63,-0.0,-0.06,0.13,0.87,2.77,20.77,1017.00,1007.00,1020.00,1012.00
422917,0,0.74,3.41,20.64,0.06,0.00,0.00,0.8.88,2.78,20.78,1017.00,1007.00,1020.00,1012.00
422945,0,0.74,3.41,20.64,-0.13,0.00,0.06,0.88,2.78,20.78,1017.00,1007.00,1020.00,1012.00
423139,0,0.74,3.41,20.64,0.19,0.06,0.06,0.88,2.78,20.78,1017.00,1007.00,1020.00,1012.00
423164,0,0.74,3.41,20.64,-0.19,-0.13,0.06,0.88,2.78,20.78,1017.00,1007.00,1020.00,1012.00
423187,0,0.74,3.41,264,-0.06,0.06,-0.06,0.88,2.78,20.78,1017.00,1007.00,1020.00,1012.00
423404,0,0.73,3.41,20.63,0.25,0.,-1.12,0.87,2.78,20.70,1017.00,1007.00,1020.00,1012.00
423519,0,0.73,3.39,20.72,0.31,-0.13,0.19,0.87,2.76,.86,1017.00,1007.00,1020.00,1012.00
423600,0,0.71,3.40,20.73,0.69,-0.31,-0.37,0.86,2.77,20.85,1017.0.00,1007.00,1020.00,1011.00
423627,0,0.70,3.30,20.77,0.75,-6.06,-3.19,0.84,2.73,20.89,1018.00,1008.00,1020.00,1010..00
423674,0,0.77,2.81,21.60,-1.19,-13.75,-25.12,0.84,2.46,21.13,1024.00,1012.00,1016.00,1004.00
423743,0,2.41,0.30,30.29,-15.88,-43.69,-176.75,2.15,0.61,27.22,1058.00,1005.01007.00,1007.00,1000.00
424309,0,56.76,-33.65,-99.92,233.81,75.56,17.62,61.80,-34.94,-101.19,1000.00,1054.00,1015.00,1014.00
424659,0,-44.18,-0.99,177.64,-135.37,-14.56,51.44,-46.41,-0.57,178.57,1047.00,1000.00,1052.00,1000.00
426835,0,48.43,-45.38,-161.05,388.25,-85.25,-181.94,56.60,-41.98,-161.91,1000.00,1233.00,1000.00,1000.00
427566,0,-4.70,-4.31,-167.05,-6.75,42.06,9.63,-4.70,-5.77,-16,1000.00,1048.00,1000.00,1060.00
428283,0,0.35,2.92,-166.92,0.13,-0.13,0.13,0.48,2.29,-166.78,1000.00,1053.00,1000.0000.00,1057.00
428335,0,0.36,2.94,-166.92,0.06,-0.06,0.00,0.50,2.31,-166.78,1000.00,1053.00,1000.00,1057.00
428364,0,0.38,2.96,-166.92,-0.13,0.13,0.13,0.51,2.33,-166.78,1000.00,1053.00,1000.00,1057.00
428431,0,0.44,3.06,-166.91,0.00,0.06,0.06,0.58,2.43,-166.77,1000.000.00,1053.00,1000.00,1057.00
428792,1,0.57,3.27,-166.9-166.91,0.06,0.13,0.37,0.71,2.64,-166.77,1000.00,1053.00,1000.00,1057.00
428818,1,0.57,3.28,-166.91,0.00,-0.13,0.19.31,0.71,2.65,-166.77,1000.00,1053.00,1000.00,1057.00
428937,1,0.61,3.35,-166..90,-0.06,0.06,-0.13,0.75,2.72,-166.76,1000.00,1066.00,1000.00,1071.00
429044,1,0.64,3.41,-166.90,-0.19,-0.13,0.37,0.78,2.78,-166.76,1142.00,1224.00,1145.00,1229.00
429083,1,0.63,3.32,-166.90,3.37,-4.25,0.50,0.80,2.76,-166.74,1157.00,1237.00,1157.00,1241.00
429157,1,0.65,3.37,-166.88,-0.25,0.62,-0.37,0.78,2.71,-166.76,1156.00,1238.00,1159.00,124243.00
429861,1,0.68,3.54,-166.90,0.37,-0.19,0.0.25,0.82,2.91,-166.76,1199.00,1281.00,1203.00,1286.00
430085,1,0.67,3.53,-166.891,0.37,-0.31,0.88,0.81,2.90,-166.75,1259.00,1341.00,1263.00,1345.00
430181,1,0.68,3.57,-166.89,1.81,-0.94,-1.37,0.83,2.96,-166.84,1292.00,1373.00,1297.00,1381.00
430208,1,0.72,3.583.58,-166.89,2.00,-0.44,1.31,0.86,2.95,-166.81,1294.00,1374.00,1296.00,1381.00
430322,1,0.65,3.58,-166.92,-1.00,0.06,1.56,0.77,2.93,-166.82,1295.00,1377.00,1298.00,1382.00
430766,1,0.66,3.57,-166.91,-0.31,-1.00,1.44,0.80,2.95,-166.82,1295.000,1377.00,1298.00,1382.00
431001,1,0.66,3.66,-166.93,-0.37,-0.13,1.25,0.80,3.3.03,-166.79,1331.00,1413.00,1334.00,1418.00
431465,1,0.65,3.72,-16-166.95,0.37,0.19,-0.19,0.79,3.09,-166.82,1399.00,1480.00,1403.00,1486.00
431674,1,0.67,3.70,-166.96,0.37,0.31,1.37,0.81,3.07,-166.79,1398.00,1481.00,1403.00,1486.00
431699,1,0..64,3.74,-166.96,0.81,1.19,0.50,0.80,3.08,-166.88,1398.00,1480.00,1403.00,1486.00
431934,1,0.62,3.77,-166.99,0.75,0.69,0.88,0.77,3.12,-166.84,1448.00,1529.00,1451.00,1535.00
432615,1,0.55,3.79,-166.97,-0.094,1.37,0.19,0.69,3.16,-166.90,1513.00,1594.00,1517.00,1600.00
432823,1,0.53,3.78,-167.19,0.00,0.37,2.62,0.67,3.15,-166.99,1537.00,1618.00,1538.00,1623.00
432946,1,0.45,3.97,-168.38,-0.31,0.94,10.06,0.60,3.30,-168.05,1551.00,1634.00,1556.00,1642.00
432973,1,0.38,3.98,-168.72,1.75,0.19,12.25,0.54,3.35,-168.53,1553.00,1638.00,1558.00,1643.00
433066,1,0.32,4.92,-171.84,3.06,9.56,23.37,0.51,4.20,-171.47,1568.00,1656.00,158584.00,1671.00
433311,1,-3.43,6.82,179.22,13.014.81,3.31,53.81,-3.29,6.19,179.36,1663.00,1596.00,1690.00,1595.00
433658,1,-2.35,8.47,169.28,-9.06,-0.37,3.12,-2.38,7.84,169169.42,1682.00,1595.00,1689.00,1610.00
433758,1,2.51,5.49,169.73,-44.50,-26.12,-8.06,1.77,5.37,169.74,1714.00,1593.00,1661.00,1612.00
433884,1,5.28,3.31,171.11,-1.25,-10.31,-16.75,5.41,2.89,170.94,1697.00,1598.00,161681.00,1601.00
433999,1,3.76,3.21,173.43,13.94,2.06,-24.81,4.09,2.54,173.34,1683.00,1601599.00,1695.00,1599.00
434429,1,-0.08,-0.78,178.85,2.12,7.00,45.88,0.08,-1.48,179.44,1696.00,1621.00,1708.00,1619.001622.00
434456,1,0.22,-0.47,176.89,-8.37,8.25,52.38,0.14,-1.27,178.03,1700.00,1616.00,1702.00,1626.00
434699,1,4.82,1.64,169.36,9.63,12.38,26.56,5.11,0.73,170.00,1703.00,1618.00,170713.00,1632.00
434924,1,1.37,4.28,165.47,5.12,2.06,10.56,1.57,3.63,165.72,1701.00,162.00,1712.00,1630.00
435041,1,1.86,4.51,164.75,-10.88,4.94,3.56,1.90,3.83,164.92,1708.00,1617.00,1707.00,1637.00
435158,1,1.76,5.06,164.75,10.75,7.31,-2.75,2.11,4.30,164.84,1701.00,1622.00,1715.8.00,1630.00
435268,1,0.64,5.37,165.38,4.56,0.25,-7.75,0.82,4.75,165.45,1703.00,1623.00,1713.00,1628.00
435384,1,0.31,5.18,166.74,2.75,-1.56,-14.06,0.48,4.57,166.61,1706.00,1623.0.00,1713.00,1627.00
435502,1,0.17,4.98,168.77,-1.69,-3.37,-18.37,0.24,4.41,168.54,1708709.00,1622.00,1711.00,1626.00
435620,1,0.27,4.68,170.93,4.56,-3.31,-21.69,0.43,4.09,17171.07,1710.00,1625.00,1716.00,1625.00
435838,1,-0.39,3.86,176.23,-12.00,-7.50,-28.56,-0.38,3.30,176.09,1718.00,1622.00,1711.00,1625.00
436414,1,-3.85,4.09,179.73,6.06,-5.37,38.31,-3.52,3.63,-179.41,1618.00,1721.00,1626.00,1711.00
436528,1,-3.16,2.96,174.92,-19.56,-10.50,33.94,-3.37,2.58,175.71,1718.00,1626.0626.00,1701.00,1631.00
436773,1,-1.45,4.64,168.50,-10.2511.38,17.19,21.69,-1.31,4.01,168.64,1700.00,1614.00,1718.00,1644.00
436873,1,-0.25,5.78,166.54,-14.56,6.31,18.12,-0.37,5.00,167.03,1706.00,1615.00,1712.00,1643.00
436913,1,0.01,5.89,166.05,-8.44,3.87,16.06,0.09,5.22,166.35,1708.00,1619.00,1710.00,1639.00
436989,1,0.66,6.00,163.72,-3.62,1.69,7.44,0.77,5.35,163.93,1707.00,1622.00,1711.00,1636.00
437019,1,0.69,6.10,163.51,-1.06,4.25,6.75,0.83,5.42,163.72,1704.00,1622.00,1713.00,1636.00
437107,1,0.48,6.46,163.16,4.12,4.69,3.00,0.70,5.75,163.29,1702.00,1623.00,1717.00,1635.00
437152,1,0.46,6.52,163.12,-1.37,1.56,1.37,0.60,5.85,163.29,1703.00,1624.00,1715.00,1634.00
437196,1,0.91,6.49,163.15,-12.13,-2.00,-0.94,0.80,5.91,163.27,1709.00,1621.00,1710.00,1637.01637.00
437222,1,1.29,6.39,163.20,-12.56,-3.19,-2.56,1.17,5.83,163.30,1712.00,1620.00,1706.00,1637.00
437334,1,1.93,5.98,163.68,3.06,-3.50,-5.25,2.13,5.41,163.71,1708.00,1625.00,1711.00,1631.00
437374,1,1.75,5.92,163.85,7.06,-1.37,-6.31,2.01,5.32,163.87,1706.00,1627.00,1714.00,1630.00
437450,1,1.54,5.80,164.48,3.06,-0.25,-9.44,1.71,5.18,164.44,1708.00,1625.00,1713.00,1631.00
437485,1,1.45,5.71,164.77,4.94,-3.81,-10.50,1.63,5.12,164.81,1707.00,1626.00,1714.00,1629.00
437688,1,-0.66,4.52,167.70,12.69,-7.31,-19.81,-0.41,3.96,167.65,1707.0008.00,1632.00,1716.00,1620.00
437906,1,-0.62,3.43,173.44,12.81,-2.56,-30.69,-0.25,2.83,172.99,1709.00,1627.00,1719.00,1621.00
438031,1,-2.17,3.77,177.40,11.13,0.56,-35.63,-1.99,3.05,176.84,1705.00,1627.00,1726.00,1611620.00
438294,1,0.26,4.01,-175.5.42,15.31,-0.56,-4.37,0.40,3.38,-175.33,1624.00,1714.00,1634.00,1715.00
438375,1,-1.82,3.81,-176.06,22.31,-1.81,16.00,-1.22,3.24,-175.70,1619.00,1727.00,1640.00,1709.00
438414,1,-2.45,3.71,-176.62,19.31,-3.19,21.19,-1.90,3.15,-176.09,1622.00,1730.00,1642.00,1714.00
438496,1,-2.63,3.55,-179.41,-13.81,1.94,39.81,-2.68,2.94,-178.5179.27,1630.00,1717.00,1629.00,1731.00
438756,1,-1.44,5.315.45,171.28,10.56,14.50,26.31,-1.30,4.68,171.67,1703.00,1632.00,1736.00,1645.00
438833,1,-2.14,5.96,169.27,-1.00,2.00,20.31,-2.02,5.32,169.73,1713.00,1635.00,1728.00,1644.00
438990,1,-1.86,5.91,168.74,-14.25,-2.37,17.06,-1.94,5.33,169.15,1718.00,1634.00,1723.00,1646.00
439854,1,1.08,4.92,169.00,-10.94,-10.38,-19.94,0.99,14.44,168.77,1720.00,1626.00,1726.00,1647.00647.00
440559,1,-0.73,1.79,170.45,7.37,29.06,34.13,-0.42,0.60,171.28,1701.00,1630.00,1736.00,1649.00
440606,1,-0.89,2.66,169.49,1.94,30.87,31.50,-0.72,1.73,169.94,1700.00,1626.00,1737.00,1653.00
440892,1,1.46,7.76,164.86,-7.44,11.88,3.41.87,1.60,7.13,165.00,1712.00,1624.00,1727.00,1653.00
441032,1,1.70,9.29,165.60,0.50,9.88,-11.31,1.81,8.47,165165.67,1710.00,1625.00,1731.00,1649.00
441287,1,3.97,8.75,171.44.23,7.25,-2.06,-40.19,4.11,16.31,171.51,1713.00,1622.00,1736.00,1645.00
441341,1,3.82,8.15,174.45,7.81,-9.44,-48.13,4.00,17.76,173.60,1712.00,1622.00,1734.00,1639.001638.00
441367,1,3.90,7.65,175.95,2.50,-15.63,-53.00,3.97,18.00,175.01,1717.00,1623.00,1732.00,1637.00
442742,1,6.17,2.30,173.28,-14.94,12.69,29.00,6.04,13.27,173.93,1704.00,1604.00,1715.00,1653.00
442869,1,8.27,4.03,171.63,-30.06,13.75,8.88,8.12,14.17,171.83,1709.00,1595.00,1712.002.00,1660.00
443203,1,13.64,5.05,177.39,2.12,-2.81,-39.13,13.77,15.46,177.17,1714.00,1605.00,1718.00,1640.00
443359,1,13.57,4.50,178.94,7.56,-4.69,-43.75,13.77,15.15,178.29,1713.00,1607.00,1719.00,1637.00
443896,1,0.74,7.77,-173.22,18.44,16.25,18.62,1.31,6.82,-172.-173.15,1605.00,1706.00,1644.00,1720.00
444128,1,-0.25,9.17,-175.55,3.19,14.9,-175.88,8.13,13.13,33.63176.44,1602.00,1704.00,1637.00,1721.00
444297,1,-2.62,9.89,-179.57,24.56,2.00,48.50,-1.85,9.26,-178.49,1598.00,1713.00,1635.00,1711.00>708.00
445027,1,-11.14,10.06,164.73,-11.94,9.25,11.13,-11.10,9.35,165.00,1536.00,1461.00,1564.00,1479.00
446202,0,-0.44,4.49,174.93.93,-0.13,-0.19,0.19,-0.30,3.86,175.07,1054.00,1000.00,1060.00,1000.00
446412,0,-0.20,4.47,174.95,-0.0.19,-0.06,-0.06,-0.04,3.84,175.09,1055.00,1000.00,1060.00,1000.00
446871,0,0.19,4.45,174.98,0.06,-0.06,0.13,0.32,3.82,175.12,1055.00,1000.00,1060.00,1000.00
446905,0,0.20,4.45,174.98,0.13,-0.06,0.13,0.34,3.82,175.12,1055.00,1000.00,1060.00,1000.00
447057,0,0.29,4.45,174.99,0.13,-0.06,0.06,0.42,3.81,175.13,1055.00,1000.00,1060.00,1000.00
447097,0,0.30,4.45,174.99,0.00,-0.06,0.00,0.44,3.82,175.13,1055.00,1000.00,1060.00,1000.00
447122,0,0.31,4.45,174.9,0.06,0.00,0.00,0.45,3.82,175.13,1055.00,1000.00,1060.00,1000.00
447575,0,0.48,4.43,175.01,0.06,-0.19,0.06,0.62,3.80,175.15,1055.00,1000.00,1060.00,1000.00
448261,0,0.55,4.43,175.01,0.13,-0.25,-0.06,0.69,3.80,175.15,1055.00,1000.00,1060.000,1000.00
448446,0,0.55,4.43,175.01,-0.06,0.13,0.06,0.69,3.80,175.15,1055.00,1000000.00,1060.00,1000.00
448488,0,0.55,4.43,175.01,0.06,0.13,0.13,0.69,3.80,175.15,1055.00,1000.00,1060.00,1000.00
448514,0,0.55,4.43,175.01,-0.25,0.00,0.00,0.69,3.80,175.15,1055.00,1000.00,1060.00,1000.00
448716,0,0.55,4.43,175.01,-0.06,0.00,-0.06,0.69,3.80,175.15,1055.00,1000.00,1060.00,1000.00
448751,0,0.55,4.43,175.01,-0.13,0.00,-0.06,0.69,3.80,175.15,1055.00,1000.00,1060.00,1000.00
448974,0,0.55,4.43,175.01,0.00,-055,4.43,9,3.80,175.15,1055.00,1000.00,1060.00,1000.00
449067,0,0.57,4.43,175175.02,0.25,-0.06,-0.81,0.71,3.80,175.16,1055.00,1000.00,1060.00,1000.00
449096,0,0.57,4.43,175.02,0.25,0.06,0.50,00.71,3.80,175.16,1055.00,1000.00,1060.00,1000.00
450122,0,-8.65,16.51,-1.90,50.31,-51.81,-169.94,-8.54,16.12,-3.54,1010.00,1041.00038.00,1036.00,1000.00
450595,0,-7.31,7.27,21.27,-86.44,32.88,56.00,-8.76,6.18,22.21.41,1022.00,1000.00,1008.00,1062.00
450806,0,-0.67,13.91,15.37,-5.87,0.13,-14.50,-0.75,13.23,15.27,1010.00,1000.00,1027.00,1029.00
451056,0,-0.97,1.77,20.30,-20.19,-23.25,-8.44,-1.20,1.55,20.220.44,1037.00,1012.00,1003.00,1005.00
451388,0,-18.73,-0.64,24.87,13.88,19.87,9.06,-18.46,-1.43,25.16,1000.00,1022.00,1046.00,1000.002.00
451427,0,-18.90,0.03,24.38,0.50,19.37,4.75,-18.73,-0.93,24.74,1000.00,1012.00,1041.00,1006.00
451530,0,-17.27,1.47,23.54,-45.00,26.00,8.25,-17.57,0.63,23.84,1010.0014.00,1000.00,1025.00,1029.00
451631,0,-8.91,2.15,19.96,-78.19,-6.12,45.63.06,-8.77,1.52,20.10,1041.00,1000.00,1000.00,1034.00
451749,0,-0.77,3.50,13.84,-62.5.75,48.88,51.63,-0.63,2.87,13.98,1013.00,1000.00,1014.00,1061.00
451865,0,3.66,9.28,9.63,-3124.56,33.31,21.31,3.80,8.65,9.77,1000.00,1000.00,1029.00,1056.00
451972,0,4.55,9.31,8.62,11.44,-22.69,-.81,4.69,8.68,8.76,1019.00,1017.00,1014.00,1006.00
452093,0,1.64,6.39,9.77,26.87,-36.56,-13.25,2.78,5.76,9.91,1021.00,1033.00,1014.00,1000.00
452539,0,-13.61,-2.08,10.70,9.81,1.62,21.44,-13.25,-2.58,11.25,1009.00,1035.00,1021.00,1000.00
452587,0,-13.61,-1.92,10.10,-3.25,11.56,17.37,-13.51,-2.61,10.42,1004.00,1020.00,1026.00,1006.00
452780,0,-10.41,2.50,5.23,-28.69,77.25,31.87.25,-10.27,1.87,5.37,1000.00,1000.00,1046.00,1058.00
452895,0,-4.63,7.08,0.58,-78.56,26.44,3735.88,-4.49,6.45,0.72,1020.00,1000.00,1003.00,1061.00
453031,0,2.31,8.60,-2.88,-38.00,12.44,19.19,2.45,7.97,-2.74,1015.00,1000.00,1009.00,1043.00
453141,0,5.14,9.06,-4.59,-25.81,0.162,16.12,5.28,8.43,-4.45,1018.00,1000.00,1006.00,1035.00
453248,0,6.90,5.69,-7.15,-106.31,-59.38,24.69,7.04,5.06,-7.01,1042.00,1032.00,1000.00,1003.00
453365,0,3.56,-1.57,-11.5-11.96,48.88,-64.19,36.44,3.70,-2.20,-11.43,1027.00,1069.00,1000.00,1000.00
453463,0,0.26,-5.12,-14.98,20.25,0.62,29.12,0.78,-5.67,-14.26,1013.00,1043.00,1004.00,1000.00>.00
453501,0,-0.16,-4.71,-15.74,15.31,18.62,24.81,0.11,-5.52,-15.36,1002.00,1026.00,1015.00,1014.00
453797,0,0.88,-3.01,-21.74,13.44,15.06,47.37,1.21,-3.93,-20.73,1001.00,1022.00,1013.00,1023.00
453832,0,0.64,-2.712.59,-23.32,15.00,11.88,57.88,0.78,-3.34,-22.62,1000.00,1024.00,1015.00,1024.00
453916,0,1.45,-1.88,-29.39,-24.75,6.62,76.69,1.02,-2.67,-27.75,1010.00,1018.00,1000.00,1037.00
453957,0,2.55,-1.62,-31.72,-38.63,4.75,81.56,1.93,-2.42,-30.01,1014.00,1015.00,1000.00,1043.00
454042,0,5.36,-0.22,-38.19,-25.81,33.38,86.75,5.25,-1.25,-37.24,1005.00,10091005.00,1004.00,1061.00
454373,0,-1.88,3.46,-79.62,32.81,71.69,163.19,-1.34,2.18,-77.88,1000.00,1028.00,1024.00,1069.00
454413,0,-2.89-4.04,6.09,-86.04,43.63,77.06,161.37,-2.75,4.18,-82.70,1000.00,1026.00,1041.00,1073.00
454728,0,-3.23,6.51,-124.20,0.56,-18.62,73.94,-2.94,6.31,-122.59,1000.00,1057.00,1000.00,1050.00>46.00
454979,0,3.42,2.32.33,-131.28,-6.87,-2.94,1.56,3.56,1.68,-131.11,1000.00,1046.00,1000.00,1052.00
455110,0,3.57,2.17,-131.23,-0.13,-0.62,-0.62,3.71,1.55,-131.11,1000.00,1046.00,1000.00,1052.00
455163,0,3.56,2.17,-132.03,0.13,0.37,-1.12,3.70,1.54,-131.13,1000.1000.00,1046.00,1000.00,1053.00
455191,0,3.56,2.18,-132.06,0.25,-0.31,0.75,3.70,1.54,-131.90,1000.00,1047.00,1000.0.00,1053.00
455306,0,3.56,2.20,-134.61,0.31,0.00,-0.62,3.70,1.58,-133.53,1000.00,101047.00,1000.00,1053.00
455394,0,3.49,2.28,-134.62,0.13,-0.06,0.37,3.65.63,1.65,-134.48,1000.00,1047.00,1000.00,1053.00
455422,0,3.46,2.31,-134.62,0.13,0.13,0.00,3.62,1.67,-134.48,1000.0.00,1047.00,1000.00,1053.00
455659,0,3.23,2.52,-135.83,0.06,0.13,-0.19,3.39,11.89,-135.69,1000.00,1047.00,1000.00,1054.00
455770,0,3.16,2.59,-135.83,-0.06,-0.06,0.0.13,3.30,1.96,-135.69,1000.00,1047.00,1000.00,1054.00
455869,0,3.12,2.642.65,-136.15,0.19,0.19,0.19,3.26,2.01,-136.01,1000.00,1047.00,1000.00,1054.00
455895,0,3.11,2.66,-136.15,0.19,-0.0606,0.00,3.25,2.03,-136.01,1000.00,1047.00,1000.00,1054.00
456008,0,3.05,2.71,-136.8.80,0.06,-0.06,0.06,3.19,2.08,-136.66,1000.00,1047.00,1000.00,1054.00
456099,0,3.02,2.76,-136.80,-0.13,0.13,0.06,3.16,2.12,-136.66,1000.00,1047.00,1000.00,1054.00
456214,0,2.97,2.79,-137.19,-0.31,0.00,-0.06,3.12,2.16,-137.05,1000.00,1048.00,1000.00,1054.00
456305,0,2.95,2.83,-137.68,0.06,-0.06,0.00,3.09,2.19,-137.51,1000.00,1048.00,10001000.00,1054.00
456341,0,2.93,2.83,-137.68,-0.06,0.06,0.00,3.08,2.20,-137.54,1000.00,1047.00,1000.00,1054.00
456374,0,2.92,2.84,-138.12,-0.19,0.00,0.00,3.07,2.21,-137.98,1000.00,1048.00,1000.00,1054.00
456463,0,2.90,2.87,-138.12,0.00,0.06,0.00,3.05,2.23,-137.98,1000.00,1047.00,1000.00,1055054.00
456492,0,2.89,2.88,-138.12,-0.06,0.13,-0.13,3.04,2.25,-137.98,1000.00,1048.00,1000.00,1054.00
456540,0,2.88,2.89,-138.12,0.00,0.00,0.13,3.02,2.26,-137.98,1000.000.00,1048.00,1000.00,1054.00
456565,0,2.87,2.90,-138.18,0.00,0.13,-0.13,3.01,2.26,-138.04,1000.00,1048.00,1000.000,1054.00
456688,0,2.85,2.93,-138.19,0.06,-0.06,0.06,2.99,2.30,-138.05,1000.00,1048048.00,1000.00,1054.00
457011,0,2.78,2.99,-138.138.82,-0.13,-0.19,0.06,2.92,2.36,-138.68,1000.00,1048.00,1000.00,1055.00
457038,0,2.78,3.00,-138.82,0.06,0.00,0.0013,2.92,2.37,-138.68,1000.00,1048.00,1000.00,1055.00
457174,0,2.78,3.00,-138.87,0.13.06,0.00,0.06,2.92,2.37,-138.73,1000.00,1048.00,1000.00,1055.00
457287,0,2.78,3.00,-138.8138.86,-0.19,0.00,0.06,2.92,2.37,-138.72,1000.00,1048.00,1000.00,1055.00
457364,0,2.78,3.00,-139.11,0.00,0.06,-0.06,2.92,2.37,-138.97,1000.00,1048.00,1000.00,1055.00
457412,0,2.7.78,3.00,-139.28,0.31,-0.06,0.00,2.92,2.37,-138.97,1000.00,1048.00,1000.00,1055.00
457455,0,2.78,3.00,-139.28,-0.06,-0.06,0.06,2.92,2.37,-139.14,1000.00,1048.00,1000.0000.00,1055.00
457482,0,2.78,3.00,-139.28,0.06,-0.19,0.13,2.92,2.37,-139.14,1000.00,1048.00,1000.00,1054.00
457512,0,2.78,3.00,-139.29,0.06,-0.13,0.00,2.92,2.37,-139.15,1000.00,1048.00,1000.00,1055.00
457604,0,2.78,3.00,-139.32,0.06,0.06,0.06,2.92,2.37,-139.18,1000.00,1048.00,1000.00,1055055.00
457643,0,2.78,3.00,-139.32,-0.25,-0.06,0.13,2.92,2.37,-139.18,1000.00,1048.00,1000.00,1055.00
457837,0,2.78,3.00,-139.63,0.13,0.00,0.06,2.92,2.37,-139.49,100000.00,1048.00,1000.00,1055.00
457953,0,2.78,3.00,-139.63,-0.13,0.06,-0.06,2.92,2.37,-139.9.49,1000.00,1048.00,1000.00,1055.00
458075,0,2.78,3.00,-139.63,-0.25,0.00,0.06,2.9.92,2.37,-139.49,1000.00,1048.00,1000.00,1055.00
458203,0,2.78,3.00,-139.63,0.13,0.0.00,0.00,2.92,2.37,-139.49,1000.00,1048.00,1000.00,1055.00
458307,0,2.78,3.00,-139.39.63,-0.06,0.00,0.00,2.92,2.37,-139.49,1000.00,1048.00,1000.00,1055.00
458373,0,2.78,3.00,-139.63,0.00,-0.06,-0.13,2.92,2.37,-139.49,1000.00,1048.00,1000.00,1055.00055.00
458403,0,2.78,3.00,-139.63,0.06,0.00,-0.13,2.92,2.37,-139.49,1000.00,1048.00,1000.00,1055.00
458434,0,2.7.78,3.00,-139.63,0.06,-0.13,0.00,2.92,2.37,-139.49,1000.00,1048.00,1000.00,1055.00
458517,0,2.78,3.00,-139.63,0.06,0.13,-0.13,2.92,2.37,-139.49,1000.00,1048.00,1000.00,1055.00
458557,0,2.78,3.00,-139.63,0.31,-0.06,0.00,2.92,2.37,-139.49,1000.00,1048.00,1000.00,1055.00
458637,0,2.78,3.00,-139.63,0.00,0.06,0.06,2.92,2.37,-139.49,1000.00,1048.00,1000.00,1055.000
458665,0,2.78,3.00,-139.63,-0.06,-0.06,0.06,2.92,2.37,-139.49,1000.00,1048.00,1000.00,1055.00
458726,-0.13,-0.06,0.00,2.92,2.37,-139.49,1000.00,1048.00,1000.00,19,1000.00,1048.00,1000.00,1055.00
458754,0,2.78,3.00,-139.63,0.00,0.13,0.19,2.92,2.37,-139.49,1000.00,1048.00,1000.0.00,1055.00
458890,0,2.78,3.00,-139.63,0.25,-0.06,0.06,2.92,2.37,-139.49,1000.00,10448.00,1000.00,1055.00
458989,0,2.78,3.00,-139.63,0.25,0.06,0.06,2.92,2.37,-139.49,100000.00,1048.00,1000.00,1055.00
459119,0,2.78,3.00,-139.63,-0.06,0.06,-0.06,2.92,2.37,-13939.49,1000.00,1048.00,1000.00,1055.00
459342,0,2.78,3.00,-139.63,-0.13,0.06,0..00,2.92,2.37,-139.49,1000.00,1048.00,1000.00,1055.00
459669,0,2.78,3.00,-139.63,-0.06,0.00,0.06,2.92,2.37,-139.49,1000.00,1048.00,1000.00,1055.00
459706,0,2.78,3.0.00,-139.63,0.00,0.06,0.06,2.92,2.37,-139.49,1000.00,1048.00,1000.00,1055.00
459759,0,2.78,3.00,-139.63,0.06,0.06,0.00,2.92,2.37,-139.49,1000.00,1048.00,1000.00,1055.0055.00
459785,0,2.78,3.00,-139.63,-0.13,0.06,0.13,2.92,2.37,-139.49,1000.00,1048.00,1000.00,1055.00
459819,0,2.7.78,3.00,-139.63,0.00,-0.06,0.06,2.92,2.37,-139.49,1000.00,1048.00,1000.00,1055.00
459901,0,2.78,3.00,-139.63,0.00,-0.13,-0.06,2.92,2.37,-139.49,1000.00,1048.00,1000.00,1055.00
459937,0,2.78,3.00,-139.63,0.06,-0.06,0.13,2.92,2.37,-139.49,1000.00,1048.00,1000.00,1055.00
459989,0,2.78,3.00,-139.63,0.00,0.13,0.00,2.92,2.37,-139.49,1000.00,1048.08.00,1000.00,1055.00
460067,0,2.78,3.00,-139.63,-0.06,0.06,-0.06,2.92,2.37,-139.49,1000.00,1048.00,1000.00,1055.00
460138,0,2.78,3.00,-139.63,-0.13,0.06,-0.06,2.92,2.37,-139.49,1000.00,1048.00,101000.00,1055.00
460374,0,2.78,3.00,-139.63,0.06,0.00,0.06,2.92,2.37,-139.49.49,1000.00,1048.00,1000.00,1055.00
460484,0,2.78,3.00,-139.63,-0.06,0.06,-0.13,2.92,2.2.37,-139.49,1000.00,1048.00,1000.00,1055.00
460835,0,2.78,3.00,-1339.63,-0.19,0.06,-0.06,2.92,2.37,-139.49,1000.00,1048.00,1000.00,1055.00
460905,0,2.78,3.00,-139.63,0.06,-0.06,-0.06,2.92,2.37,-139.49,1000.00,1048.00,1000.00,1055.005.00
460930,0,2.78,3.00,-139.63,0.00,0.00,0.06,2.92,2.37,-139.49,1000.00,1048.00,1000.00,1055.00
461048,0,2.78,3.00,-139.63,0.13,-0.06,0.00,2.92,2.37,-139.49,1000.00,1048.00,1000.00,1055.00
461088,0,2.78,3.00,-139.63,0.06,0.00,-0.06,2.92,2.37,-139.49,1000.00,1048.00,1000.00,1055.00
