micros,flip,phase,spf_roll,roll_abs,roll,spf_r_rate,gxrs,error_roll,error_r_rate,m1,m2,m3,m4
20,0,0,0.00,0.00,0.00,0.00,0.00,0.00,0.00,0.00,0.00,0.00,0.00
41,0,0,0.00,0.00,0.00,0.00,0.00,105.00,0.00,1000.00,1000.00,1000.00,1000.00
63,0,0,0.00,0.00,0.00,0.00,0.00,105.00,0.00,1000.00,1000.00,1000.00,1000.00
84,0,0,0.00,0.00,0.00,0.00,0.00,-0.63,0.00,1022.00,1022.00,1022.00,1022.00
104,0,0,0.00,0.00,0.00,0.00,0.00,-0.56,0.00,1022.00,1022.00,1022.00,1022.00
124,0,0,0.00,0.00,0.00,0.00,0.00,-0.56,0.00,1022.00,1022.00,1022.00,1022.00
144,0,0,0.00,0.00,0.00,0.00,0.00,-0.63,0.00,1022.00,1022.00,1022.00,1022.00
164,0,0,0.00,0.00,0.00,0.00,0.00,-0.56,0.00,1022.00,1022.00,1022.00,1022.00
185,0,0,0.00,0.00,0.00,0.00,0.00,-0.56,0.00,1022.00,1022.00,1022.00,1022.00
204,0,0,0.00,0.00,0.00,0.00,0.00,-0.56,0.00,1022.00,1022.00,1022.00,1022.00
226,0,0,0.00,0.00,0.00,0.00,0.00,-0.56,0.00,1022.00,1022.00,1022.00,1022.00
248,0,0,0.00,0.00,0.00,0.00,0.00,-0.63,0.00,1022.00,1022.00,1022.00,1022.00
269,0,0,0.00,0.00,0.00,0.00,0.00,-0.63,0.00,1022.00,1022.00,1022.00,1022.00
290,0,0,0.00,0.00,0.00,0.00,0.00,-0.56,0.00,1022.00,1022.00,1022.00,1022.00
310,0,0,0.00,0.00,0.00,0.00,0.00,-0.63,0.00,1022.00,1022.00,1022.00,1022.00
332,0,0,0.00,0.00,0.00,0.00,0.00,-0.63,0.00,1022.00,1022.00,1022.00,1022.00
354,0,0,0.00,0.00,0.00,0.00,0.00,-0.63,0.00,1022.00,1022.00,1022.00,1022.00
376,0,0,0.00,0.00,0.00,0.00,0.00,-0.63,0.00,1022.00,1022.00,1022.00,1022.00
402,0,0,0.00,0.00,0.00,0.00,0.00,-0.63,0.00,1022.00,1022.00,1022.00,1022.00
423,0,0,0.00,0.00,0.00,0.00,0.00,-0.56,0.00,1022.00,1022.00,1022.00,1022.00
450,0,0,0.00,0.00,0.00,0.00,0.00,-0.56,0.00,1022.00,1022.00,1022.00,1022.00
475,0,0,0.00,0.00,0.00,0.00,-3.81,-0.56,0.00,1022.00,1022.00,1022.00,1022.00
499,0,0,0.00,0.00,0.00,0.00,-3.81,-0.56,-3.81,1021.00,1023.00,1023.00,1021.00
525,0,0,0.00,0.00,0.00,0.00,-7.94,-0.56,-3.81,1021.00,1023.00,1023.00,1021.00
550,0,0,0.00,0.00,0.00,0.00,-7.63,-0.56,-7.94,1019.00,1025.00,1025.00,1019.00
575,0,0,0.00,0.00,-0.03,0.00,-6.44,-0.56,-7.63,1019.00,1025.00,1025.00,1019.00
598,0,0,0.00,0.00,-0.13,0.00,-5.62,-0.59,-6.44,1020.00,1024.00,1024.00,1020.00
618,0,0,0.00,0.00,-1.36,0.00,-3.62,-0.69,-5.62,1020.00,1024.00,1024.00,1020.00
643,0,0,0.00,0.00,-1.39,0.00,-2.62,-1.99,-3.62,1020.00,1024.00,1024.00,1020.00
665,0,0,0.00,0.00,-1.39,0.00,-0.50,-1.95,-2.62,1020.00,1024.00,1024.00,1020.00
688,0,0,0.00,0.00,-1.38,0.00,0.06,-1.95,-0.50,1021.00,1023.00,1023.00,1021.00
710,0,0,0.00,0.00,-1.37,0.00,1.69,-2.01,0.06,1021.00,1023.00,1023.00,1021.00
732,0,0,0.00,0.00,-1.31,0.00,2.69,-2.00,1.69,1022.00,1022.00,1022.00,1022.00
753,0,0,0.00,0.00,-1.28,0.00,3.62,-1.94,2.69,1022.00,1022.00,1022.00,1022.00
776,0,0,0.00,0.00,-1.18,0.00,4.56,-1.91,3.62,1022.00,1022.00,1022.00,1022.00
797,0,0,0.00,0.00,-1.12,0.00,6.12,-1.81,4.56,1022.00,1022.00,1022.00,1022.00
816,0,0,0.00,0.00,-1.05,0.00,7.12,-1.75,6.12,1023.00,1021.00,1021.00,1023.00
994,0,0,0.00,0.00,0.88,0.00,-0.62,0.33,0.19,1022.00,1022.00,1022.00,1022.00
1087,0,0,0.00,0.00,0.24,0.00,-8.13,-0.16,-7.81,1019.00,1025.00,1025.00,1019.00
1167,0,0,0.00,0.00,-0.90,0.00,-5.06,-1.43,-6.56,1019.00,1025.00,1025.00,1019.00
1197,0,0,0.00,0.00,-1.04,0.00,-2.69,-1.65,-3.25,1020.00,1024.00,1024.00,1020.00
1289,0,0,0.00,0.00,-0.79,0.00,6.19,-1.48,5.69,1023.00,1021.00,1021.00,10231023.00
1313,0,0,0.00,0.00,-0.58,0.00,7.56,-1.28,7.19,1024.00,1020.00,1020.00,1024.00
1402,0,0,0.00,0.00,0.44,0.00,7.87,-0.20,8.94,1025.00,1019.00,1019.00,1025.00
1466,0,0,0.00,0.00,0.96,0.00,1.19,0.31,2.25,1023.00,1021.00,1021.00,1023.00
1678,0,0,0.00,0.00,-0.77,0.00,-1.81,-1.30,-2.56,1021.00,1023.00,1023.00,1021.00
1845,0,0,0.00,0.00,0.62,0.00,7.00,-0.01,7.63,1025.00,1019.00,1019.00,1025.00
1910,0,0,0.00,0.00,0.95,0.00,0.00,0.32,0.50,1022.00,1022.00,1022.00,1022.00
1980,0,0,0.00,0.00,0.51,0.00,-6.00,-0.06,-5.94,1020.00,1024.00,1024.00,1020.00
2105,0,0,0.00,0.00,-0.52,0.00,-1.75,-1.04,-2.69,1021.00,1023.00,1023.00,1021.00
2194,0,0,0.00,0.00,-0.13,0.00,5.62,-0.87,5.25,1023.00,1021.00,1021.00,1023.00
2218,0,0,0.00,0.00,0.12,0.00,6.87,-0.64,6.19,1024.00,1020.00,1020.00,1024.00
2287,0,0,0.00,0.00,0.60,0.00,6.25,-0.02,6.75,1024.00,1020.00,1020.00,1024.00
2324,0,0,0.00.00,0.00,0.93,0.00,3.75,0.26,3.81,1023.00,1021.00,1021.00,1023.00
2364,0,0,0.00,0.00,1.02,0.00,0.69,0.44,2.06,1023.00,1021.00,1021.00,1023.00
2391,0,0,0.00,0.00,0.99,0.00,-1.75,0.38,-0.31,1022.00,1022.00,1022.00,1022.00
2480,0,0,0.00,0.00,0.32,0.00,-5.87,-0.20,-5.75,1020.00,1024.00,1024.00,1020.00
2532,0,0,0.00,0.00,-0.11,0.00,-4.06,-0.59,-,1021.00,1023.00,1023.00,1021.00
2642,0,0,0.00,0.00,-0.2-0.18,0.00,2.44,-0.83,1.50,1022.00,1022.00,1022.00,1022.00
2682,0,0,0.00,0.00,0.01,0.00,3.87,-0.64,3.56,1023.00,1021.00,1021.00,1023.00
2708,0,0,0.00,0.00,0.22,0.00,5.87,-0.46,5.44,1023.00,1021.00,1021.00,1023.00
2958,0,0,0.00,0.00,0.57,0.00,-4.62,0.03,-4.87,1021.00,1023.00,1023.00,1021.00
3109,0,0,0.00,0.00,0.19,0.00,3.31,-0.47,2.62,1022.00,1022.00,1022.00,1022.00
3185,0,0,0.00,0.00,0.74,0.00,5.06,0.01,5.12,1024.00,1020.00,1020.00,1024.00
3218,0,0,0.00,0.0.00,1.03,0.00,3.50,0.40,4.25,1023.00,1021.00,1021.00,1023.00
3256,0,0,0.00,0.00,1.13,0.00,2.37,0.55,2.50,1023.00,1021.00,1021.00,1023.00
3283,0,0,0.00,0.00,1.15,0.00,0.62,0.60,1.19,1022.00,1022.00,1022.00,1022.00
3462,0,0,0.00,0.00,0.28,0.00,-2.75,-0.21,-3.19,1021.00,1023.00,1023.00,1021.00
3535,0,0,0.00,0.00,0.15,0.00,0.31,-0.40,-0.500.31,1022.00,1022.00,1022.00,1022.00
3653,0,0,0.00,0.00,0.56,0.00,4.37,-0.11,4.44,1023.00,1021.00,1021.00,1023.00
3729,0,0,0.00,0.00,0.92,0.00,2.69,0.32,3.06,1023.00,1021.00,1021.00,1023.00
3828,0,0,0.00,0.00,0.91,0.00,-1.19,0.30,-0.75,1022.00,1022.00,1022.00,1022.00
4013,0,0,0.00,0.00,0.32,0.00,-3.00,-0.26,-2.81,1021.00,1023.00,1023.00,1021.00
4115,0,0,0.00,0.00,0.21,0.00,-0.56,-0.35,-0.81,1022.00,1022.022.00,1022.00,1022.00
4150,0,0,0.00,0.00,0.21,0.00,0.31,-0.35,0.31,1022.00,1022.00,1022.00,1022.00
4401,0,0,0.00,0.00,0.86,0.00,2.37,0.26,2.50,1023.00,1021.00,1021.00,1023.00
4511,0,0,0.00,0.00,0.86,0.00,-0.88,0.32,-0.56,1022.00,1022.00,1022.00,1022.00
4598,0,0,0.00,0.00,0.70,0.00,-2.25,0.12,-1.81,1022.00,1022.00,1022.00,1022.00
4708,0,0,0.00,0.00,0.40,0.00,-1.75,-0.12,-1.87,1022.00,1022.00,1022.00,1022.00
4861,0,0,0.00,0.00,0.31,0.00,1.25,-0.26,0.88,1022.00,1022.00,1022.00,1022.00
4904,0,0,0.00,0.00,0.37,0.00,2.31,-0.22,1.87,1022.00,1022.00,1022.00,1022.00
5047,0,0,0.00,0.00,0.67,0.00,2.50,0.01,2.62,1023.00,1021.00,1021.00,1023.00
5162,0,0,0.00,0.00,0.76,0.00,0.50,0.14,0.56,1022.00,1022.00,1022.00,1022.00
5516,0,0,0.00,0.00,0.37,0.00,0.06,-0.19,0.13,1022.00,1022.00,1022.00,1022.00
5625,0,0,0.00,0.00,0.49,0.00,2.19,-0.09,1.75,1022.00,1022.00,1022.00,1022.00
5734,0,0,0.00,0.00,0.66,0.00,1.81,0.08,1.75,1021022.00,1022.00,1022.00,1022.00
6203,0,0,0.00,0.00,0.60,0.00,0.13,0.04,0.19,1022.00,1022.00,1022.00,1022.00
6322,0,0,0.00,0.00,0.71,0.00,1.44,0.14,1.50,1022.00,1022.00,1022.00,1022.00
6582,0,0,0.00,0.00,0.77,0.00,-0.37,0.21,-0.13,1022.00,1022.00,1022.00,1022.00
6757,0,0,0.00,0.00,0.62,0.00,-0.69,0.09,-0.56,1022.00,1022.00,1022.00,10
6780,0,0,0.00,0.00,0.61,0.00,-0.44,0.06,-0.44,1022.00,1022.00,1022.00,1022.00
6896,0,0,0.00,0.00,0.56,0.00,0.50,0.00,0.44,1022.00,1022.00,1022.00,1022.00
7121,0,0,0.00,0.00,0.67,0.00,0.94,0.11.11,0.94,1022.00,1022.00,1022.00,1022.00
7165,0,0,0.00,0.00,0.67,0.00,0.31,0.11,0.50,1022.00,1022.00,1022.00,1022.00
7288,0,0,0.00,0.00,0.62,0.00,0.00,-0.01,-0.19,1022.00,1022.00,1022.00,1022.00
7447,0,0,0.00,0.00,0.55,0.00,-0.19,-0.07,-0.19,1022.00,10,1022.00,1022.00
7472,0,0,0.00,0.00,0.55,0.00,0.06,-0.08,-0.06,1022.00,1022.00,1022.00,1022.00
7726,0,0,0.00,0.00,0.67,0.00,0.62,0.11,0.81,1022.00,1022.00,1022.00,1022.00
7853,0,0,0.00,0.00,0.68,0.00,0.37,0.12,0.19,1022.00,1022.00,1022.00,1022.00
7895,0,0,0.00,0.00,0.68,0.00,0.06,0.12,0.06,1022.00,1022.00,1022.00,1022.00
8043,0,0,0.00,0.00,0.68,0.00,-0.19,0.12,-0.13,1022.00,1022.00,1022.00,1022.00
8153,0,0,0.00,0.00,0.68,0.00,0.19,0.12,0.31,1022.00,1022.00,1022.00,1022.00
8263,0,0,0.00,0.00,0.69,0.00,0.56,0.06,0.25,1022.00,1022.02.00,1022.00,1022.00
8292,0,0,0.00,0.00,0.69,0.00,0.56,0.06,0.62,1022.00,1022.00,1022.00,1022.00
8390,0,0,0.00,0.00,0.74,0.00,0.44,0.11,0.50,1022.00,1022.00,1022.00,1022.00
8649,0,0,0.00,0.00,0.74,0.00,-0.13,0.18,0.06,1022.00,1022.00,1022.00,1022.00
8827,0,0,0.00,0.00,0.71,0.00,0.31,0.08,0.00,1022.00,1022.00,1022.00,1022.00
8849,0,0,0.00,0.00,0.69,0.00,0.31,0.07,0.50,1022.00,1022.00,1022.00,1022.00
8955,0,0,0.00,0.00,0.64,0.00,0.25,0.01,0.31,1022.00,1022.00,1022.00,1022.00
9080,0,0,0.00,0.00,0.60,0.00,0.31,-0.03,0.13,1022.00,1022.00,1022.00,1022.00
9184,0,0,0.00,0.00,0.57,0.00,-0.25,0.01,0.06,1022.00,1022.1022.00,1022.00,1022.00
9206,0,0,0.00,0.00,0.55,0.00,-0.19,-0.07,-0.06,1022.00,1022.00,1022.00,1022.00
9349,0,0,0.00,0.00,0.50,0.00,-0.06,-0.13,-0.25,1022.00,1022.00,1022.00,1022.00
9418,0,0,0.00,0.00,0.48,0.00,-0.19,-0.08,-0.13,1022.00,1022.00,1022.00,1022.00
9536,0,0,0.00,0.00,0.44,0.00,0.00,-0.11,0.13,1022.00,1022.00,1022.00,1022.00
9693,0,0,0.00,0.00,0.41,0.00,-0.13,-0.15,-0.13,1022.00,1022.00,1022.00,1022.00
9737,0,0,0.00,0.00,0.39,0.00,-0.13,-0.23,-0.25,1022.00,1022.00,1022.00,1022.00
9889,0,0,0.00,0.00,0.38,0.00,-0.13,-0.18,-0.06,1022.00,1022.00,1022.00,1022.00
10032,0,0,0.00,0.00,0.38,0.00,-0.06,-0.18,-0.06,1022.00,1022.00,1022.00,1022.00
10231,0,0,0.00,0.00,0.38,0.00,0.00,-0.18,0.00,1022.00,1022.00,1022.00,1022.00
10349,0,0,0.00,0.00,0.38,0.00,0.00,-0.18,0.00,1022.00,1022.00,1022.00,1022.00
10567,0,0,0.00,0.00,0.38,0.00,0.06,-0.25,-0.13,1022.00,1022.00,1022.00,1022.00
10691,0,0,0.00,0.00,0.38,0.00,0.06,-0.18,0.06,1022.00,1022.00,1022.00,1022.00
10848,0,0,0.00,0.00,0.38,0.00,-0.25,-0.18,0.00,1022.00,1022.00,1022.00,1022.00
11029,0,0,0.00,0.00,0.38,0.00,0.00,-0.25,-0.31,1022.00,1022.00,1022.00,1022.00
11311,0,0,0.00,0.00,0.38,0.00,0.31,-0.18,0.31,1022.00,1022.00,1022.00,1022.00
11354,0,0,0.00,0.00,0.38,0.00,0.13,-0.25,0.19,1022.00,1022.00,1022.00,1022.00
11377,0,0,0.00,0.00,0.38,0.00,0.25,-0.18,0.13,1022.00,1022.00,1022.00,1022.00
11494,0,0,0.00,0.00,0.38,0.00,0.19,-0.25,0.13,1022.00,1022.00,1022.00,1022.00
11588,0,0,0.00,0.00,0.38,0.00,0.06,-0.18,0.06,10,1022.00,1022.00,1022.00
11611,0,0,0.00,0.00,0.38,0.00,0.25,-0.18,-0.13,1022.00,1022.00,1022.00,1022.00
11772,0,0,0.00,0.00,0.38,0.00,0.00,-0.25,0.00,1022.00,1022.00,1022.00,1022.00
11811,0,0,0.00,0.00,0.38,0.00,0.00,-0.18,-0.13,1022.00,1022.00,1022.00,1022.00
11955,0,0,0.00,0.00,0.38,0.00,-0.13,-0.25,0.25,1022.00,1022.00,1022.00,1022.00
12048,0,0,0.00,0.00,0.38,0.00,0.13,-0.18,-0.06,0,1022.00,1022.00,1022.00
12068,0,0,0.00,0.00,0.38,0.00,0.00,-0.25,0.19,1022.00,1022.00,1022.00,1022.00
12226,0,0,0.00,0.00,0.38,0.00,-0.13,-0.18,-0.06,1022.00,1022.00,1022.00,1022.00
12268,0,0,0.00,0.00,0.38,0.00,0.13,-0.25,-0.13,1022.00,1022.00,1022.00,1022.00
12412,0,0,0.00,0.00,0.38,0.00,-0.06,-0.18,-0.31,1022.00,1022.00,1022.00,1022.00
12533,0,0,0.00,0.00,0.38,0.00,-0.19,-0.18,0.00,1022.00,1022.00,1022.00,1
12564,0,0,0.00,0.00,0.38,0.00,0.13,-0.18,-0.31,1019.00,1019.00,1019.00,1019.00
12765,0,0,0.00,0.00,0.38,0.00,-0.25,-0.25,-0.06,1019.00,1019.00,1019.00,1019.00
12879,0,0,0.00,0.00,0.38,0.00,-0.13,-0.18,0.19,1019.00,1019.00,1019.00,1019.00
12915,0,0,0.00,0.00,0.38,0.00,0.00,-0.25,-0.19,1019.00,1019.00,1019.00,1019.00
13028,0,0,0.00,0.00,0.38,0.00,-0.06,-0.25,-0.13,1019.00,1019.00,1019.00,1019.00
13216,0,0,0.00,0.00,0.38,0.00,-0.13,-0.25,-0.13,1019.00,1019.00,1019.00,1019.00
13324,0,0,0.00,0.00,0.38,0.00,0.00,-0.25,0.00,10191019.00,1019.00,1019.00,1019.00
13566,0,0,0.00,0.00,0.38,0.00,0.13,-0.18,0.00,1019.00,1019.00,1019.00,1019.00
13659,0,0,0.00,0.00,0.38,0.00,-0.13,-0.18,-0.06,100,1019.00,1019.00,1019.00
13682,0,0,0.00,0.00,0.38,0.00,0.06,-0.18,-0.19,1019.00,1019.00,1019.00,1019.00
13841,0,0,0.00,0.00,0.38,0.00,0.06,-0.18,0.19,1019.00,1019.00,1019.00,1019.00
13884,0,0,0.00,0.00,0.38,0.00,-0.06,-0.25,0.06,1019.00,1019.00,1019.00,1019.00
14024,0,0,0.00,0.00,0.38,0.00,-0.13,-0.18,-0.19,1019.00,1019.00,1019.00,1019.00
14295,0,0,0.00,0.00,0.34,0.00,-0.19,-0.29,0.62,1019.00,1019.00,1019.00,1019.00
14340,0,0,0.00,0.00,0.33,0.00,0.31,-0.23,0.25,1019.00,1019.00,1019.00,1019.00
14485,0,0,0.00,0.00,0.30,0.00,-0.06,-0.26,0.31,1019.00,1019.00,1019.00,1019.00
14760,0,0,0.00,0.00,0.25,0.00,0.06,-0.37,-0.31,1019.00,1019.00,1019.00,1019.00
14930,0,0,0.00,0.00,0.22,0.00,-0.19,-0.40,-0.06,1031.00,1031.00,1031.1031.00,1031.00
14952,0,0,0.00,0.00,0.22,0.00,0.06,-0.34,0.06,1033.00,1033.00,1033.00,1033.00
15216,0,0,0.00,0.00,0.20,0.00,0.37,-0.36,0.37,1136.00,1136.00,1136.00,1136.00
15259,0,0,0.00,0.00,0.21,0.00,0.75,-0.43,0.31,1139.00,1139.00,1139.00,1139.00
15408,0,0,0.00,0.00,0.30,0.00,1.00,-0.27,1.31,1175.00,1175.00,1175.00,1175.00
15525,0,0,0.00,0.00,0.31,0.00,0.44,-0.32,1.62,1207.00,1207.00,1207.00,1207.00
15676,0,0,0.00,0.00,0.34,0.00,-0.69,-0.28,-2.75,1245.00,1247.00,1247.00,1245.00
15720,0,0,0.00,0.00,0.36,0.00,2.25,-0.22,-1.31,1247.00,1247.00,1247.00,1247.00
15865,0,0,0.00,0.00,0.28,0.00,-0.69,-0.29,0.31,1273.00,1273.00,1273.00,1273.00
15964,0,0,0.00,0.00,0.45,0.00,3.81,-0.18,2.25,1,1288.00,1288.00,1290.00
15985,0,0,0.00,0.00,0.52,0.00,3.69,-0.07,3.94,1290.00,1288.00,1288.00,1290.00
16141,0,0,0.00,0.00,0.67,0.00,-2.12,0.13,-1.12,1292.00,1292.00,1292.00,1292.00
16323,0,0,0.00,0.00,0.63,0.00,-1.50,0.01,-1.37,1293.00,1293.00,1293.00,1293.00
16449,0,0,0.00,0.00,0.52,0.00,-0.06,-0.06,-1.50,1293.00,1293.00,1293.00,1293.00
16598,0,0,0.00,0.00,0.65,0.00,-0.50,0.02,0.69,1293.00,1293.00,1293.00,1293.00
16641,0,0,0.00,0.00,0.58,0.00,-0.50,0.04,-1.69,1293.00,1293.00,1293.00,1293.00
16795,0,0,0.00,0.00,0.48,0.00,-0.44,-0.08,-2.25,1293.00,1293.00,1293.00,1293.00
17058,0,0,0.00,0.00,0.42,0.00,-0.44,-0.13,-1.94,1293.00,1293.00,1293.00,1293.00
17251,0,0,0.00,0.00,0.48,0.00,0.06,-0.15,1.62,1298.00,1298.00,1298.00,1298.00
17393,0,0,0.00,0.00,0.41,0.00,0.44,-0.17,-0.13,1300.00,1300.00,1300.00,1300.00
17578,0,0,0.00,0.00,0.43,0.00,-0.37,-0.20,2.25,1301.00,1301.00,1301.00,100
17603,0,0,0.00,0.00,0.43,0.00,0.31,-0.13,-0.13,1301.00,1301.00,1301.00,1301.00
17705,0,0,0.00,0.00,0.54,0.00,-0.06,-0.10,-0.81,1301.00,1301.00,1301.00,1301.00
17853,0,0,0.00,0.00,0.45,0.00,0.94,-0.10,0.56,1301.00,1301.00,1301.00,1301.00
18032,0,0,0.00,0.00,0.35,0.00,-2.12,-0.24,-2.50,1300.00,130,1300.00,1300.00
18054,0,0,0.00,0.00,0.34,0.00,0.31,-0.22,-1.69,1300.00,1300.00,1300.00,1300.00
18208,0,0,0.00,0.00,0.36,0.00,1.31,-0.22,1.12,1301.00,1301.00,1301.00,1301.00
18250,0,0,0.00,0.00,0.39,0.00,0.44,-0.17,0.56,1300.00,1300.00,1300.00,1300.00
18406,0,0,0.00,0.00,0.52,0.00,0.13,-0.04,1.00,1301.00,1301.00,1301.00,1301.00
18521,0,0,0.00,0.00,0.64,0.00,0.69,-0.01,1.00,1300.00,1300.00,1300.00,1300.00
18628,0,0,0.00,0.00,0.66,0.00,0.62,0.02,0.13,1301.00,1301.00,1301.00,1301.00
18776,0,0,0.00,0.00,0.59,0.00,0.19,-0.04,1.69,1301.00,1301.00,1301.00,1301.00
18845,0,0,0.00,0.00.00,0.61,0.00,-0.44,0.05,1.00,1300.00,1300.00,1300.00,1300.00
18947,0,0,0.00,0.00,0.53,0.00,-2.69,-0.00,-2.25,1301.00,1301.00,1301.00,130
18973,0,0,0.00,0.00,0.48,0.00,-0.81,-0.14,-0.37,1301.00,1301.00,1301.00,1301.00
19239,0,0,0.00,0.00,0.49,0.00,1.69,-0.08,2.25,1301.00,1301.00,1301.00,1301.00
19311,0,0,0.00,0.00,0.60,0.00,0.19,0.04,0.62,1301.00,1301.00,1301.00,1301.00
19435,0,0,0.00,0.00,0.59,0.00,0.00,-0.04,1.00,1301.00,1301.00,1301.00,1301.00
19592,0,0,0.00,0.00,0.53,0.00,0.75,-0.11,-0.13,1301.00,1301.00,1301.00,1301.00
19705,0,0,0.00,0.00,0.67,0.00,0.62,0.10,0.13,1301.00,1301.00,1301.00,1301.00
20018,0,0,0.00,0.00,0.70,0.00,-0.37,0.08,-1.25,1301.00,1301.00,1301.00,1301.00
20160,0,0,0.00,0.00,0.65,0.00,2.94,0.05,2.94,1302.00,1300.00,1300.00,1302.00
20276,0,0,0.00,0.00,0.84,0.00,3.50,0.17,2.94,1302.00,1300.00,1300.00,1302.00
20385,0,0,0.00,0.00,0.98,0.00,1.81,0.38,1.31,1301.00,1301.00,1301.00,1301.00
20580,0,0,0.00,0.00,1.06,0.00,-1.19,0.45,-0.13,1300.00,1300.00,1300.00,1300.00
20696,0,0,0.00,0.00,1.06,0.00,-0.56,0.50,0.19,1300.00,1300.00,1300.00,1300.00
20976,0,0,0.00,0.00,0.92,0.00,-0.19,0.35,0.13,1300.00,1300.00,1300.00,1300.00
21017,0,0,0.00,0.00,0.92,0.00,0.06,0.36,-0.50,1300.00,1300.00,1300.00,1300.00
21156,0,0,0.00,0.00,1.03,0.00,0.37,0.40,-0.75,1301.00,1301.00,1301.00,1301.00
21247,0,0,0.00,0.00,1.04,0.00,-0.44,0.41,-0.06,1301.00,13,1301.00,1301.00
21272,0,0,0.00,0.00,1.00,0.00,-2.19,0.39,-0.50,1301.00,1301.00,1301.00,1301.00
21427,0,0,0.00,0.00,0.93,0.00,-0.94,0.39,0.25,1300.00,1300.00,1300.00,1300.00
21539,0,0,0.00,0.00,0.92,0.00,1.56,0.34,-0.19,1300.00,1300.00,1300.00,1300.00
21725,0,0,0.00,0.00,1.11,0.00,0.62,0.55,2.06,1301.00,1299.00,1299.00,1301.00
21847,1,1,0.00,-0.03,0.97,0.00,-2.87,-0.03,-3.44,1300.00,1302.00,1302.00,1300.00
21932,1,1,21.32,-0.14,0.92,526.00,6.25,-21.46,-526.13,1082.00,1520.00,1520.00,1082.00
21958,1,1,41.31,0.17,1.62,709.51,33.56,-41.14,-685.20,1007.00,1593.00,1593.00,1007.00
22082,1,2,149.49,9.20,20.33,1087.82,283.81,-140.30,-844.25,1000.00,1713.00,1713.00,1000.00
22410,1,0,350.00,76.23,147.35,0.00,301.586.56,146.79,301.56,1501.00,1099.00,1099.00,1501.00
22434,1,0,350.00,76.23,155.18,0.00,253.25,152.18,286.56,14986.00,1114.00,1114.00,1486.00
22549,1,0,350.00,76.23,170.53,0.00,2.25,169.59,54.13,1417.00,1205.00,1205.00,1397.00
22778,1,0,350.00,76.23,111.12,0.00,-535.63.06,110.56,-535.44,1151.00,1449.00,1449.00,1151.00
22897,1,0,350.00,76.23,40.45,0.00,-7718.69,39.89,-735.94,1032.00,1568.00,1568.00,1032.00
23034,1,0,350.00,76.23,-30.16,0.00.00,-356.69,-30.79,-442.69,1108.00,1492.00,1492.00,1108.00
23119,1,0,350.00,76.23,-47.13,0.00,83.56,-48.70,-44.06,1257.00,1345.00,1345.00,1257.00
23146,1,0,350.00,76.23,-41.96,0.00,210.69,-44.58,180.12,1346.00,1254.00,1254.00,1346.00
23240,1,0,350.00,76.233,-3.53,0.00,363.94,-11.22,361.62,1436.00,1164.00,1164.00,1436.00
23337,1,0,35350.00,76.23,20.55,0.00,231.06,15.18,293.44,1425.00,1177.00,1177.00,1425.00
23360,1,0,350.00,76.23,22.43,0.00,14.00,21.80,194.37,1389.00,1211.00,1211.00,1389.00
23393,1,0,350.00,76.23,26.55,0.00,88.00,24.60,124.81,1323.00,1279.00,1279.00,1323.00
23468,1,0,350.00,76.23,21.87,0.00,-114.75,23.69,-904.75,1267.00,1333.00,1333.00,1267.00
23596,1,0,350.00,76.23,0.46,0.00,-197.12,3.78,-221.81,11224.00,1378.00,1378.00,1224.00
23697,1,0,350.00,76.23,-10.55,0.00,-32.88,-10.79,-49.31,1282.00,1320.00,1320.00,1282.00
23788,1,0,350.00,76.23,-7.31,0.00,102.94,-8.93,882.94,1336.00,1264.00,1264.00,1336.00
23811,1,0,350.00,76.23,-3.04,0.00,112.19,-5.82,110.81,1341.00,1261.00,1261.00,1343.00
23842,1,0,350.00,76.23,0.03,0.00,103.87,-2.63,107.81,1342.00,1260.00,1260.00,1342.00
23917,1,0,350.00,76.23,7.29,0.00,89.75,4.98,94.62,1340.00,1260.00,1260.00,1340.00
24072,1,0,350.00,76.23,7.99,0.00,-31.19,7.97,-29.06,1294.00,1308.00,109.00,1291.00
24168,1,0,350.00,76.23,3.97,0.00,-66.56,4.67,-65.31,1278.00,1324.00,1324.00,7.00
24195,1,0,350.00,76.23,2.16,0.00,-58.50,2.17,-66.56,1275.00,1325.00,1325.00,1275.00
24246,1,0,350.00,76.23,0.60,0.00,-18.50,0.38,-32.13,1288.00,1312.00,1312.00,1293.00
24270,1,0,350.00,76.23,0.11,0.00,-14.31,-0.15,-20.31,1293.00,1309.00,1309.00,1293.00
24299,1,0,35.00,76.23,-0.26,0.00,-8.00,-0.74,-15.63,1295.00,1307.00,1307.00,1295.00
24480,1,0,350.00,76.23,3.31,0.00,18.37,2.51,18.25,08.00,1292.00,1292.00,1308.00
24711,1,0,350.00,76.23,4.22,0.00,-17.75,3.59,-17.75,1296.00,1304.00,1304.00,1296.00
24733,1,0,350.00,76.23,3.46,0.00,-28.06,3.17,-26.12,1292.00,1308.00,9.00,1291.00
24772,1,0,350.00,76.23,2.52,0.00,-22.94,2.37,-25.69,1292.00,1308.00,1308.00,1292.00
24845,1,0,350.00,76.23,1.90,0.00,-11.44,1.45,-7.31,1298.00,1302.00,1302.00,1298.00
25080,1,0,350.00,76.23,3.08,0.00,20.25,2.32,17.62,1291.00,1275.00,1275.00,1291.00
25299,1,0,350.00,76.23,3.41,0.00,-16.19,3.01,-17.94,1241.00,1251.00,1251.00,1241.00
25426,1,0,350.00,76.23,2.25,0.00,-14.69,1.98,-69,1096.00,1104.00,1104.00,1096.00
25619,1,0,350.00,76.23,1.57,0.00,6.56,0.87,0.62,1019.00,1019.00,1019.00,1019.00
25767,1,0,350.00,76.23,2.40,0.00,12.25,1.65,12.75,1022.00,1012.00,1012.00,1022.00
25913,1,0,350.00,76.23,3.21,0.00,4.37,2.54,7.12,1021.00,1013.00,1013.00,1021.00
25987,1,0,350.00,76.23,2.97,0.00,-2.37,2.47,-5.25,1015.00,1015.00,1015.00,1015.00
26085,1,0,350.00,76.23,2.60,.00,-10.44,2.04,-10.81,1014.00,1020.00,1020.00,1014.00
26219,1,0,350.00,76.23,1.73,0.00,-8.44,1.26,-7.56,1015.00,1019.00,1019.00,1015.00
26455,0,0,350.00,76.23,2.05,0.00,5.25,1.30,7.75,1018.00,1012.00,1012.00,1018.00
26625,0,0,350.00,76.23,2.57,0.00,0.69,1.90,4.81,1017.00,1013.00,1013.00,1017.00
26775,0,0,350.00,76.23,2.35,0.00,-4.56,1.80,-6,1017.00,1017.00,1017.00,1017.00
26801,0,0,350.00,76.23,2.27,0.00,-1.87,1.75,-4.00,1017.00,1017.00,1017.00,1017
26836,0,0,350.00,76.23,2.23,0.00,-0.31,1.70,-0.88,1017.00,1017.00,1017.00,1017.00
27012,0,0,350.00,76.23,1.71,0.00,-3.69,1.,-3.69,1017.00,1017.00,1017.00,1017.00
27056,0,0,350.00,76.23,1.60,0.00,2.12,1.01,-1.56,1017.00,1017.00,1017.00,1017.00
27273,0,0,350.00,76.23,1.95,0.00,2.06,1.30,2.94,1018.00,1016.00,1016.00,1018.00
27461,0,0,350.00,76.23,2.00,0.00,0.13,1.37,-1.81,1015.00,1015.00,101,1017.00
27484,0,0,350.00,76.23,1.98,0.00,-0.25,1.42,0.37,1017.00,1017.00,1017.00,1017.00
27725,0,0,350.00,76.23,1.26,0.00,-0.81,0.64,-3.00,1017.00,1017.00,1017.00,1017.00
27921,0,0,350.00,76.23,1.38,0.00,2.00,0.72,3.25,1018.00,1016.00,1016.00,.00
27942,0,0,350.00,76.23,1.40,0.00,0.69,0.84,1.37,1016.00,1014.00,1014.00,1016.00
28063,0,0,350.00,76.23,1.59,0.00,-0.31,1.04,1.12,1018.00,1016.00,1016.00,00
28101,0,0,350.00,76.23,1.54,0.00,-0.06,0.95,-0.75,1017.00,1017.00,1017.00,1017.00
28145,0,0,350.00,76.23,1.52,0.00,0.94,0.96,0.81,1015.00,1015.00,1015.00,1015.00
28297,0,0,350.00,76.23,1.15,0.00,-2.25,0.55,-1.37,1017.00,1017.00,1017.00,10
28332,0,0,350.00,76.23,1.04,0.00,-4.19,0.55,-3.06,1017.00,1017.00,1017.00,1017.00
28377,0,0,350.00,76.23,0.87,0.00,-2.69,0.34,-3.62,1040.00,1042.00,1042.00,1040.00
28398,0,0,350.00,76.23,0.81,0.00,-0.44,0.19,-1.44,1051.00,1051.00,1051.00,1051.00
28451,0,0,350.00,76.23,0.79,0.00,-1.06,0.23,-0.81,10,1119.00,1119.00,1119.00
28564,0,0,350.00,76.23,0.87,0.00,2.50,0.25,3.19,1142.00,1140.00,1140.00,1142.00
28605,0,0,350.00,76.23,0.94,0.00,1.25,0.37,1.94,1152.00,1152.00,1152.00,1152.00
28760,0,0,350.00,76.23,1.29,0.00,1.75,0.72,1.62,1189.00,1187.00,1187.00,1189.00
28861,0,0,350.00,76.23,11,0.00,-3.69,0.74,-1.25,1232.00,1232.00,1232.00,1232.00
28983,0,0,350.00,76.23,1.03,0.00,-6.31,0.46,-2.81,1262.00,1262.00,1262.00,1262.00
29089,0,0,350.00,23,0.75,0.00,-3.44,0.25,-0.75,1295.00,1295.00,1295.00,1295.00
29190,0,0,350.00,76.23,0.74,0.00,4.12,0.07,-0.50,1307.00,1307.00,1307.01308.00,1310.00
29215,0,0,350.00,76.23,0.76,0.00,1.62,0.20,3.50,1310.00,1308.00,1308.00,1310.00
29377,0,0,350.00,76.23,1.27,0.00,3.94,0.67,4.12,1327.00,1323.00,1323.00,1327.00
29594,0,0,350.00,76.23,1.15,0.00,-3.19,0.59,-3.94,1353.00,1355.00,1355.00,1353.00
29792,0,0,350.00,76.23,0.85,0.00,-0.62,0.30,-1.31,1367.00,1367.00,1367.00,00
29827,0,0,350.00,76.23,0.85,0.00,1.06,0.29,-0.13,1367.00,1367.00,1367.00,1367.00
30015,0,0,350.00,76.23,1.29,0.00,1.62,0.64,2.37,1379.00,1377.00,1377.00,1379.00
30258,0,0,350.00,76.23,1.39,0.00,-0.06,0.83,-1.31,1388.00,1388.00,1388.00,1388.00
30451,0,0,350.00,76.23,1.19,0.00,-0.75,0.64,-1.56,1395.00,1395.00,13.00,1395.00
30478,0,0,350.00,76.23,1.13,0.00,-1.75,0.59,-2.00,1395.00,1395.00,1395.00,1395.00
30501,0,0,0,76.23,1.08,0.00,-1.56,0.47,-1.12,1397.00,1397.00,1397.00,1397.00
30681,0,0,350.00,76.23,0.94,0.00,-0.81,0.31,1.12,1403.00,1403.00,1400,1403.00
30706,0,0,350.00,76.23,0.89,0.00,-2.00,0.29,-0.94,1403.00,1403.00,1403.00,1403.00
30731,0,0,30,76.23,0.82,0.00,-2.37,0.22,-2.56,1405.00,1405.00,1405.00,1405.00
30906,0,0,350.00,76.23,0.92,0.00,1.06,0.27,1.19,1407.00,1407.00,1407.00,1407
30931,0,0,350.00,76.23,0.92,0.00,-0.25,0.29,0.44,1407.00,1407.00,1407.00,1407.00
31054,0,0,350.00,76.23,0.87,0.00,-1.00,0.24,0.44,1408.00,1408.00,140,1408.00
31096,0,0,350.00,76.23,0.82,0.00,-2.50,0.28,-0.88,1408.00,1408.00,1408.00,1408.00
31139,0,0,350.00,76.23,0.66,0.00,-2.56,0.14,-4.25,1407.00,1409.00,1409.00,1407.0
31169,0,0,350.00,76.23,0.63,0.00,-1.37,0.03,-1.75,1408.00,1408.00,1408.00,1408.00
31246,0,0,350.00,76.23,0.61,0.00,-1.00,0.05,-,1408.00,1408.00,1408.00,1408.00
31381,0,0,350.00,76.23,0.48,0.00,-0.50,-0.14,-1.62,1408.00,1408.00,148.00,1408.00
31406,0,0,350.00,76.23,0.51,0.00,2.69,-0.15,-0.37,1408.00,1408.00,1408.00,1408.00
31557,0,0,350.00,76.23,0.72,0.00,1.56,0.05,1.37,1405.00,1405.00,1405.00,1405.00
31603,0,0,350.00,76.23,0.68,0.00,-1.69,0.08,-1.25,1405.00,1405.00,1405.00,1405
31635,0,0,350.00,76.23,0.66,0.00,-0.06,0.11,-1.69,1405.00,1405.00,1405.00,1405.00
31787,0,0,350.00,76.23,0.61,0.00,-2.44,0.11,-3.56,1402.00,1404.00,1404.00,1402.00
31837,0,0,350.00,76.23,0.58,0.00,-0.75,-0.03,0.44,1403.00,1403.00,1403.00,1403.
31864,0,0,350.00,76.23,0.53,0.00,-1.56,-0.06,-1.00,1402.00,1402.00,1402.00,1402.00
31984,0,0,350.00,76.23,0.30,0.00,-2.37,-0.30,-1.75,1400,1401.00,1401.00,1399.00
32085,0,0,350.00,76.23,0.28,0.00,-0.19,-0.28,1.44,1400.00,1400.00,1400.00,1400.00
32302,0,0,350.00,76.23,0.43,0.00,1.37,-0.15,-0.13,1400.00,140,1400.00,1400.00
32327,0,0,350.00,76.23,0.47,0.00,1.62,-0.19,1.56,1400.00,1400.00,1400.00,1400.00
32521,0,0,350.00,76.23,0.89,0.00,0.69,0.32,2.31,1401.00,1399.00,1399.00,.00
32545,0,0,350.00,76.23,0.91,0.00,0.94,0.34,0.69,1400.00,1400.00,1400.00,1400.00
32703,0,0,350.00,76.23,1.00,0.00,0.06,0.37,0.81,1400.00,1400.00,1400.00,1400.00
32748,0,0,350.00,76.23,0.96,0.00,-1.62,0.34,-1.44,1400.00,1400.00,1400.00,1400.00
32771,0,0,350.00,76.23,0.90,0.00,-2.44,0.29,-1.62,1400.00,1400.00,1400.00,1400.00
32937,0,0,350.00,76.23,0.56,0.00,-2.50,0.02,-2.50,1400.00,1400.00,1400.00,1400.00
32980,0,0,350.00,76.23,0.46,0.00,-1.44,-0.16,-2.37,1399.00,1401.00,1401.00,13990
33005,0,0,350.00,76.23,0.45,0.00,0.13,-0.11,0.00,1400.00,1400.00,1400.00,1400.00
33168,0,0,350.00,76.23,0.53,0.00,-0.44,-0.03,0.37,1400.00,1400.00,1400.00,1400.00
33211,0,0,350.00,76.23,0.59,0.00,1.19,-0.05,1.69,1400.00,1400.00,1400.00,1400.
33236,0,0,350.00,76.23,0.65,0.00,2.37,-0.00,1.50,1400.00,1400.00,1400.00,1400.00
33398,0,0,350.00,76.23,0.89,0.00,1.12,0.26,1.62,1400.00,1400.00,1400.00,1400.00
33593,0,0,350.00,76.23,0.96,0.00,-0.69,0.40,-1.12,1400.00,1400.00,1400.00,1400.00
33620,0,0,350.00,76.23,0.94,0.00,-0.69,0.31,-0.88,1400.00,1400.00,1400.00,1400.00
33707,0,0,350.00,76.23,0.94,0.00,-0.81,0.32,0.44,.00,1400.00,1400.00,1400.00
33816,0,0,350.00,76.23,0.93,0.00,-0.44,0.37,-0.88,1400.00,1400.00,1400.00,1400.00
34058,1,1,39.84,0.36,2.16,698.47,47.88,-39.48,-678.34,1110.00,1690.00,1690.00,113.00
34087,1,1,64.97,1.52,4.83,855.04,115.56,-63.45,-787.35,1054.00,1746.00,1746.00,1054.00
34175,1,2,147.23,11.78,23.14,1085.63,344.75,-135.45,-771.63,1020.00,1780.00,1780.0782.00,1018.00
34501,1,0,350.00,97.46,-153.92,0.00,600.06,-166.09,599.06,1543.00,1257.00,1257.00,1543.00
34539,1,0,350.00.00,97.46,-136.80,0.00,584.50,-143.02,587.69,1551.00,1249.00,1249.00,1551.00
34740,1,0,350.00,97.46,-9.24,0.00,607.62,-15.76,635.50,1642.00,1158.00,1158.00,1642.00
34827,1,0,350.00,97.46,29.06,0.00,330.56,22.51,370.44,1558.00,1242.00,1242.00,1558.00
34855,1,0,350.00,97.46,34.78,0.00,147.00,30.79,243.75,1513.00,1287.00,1287.00,1513.00
34880,1,0,350.00,97.,36.12,0.00,-3.56,35.14,94.62,1457.00,1343.00,1343.00,1457.00
34978,1,0,350.00,97.46,15.275,0.00,-290.62,14.64,-279.12,1299.00,1501.00,1501.00,1299.00
35095,1,0,350.00,97.46,-10.46,0.0.00,-134.25,-11.09,-183.50,1322.00,1478.00,1478.00,1322.00
35206,1,0,350.00,97.46,-10.08,0.00,134.81,-10.94,115.31,1439.00,1361.00,1361.00,1439.00
35300,1,0,350.00,97.46,1.92,0.00,145.69,-0.06,145.44,1457.00,1343.00,1343.00,1457.00
35325,1,0,350.00,97.46,4.76,0.00,146.69,1,146.69,1460.00,1340.00,1340.00,1460.00
35431,1,0,350.00,97.46,12.08,0.00,-29.38,11.92,5.75,1408.00,105.00,1405.00,1395.00
35517,1,0,350.00,97.46,7.43,0.00,-69.75,8.19,-64.81,1380.00,1423.00,1423.00,1377.00
35573,1,0,350.00,97.46,1.79,0.00,-113.50,2.33,-101.56,1362.00,1438.00,1438.00,1362.00
35653,1,0,350.00,97.46,-3.41,0.00,-15.31,-3.53,-45.88,1380.00,1420.00,1420.00,1380.00
35754,1,0,350.00,97.46,-1.71,0.00,31.75,-2.65,22.06,1407.00,1393.00,1393.00,1407.00
35819,1,0,350.00,97.46,1.06,0.00,70.06,-0.89,58.94,10,1372.00,1372.00,1428.00
35889,1,0,350.00,97.46,4.61,0.00,28.00,3.78,36.44,1416.00,1384.00,10,1413.00
35928,1,0,350.00,97.46,5.18,0.00,12.88,4.32,14.69,1408.00,1392.00,1392.00,1408.00
35974,1,0,350.00,97.46,5.60,0.00,10.06,4.88,11.19,1407.00,1393.00,1393.00,1407
35997,1,0,350.00,97.46,5.73,0.00,-0.19,5.17,4.69,1404.00,1396.00,1396.00,1404.00
36030,1,0,350.00,97.46,8,0.00,-23.81,4.95,-15.44,1397.00,1403.00,1403.00,1397.00
36212,1,0,350.00,97.46,0.73,0.00,-20.62,0.50,-20.52,1392.00,1408.00,1408.00,1392.00
36233,1,0,350.00,97.46,0.28,0.00,-10.31,-0.09,-19.87,1393.00,1407.00,1407.00,6.00
36259,1,0,350.00,97.46,0.47,0.00,14.50,-0.30,-2.12,1399.00,1401.00,1401.00,1399.00
36360,1,0,350.00,97.46,1.93,0.00,13.63,1.14,17.37,1407.00,1393.00,1393.00,1407.00
36455,1,0,350.00,97.46,3.33,0.00,267,2.77,26.69,1412.00,1388.00,1388.00,1412.00
36480,1,0,350.00,97.46,3.90,0.00,14.38,3.01,24.37,1411.00,1389.00,0,1407.00
36504,1,0,350.00,97.46,4.01,0.00,-1.62,3.39,8.56,1405.00,1395.00,1395.00,1405.00
36568,1,0,350.00,97.46,3.73,0.00,3.06,3.02,0.75,1401.00,1399.00,1399.00,1401.00
36671,1,0,350.00,97.46,2.81,0.00,-9.62,2.18,-22.31,1393.00,1407.00,1407.00,1393.00
36724,1,0,350.00,97.46,2.33,0.00,2.06,1.68,-5.25,1399.00,1401.00,1401.00,1399.00
36813,1,0,350.00,97.46,1.79,0.00,-13.75,1.44,-11.50,1397.00,1403.00,1403.00,1397.00
36843,1,0,350,97.46,1.55,0.00,-2.75,1.11,-12.94,1396.00,1404.00,1404.00,1396.00
36939,1,0,350.00,97.46,2.16,0.00,-1.06,1.51,5.50,1403.00,00,1400.00,1400.00
37037,1,0,350.00,97.46,2.59,0.00,12.13,1.82,12.44,1405.00,1395.00,1395.00,1405.00
37139,1,0,350.00,97.46,2,0.00,2.12,1.84,-0.81,1400.00,1400.00,1400.00,1400.00
37164,1,0,350.00,97.46,2.52,0.00,6.50,1.79,2.12,1401.00,1,1397.00,1403.00
37189,1,0,350.00,97.46,2.62,0.00,0.31,2.03,6.06,1403.00,1397.00,1397.00,1403.00
37266,1,0,350.00,97.46,2.05,0.00,-4.37,1.47,-7.50,1398.00,1402.00,1402.00,1398.00
37496,1,0,350.00,97.46,1.80,0.00,-3.81,1.21,-1.94,1400.00,1400.00,1400.00,1400.00
37612,1,0,350.00,97.46,2.05,0.00,1.75,1.41,4.37,1402.00,1398.00,00,1401.00
37646,1,0,350.00,97.46,1.97,0.00,-4.56,1.38,-3.06,1400.00,1400.00,1400.00,1400.00
37719,1,0,350.00,97.46,1.95,0.00,4.06,1.35,4.87,1402.00,1398.00,1398.00,1402.00
37870,1,0,350.00,97.46,1.70,0.00,2.94,1.03,3.81,1402.00,1398.00,1398.00,1402.00
38301,1,0,350.00,97.46,2.13,0.00,-1.50,1.56,3.06,1351.00,1347.00,1347.00,1351.00
38510,1,0,350.00,97.46,1.54,0.00,-3.31,1.07,-7.37,1183.00,1.00,1141.00,1141.00
38532,1,0,350.00,97.46,1.58,0.00,2.75,0.99,1.00,1094.00,1094.00,1094.00,1094.00
38739,1,0,350.00,97.46,1.47,0.00,-1.69,0.95,-0.31,1015.00,1015.00,15.00,1015.00
38764,1,0,350.00,97.46,1.40,0.00,-2.69,0.81,-2.69,1015.00,1015.00,1015.00,1015.00
38919,1,0,350.00,97.46,1.82,0.00,4.87,1.18,0.50,1014.00,1014.00,1014.00,1014.00
39147,0,0,350.00,97.46,1.81,0.00,-6.19,1.38,-5.25,1013.00,1015.00,1015.00,1013.00
39271,0,0,350.00,97.46,1.42,0.00,-7.12,0.92,-3.81,10,1017.00,1017.00,1013.00
39382,0,0,350.00,97.46,1.23,0.00,0.62,0.60,1.37,1015.00,1015.00,1015.00,1015.00
39425,0,0,350.00,97.46,1.14,0.00,-2.62,0.64,-2.50,1015.00,1015.00,1015.00,1015.00
39447,0,0,350.00,97.46,1.17,0.00,2.75,0.58,-1.00,1015.00,1015.00,1015.00,1015.00
39573,0,0,350.00,97.46,1.53,0.00,2.62,0.95,0.62,1015.00,1015.00,1015.00,1015.00
39628,0,0,350.00,97.46,1.67,0.00,6.25,0.99,3.44,1016.00,1014.00,1014.00,1016.00
39791,0,0,350.00,97.46,1.86,0.00,-4.37,1.37,-1.44,1017.00,1017.00,1017.00,1017.00
39896,0,0,350.00,97.46,17,0.00,-2.06,0.96,-1.12,1017.00,1017.00,1017.00,1017.00
40023,0,0,350.00,97.46,1.11,0.00,-0.62,0.55,-0.13,1017.00,1017.00,1017.00,1017.00
40251,0,0,350.00,97.46,1.17,0.00,4.12,0.58,2.69,1018.00,1016.00,1016.00,1018.00
40378,0,0,350.00,97.46,1.49,0.00,1.37,0.92,0.94,1017.00,1017.00,1017.00,1
40403,0,0,350.00,97.46,1.58,0.00,3.31,0.88,3.06,1018.00,1016.00,1016.00,1018.00
40587,0,0,350.00,97.46,1.29,0.00,-3.31,0.69,-21,1017.00,1017.00,1017.00,1017.00
40608,0,0,350.00,97.46,1.13,0.00,-6.25,0.63,-5.69,1016.00,1018.00,1018.00,101
40642,0,0,350.00,97.46,0.95,0.00,-4.00,0.46,-5.00,1016.00,1018.00,1018.00,1016.00
41037,0,0,350.00,97.46,1.21,0.00,2.25,0.62,0.94,1027.00,1027.00,.00,1029.00
41062,0,0,350.00,97.46,1.28,0.00,2.62,0.69,3.12,1041.00,1039.00,1039.00,1041.00
41263,0,0,350.00,97.46,0.97,0.00,-5.75,0.52,-3.94,1125.00,1127.00,11.00,1137.00
41288,0,0,350.00,97.46,0.78,0.00,-5.75,0.35,-6.31,1149.00,1153.00,1153.00,1149.00
41501,0,0,350.00,97.46,0.58,0.00,3.19,-0.12,3.19,1199.00,119,1206.00,1208.00
41523,0,0,350.00,97.46,0.69,0.00,2.37,0.06,3.00,1208.00,1206.00,1206.00,1208.00
41680,0,0,350.00,97.46,1.37,0.00,4.06,0.71,3.94,1280.00,1278.00,1278.00,1280.00
41908,0,0,350.00,97.46,1.50,0.00,-2.75,0.90,-0.44,1359.00,1359.00,1359.00,1359.00
42141,0,0,350.00,97.46,0.92,0.00,1.00,0.29,-0.88,1380.00,1380.00,1380.00,1380.00
42185,0,0,350.00,97.46,0.92,0.00,-0.62,0.38,-0.37,1392.00,1392.00,1392.00,1392.
42207,0,0,350.00,97.46,0.93,0.00,-0.44,0.37,0.00,1393.00,1393.00,1393.00,1393.00
42572,0,0,350.00,97.46,1.44,0.00,-0.50,0.88,0.56,1429.00,1429.00,1429.00,1429.00
42787,0,0,350.00,97.46,1.29,0.00,0.19,0.73,-1.25,1442.00,1442.00,1442.00,1442.00
42938,0,0,350.00,97.46,1.39,0.00,1.25,0.75,1.06,1451.00,1451.00,1451.00,1451.00
43016,0,0,350.00,97.46,1.45,0.00,-0.50,0.88,-0.19,1454.00,1454.00,1454.00,1454.00
43136,0,0,350.00,97.46,1.44,0.00,-0.44,0.88,0.25,1455.00,1455.00,1455.00,00
43174,0,0,350.00,97.46,1.41,0.00,-1.00,0.87,-0.88,1455.00,1455.00,1455.00,1455.00
43392,0,0,350.00,97.46,1.45,0.00,2.19,0.78,2.06,1458.00,1456.00,1456.00,1458.00
43576,0,0,350.00,97.46,1.23,0.00,-2.50,0.69,-10,1457.00,1457.00,1457.00,1457.00
43599,0,0,350.00,97.46,1.08,0.00,-4.12,0.60,-3.69,1456.00,1458.00,1458.00,145
43630,0,0,350.00,97.46,0.97,0.00,-3.69,0.40,-4.87,1456.00,1458.00,1458.00,1456.00
43852,0,0,350.00,97.46,0.87,0.00,0.13,0.24,0.06,1452.00,1452.00,1452.00,1452.00
44058,0,0,350.00,97.46,1.10,0.00,1.75,0.52,1.69,1451.00,1451.00,1451.00,1451.00
44295,0,0,350.00,97.46,0.73,0.00,-1.87,0.19,-2.56,1451.00,1451.00,1451.00,1451.00
44321,0,0,350.00,97.46,0.68,0.00,-1.75,0.14,-1.62,1451.00,1451.00,1451.00,1451.00
44512,0,0,350.00,97.46,0.79,0.00,2.19,0.14,2.50,1452.00,1450.00,1450.00,1452.00
44632,0,0,350.00,97.46,0.84,0.00,0.19,0.21,1.06,1449.00,0,1449.00,1449.00
44716,0,0,350.00,97.46,0.72,0.00,-2.50,0.21,-3.06,1448.00,1450.00,14500,1451.00
44740,0,0,350.00,97.46,0.66,0.00,-1.62,0.14,-2.00,1451.00,1451.00,1451.00,1451.00
44797,0,0,350.00,97.46,0.59,0.00,-2,-0.11,-3.94,1450.00,1452.00,1452.00,1450.00
44951,0,0,350.00,97.46,0.24,0.00,-1.56,-0.29,-0.37,145100,1451.00,1451.00,1451.00
45125,1,1,29.61,0.18,0.8,700.32,39.06,-39.73,-682.82,1160.00,1742.00,1742.00,1160.00
45316,1,2,240.40,36.05,67.02,1019.88,593.81,-204.35,-465.82,1153.00,1749.00,1749.00,1153.00
45359,1,3,273.30,48.18,91.13,909.68,631.19,-225.13,-291.24,1210.00,1692.00,1692.00,1210.00
45659,1,0,350.00,108.8108.86,-50.47,0.00,815.56,-66.98,836.25,1743.00,1159.00,1159.00,1743.00
45681,1,0,350.00,108.86,-42.79,0.00,79234.31,-43.42,792.12,1739.00,1163.00,1163.00,1739.00
45793,1,0,350.00,108.86,24.22,0.00,338.94,23.66,338.50,1597.00,1305.00,1305.00,1597.00
46043,1,0,350.00,108.86,-11.05,0.000.00,-249.69,-11.61,-259.94,1342.00,1560.00,1560.00,1342.00
46121,1,0,350.00,108.86,-24.10,0.00,11.13,-24.52,-62.69,1411.00,1487.00,1487.00,1411.00
46155,1,0,350.00,108.86,-21.97,0.00,98.19,-23.48,46.06,1453.00,1445.00,1445.00,1453.00
47215,1,0,350.00,108.86,-10.92,0.00,154.19,-12.96,154.81,1502.00,1396.00,1396.00,1502.00
47238,1,0,350.000,108.86,-5.04,0.00,154.94,-8.65,149.69,1503.00,1395.00,1395.00,1503.00
47286,1,0,350.00,108.86,4.03,0.00,58.00,2.13,99.75,1489.00,1409.00,1409.00,1489.00
47328,1,0,350.00,108.86,3.60,0.00,-29.50,3.73,-13..38,1433.00,1469.00,1469.00,1433.00
47372,1,0,350.00,108.86,-0.41,0.00,-64.75,-0.41,-64.75,1425.00,1477.00,1477.00,1425.00
47422,1,0,350.00,108.86,-7.42,0.00,-85-70.19,-7.98,-85.50,1413.00,1489.00,1489.00,1413.00
47443,1,0,350.00,108.86,-9.06,0.00,-42.25,-8.73,-70.19,1419.00,1473.00,1473.00,1429.00
47505,1,0,350.00,108.86,-7.74,0.00,28.50,-8.91,25.81,1454.00,1444.00,14440,1455.00
47526,1,0,350.00,108.86,-6.77,0.00,37.50,-7.69,29.50,1456.00,1442.00,1442.00,1456.00
47553,1,0,350.00,108.86,-4.23,0.00,57.44,-5.90,53.75,1466.00,1432.00,1430.00,1468.00
48659,1,0,350.00,108.86,-2.70,0.00,48.31,-3.80,56.44,1469.00,1429.00,1429.00,1469.00
48683,1,0,350.00,108.86,-1.83,0.00,20.37,-2.59,29.87,1461.00,1441.00,1441.00,1461.00
48704,1,0,350.00,10.86,-1.71,0.00,-3.06,-2.22,0.69,1451.00,1451.00,1451.00,1451.00
48754,1,0,350.00,108.86,.97,0.00,-10.06,-2.43,-6.19,1446.00,1452.00,1452.00,1446.00
48805,1,0,350350.00,108.86,-4.41,0.00,-39.56,-4.59,-40.88,1431.00,1467.00,1467.00,1431.00
48827,1,0,350.00,108.86,-5.05,0.00,-18.25,-5.68,-30.37,1436.00,1466.00,1466.00,1436.00
48851,1,0,350.00,108.86,-5.60,0.00,-13.38,-6.09-6.44,-10.81,1444.00,1458.00,1458.00,1444.00
48897,1,0,350.00,108.86,-6.59,0.00,-11.1,-7.15,-11.13,1443.00,1459.00,1459.00,1443.00
48946,1,0,350.00,108.86,-5.52,0.000,16.87,-6.08,22.81,1454.00,1444.00,1444.00,1454.00
49051,1,0,350.00,108.86,-3.78,0.00,-3.25,-4.30,5.62,1449.00,1449.00,1449.00,1449.00
49526,1,0,350.00,108.86,-4.18,0.00,-9.06,-4.66,-9.81,1445.00,1457.00,1457.00,14455.00
49550,1,0,350.00,108.86,-4.24,0.00,-0.31,-4.86,-4.06,1447.00,1455.00,1455.00,1447.00
49573,1,0,350.,108.86,-4.29,0.00,-3.44,-4.80,-0.31,1449.00,1453.00,1453.00,1449.00
49645,1,0,350.00,108.86,-5.,0.00,3.94,-5.73,-3.75,1447.00,1455.00,1455.00,1447.00
49695,1,0,350.00,108.86,-4.88,.00,-2.69,-5.44,0.31,1449.00,1453.00,1453.00,1449.00
49718,1,0,350.00,108.86,-4.95,0.00,-3.81,-5.54,-2.69,1447.,1455.00,1455.00,1447.00
49852,1,0,350.00,108.86,-4.47,0.00,5.31,-5.18,6.62,1449.00,1449.00,1449.00,1449.00
49933,1,0,350.00,108.86,-5.00,0.00,-0.50,3,-0.50,1448.00,1454.00,1454.00,1448.00
50060,1,0,350.00,108.86,-6.17,0.00,-3.62,-6.69,-6.00,1443.00,1455.00,1455.00,1440
50082,1,0,350.00,108.86,-5.99,0.00,6.81,-6.70,3.62,1449.00,1453.00,1453.00,1449.00
50108,1,0,350.00,108.86,-5.69,0.00,4.56,-6.36,6.87,1451.00,1451.00,1451.00,1451.00
50131,1,0,350.00,108.86,-5.71,0.00,-2.75,-6.31,-0.75,1448.00,1454.00,1454.00,1448.00
50157,1,0,350.00,10.86,-5.76,0.00,-0.88,-6.33,-3.31,1447.00,1455.00,1455.00,1447.00
50182,1,0,350.00,108.86,-5.70,0.00,5,-6.16,9.75,1451.00,1451.00,1451.00,1451.00
50271,1,0,350.00,108.86,-5.34,0.00,6.06,-6.08,.06,1449.00,1449.00,1449.00,1449.00
50308,1,0,350.00,108.86,-5.39,0.00,-6.19,-5.96,-2.62,1445.00,1453.00,1453.00,1445.00
50371,1,0,350.00,108.86,-5.52,0.00,3.94,-6.19,2.81,1447.00,1451.00,1451.00,1447.00
50451,1,0,350.00,108.86,-5.91,0.00,-2.00,-6.47,-6.56,1443.00,1455.00,1455.00,1443.00
50470,1,0,350.00,108.86,-5.89,0,0.25,-6.52,1.12,1446.00,1452.00,1452.00,1446.00
50488,1,0,350.00,108.86,-5.91,0.00,-1.19,-6.52,0.252,1447.00,1455.00,1455.00,1447.00
50534,1,0,350.00,108.86,-6.01,0.00,3.87,-6.62,-0.81,140,1451.00,1451.00,1447.00
50582,1,0,350.00,108.86,-5.75,0.00,0.94,-6.38,2.94,1447.00,452.00,1452.00,1446.00
50605,1,0,350.00,108.86,-5.73,0.00,0.81,-6.31,0.31,1446.00,1452.00,1452.00,1446.00
50627,1,0,350.00,108.86,-5.63,0.00,3.75,-6.33,2.81,1447.00,1451.00,1451.00,1447.00
50742,1,0,350.00,108.86,-53,0.00,1.50,-6.17,2.25,1447.00,1451.00,1451.00,1447.00
50764,1,0,350.00,108.86,-5.55,0.00,-1.75,-6.09,1.50,144900,1455.00,1455.00,1447.00
50785,1,0,350.00,108.86,-5.61,0.00,-1.56,-6.16,-2.81,1447.00,1455.00,1455,1446.00
50877,1,0,350.00,108.86,-5.21,0.00,3.31,-5.82,1.69,1447.00,1451.00,1451.00,1447.00
50899,1,0,350.00,108.86,-5.10,0.00,3.56,-5.80,3.44,1450.00,1452.00,1452.00,1450.00
50939,1,0,350.00,108.86,-5.05,0.00,-0.31,-5.60,1..94,1445.00,1453.00,1453.00,1445.00
51033,1,0,350.00,108.86,-5.55,0.00,-5.31,-6.01,-5.31,1446.00,1456.00,1456.00,1446.00
51052,1,0,350.00,108.86,-5.63,0.00,-2.94,-6.15,-4.00,1446.00,1456.00,1456,1445.00
51073,1,0,350.00,108.86,-5.58,0.00,2.19,-6.18,0.69,1448.00,1454.00,1454.00,1448.00
51117,1,0,350.00,108.86,-5.53,0.00,-1.69,-6.07,-1.37,1446.00,1452.00,1452.00,1446.00
51186,1,0,35000,108.86,-5.33,0.00,-0.19,-5.95,1.69,1447.00,1451.00,1451.00,1447.00
51209,1,0,350.00,108.86,-5.36,0.00,-2.69,.99,-2.69,1445.00,1453.00,1453.00,1445.00
51231,1,0,350.00,108.86,-5.46,0.00,-3.12,-5.99,-3.56,1447..00,1453.00,1453.00,1445.00
51328,1,0,350.00,108.86,-5.65,0.00,1.31,-6.29,-0.44,144600,1452.00,1452.00,1446.00
51431,1,0,350.00,108.86,-,0.00,5.56,-5.69,6.00,1449.00,1449.00,1449.00,1449.00
51476,1,0,350.00,108.86,-4.97,.00,1.37,-5.60,0.19,1444.00,1450.00,1450.00,1444.00
51499,1,0,350.00,108.86,-4.91,0.00,2.50,-5.52,1.37,1435.00,.00,1438.00,1434.00
51521,1,0,350.00,108.86,-4.80,0.00,3.94,-5.44,3.50,1435.00,1437.00,1437.00,1435.
51606,1,0,350.00,108.86,-4.99,0.00,-2.25,-5.60,-0.81,1402.00,1408.00,1408.00,1402.00
51628,1,0,350.00,108.86,-5.20,0.00,-5.62,-5.64,-5.50,1380.00,1390.00,1390.00,1380.00
51653,1,0,350.00,1086,-5.28,0.00,-1.44,-5.87,-4.44,1341.00,1351.00,1351.00,1341.00
51721,1,0,350.00,108.86,-5.31,0.00,-4.12,-5.,-4.12,1096.00,1104.00,1104.00,1096.00
51773,1,0,350.00,108.86,-5.48,0.00,-4.06,--6.11,-4.06,1010.00,1020.00,1020.00,1010.00
51795,1,0,350.00,108.86,-5.69,0.00,-8.75,-6.24,-7.50,1009.00,1021.0,1022.00,1008.00
51820,1,0,350.00,108.86,-5.34,0.00,-12.94,-5.99,-12.13,1006.00,1022.00,1022.00,10061006.00
51865,1,0,350.00,108.86,-5.58,0.00,-9.25,-6.36,-8.81,1007.00,1021.00,1021.00,100.00
51889,1,0,350.00,108.86,-5.28,0.00,-11.13,-6.02,-10.31,1007.00,1021.00,1021.00,1007.00
51917,1,0,350.00,108.86,-5.33,0.00,-5.87,-5.80,-8.81,1008.00,1020.00,11019.00,1009.00
51938,1,0,350.00,108.86,-5.22,0.00,-0.13,-5.99,-1.69,1010.00,1018.00,1018.00,1010.00
52128,0,0,350.00,108.86,-1.88,0.00,-0.19,-2.44,0.50,1014.00,1016.00,1016.00,1014.00
52178,0,0,350.00,108.86,-1.75,0.00,-3.94,-2.39,-1.50,1014.00,1016.00,1016.00,1014.00
52199,0,0,350.00,108.86,-1.98,0.00,-9.25,-2.52,-8.13,1011.00,1019.00,1019.00,1011.00
52220,0,0,350.00,108.86,-25,0.00,-9.25,-2.72,-9.25,1010.00,1020.00,1020.00,1010.00
52242,0,0,350.00,108.86,-2.37,0.00,-8.44,-23.04,-7.94,1011.00,1019.00,1019.00,1011.00
52336,0,0,350.00,108.86,-2.80,0.00,-1.75,-3.43,-1.75,1013.00,1017.00,1017.00,1013.00
52359,0,0,350.00,108.86,-2.67,0.00,-2.00,-3.27,-1.37,1013.00,1017.,1017.00,1013.00
52417,0,0,350.00,108.86,-2.13,0.00,7.69,-2.87,5.94,1015.00,1015.00,1015.00,1015.00
52439,0,0,350.00,108.86,-1.92,0.00,6.31,-2.55,6.81,1016.00,1014.00,1014.00,1016.00
52570,0,0,350.00,108.86,-0.54,0.00,2.56,-1.20,2.19,1015.00,1015.00,100,1015.00
52591,0,0,350.00,108.86,-0.41,0.00,0.81,-1.10,1.94,1015.00,1015.00,1015.00,1015.00
52617,0,0,350.00,108.86,-0.45,0.00,-5.44,-0.98,-4.00,1013.00,1017.00,10017.00,1013.00
52638,0,0,350.00,108.86,-0.60,0.00,-5.81,-1.11,-6.25,1012.00,1018.00,1018.00,1012.00
52752,0,0,350.00,1008.86,-1.63,0.00,-4.19,-2.15,-4.37,1013.00,1017.00,1017.00,1013.00
52773,0,0,350.00,108.86,-1.65,0.00,-3.62,-2.,-3.62,1013.00,1017.00,1017.00,1013.00
52800,0,0,350.00,108.86,-1.66,0.00,-0.19,-2.30,-1.37,1014.00,15.00,1015.00,1015.00
52861,0,0,350.00,108.86,-1.27,0.00,4.69,-1.97,4.62,1015.00,1015.00,100,1015.00
52890,0,0,350.00,108.86,-1.10,0.00,5.12,-1.78,4.56,1015.00,1015.00,1015.00,1015.00
52924,0,0,350.00,108.86,-0.72,0.00,9.06,-1.52,7.37,1017.00,1013.00,1013.00,017.00
52949,0,0,350.00,108.86,-0.46,0.00,7.44,-1.09,8.81,1017.00,1013.00,1013.00,1017.00
53071,0,0,350.00,108.86,0.19,0.00,-3.00,-0.34,-3.06,1014.00,1016.00,1016.00,1014.00
53132,0,0,3350.00,108.86,-0.30,0.00,-8.44,-0.85,-8.56,1012.00,1018.00,1018.00,1012.00
53152,0,0,350.00,108.86,-0.58,0.00,-7.44,-1.07,-7.87,1012.00,1018.00,1018.00,1012.00
53180,0,0,3500,108.86,-0.75,0.00,-5.87,-1.21,-6.75,1012.00,1018.00,1018.00,1012.00
53252,0,00,350.00,108.86,-1.11,0.00,-4.81,-1.60,-5.87,1012.00,1018.00,1018.00,1012.00
53385,0,0,350.00,108.86,-0.96,0.00,3.19,-1.63,2.69,1042.00,.00,1052.00,1052.00
53464,0,0,350.00,108.86,-0.41,0.00,8.56,-1.14,7.69,1086.00,1082.0,1108.00,1112.00
53493,0,0,350.00,108.86,-0.15,0.00,6.81,-0.85,8.19,1112.00,1108.00,1108.00,1112.00
53702,0,0,350.00,108.86,0.55,0.00,-0.88,-0.08,-0.8,1190.00,1190.00,1190.00,1190.00
53728,0,0,350.00,108.86,0.52,0.00,-1.25,-0.10,-1.25,1201.00,1201.00,1201.00,1200
53755,0,0,350.00,108.86,0.40,0.00,-6.25,-0.17,-3.06,1213.00,1215.00,1215.00,1213.00
53828,0,0,350.00,108.86,0.03,0.00,-3.12,-0.51,-4.31,1236.00,1238.00,1238.00,1236.00
53849,0,0,350,108.86,-0.01,0.00,-3.37,-0.55,-1.25,1238.00,1238.00,1238.00,1238.00
53947,0,0,350.00,108.86,-0.03,0.00,2.50,-0.61,1.12,1270.00,1270.00,1270.00,1270.00
54073,0,0,350.00,108.86,0.41,0.00,6.44,-0.35,6.87,1294.00,1290.00,1290.00,129
54100,0,0,350.00,108.86,0.51,0.00,3.37,-0.11,4.81,1296.00,1294.00,1294.00,1296.00
54147,0,0,350.00,108.86,0.69,0.00,1.75,0.11,4.81,1306.00,1304.00,1304.00,1306.00
54175,0,0,350.00,108.86,0.83,0.00,4.50,0.22,3.31,1306.00,1304.00,1304.00,1306.00
54311,0,0,350.00,108.86,0.92,0.00,-3.00,0.41,-2.25,1320.00,1320.00,1320.00,132
54336,0,0,350.00,108.86,0.85,0.00,-2.50,0.33,-2.62,1322.00,1322.00,1322.00,1322.00
54406,0,0,350.00,108.86,0.70,0.00,-4.31,0.18,-2.56,1334.00,1334.00,1334.00,1334.00
54616,0,0,350.00,108.86,0.18,0.00,-0.56,-0.36,-2.56,1344.00,1344.00,1344.00,1344.00
54638,0,0,350.00,108.86,0.20,0.00,-0.69,-0.43,-0.06,1344.00,1344.00,1344.00,1.00
54669,0,0,350.00,108.86,0.20,0.00,0.50,-0.43,-0.19,1346.00,1346.00,1346.00,1346.00
54759,0,0,350.00,108.86,0.23,0.00,1.62,-0.43,0.75,1359.00,1359.00,1359.00,1359.00
54862,0,0,350.00,108.86,0.36,0.00,0.56,-0.20,-0.44,1374.00,1374.00,1374.00,1374.00
54980,0,0,350.00,108.86,0.53,0.00,-0.19,-0.03,-0.06,1390.00,1390.00,1390.00,1390.00
55086,0,0,350.00,1.86,0.62,0.00,-2.50,0.10,-0.81,1403.00,1403.00,1403.00,1403.00
55226,0,0,350.00,108.86,0.60,0.00,-2.37,0.06,-0.25,1407.00,1407.00,1407.00,1407.00
55253,0,0,350.00,108.86,0.50,0.00,-2.81,-0.03,-3.62,1407.00,1409.00,1409.00,1407.00
55302,0,0,350.00,108.86,0.46,0.00,-1.31,-0.15,-1.37,1410.00,1410.00,1410.00,1410.00
55324,0,0,350.00,108.86,0.39,0.00,-2.75,-0.20,-1.87,1413.00,1413.00,1413.00,1413.00
55564,0,0,350.00,108.86,0.10,0.00,-0.06,-0.44,0.81,1419.00,1419.00,1419.00,1419.00
55589,0,0,350.00,108.86,0.06,0.00,-2.06,-0.53,-1.31,1420.00,1420.00,1420.00,1420.00
55638,0,0,350.00,8.86,0.05,0.00,1.25,-0.53,0.19,1421.00,1421.00,1421.00,1421.00
55775,0,0,350.00,108.86,0.34,0.00,2.50,-0.,2.50,1430.00,1430.00,1430.00,1430.00
55818,0,0,350.00,108.86,0.62,0.00,3.31,-0.01,4.94,1433.00,1431.00,1431.00,1433.00
55996,0,0,350.00,108.86,0.85,0.00,-1.94,022,-1.94,1440.00,1440.00,1440.00,1440.00
56021,0,0,350.00,108.86,0.78,0.00,-2.06,0.26,-2.75,1442.00,1442.00,144,1442.00
56053,0,0,350.00,108.86,0.74,0.00,-1.75,0.20,-1.37,1442.00,1442.00,1442.00,1442.00
56129,0,0,350.00,108.86,0.39,0.00,-6.12,-0.05,-5.69,1442.00,1446.00,1446.00,1442.00
56151,0,0,300,108.86,0.24,0.00,-5.25,-0.29,-5.44,1442.00,1446.00,1446.00,1442.00
56233,0,0,350.00,108.86,-0.06,0.00,-4.62,-0.53,-3.87,1445.00,1447.00,1447.00,1445.00
56258,0,0,350.00,108.86,-0.10,0.00,-4.,-0.66,-4.00,1446.00,1448.00,1448.00,1446.00
56290,0,0,350.00,108.86,-0.15,0.00,-0.50,-0.78,-1.75,14.00,1447.00,1447.00,1447.00
56412,0,0,350.00,108.86,0.01,0.00,0.75,-0.55,0.62,1449.00,1449.00,1449.00,1449.00
56451,0,0,350.00,108.86,0.13,0.00,4.62,-0.50,2.00,1449.00,1449.00,1449.00,14.00
56477,0,0,350.00,108.86,0.25,0.00,3.19,-0.38,4.44,1450.00,1448.00,1448.00,1450.00
56508,0,0,350.00,1,0.30,0.00,1.19,-0.27,2.62,1449.00,1449.00,1449.00,1449.00
56690,0,0,350.00,108.86,0.46,0.00,1.19,-0.18,-1.12,1449.00,14.00,1449.00,1449.00
56716,0,0,350.00,108.86,0.49,0.00,1.12,-0.08,1.31,1449.00,1449.00,1449.00,1449.00
56791,0,0,350.00,108.86,.29,0.00,-4.31,-0.27,-3.81,1448.00,1450.00,1450.00,1448.00
56936,0,0,350.00,108.86,0.04,0.000,-2.31,-0.52,-3.06,1448.00,1450.00,1450.00,1448.00
56963,0,0,350.00,108.86,-0.03,0.00,-1.31,-0.64,-2.31,1448.,1449.00,1449.00,1449.00
57165,1,1,13.72,0.01,0.01,426.77,2.56,-13.71,-425.40,1274.00,1624.00,1624.00,12700
57194,1,1,30.47,0.09,0.44,619.95,24.69,-30.37,-614.08,1190.00,1708.00,1708.00,1190.00
57287,1,2,96.64,4.98,10.91,983.16,251.31,-91.66,-801.72,1081.00,1817.00,1817.00,1081.00
57331,1,2,131.20,10.39,20.27,1064.55,354.06,-120.81,-775.12,1076.00,1822.00,1822.00,1076.00
57746,1,0,350.00,111.37,-60.69,0.00,831.75,-77.38,828.94,1732.00,1166.00,1166.00,1732.00
57787,1,0,350.00,111.37,-37.29,0.00,785.25,-53.35,822.12,1743.00,1155.00,1155.00,1743.00
57838,1,0,350.00,111.37,36.76,0.00,102.44,35.21,160.69,1532.00,1366.00,1366.00,1532.9.00
57859,1,0,350.00,111.37,35.22,0.00,-69.37,36.54,-8.37,1466.00,1432.00,1432.00,1466.00
57894,1,0,3500.00,111.37,28.71,0.00,-256.12,32.84,-188.50,1394.00,1504.00,1504.00,1394.00
57972,1,0,350.00,111.37,4.72,0.00,-312.69,10.36,-329.06,1325.00,1573.00,1573.00,1325.00
58012,1,0,350.00,111.37,-3.55,0.00,-273.56,-1.53,-284.19,1336.00,1562.00,1562.00,1336.00
58127,1,0,350.00,111.37,-19.39,0.00,44.06,-20.50,-29.31,1426.00,1472.00,1472.00,1426.00
58208,1,0,350.00,111.37,-8.72,0.00,162.56,-10.87,162.81,1507.00,1391.00,1391.00,15507.00
58249,1,0,350.00,111.37,-1.99,0.00,174.56,-6.06,170.81,1513.00,1385.00,1385.00,1513.00
58293,1,0,350.00,111.37,4.51,0.00,157.69,2.36,164.87,1515.00,1383.000,1385.00,1513.00
58317,1,0,350.00,111.37,9.53,0.00,125.44,6.75,140.37,1508.00,1390.00,1390.00,1508.00
58346,1,0,350.00,111.37,11.18,0.00,30.12,9.78,83.31,1487.00,1411.00,1411.00,1487.00
58429,1,0,350.00,111.37,8.10,0.00,-74.19,8.92,-59.81,1431.00,1467.00,1467.00,1431.00
58453,1,0,350.00,1.37,5.77,0.00,-83.87,6.72,-77.00,1423.00,1475.00,1475.00,1423.00
58570,1,0,350.00,111.37,-3.58,0.00,-64.31,-4.14,-89.75,1412.00,1486.00,1486.00,1412.00
58688,1,0,350.00,111.37,-4.03,0.00,32.19,-66,32.19,1459.00,1439.00,1439.00,1459.00
58760,1,0,350.00,111.37,0.30,0.00,74.67,-0.26,74.69,1478.00,1420.00,1420.00,1478.00
58818,1,0,350.00,111.37,3.77,0.00,38.25,2.77,56.50,1472.00,1426.00,1426.00,1472.00
58895,1,0,350.00,111.37,4.96,0.00,3.87,4.28,12.31,1456.00,1442.00,1442.00,1456.00
59005,1,00,350.00,111.37,1.70,0.00,-38.31,1.92,-45.13,1433.00,1465.00,1465.00,1433.00
59028,1,0,350.00,111.37,1.38,0.00,7.50,0.75,-33.75,1437.00,1461.00,1461.00,1437.00
59143,1,0,350.00,111.37,-1.28,0.00,-10.19,-1.4,-10.19,1444.00,1454.00,1454.00,1444.00
59225,1,0,350.00,111.37,-0.23,0.00,20..25,-0.79,20.25,1456.00,1442.00,1442.00,1456.00
59249,1,0,350.00,111.37,0.26,0.00,16.00,-0.61,18.25,1455.00,1440,1443.00,1455.00
59357,1,0,350.00,111.37,2.14,0.00,10.56,1.25,19.50,1457.00,1441.00,1441.00,1457.00
59463,1,0,3.00,111.37,1.82,0.00,-2.00,1.23,-2.31,1449.00,1449.00,1449.00,1449.00
59594,1,0,350.00,111.37,0.41,0.00,-7.06,-0.05,-13.25,1444.00,1450,1451.00,1447.00
59681,1,0,350.00,111.37,0.01,0.00,-8.88,-0.47,-7.12,1446.00,14522.00,1452.00,1446.00
59708,1,0,350.00,111.37,-0.20,0.00,-4.50,-0.71,-9.06,1446.00,1452.00,1452.00,1446.00
59729,1,0,350.00,111.37,-0.13,0.00,5.94,-0.74,2.62,1449.00,1449.00,1449.00,1449.00
59786,1,0,350.00,1,0.26,0.00,5.00,-0.42,9.06,1452.00,1446.00,1446.00,1452.00
59843,1,0,350.00,111.37,0.18,0.00,81,-0.38,-3.12,1448.00,1450.00,1450.00,1448.00
59922,1,0,350.00,111.37,0.49,0.00,4.87,-.07,4.87,1450.00,1448.00,1448.00,1450.00
59947,1,0,350.00,111.37,0.35,0.00,-5.56,-0.07,-2.00,1449.00,1449.00,14.00,1447.00
59970,1,0,350.00,111.37,0.05,0.00,-9.63,-0.32,-10.50,1445.00,1453.00,1453.00,1445.00
60044,1,0,350.00,111.37,-0.13,0.00,-1.37,-0.71,0.88,1449.00,1449.00,1449.00,1449.00
60082,1,0,350.00,111.37,-0.37,0.00,-10.06,-0.76,-6.19,1447.00,1451.00,1451.00,1447.00
60129,1,0,350.00,111.37,-0.77,0.00,-6.31,-1.30,-8.81,1445.00,1453.00,1453.00,1445.00
60155,1,0,350.00,111.37,-0.74,0.00,3.12,-1.35,-1.19,1448.00,1450.00,1450.00,1448.00
60178,1,0,350.00,17,-0.69,0.00,-0.37,-1.27,3.19,1449.00,1449.00,1449.00,1449.00
60237,1,0,350.00,111.37,-0.76,0.00,-2.5.44,-1.37,-5.50,1447.00,1451.00,1451.00,1447.00
60284,1,0,350.00,111.37,-0.90,0.00,3.44,3,3.44,1449.00,1449.00,1449.00,1449.00
60370,1,0,350.00,111.37,-0.84,0.00,-4.44,-11.40,-4.44,1447.00,1451.00,1451.00,1447.00
60424,1,0,350.00,111.37,-0.88,0.00,3.44,-1.47,2.06,1449.00,1449.00,1449.00,1449.00
60503,1,0,350.00,111.37,-1.12,0.00,-6.56,-1.69,-7.87,1445.00,1453.00,1453.00,1445.00
60541,1,0,350.00,111.37,-1.16,0.00,0.31,-1.75,-1.81,1448.00,1450.00,1450.00,1448.00
60585,1,0,350.00,111.37,-0.99,0.00,2.56,-1.57,4.37,1449.00,1449.00,1449.00,1449.00
60605,1,0,350.00,111.37,-1.04,0.00,-3.81,-1.64,-2.06,1448.00,1450.00,1450.00,1448.00
60665,1,0,350.00,111.37,-1.17,0.00,1.50,-1.81,62,1450.00,1448.00,1448.00,1450.00
60742,1,0,350.00,111.37,-0.93,0.00,-1.75,-1.48,1.69,1449.,1450.00,1450.00,1448.00
60828,1,0,350.00,111.37,-0.87,0.00,5.81,-1.53,3.44,1449.0,1448.00,1448.00,1450.00
60852,1,0,350.00,111.37,-0.74,0.00,3.12,-1.37,5.44,1450.00,1448.00,1448.00,1450.00
60937,1,0,350.000,111.37,-0.69,0.00,3.00,-1.30,-0.31,1449.00,1449.00,1449.00,1449.00
60963,1,0,350.00,111.37,-0.56,0.00,4.56,-1.21,4.37,1450.00,1448.00,1448.00,1450.00
61063,1,0,350.00,111.37,-0.55,0.00,1.62,-1.20,-0.31,1437.00,1437.00,1437.00,1437.00
61235,1,0,350.00,111.37,-1.09,0.00,-3.69,-1.65,-3.69,1238.00,1242.00,1242.00,1238.00
61283,1,0,350.00,111.37,-1.30,0.00,-8.56,-1.78,-6.00,1072.00,1078.00,101079.00,1071.00
61310,1,0,350.00,111.37,-1.69,0.00,-9.25,-2.05,-10.06,1017.00,1027.00,1027.00,1017.00
61337,1,0,350.00,111.37,-1.85,0.00,-4.50,-2.38,-6.25,1016.00,1022.00,1022.00,1016.00
61396,1,0,350.00,1111.37,-1.89,0.00,-0.44,-2.52,-0.44,1016.00,1018.00,1018.00,1016.00
61424,1,0,350.00,111.37,-1.93,0.00,-0.94,-2.47,-1.31,1014.00,1016.00,1016.00,1014.00
61461,1,0,350.00,111.,-1.91,0.00,2.06,-2.56,0.06,1014.00,1016.00,1016.00,1014.00
61526,1,0,350.00,111.37,-128,0.00,7.69,-2.00,9.94,1016.00,1012.00,1012.00,1016.00
61738,0,0,350.00,111.37,-0.11,0.00,1.56,-0.69,0.81,1014.00,1014.00,1014.00,1014.00
61759,0,0,350.00,111.37,-0.06,0.00,1.00,-0.63,1.75,1014.00,1014.00,1014.00,1014.00
61848,0,0,350.00,111.37,-0.20,0.00,-6.12,-0.65,-2..44,1011.00,1017.00,1017.00,1011.00
61985,0,0,350.00,111.37,-1.54,0.00,-10.94,-1.-2.10,-10.94,1009.00,1019.00,1019.00,1009.00
62010,0,0,350.00,111.37,-1.78,0.00,-7.31,-2.19,-10.00,1009.00,10190,1018.00,1010.00
62153,0,0,350.00,111.37,-1.63,0.00,7.87,-2.35,4.87,1014.00,1014.00,1014.00,1014.00
62201,0,0,350.00,111.37,-1.11,0.00,8.44,-1.89,9.06,1017.00,1013.00,1013.00,1017.00
62229,0,0,350.00,111.37,-0.88,0.00,8.00,-1.67,8.31,1017.00,1013.00,1013.00,1017.00
62308,0,0,350.00,111.37,-0.42,0.00,9.94,-1.18,9.8,1018.00,1012.00,1012.00,1018.00
62357,0,0,350.00,111.37,0.14,0.00,4.31,-0.48,5.56,1016.00,00,1014.00,1016.00
62442,0,0,350.00,111.37,0.34,0.00,0.44,-0.23,2.19,1015.00,1015.00,10100,1015.00
62464,0,0,350.00,111.37,0.30,0.00,-2.94,-0.30,-0.50,1015.00,1015.00,1015.00,1015.00
62679,0,0,350.00,1111.37,-1.28,0.00,-6.31,-1.78,-7.50,1012.00,1018.00,1018.00,1012.00
62703,0,0,350.00,111.37,-1.36,0.00,-4.62,-1.,-4.62,1013.00,1017.00,1017.00,1013.00
62737,0,0,350.00,111.37,-1.41,0.00,-3.69,-1.96,-3.62,1013.00,1017.00,1017.00,1013.00
62847,0,0,350.00,111.37,-1.15,0.00,7.19,-1.79,6.56,1016.00,1014.00,1014.00,1016.00
62894,0,0,350.00,111.37,-0.75,0.00,7.31,-1.47,7.12,1016.00,1014.00,1014.0,1017.00
62917,0,0,350.00,111.37,-0.50,0.00,8.63,-1.15,7.50,1017.00,1013.00,1013.00,1017.00
62938,0,0,30,111.37,-0.21,0.00,10.50,-0.87,9.44,1018.00,1012.00,1012.00,1018.00
63125,0,0,350.00,111.37,0.72,0.00,-0.37,0.16,1.81,1015.00,15.00,1015.00,1015.00
63151,0,0,350.00,111.37,0.67,0.00,-3.69,0.16,-1.62,1015.00,1015.00,1015.00,1015.00
63183,0,0,350.00,111.37,0.52,0.00,-5.87,0.02,-5.81,1013.00,1017.00,1017.00,1013.00
63231,0,0,350.00,1137,0.23,0.00,-6.94,-0.20,-6.06,1013.00,1017.00,1017.00,1013.00
63282,0,0,350.00,111.37,-026,0.00,-10.63,-0.71,-10.25,1011.00,1019.00,1019.00,1011.00
63371,0,0,350.00,111.37,-0.85,0.00,-6.12,-1.43,-6.31,1012.00,1018.00,1018.00,1012.00
63393,0,0,350.00,111.37,-0.94,0.00,-5.37,-1.0,-5.37,1013.00,1017.00,1017.00,1013.00
63419,0,0,350.00,111.37,-1.06,0.00,-4.75,-1.64,-5.25,1013.00,1017.00,1017.00,1013.00
63543,0,0,350.00,111.37,-0.81,0.00,5.12,-1.50,4.81,1016.00,1014.00,1014.00,1016.00
63587,0,0,350.00,111.37,-0.49,0.00,7.75,-1.27,5.94,1018.00,1016.00,10160,1029.00
63611,0,0,350.00,111.37,-0.22,0.00,9.25,-1.03,8.37,1029.00,1025.00,1025.00,1029.00
63644,0,0,300,111.37,0.06,0.00,9.25,-0.69,9.19,1043.00,1037.00,1037.00,1043.00
63816,0,0,350.00,111.37,0.70,0.00,-3.75,0.19,-1.56,1113.00,116.00,1126.00,1124.00
63840,0,0,350.00,111.37,0.55,0.00,-5.00,0.10,-5.00,1135.00,1137.00,1137.00,1135.00
63868,0,0,350.00,111.37,0.38,0.00,-6.50,-0.12,-5.50,1156.00,1160.00,1160.00,1156.00
63926,0,0,350.00,11.37,0.05,0.00,-7.69,-0.37,-7.75,1179.00,1185.00,1185.00,1179.00
63991,0,0,350.00,111.37,.33,0.00,-2.94,-0.94,-8.56,1214.00,1220.00,1220.00,1214.00
64061,0,0,350.00,111.37,-0.49,0.00,1.19,-1.14,0.31,1249.00,1249.00,1249.00,1249.00
64085,0,0,350.00,111.37,-0.44,0.00,-1.25,-1.05,1,1261.00,1263.00,1263.00,1261.00
64269,0,0,350.00,111.37,0.80,0.00,5.19,0.12,4.81,1318.00,1316.00,1316.00,1318.00
64503,0,0,350.00,111.37,1.13,0.00,-4.56,0.54,-3.06,1366.00,1366.00,1366.00,1366.00
64528,0,0,350.00,111.37,0.97,0.00,-6.12,0.47,-6.31,1376.00,1380.00,1380.00,1376.00
64654,0,0,350.00,111.37,-0.03,0.00,-6.31,-0.52,-8.63,1400.,1405.00,1405.00,1401.00
64738,0,0,350.00,111.37,-0.26,0.00,-1.94,-0.80,-2.56,1414.00,1416.00,1416.00,1414.00
64763,0,0,350.00,111.37,-0.27,0.00,-0.88,-0.89,-0.81,1416.00,1416.00,1416.00,14.00
64796,0,0,350.00,111.37,-0.24,0.00,1.50,-0.83,0.25,1416.00,1416.00,1416.00,1416.00
64870,0,0,350.00,111.37,-0.01,0.00,3.00,-0.63,2.87,1421.00,1421.00,1421.00,1421.00
64892,0,0,350.00,1,0.08,0.00,3.37,-0.54,3.12,1422.00,1422.00,1422.00,1422.00
64971,0,0,350.00,111.37,0.21,0,2.06,-0.35,2.31,1426.00,1426.00,1426.00,1426.00
65103,0,0,350.00,111.37,0.45,0.00,0.56,-0.10,0.75,1440.00,1440.00,1440.00,1440.00
65123,0,0,3,111.37,0.47,0.00,0.56,-0.17,0.69,1442.00,1442.00,1442.00,1442.00
65261,0,0,350.00,111.37,0.55,0.00,-0.56,-0.01,-1.19,1444.00,1444.00,1444.00,146.00
65420,0,0,350.00,111.37,0.40,0.00,-2.87,-0.17,-2.56,1453.00,1455.00,1455.00,1453.00
65445,0,0,350.00,111.37,0.28,0.00,-4.56,-0.19,-3.56,1453.00,1455.00,1455.00,1453.00
65467,0,0,350.00,111.37,8,0.00,-2.00,-0.35,-4.56,1453.00,1457.00,1457.00,1453.00
65659,0,0,350.00,111.37,0.53,0.00,4.37,-0.14,2.75,1472.00,1470.00,14.00,1472.00
65685,0,0,350.00,111.37,0.75,0.00,8.31,0.11,8.13,1474.00,1468.00,1468.00,1474.00
65884,0,0,350.00,111.37,1.43,0.00,-3.44,0.91,-0.50,1473.00,1473.00,143.00,1473.00
65909,0,0,350.00,111.37,1.30,0.00,-4.62,0.83,-4.06,1472.00,1474.00,1474.00,1472.00
65994,0,0,350.00,111.37,1.02,0,-7.87,0.39,-7.25,1473.00,1477.00,1477.00,1473.00
66042,0,0,350.00,111.37,0.40,0.00,-8.00,16,-8.00,1472.00,1478.00,1478.00,1472.00
66126,0,0,350.00,111.37,0.27,0.00,0.69,-036,0.69,1477.00,1477.00,1477.00,1477.00
66150,0,0,350.00,111.37,0.26,0.00,-1.12,-0.36,-0.44,1477.00,1477.00,1470,1478.00
66182,0,0,350.00,111.37,0.25,0.00,1.81,-0.40,-1.31,1478.00,1478.00,1478.00,1478.00
66252,0,0,350.00,111.37,0.62,0.00,6.25,-0.07,6.62,1481.00,1477.00,1477.00,1481.00
66405,0,0,350.00,111.37,1.02,0.00,-1.50,0.43,-1.00,1485.00,1485.00,1485.00,1485.00
66488,0,0,350.00,111.37,1.03,0.00,1.50,0.38,1.69,1488.00,1488.00,1488.00,1488.00
66614,0,0,350.00,111.37,0.63,0.00,-1.12,0.03,-3.37,1400,1493.00,1493.00,1493.00
66755,0,0,350.00,111.37,0.42,0.00,1.06,-0.16,0.19,1496.00,1496.00,1496.00,1496.00
66800,0,0,350.00,111.37,0.40,0.00,-2.25,-0.21,-1.12,1496.00,1496.00,1496.00,1496.00
66826,0,0,350.00,111.37,0.37,0.00,-0.19,-0.20,-1.06,1496.00,1496.00,1496.00,1496.00
66993,0,0,350.00,111.37,0.67,0.00,0.00,0.05,-1.12,1496.00,1496.00,1496.00,1496.00
67038,0,0,350.00,111.37,0.78,0.00,2.69,0.11,3.06,1499.00,1497.00,1497.00,14900
67063,0,0,350.00,111.37,0.75,0.00,-1.00,0.15,-0.37,1498.00,1498.00,1498.00,1498.00
67093,0,0,350.00,17,0.78,0.00,2.50,0.19,-1.00,1498.00,1498.00,1498.00,1498.00
67183,0,0,350.00,111.37,0.92,0.00,-3.44,0.35,-1.56,1498.00,1400,1499.00,1497.00
67264,0,0,350.00,111.37,0.88,0.00,2.75,0.20,1.31,1498.00,1498.00,140,1499.00
67289,0,0,350.00,111.37,0.88,0.00,-0.44,0.26,1.25,1498.00,1498.00,1498.00,1498.00
67311,0,0,350,111.37,0.74,0.00,-5.87,0.28,-3.25,1497.00,1499.00,1499.00,1497.00
67419,0,0,350.00,111.37,0.30,0.00,-3.50,-3,-3.50,1497.00,1499.00,1499.00,1497.00
67502,0,0,350.00,111.37,0.02,0.00,-1.37,-04,-1.37,1498.00,1498.00,1498.00,1498.00
67553,0,0,350.00,111.37,0.15,0.00,2.25,-0.50,3.69,1499.00,1497.00,1497.00,1499.00
67634,0,0,350.00,111.37,0.07,0.00,0.62,-0.55,-2.44,1497.00,1499.00,1499.00,1497.00
67736,0,0,350.00,111.37,34,0.00,1.25,-0.23,0.50,1498.00,1498.00,1498.00,1498.00
67790,0,0,350.00,111.37,0.49,0.00,5.69,-0.13,4.87,1499.00,1497.00,1497.00,1499
67866,0,0,350.00,111.37,0.51,0.00,-6.00,0.06,-2.81,1495.00,1497.00,1497.00,1495.00
68104,0,0,350.00,111.37,0.37,0.00,0.44,-0.26,0.88,1496.00,1496.00,1496,1498.00
68143,0,0,350.00,111.37,0.35,0.00,-1.37,-0.20,-1.19,1498.00,1498.00,1498.00,1498.00
68211,1,1,3.06,0.07,0.51,204.77,3.25,-2.99,-201.14,1415.00,1577.00,1577.00,1415.00
68342,1,1,79.14,2.62,6.79,919.90,171.94,-90.26,-805.21,1130.00,1866.00,1866.00,1130.00
68602,1,3,324.03,79.03,138.70,576.36,739.56,-245.00,145.45,1418.00,1578.00,1578.00,1418.00
68800,1,0,350.00,117.86,-47.49,0.00,880.06,-64.7905,880.06,1800.00,1178.00,1178.00,1800.00
68888,1,0,350.00,117.86,5.10.59,0.00,513.94,5.05,559.50,1721.00,1275.00,1275.00,1721.00
68915,1,0,350.00,117.86,19.11,0.00,413.44,10.03,513.44,1671.00,1325.00,1325.00,1671.00
68979,1,0,350.00,117.86,27.66,0.00,233.87,24.85,354.56,1651.009.00,1437.00,1437.00,1559.00
69035,1,0,350.00,117.86,23.69,0.00,-252.63,25.58,-217.5.63,1412.00,1584.00,1584.00,1412.00
69123,1,0,350.00,117.86,-4.58,0.000.00,-263.87,-5.21,-310.50,1373.00,1623.00,1623.00,1373.00
69262,1,0,350.00,117.86,-24.52,00.00,84.69,-25.08,54.31,1503.00,1489.00,1489.00,1503.00
69379,1,0,350.00,117.86,-7.078,0.00,144.44,-7.63,160.69,1557.00,1439.00,1439.00,1557.00
69440,1,0,350.00,117.86,-2.90,0.00,130.691.81,-1.24,108.00,1539.00,1457.00,1457.00,1539.00
69804,1,0,350.00,117.86,-10.04,0.00,48.69,-11.1.67,48.69,1511.00,1485.00,1485.00,1511.00
69828,1,0,350.00,117.86,-8.19,0.00,67.37,-9.48,64.31,1518.00,1478.00,77.00,1519.00
70024,1,0,350.00,117.86,-1.51,0.00,-1.69,-2.05,10.13,1498.00,1494.00,1494.00,1498.0.00
70050,1,0,350.00,117.86,-2.64,0.00,-36.25,-2.52,-25.56,1485.00,1507.00,1507.00,1485.00
70075,1,0,350.00,117.86,-3.88,0.00,-40.19,-3.71,-44.69,1477.00,1515.00,1515.00,1477.00
70167,1,0,350.00,117.86,-6.12,0.00,-29.25,-6.14,-24.37,1483.00,1509.00,1509.00,1483.00
70206,1,0,350.00,1117.86,-7.05,0.00,-33.19,-7.36,-31.50,1480.00,1512.00,1512.00,1480.00
70280,1,0,350.00,117.86,-7.98,0.00,14.38,-8.75,7.50,1495.00,1497.00,1497.00,1495.00
70304,1,0,350.00,117.86,-7.60,.00,22.25,-8.16,21.44,1499.00,1493.00,1493.00,1499.00
70493,1,0,350.00,117.86,-4.63,0.00,-1.19,-5.31,1-1.19,1493.00,1499.00,1499.00,1493.00
70518,1,0,350.00,117.86,-4.99,0.00,-16.25,-5.39,-8.00,1490.00,1502.00,1505.00,1487.00
70634,1,0,350.00,117.86,-5.94,0.00,-16.81,-6.40,-7.81,1492.00,1504.00,1504.00,1492.00
70673,1,0,350.00,117.86,-6.64,0.00,-26.87,-6.94,-25.00,1483.00,1509.00,1509.00,1483.00
70722,1,0,350.00,117.86,-7.43,0.00,-5.00,-7.94,-11.63,1489.00,1507.00,1502.00,1490.00
70746,1,0,350.00,117.86,-7.32,0.00,4.69,-7.96,3.25,1493.00,1499.00,1499.00,1493.00
70958,1,0,350.00,117.86,-6.20,0.00,-2.00,-6.76,-0.94,1492.00,1500.00,1500.00,1492.00
71007,1,0,350.00,117.86,-6.03,0.00,9.50,-6.75,7.44,1498.00,1498.00,1498.00,1490
71133,1,0,350.00,117.86,-6.41,0.00,-12.38,-6.92,-13.81,1489.00,1507.00,1507.00,1489.00
71182,1,0,350.00,117.86,-6.58,0.00,-0.06,-7.21,-1.44,1494.00,1502.00,1502.00,1494.00
71205,1,0,350.00,117.86,-6.71,0.00,-7.19,-7.27,-4.31,1493.00,1503.00,1503.00,1493.00
71241,1,0,50.00,117.86,-7.16,0.00,-13.06,-7.47,-11.88,1488.00,1504.00,1504.00,1488.00
71335,1,0,350.00,117.86,.61,0.00,6.31,-7.39,10.25,1498.00,1498.00,1498.00,1498.00
71417,1,0,350.00,117.86,-6.8,0.00,8.56,-7.09,5.44,1497.00,1499.00,1499.00,1497.00
71442,1,0,350.00,117.86,-6.15,0.00,11.56,-7.01,8.56,1498,1498.00,1498.00,1498.00
71469,1,0,350.00,117.86,-5.90,0.00,6.12,-6.59,8.88,1498.00,1498.00,1498.00,1495.00
71556,1,0,350.00,117.86,-6.23,0.00,-4.25,-6.75,-7.87,1492.00,1504.00,1504.00,1400
71593,1,0,350.00,117.86,-6.23,0.00,1.81,-6.80,0.00,1495.00,1501.00,1501.00,1495.00
71639,1,0,350.00,117.86,-6.30,0.00,-4.31,-6.79,-1.37,1494.00,1502.00,1502.00,1494.00
71665,1,0,350.00,117.86,-6.48,0.00,-6.50,-7.04,-5.75,1490.00,1502.00,1502.00,1490.00
71697,1,0,350.0,117.86,-6.59,0.00,-1.37,-7.21,-3.62,1493.00,1503.00,1503.00,1493.00
71790,1,0,350.00,117.86,-6.22,0.00,1.19,-,1.19,1493.00,1499.00,1499.00,1493.00
71873,1,0,350.00,117.86,-5.99,0.00,6.75,-6.68,65,1471.00,1473.00,1473.00,1471.00
71899,1,0,350.00,117.86,-5.84,0.00,2.69,-6.44,4.37,1470.00,1472.00,1472.00,14.00
71929,1,0,350.00,117.86,-5.88,0.00,-2.87,-6.47,-0.19,1456.00,1462.00,1462.00,1456.00
72006,1,0,350.00,117.86,-6.10,0.00,-1.00,-6.71,-1.81,1429.00,1437.00,1437.00,1429.00
72091,1,0,350.00,117.86,-6.60,0.00,-8.75,-7.00,-9.00,1349.00,1363.00,1363.00,1349.00
72148,1,0,350.00,117.86,-6.79,0.00,-5.56,-7.23,-6.94,1281.00,1293.00,1293.00,1281.00
72172,1,0,350.00,117.86,-6.,0.00,-2.62,-7.39,-4.06,1196.00,1206.00,1206.00,1196.00
72335,1,0,350.00,117.86,-7.57,0.00,-1.75,-8.20,-1.75,1010.00,1020.00,1020.00,1010.00
72468,1,0,350.00,117.86,-7.48,0.00,-1.87,-8.02,-0.44,1010.00,1018.00,1018.00,1010.00
72505,1,0,350.00,117.86,-7.57,0.00,-1.44,-8.09,-3.00,1009.00,1019.00,1019.00,1009.00
72551,1,0,350.00,117.86,-7.57,0.00,0.81,-8.13,0.62,1010.00,1018.00,1018.00,1010.00
72576,1,0,350.00,117.86,-7.60,0.00,-1.19,-8.20,-0.19,1010.00,1018.00,1018.00,1010.00
72663,0,0,350.00,117.86,-7.74,0.00,-2.81,-8.332,-0.31,1010.00,1018.00,1018.00,1010.00
72712,0,0,350.00,117.86,-7.64,0.00,1.19,-8.28,2.12,0.00,1018.00,1018.00,1010.00
72796,0,0,350.00,117.86,-7.70,0.00,0.69,-8.27,-1.0,1010.00,1018.00,1018.00,1010.00
72820,0,0,350.00,117.86,-7.65,0.00,1.81,-8.23,1.75,1011.00,1017.00,1017.00,101
72852,0,0,350.00,117.86,-7.64,0.00,-0.88,-8.27,0.44,1010.00,1018.00,1018.00,1010.00
72926,0,0,350.00,117.86,-7.76,0.00,1.12,-8.40,0.13,1010.00,1018.00,1018.00,1010.00
72948,0,0,35,117.86,-7.71,0.00,1.94,-8.36,1.81,1011.00,1017.00,1017.00,1011.00
73032,0,0,350.000,117.86,-7.76,0.00,-0.25,-8.39,-1.06,1010.00,1020.00,1020.00,1010.00
73056,0,0,350.00,117.86,-7.75,0.00,1.44,31,1.44,1011.00,1019.00,1019.00,1011.00
73084,0,0,350.00,117.86,-7.70,0.00,1.50,-8.30,1.62,1011.00,19.00,1019.00,1011.00
73170,0,0,350.00,117.86,-7.79,0.00,-1.00,-8.33,-2.19,1010.00,1020.0,1020.00,1010.00
73254,0,0,350.00,117.86,-7.76,0.00,-1.06,-8.32,0.44,1011.00,1019.00,1020.00,1010.00
73278,0,0,350.00,117.86,-7.81,0.00,-1.50,-8.34,-1.50,1010.00,1020.00,1020.00,1010.00
73311,0,0,350.00,117.86,-7.83,0.00,0.37,-8.39,-1.06,1010.00,1020.00,1020.00,1010.00
73539,0,0,350.00,117.86,-5.63,0.00,-1.81,-6.64,-1.81,1011.00,1019.00,1019.00,1012.00
73662,0,0,350.00,117.86,-5.36,0.00,-0.88,-5.89,-0.25,1012.00,1018.00,1018.00,1012.00
73708,0,0,350.00,117.86,-4.85,0.00,0.56,-5.58,-0.69,1012.00,1018.00,1018.00,1012.
73733,0,0,350.00,117.86,-4.32,0.00,0.88,-5.14,1.00,1013.00,1017.00,1017.00,1013.00
73766,0,0,350.00,117,-3.83,0.00,-1.00,-4.53,-0.25,1013.00,1017.00,1017.00,1013.00
73947,0,0,350.00,117.86,-2.57,0.00,-0.56,-3.13,-0.56,1014.00,1016.00,1016.00,1014.00
73969,0,0,350.00,117.86,-2.40,0.00,0.37,-3.03,0.37,1014.00,1016.00,100,1014.00
74000,0,0,350.00,117.86,-2.19,0.00,0.75,-2.90,1.06,1014.00,1016.00,1016.00,1014.00
74078,0,0,350.00,117.86,-1.84,0.00,-0.75,-2.44,-1.75,1013.00,1017.00,1017.00,1013.00
74116,0,0,350.00,117.86,-1.72,0.00,0.81,-2.40,-0.31,1014.00,1016.00,1016.00,1014.00
74189,0,0,350.00,117.86,-1.34,0.00,-0.69,-1.93,-1.06,1014.00,1016.00,1016.00,1014.00
74317,0,0,350.00,117.86,-0.93,0.00,-1.37,-1.52,-0.94,14.00,1016.00,1016.00,1014.00
74403,0,0,350.00,117.86,-0.75,0.00,0.37,-1.38,0.44,1015.00,1015.00,1015.00,1015.00
74427,0,0,350.00,117.86,-0.71,0.00,-1.56,-1.29,-0.94,1014.00,1016.00,1016.00,10140
74460,0,0,350.00,117.86,-0.67,0.00,-0.69,-1.33,-1.12,1014.00,1016.00,1016.00,1014.00
74510,0,0,350.00,117.86,-0.56,0.00,1.25,-1.18,0.81,1017.00,1017.00,1017.00,1017.00
74535,0,0,350.00,117.86,-0.47,0.00,0.31,-1.16,1.37,1038.00,1038.00,1038.00,1038.00
74657,0,0,350.0,117.86,-0.37,0.00,0.31,-0.97,0.62,1110.00,1110.00,1110.00,1110.00
74702,0,0,350.00,117.86,-0.27,0.00,-0.50,-0.92,-0.50,1119.00,1111.00,1141.00,1141.00
74817,0,0,350.00,117.86,-0.11,0.00,0.00,-0.69,0.56,1180.00,1180.00,1180.00,1180.00
74862,0,0,350.00,117.86,-0.11,0.00,-0.50,-0.73,-1.56,1203.00,1205.00,1205..00,1214.00
74887,0,0,350.00,117.86,-0.15,0.00,-1.44,-0.70,-1.69,1213.00,1215.00,1215.00,1213.00
75117,0,0,350.00,117.86,0.29,0.00,1.00,-0.37,1.75,1366.00,1366.00,1366.00,00
75145,0,0,350.00,117.86,0.35,0.00,2.87,-0.32,2.37,1377.00,1377.00,1377.00,1377.00
75228,0,0,350.00,117.86,0.41,0.00,-2.25,-0.19,-0.62,1410.00,1410.00,1410.00,1410.00
75544,0,0,350.00,117.86,0.18,0.00,4.19,-0.45,1.19,1507.00,1507.00,1507.00,1507.00
75567,0,0,350.00,117.86,0.30,0.00,3.37,-0.33,4.56,1518.00,1516.00,1516.00,1518.00
75808,0,0,350.00,117.86,0.38,0.00,1.81,-0.20,1.06,1559.00,1559.00,1559.00,1559.00
76017,0,0,350.00,117.86,-0.35,0.00,-1.94,-0.91,-4.31,1572.00,1576.00,1576.00,1572.00
76041,0,0,350.00,117.86,-0.35,0.00,0.69,-0.93,-1.94,1570,1575.00,1575.00,1575.00
76236,0,0,350.00,117.86,0.24,0.00,4.69,-0.37,5.94,1578.00,1574.00,1574.00,1578.00
76382,0,0,350.00,117.86,0.48,0.00,-1.12,-0.06,0.44,1576.00,1576.00,1576.00,1.00
76420,0,0,350.00,117.86,0.45,0.00,-0.50,-0.09,-1.50,1576.00,1576.00,1576.00,1576.00
76466,0,0,350.00,117.86,0.51,0.00,1.44,-0.09,1.87,1576.00,1576.00,1576.00,1576.
76491,0,0,350.00,117.86,0.50,0.00,-0.37,-0.04,1.56,1576.00,1576.00,1576.00,1576.00
76512,0,0,350.00,117,0.37,0.00,-4.87,-0.09,-4.00,1574.00,1576.00,1576.00,1574.00
76735,0,0,350.00,117.86,0.08,0.00,2.81,-0.57,3.25,1569.00,1569.00,1569.00,.00
76756,0,0,350.00,117.86,0.07,0.00,-1.37,-0.48,-0.94,1567.00,1567.00,1567.00,1567.00
76836,0,0,350.00,117.86,0.23,0.00,5.00,-0.45,4.56,1567.00,1565.00,1565.00,1567.00
76944,0,0,350.00,117.86,47,0.00,4.44,-0.18,3.06,1565.00,1563.00,1563.00,1565.00
76994,0,0,350.00,117.86,0.58,0.00,1.62,0.00,1.94,1561.00,1561.00,1561.00,1561.
77070,0,0,350.00,117.86,0.52,0.00,-1.19,-0.02,0.50,1559.00,1559.00,1559.00,1559.00
77174,0,0,350.00,117.86,0.25,0.00,-0.62,-0.30,-1.37,1557.00,1557.00,1557.00,1557.00
77264,0,0,350.00,117.86,0.09,0.00,-3.44,-0.40,-4.11,1556.00,1558.00,1558.00,1556.00
77314,0,0,350.00,117.86,-0.13,0.00,-2.00,-0.65,-1.06,16.00,1558.00,1558.00,1556.00
77402,0,0,350.00,117.86,-0.46,0.00,-3.06,-0.96,-4..06,1554.00,1556.00,1556.00,1554.00
77456,0,0,350.00,117.86,-0.50,0.00,-1.50,-1.04,0.44,1554.00,1554.00,1554.00,1554.00
77531,0,0,350.00,117.86,-0.55,0.00,2.19,-1.15,0.44,1552.00,1552.00,1552.00,1552.00
77632,0,0,350.00,117.86,-0.39,0.00,1.25,-0.97,0.06,1551.00,1551.00,1551.00,1551.00
77683,0,0,350.00,117.86,-0.29,0.00,2.81,-0.88,2.81,1549.00,19.00,1549.00,1549.00
77858,0,0,350.00,117.86,-0.43,0.00,-2.31,-0.97,-2.31,1548.00,15550.00,1550.00,1548.00
77882,0,0,350.00,117.86,-0.55,0.00,-3.56,-1.05,-3.31,1548.00,1550.00,1550.00,1548.00
78089,0,0,350.00,117.86,0.53,0.00,4,-0.10,8.81,1552.00,1546.00,1546.00,1552.00
78111,0,0,350.00,117.86,0.73,0.00,5.56,-0.02,7.94,1552.00,1546.00,0,1551.00
78138,0,0,350.00,117.86,0.86,0.00,3.94,0.15,4.62,1550.00,1548.00,1548.00,1550.00
78220,0,0,350.00,117.86,0.93,0.00,-0.44,0.32,0.81,1549.00,1549.00,1549.00,1549.00
78453,1,1,7.62,-0.14,0.23,320.98,-1.75,-7.76,-322.98,1418.00,1680.00,1680.00,1418.00
78490,1,1,21.32,-0.17,0.27,525.99,5.19,-21.49,-527.37,1329.00,1769.00,1769.00,1329.00
78539,1,1,53.55,0.51,2.40,791.64,83.94,-53.03,-751.76,1223.00,1875.00,1875893.00,1205.00
78565,1,1,81.38,2.47,6.66,928.98,183.00,-78.90,-816.98,1183.00,1915.00,1915.00,1183.00
78600,1,2,113.75,6.89,14.22,1030.02,299.25,-106.86,-771.08,1185.00,1913.00,1913.00,1185.00
79031,1,0,350.00,120.98,-19.57,0.00,826.12,-36.49,912.19,1800.00,1210.00,1210.00,1800.00
79059,1,0,350.00,120.98,2.07,0.00,702.31,-12.52,784.25,1800.00,1247.00,1247.00,1800.00
79110,1,0,350.0350.00,120.98,29.26,0.00,458.50,19.28,565.50,1783.00,1315.00,1315.00,1783.00
79139,1,0,350.00,120.98,39.02,0.00,271.81,35.83,335.31,1701.00,1397.00,1397.00,1701.00
79177,1,0,350.00,120.98,42.86,0.00,65.50,41.79,136.12,1626.00,1472.00,1472.00,1626.00
79228,1,0,350.00,120.98,31.55,0.00,-304.81,37.23,-252.50,1471.00,1627.00,1627.00,1471.0047.00
79254,1,0,350.00,120.98,20.14,0.00,-421.94,27.46,-365.31,1421.00,1677.00,1677.00,1421.00
79376,1,0,350.00,120.98,-18.93,0.00,-226.00,-17.28,-254.50,1439.00,1659.00,1659.00,1439.00
79417,1,0,350.00,120.98,-25.69,0.00,-144.31,-23.33,-182.87,1464.00,1634.00,1634.00,1464.00
79467,1,0,350.00,120.98,-27.47,0.00,40.56,-28.46,-38.38,1518.09.00,1549.00,1549.00,1549.00
79494,1,0,350.00,120.98,-23.98,0.00,160.56,-26.10,79.25,1565.00,1533.00,1533.00,151598.00
79528,1,0,350.00,120.98,-17.50,0.00,246.62,-20.51,226.44,1626.00,1472.00,1472.00,1626.00
79641,1,0,350.00,120.98,4.04,0.00,88.75,1.63,121.62,1597.00,1501.00,1501.00,1597.00
79686,1,0,350.00,120.98,7.34,0.00,59.31,5.71,71.56,1580.00,1518.00,1518.00,15.00
79712,1,0,350.00,120.98,7.47,0.00,3.44,7.01,22.50,1561.00,1537.00,1537.00,1561.00
79734,1,0,350.00,198,5.55,0.00,-65.87,6.54,-39.13,1538.00,1560.00,1560.00,1538.00
79946,1,0,350.00,120.98,-12.14,0.00,-38.13,-12.34,-39.81,1527.00,1571.00,1571.00,1527.00
79980,1,0,350.00,120.0.98,-12.59,0.00,14.25,-13.24,-21.25,1534.00,1564.00,1564.00,1534.00
80077,1,0,350.00,120.98,4.23,0.00,74.81,-6.33,93.87,1582.00,1516.00,1516.00,1582.00
80161,1,0,350.00,120.98,-0.56,0.00,37.75,-1.92,37.44,1562.00,1536.00,1536.00,1562.00
80213,1,0,350.00,120.98,0.85,0.00,14.25,-0.15,31.62,1561.00,153,1549.00,1549.00
80303,1,0,350.00,120.98,-1.26,0.00,-59.56,-1.25,-51.81,1528.00,1570.00,1573.00,1525.00
80388,1,0,350.00,120.98,-5.39,0.00,-35.44,-5.32,-36.63.44,1532.00,1566.00,1566.00,1532.00
80416,1,0,350.00,120.98,-6.33,0.00,-32.44,-6.35,-34.25,1532.00,1566.00,1566.00,1533.00
80608,1,0,350.00,120.98,-5.37,0.00,13.88,-6.07,10.44,1549.00,1549.00,1549.00,1549.00
80633,1,0,350.00,120.98,-4.80,0.00,21.56,-5.64,19.94,1553.00,1545.00,1545.00,1553.00
80720,1,0,350.00,120.98,-3.84,0.00,-7.37,-4.35,6.06,1549.00,1549.00,1549.00,1549.00
80777,1,0,350.00,120.98,-4.49,0.00,-10.81,-5.12,-13.63,1541.00,1557.00,1557.00,1541.00
80862,1,0,350.00,120.98.98,-5.73,0.00,-21.62,-5.88,-18.75,1539.00,1559.00,1559.00,1539.00
80887,1,0,350.00,120.98,-5.93,0.00,-21.37,-6.49,-21.37,1537.00,1561.00,1561.00,1537.00
80990,1,0,350.00,120.98,-6.66,0.00,0.88,-7.31,1.31,1546.00,1.00,1552.00,1546.00
81073,1,0,350.00,120.98,-6.43,0.00,12.75,-7.11,8.50,1549.00,15548.00,1548.00,1550.00
81098,1,0,350.00,120.98,-5.92,0.00,17.69,-6.66,18.25,1552.00,1546.00,1546.00,1552.00
81178,1,0,350.,120.98,-5.36,0.00,1.25,-6.00,1.19,1547.00,1551.00,1551.00,1547.00
81228,1,0,350.00,120.98,-,0.00,6.44,-5.60,8.31,1549.00,1549.00,1549.00,1549.00
81309,1,0,350.00,120.98,-5.26,0.00,-8.00,-5.91,-9.75,1542.00,1556.00,1556.00,1542.00
81337,1,0,350.00,120.98,-5.45,0.00,-3.56,-5.92,-8.00,145.00,1553.00,1553.00,1545.00
81482,1,0,350.00,120.98,-5.83,0.00,-0.06,-6.39,-3.12,1545.00,1553.00,1553.00,1545.00
81526,1,0,350.00,120.98,-5.63,0.00,3.12,-6.33,5.06,1548.00,1550.00,1550.00,547.00
81553,1,0,350.00,120.98,-5.67,0.00,-3.56,-6.20,0.62,1546.00,1552.00,1552.00,1546.00
81575,1,0,3500,120.98,-5.80,0.00,-3.81,-6.32,-4.56,1544.00,1554.00,1554.00,1544.00
81635,1,0,350.00,120.98,-5.80,00,7.69,-6.39,4.19,1548.00,1550.00,1550.00,1548.00
81683,1,0,350.00,120.98,-5.47,0.00,0.56,-03,0.56,1546.00,1552.00,1552.00,1546.00
81766,1,0,350.00,120.98,-5.58,0.00,3.56,.14,3.56,1547.00,1551.00,1551.00,1547.00
81790,1,0,350.00,120.98,-5.42,0.00,4.31,-6.04,5.31,1548.00,1550.00,155,1548.00
81820,1,0,350.00,120.98,-5.47,0.00,-4.81,-5.97,0.62,1546.00,1552.00,1552.00,1546.00
81905,1,0,350.00,120.98,-5.68,0.00,2.00,-6.30,-0.25,1546.00,1552.00,1552.00,1546.00
82015,1,0,350.00,120.98,-5.87,0.00,-2.31,-6.48,-4.62,1541.00,1551.00,1551.00,1541.00
82139,1,0,350.00,120.98,-5.24,0.00,1.12,-5.81,-1.94,150,1506.00,1506.00,1502.00
82224,1,0,350.00,120.98,-4.91,0.00,0.81,-5.51,5.50,1471.00,1457.00,1457.00,1453.00
82333,1,0,3500,120.98,-4.91,0.00,2.31,-5.53,2.75,1379.00,1383.00,1383.00,1379.00
82361,1,0,350.00,120.98,-4.96,0.00,-3.81,-5.56,0.44,1328.00,1332.00,1332.00,1328.00
82470,1,0,350.00,1120.98,-5.72,0.00,-9.13,-6.26,-5.75,1139.00,1149.00,1149.00,1139.00
82494,1,0,350.00,120.98,-5.94,0.00,-13.00,-57,-13.00,1062.00,1078.00,1078.00,1062.00
82599,1,0,350.00,120.98,-6.74,0.00,-1.44,-7.36,-2.75,10.00,1023.00,1023.00,1015.00
82710,1,0,350.00,120.98,-6.71,0.00,6.06,-7.39,2.75,1012.00,1018.00,1018.00,1012
82741,1,0,350.00,120.98,-6.51,0.00,6.31,-7.13,6.69,1013.00,1015.00,1015.00,1013.00
82800,1,0,.00,120.98,-6.31,0.00,2.94,-6.94,3.94,1012.00,1016.00,1016.00,1012.00
82833,1,0,350.00,120.98,-6.22,0.00,3.69,-6.92,2.94,1012.00,1016.00,1016.00,1012.00
82960,1,0,350.00,120.98,-5.93,0.00,-1.75,-6.46,-1.37,101000,1018.00,1018.00,1010.00
83055,0,0,350.00,120.98,-6.09,0.00,-5.50,-6.67,-4.56,1009.00,1019.00,1019.00,19.00
83094,0,0,350.00,120.98,-6.31,0.00,-5.00,-6.77,-6.06,1008.00,1020.00,1020.00,1008.00
83141,0,0,350.00,120.98,-6.50,0.00,-3.50,-6.99,-3.81,1009.00,1019.00,1019..00,1009.00
83166,0,0,350.00,120.98,-6.66,0.00,-5.12,-7.11,-4.50,1009.00,1019.00,1019.00,1009.00
83247,0,0,350.00,120.98,-6.93,0.00,-0.31,-7.51,-1.31,1010.00,1018.00,1018.00,1010.00
83380,0,0,350.00,120.98,-6.61,0.00,.69,-7.17,5.56,1013.00,1015.00,1015.00,1013.00
83511,0,0,350.00,120.98,-6.08,0.00,3.12,-6.66,3.06,1012.00,1016.00,1016.00,1012.00
83616,0,0,350.00,120.98,-5.35,0.00,-2.37,-6.26,-2.94,1011.00,1019.00,1019.00,1011.00
83642,0,0,350.00,120.98,-5.08,0.00,.75,-5.71,-1.81,1012.00,1018.00,1018.00,1012.00
83674,0,0,350.00,120.98,-4.65,0.00,-2.12,-5.57,-1.7537,1011.00,1019.00,1019.00,1011.00
83752,0,0,350.00,120.98,-4.74,0.00,-4.75,-5.28,-5.81,011.00,1019.00,1019.00,1011.00
83836,0,0,350.00,120.98,-4.14,0.00,-4.56,-4.90,-34.56,1011.00,1019.00,1019.00,1011.00
83862,0,0,350.00,120.98,-3.98,0.00,-2.37,-4.64,-4.44,1011.00,1019.00,1019.,1012.00
83892,0,0,350.00,120.98,-3.77,0.00,0.88,-4.47,-1.31,1012.00,1018.00,1018.00,1012.00
83974,0,0,350.00,120.98,-3.26,0.00,2.56,-3.95,3.12,1015.00,1015.00,1015.00,1015.00
84010,0,0,30,120.98,-3.00,0.00,3.37,-3.80,2.62,1014.00,1016.00,1016.00,1014.00
84079,0,0,350.00,0.98,-2.24,0.00,3.56,-3.08,5.19,1015.00,1015.00,1015.00,1015.00
84204,0,0,350.00,120.98,-1.57,0.00,0.94,-2.19,2.19,1015.00,1015.00,1015.00,1015
84242,0,0,350.00,120.98,-1.47,0.00,-1.94,-2.05,-1.19,1014.00,1016.00,1016.00,1014.00
84291,0,0,350.00,120.98,-1.46,0.00,-2.56,-2.08,-2.56,1013.00,1017.00,1017.00,11013.00
84315,0,0,350.00,120.98,-1.45,0.00,-2.31,-2.09,-2.31,1013.00,1017.00,1017.00,1013.00
84337,0,0,3.00,120.98,-1.46,0.00,-3.94,-2.01,-3.12,1013.00,1017.00,1017.00,1013.00
84402,0,0,350.00,120.98,-1.454,0.00,-5.50,-2.06,-5.19,1012.00,1018.00,1018.00,1012.00
84452,0,0,350.00,120.98,-1.62,00,-3.12,-2.25,-2.81,1013.00,1017.00,1017.00,1013.00
84535,0,0,350.00,120.98,-11.64,0.00,-1.31,-2.28,-2.69,1013.00,1017.00,1017.00,1013.00
84748,0,0,350.00,120.98,-0.76,0.00,3.81,-1.44,4.75,1042.00,1040.00,1040.00,1042.00
84770,0,0,350.00,120.98,-0.65,0.00,1.87,-1.27,2.87,1053.00,1053.00,1053.00,1053.00
84993,0,0,350.00,120.98,-0.63,0.00,-6.44,-1.20,-6.12,1192.00,1198.00,1198.00,1192.00
85013,0,0,350.00,120.98,-0.78,0.00,-7.31,-1.34,-5.69,1193.00,1197.00,1197.00,119300
85052,0,0,350.00,120.98,-1.09,0.00,-7.94,-1.51,-8.56,1201.00,1209.00,1209.00,1201.00
85122,0,0,350.00,120.98,-1.36,0.00,-1.81,-1.89,-4.19,1247.00,1251.00,1251.00,1247.00
85229,0,0,35.00,120.98,-0.61,0.00,10.00,-1.34,8.94,1297.00,1293.00,1293.00,1297.00
85396,0,0,350.00,120.98,0.64,0.00,2.50,0.01,4.44,1355.00,1353.00,1353.00,1355.00
85443,0,0,350.00,120.98,0.63,0.00,-0.62,0.09,-0.37,1364.00,1364.00,1364.00,1364.00
85490,0,0,350.00,120.98,0,0.00,-4.81,-0.09,-4.75,1374.00,1376.00,1376.00,1374.00
85593,0,0,350.00,120.98,-0.15,0.00,-6.19,-0.65,-6.,1408.00,1412.00,1412.00,1408.00
85678,0,0,350.00,120.98,-0.41,0.00,-4.12,-0.97,-4.12,1442.00,1446.00,1446.00,1442.00
85703,0,0,350.00,120.98,-0.44,0.00,-2.44,-1.00,-2.44,1443.00,1445.00,145.00,1443.00
85811,0,0,350.00,120.98,-0.29,0.00,2.19,-0.87,2.69,1479.00,1479.00,1479.00,1479.00
85915,0,0,3500,120.98,0.01,0.00,4.94,-0.67,4.75,1484.00,1482.00,1482.00,1484.00
86126,0,0,350.00,120.98,0.73,0.00,1.69,0.16,1.69,1507.00,1507.00,1507.00,1507.00
86201,0,0,350.00,120.98,0.70,0.00,-2.00,0.11,-1.81,1517.00,1500,1517.00,1517.00
86278,0,0,350.00,120.98,0.47,0.00,-3.00,-0.04,-3.69,1519.00,1521.00,1520,1519.00
86314,0,0,350.00,120.98,0.34,0.00,-5.00,-0.13,-3.56,1519.00,1521.00,1521.00,1519.00
86361,0,0,350.00,120.98,0.09,0.00,-5.62,-0.43,-4.94,1521.00,1525.00,152500,1522.00
86386,0,0,350.00,120.98,-0.04,0.00,-4.31,-0.58,-4.81,1522.00,1526.00,1526.00,1522.00
86474,0,0,350.00,120.98,-0.21,0.00,-3.06,-0.81,-2.50,1536.00,1538.00,1538.00,1536.00
86539,0,0,350.00,120.98,-38,0.00,-0.81,-0.92,-2.50,1546.00,1548.00,1548.00,1546.00
86606,0,0,350.00,120.98,0.30,0.00,1.25,-0.95,1.62,1557.00,1557.00,1557.00,1557.00
86631,0,0,350.00,120.98,-0.28,0.00,1.62,-0.86,1.25,150,1559.00,1559.00,1559.00
86734,0,0,350.00,120.98,0.09,0.00,2.81,-0.50,4.50,1562.00,1560.00,1560.00,1562.00
86770,0,0,350.00,120.98,0.13,0.00,1.12,-0.51,1.19,1561.00,1561.00,1561.00,1561.00
86859,0,0,350.00,120.98,0.26,0.00,0.37,-,0.37,1563.00,1563.00,1563.00,1563.00
86888,0,0,350.00,120.98,0.18,0.00,-2.94,-0.32,-2.25,1562.00,1564.00,1564.00,1562.00
86990,0,0,350.00,120.98,0.02,0.00,-2.62,-0.58,-1.69,1565.00,1565.00,67.00,1565.00
87061,0,0,350.00,120.98,-0.33,0.00,-3.44,-0.92,-4.81,1567.00,15710.00,1570.00,1568.00
87088,0,0,350.00,120.98,-0.38,0.00,-0.69,-1.00,-1.12,1568.00,1570.00,1570.00,1568.00
87118,0,0,350.00,120.98,-0.43,0.00,-2.06,-0.95,-0.94,1571.00,1571.00,1571.00,1571.00
87195,0,0,350.00,120.98,-0.46,0.00,2.31,-1.06,1.31,1575.00,1575.00,1575.00,1575.00
87301,0,0,350.00,120.98,0.28,0.00,1.37,-0.88,1.12,1579.00,1579.00,1579.00,1579.00
87322,0,0,350.00,120.98,-0.25,0.00,3.75,-0.91,1.37,1500,1581.00,1581.00,1581.00
87663,0,0,350.00,120.98,-0.23,0.00,-6.06,-0.65,-4.69,18.00,1592.00,1592.00,1588.00
87748,0,0,350.00,120.98,-0.51,0.00,-0.56,-1.13,-0..56,1590.00,1590.00,1590.00,1590.00
87806,0,0,350.00,120.98,-0.77,0.00,-5.50,-1.30,-5.12,1588.00,1592.00,1592.00,1588.00
87882,0,0,350.00,120.98,-0.72,0.00,4.00,-1.43,3.50,1590.00,1590.00,1590.00,1590.00
87987,0,0,3500,120.98,-0.17,0.00,8.25,-0.89,7.94,1592.00,1588.00,1588.00,1592.00
88117,0,0,350.00,120.98,0.20,0.00,4.44,-0.50,2.87,1592.00,1592.00,1592.00,159
88153,0,0,350.00,120.98,0.30,0.00,2.06,-0.32,4.44,1593.00,1591.00,1591.00,1593.00
88199,0,0,350.00,120.98,0.11,0.00,-5.87,-0.40,-4.00,1591.00,1593.00,1593.00,1591.00
88224,0,0,350.00,120.98,0.01,0.00,-2.19,-0.49,-5.56,1590.00,1594.00,1594.00,1590.00
88436,0,0,350.00,120.98,-0.00,0.00,1.00,-0.57,2.56,196.00,1596.00,1596.00,1596.00
88461,0,0,350.00,120.98,0.01,0.00,-1.69,-0.55,-0.50,1596.00,1596.00,1596.00,1596.
88490,0,0,350.00,120.98,-0.02,0.00,-0.56,-0.59,-1.25,1596.00,1596.00,1596.00,1596.00
88573,0,0,350.00,120.98,0.15,0.00,1.31,-0.49,1.69,1596.00,1596.00,1596.00,1596.00
88700,0,0,350.00,120.98,0.33,0.00,4.44,-0.30,4.44,1597.00,10,1595.00,1597.00
88803,0,0,350.00,120.98,0.39,0.00,4.87,-0.22,3.75,1597.00,1595.00,1595.00,1597.00
88908,0,0,350.00,120.98,0.08,0.00,-1.75,-0.53,-3.37,1596.00,1598.00,1598.00,1596.00
88960,0,0,350.00,120.98,0.02,0.00,-3.81,-0.57,-0.31,1596.0.00,1599.00,1599.00,1595.00
89137,0,0,350.00,120.98,-0.68,0.00,-4.81,-1.15,-4.19,15995.00,1599.00,1599.00,1595.00
89163,0,0,350.00,120.98,-0.77,0.00,-1.31,-1.35,-4.31,1594.00,1598.00,1598.00,1594
89188,0,0,350.00,120.98,-0.70,0.00,3.81,-1.29,2.06,1597.00,1597.00,1597.00,1597.00
89260,0,0,350.00,120.98,-0.50,0.00,0.81,-1.15,0.13,1597.00,1597.00,1597.00,1597.00
89505,1,1,53.27,1.03,3.27,789.98,89.06,-52.24,-724.41,1282.00,1912.00,1918.00,1256.00
89625,1,2,168.46,20.30,39.39,1098.79,532.81,-148.16,-634.92,1263.0283.00,1909.00,1909.00,1283.00
89746,1,3,289.90,66.50,119.09,829.347.71,795.37,-229.07,26.47,1479.00,1715.00,1715.00,1479.00
89838,1,3,346.00,116.56,-158.00,233.65,951.94,-229.44,670.17,1732.00,1462.00,1462.00,1732.00
89963,1,0,350.00,126.08,-39.13,0.00,991.13,-49.35,1056.00,1800.00,1208.00,1208.0000,1800.00
90079,1,0,350.00,126.08,43.25,0.00,443.62,33.57,553.87,1800.00,1360.00,1360.00,1800.00
90109,1,0,350.00,126.08,52.58,0.00,255.75,46.43,385.56,1775.00,1419.00,1419.00,1775.00
90188,1,0,350.00,126.08,45.02,0.00,-350.94,47.86,-242.06,1529.00,1665.00,1665.00,1529.0.00
90227,1,0,350.00,126.08,32.78,0.00,-458.50,36.65,-421.31,1452.00,1742.00,1742.00,1452.00
90277,1,0,350.00,126.08,6.77,0.00,-535.87,11.33,-561.75,1381.008.00,1800.00,1800.00,1388.00
90511,1,0,350.00,126.08,-1.49,0.00,313.44,-8-2.05,313.44,1718.00,1474.00,1474.00,1718.00
90539,1,0,350.00,126.08,6.28,0.00,240.38,0.79,293.56,1712.00,1480.0,1498.00,1694.00
90648,1,0,350.00,126.08,17.02,0.00,15.94,16.03,40.25,1621.00,1573.00,1573.00,1611.00
90686,1,0,350.00,126.08,16.53,0.00,-34.56,16.31,-16.94,1598.00,1594.00,1594.00,1598.00
90764,1,0,350.00,126.08,3.74,0.00,-180.75,6.60,-182.12,1529.00,1665.00,1665.00,1529.00
90796,1,0,350.00,126.08,-1.06,0.00,-150.94,1.47,-176.56,1528.00,1664.00,1664.00,1528.00
90878,1,0,350.00,126.08,-5.87,0.00,-18.19,-6.03,-28.75,1583.00,1611.00,1611.00,1583.00
90916,1,0,350.00,126.08,-6.34,0.00,-16.12,-6.73,-16.50,1587.00,1607.00,1607.00,1587.00
90963,1,0,350.00,126.08,-6.16,0.00,27.25,-7.17,1.25,1593.00,1599.00,1599.00,1602.00
90987,1,0,350.00,126.08,-4.14,0.00,89.75,-5.63,49.44,1612.00,1580.00,1580.00,1612.00
91017,1,0,50.00,126.08,-1.06,0.00,110.31,-2.68,108.94,1638.00,1556.00,1556.00,1638.00
91079,1,0,350.00,126.08,3.37,0.00,73.37,2.11,94.62,1635.00,1559.00,1559.00,1635.00
91249,1,0,350.00,126.08,5.45,0.00,-18.37,5.36,-8.81,1596.00,1596.00,15900,1593.00
91274,1,0,350.00,126.08,3.99,0.00,-58.81,4.42,-41.19,1583.00,1609.00,1609.00,1583.00
91352,1,0,350.00,126.08,-0.05,0.00,-23.56,-0.10,-46.50,1578.00,1614.00,1614.00,1578.00
91378,1,0,350.00,126.08,-0.36,0.00,-5.00,-0.84,-15.88,1590.00,1602.00,1602.00,1590.00
91422,1,0,350.00,126.08,-0.43,0.00,-3.87,-0.94,-1.31,1596.00,1598.00,1598.00,15995.00
91449,1,0,350.00,126.08,-0.53,0.00,-0.75,-1.05,-5.75,1594.00,1598.00,1598.00,1594.00
91470,1,0,350,126.08,-0.20,0.00,20.19,-1.02,3.50,1596.00,1596.00,1596.00,1596.00
91533,1,0,350.00,126.08,0.47,0.0,50.63,0.34,45.06,1613.00,1579.00,1579.00,1613.00
91663,1,0,350.00,126.08,4.07,0.00,6.81,3.44,2.19,1598,1592.00,1592.00,1600.00
91687,1,0,350.00,126.08,4.38,0.00,11.19,3.72,11.63,1602.00,1590.00,1590.00,1602.00
91791,1,0,350.00,126.08,2.77,0.00,-23.94,2.37,-29.38,1587.00,1607.00,1607.00,1587.00
91815,1,0,350.00,126.,2.33,0.00,-10.50,1.88,-14.62,1592.00,1600.00,1600.00,1592.00
91892,1,0,350.00,126.0,1.78,0.00,-11.38,1.33,-9.63,1594.00,1600.00,1600.00,1594.00
91921,1,0,350.00,126.08,1.55,0.00,-12.25,1.22,-11.,1593.00,1601.00,1601.00,1593.00
92113,1,0,350.00,126.08,1.79,0.00,0.75,1.22,-2.44,1597.00,1597.00,1597.00,1597.00
92259,1,0,350.00,126.08,1.20,0.00,-6.94,0.75,-14.19,1591.00,1601.00,160,1594.00
92297,1,0,350.00,126.08,1.18,0.00,1.12,0.54,-2.69,1596.00,1596.00,1596.00,1596.00
92342,1,0,350.00,126.08,1.08,0.00,-6.56,0.58,-3.50,1596.00,1598.00,1598.00,159600
92368,1,0,350.00,126.08,0.63,0.00,-12.88,0.32,-11.50,1593.00,1601.00,1601.00,1593.00
92600,1,0,350.00,126.08,0.96,0.00,4.37,0.28,9.69,1599.00,1593.00,1593.00,1599.00
92629,1,0,350.00,126.08,0.88,0.00,-6.37,0.34,1.06,1596.00,1596.00,1596.00,1596.00
92814,1,0,350.00,126.08,0.43,0.00,-4.94,-0.13,-4.94,1594.00,1598.00,1598.00,1594.00
92867,1,0,350.00,126.08,0.68,0.00,9.31,0.04,9.44,1599.00,1593.00,1593.00,1599.00
92942,1,0,350.00,126.08,0.81,0.00,-2.25,0.22,-1.75,1596.00,1596.00,1596.00,1596.00
92964,1,0,350.00,08,0.83,0.00,3.31,0.18,-1.31,1596.00,1596.00,1596.00,1596.00
93043,1,0,350.00,126.08,1.07,0,-2.31,0.51,1.31,1596.00,1596.00,1596.00,1596.00
93066,1,0,350.00,126.08,1.02,0.00,-3.81,0.49,-2.31,1596.00,159,1597.00,1595.00
93193,1,0,350.00,126.08,1.02,0.00,1.00,0.45,3.50,1595.00,1593.00,1593.00,1595.00
93215,1,0,0,126.08,0.98,0.00,-1.94,0.38,-0.75,1592.00,1592.00,1592.00,1592.00
93290,1,0,350.00,.08,0.95,0.00,4.81,0.30,1.62,1579.00,1579.00,1579.00,1579.00
93310,1,0,350.00,126.08,1.00,0.00,4.87,0.39,4.81,1,1567.00,1567.00,1571.00
93406,1,0,350.00,126.08,0.89,0.00,0.88,0.32,-3.44,1563.00,1565.00,1565.00,1563.00
93509,1,0,350.0,126.08,0.95,0.00,-2.19,0.45,-3.62,1552.00,1554.00,1554.00,1552.00
93641,1,0,350.00,126.08,1.16,0.00,-2.25,0.62,1.00,1481.00,1481.00,1481.00,1481.00
93677,1,0,350.00,126.08,1.09,0.00,-0.62,0.53,-3.12,1442.00,1442.00,1442.00,1442.00
93746,1,0,.00,126.08,1.20,0.00,-1.56,0.65,1.69,1306.00,1304.00,1304.00,1306.00
93870,1,0,350.00,126.08,0.72,0.00,-1.31,0.17,-0.50,1022.00,1022.00,1022.00,.00
93907,1,0,350.00,126.08,0.58,0.00,-5.75,0.08,-5.12,1018.00,1020.00,1020.00,1018.00
93953,1,0,350.00,126.08,0.50,0.00,1.62,-0.07,-1.00,1017.00,1017.00,1017.00,1017
93987,1,0,350.00,126.08,0.66,0.00,7.25,0.03,3.50,1018.00,1016.00,1016.00,1018.00
94140,1,0,350.00,126.08,1.47,0.00,7.56,0.84,8.81,1017.00,1011.00,1011.00,1017.00
94186,1,0,350.00,126.08,1.55,0.00,-1.19,1.01,1.31,1015.00,1013.00,1013.00,1015.00
94211,1,0,350.00,126.08,1.50,0.00,-1.37,0.98,-1.69,1014.00,1014.00,1014.00,1014.00
94244,1,0,350.00,128,1.51,0.00,0.88,0.94,-0.56,1014.00,1014.00,1014.00,1014.00
94336,0,0,350.00,126.08,1.19,0.00,-6.31,0.75,-6.,1012.00,1016.00,1016.00,1012.00
94421,0,0,350.00,126.08,0.98,0.00,-2.81,0.44,-1.81,1014.00,1014.00,1014.00,1014.00
94445,0,0,350.00,126.08,0.84,0.00,-5.19,0.33,-4.94,1013.00,1015.00,1015.00,3.00
94473,0,0,350.00,126.08,0.63,0.00,-3.62,0.16,-6.31,1012.00,1016.00,1016.00,1012.00
94531,0,0,350.00,126.08,0.62,0.00,1.62,0.05,0.19,1014.00,1014.00,1014.00,1014.00
94558,0,0,350.00,126.08,0.64,0.00,0.00,0.08,0.75,1014.00,1014.00,1014.00,1014.00
94594,0,0,350.00,08,0.59,0.00,-1.62,0.07,-1.00,1014.00,1014.00,1014.00,1014.00
94787,0,0,350.00,126.08,1.20,0.00,5.56,0.45,4.69,1017.00,1013.00,1013.00,1017.00
94889,0,0,350.0,126.08,1.35,0.00,0.50,0.79,0.06,1015.00,1015.00,1015.00,1015.00
94945,0,0,350.00,126.08,1.40,0.00,0.06,0.84,1.94,1016.00,1014.00,10.00,1015.00
95020,0,0,350.00,126.08,1.14,0.00,-3.75,0.65,-4.69,1014.00,1016.00,1016.00,1000
95058,0,0,350.00,126.08,1.06,0.00,-2.12,0.54,-3.44,1014.00,1016.00,1016.00,1014.00
95105,0,0,350.00,126.08,0.91,0.00,-3.69,0.43,-2.87,1015.00,1015.00,1015.00,1014.00
95128,0,0,350.00,126.08,0.75,0.00,-5.62,0.23,-5.31,1014.00,1016.00,1016.00,1014.00
95260,0,0,350.00,126.08,0.52,0.00,-37,-0.11,-1.69,1015.00,1015.00,1015.00,1015.00
95352,0,0,350.00,126.08,0.63,0.00,3.3,-0.00,3.37,1016.00,1014.00,1014.00,1016.00
95377,0,0,350.00,126.08,0.70,0.00,2.31,0.12,2.62,1016.00,1014.00,10,1015.00
95406,0,0,350.00,126.08,0.75,0.00,1.81,0.18,1.62,1015.00,1015.00,1015.00,1015.00
95449,0,0,350.00,126.08,0.95,0.00,5.06,0.34,4.12,1016.00,1014.00,1014.00,1016.00
95475,0,0,350.00,126.08,1.10,0.00,4.69,0.42,5.44,1017.00,1013.00,1013.00,1017.00
95599,0,0,350.00,126.08,1.30,0.00,1.50,0.72,2.12,1016.00,100,1015.00,1015.00
95627,0,0,350.00,126.08,1.24,0.00,-2.31,0.67,-0.62,1015.00,1015.00,1015.00,1015.0
95718,0,0,350.00,126.08,0.98,0.00,-3.12,0.45,-3.69,1014.00,1016.00,1016.00,1014.00
95749,0,0,350.00,126.08,0.85,0.00,-3.44,0.29,-2.87,1015.00,1015.00,1015.00,1015.00
95796,0,0,350.00,126.08,0.63,0.00,-5.25,0.05,-5.75,1013.00,1017.00,1017.00,1013.00
95822,0,0,350.00,126.08,0.48,0.00,-4.25,-0.10,-4.75,1014.00,1016.00,1016.00,1014.00
95949,0,0,350.00,126.08,0.26,0.00,0.00,-0,0.00,1015.00,1015.00,1015.00,1015.00
96031,0,0,350.00,126.08,0.42,0.00,2.19,-0.19,.19,1015.00,1015.00,1015.00,1015.00
96056,0,0,350.00,126.08,0.49,0.00,2.62,-0.10,2.25,1015.00,1015.00,1015.00,.00
96084,0,0,350.00,126.08,0.56,0.00,3.87,-0.12,1.37,1015.00,1015.00,1015.00,1015.00
96167,0,0,350.00,126.08,0.86,0.00,2.69,0.24,3.87,1040.00,1038.00,1038.00,1040.00
96398,0,0,350.00,126.08,0.84,0.00,-1.31,0.30,-2.12,1170.00,1170.00,1170.00,1170.00
96435,0,0,350.00,126.08,0.76,0.00,-3.75,0.16,-2.19,1183.00,1183.00,1183.00,1183.00
96481,0,0,350.00,126.08,0.58,0.00,-2.94,0.07,-3.94,1194.00,1196.00,1196.00,1194.00
96503,0,0,350.00,126.08,0.54,0.00,1.56,-0.10,-1.94,1205.00,1205.00,1205.00,1205.00
96592,0,0,350.00,126.08,0.53,0.00,-2.75,-0.09,-3.69,1237.00,1239.00,1239.00,1237.00
96724,0,0,350.00,126.08,0.59,0.00,3.31,-0.03,2.87,12.00,1283.00,1283.00,1285.00
96955,0,0,350.00,126.08,0.82,0.00,-2.12,0.26,-2.19,1343.00,1343.00,1343.00,1343.00
96980,0,0,350.00,126.08,0.75,0.00,-2.87,0.24,-2.12,1354.00,5.00,1355.00,1353.00
97012,0,0,350.00,126.08,0.68,0.00,-1.25,0.14,-2.06,1356.00,1356.00,1356.00,1350
97087,0,0,350.00,126.08,0.68,0.00,-0.75,0.05,-0.44,1367.00,1367.00,1367.00,1367.00
97125,0,0,350.00,126.08,0.64,0.00,-0.56,0.02,-1.50,1378.00,1378.00,1378.00,1378.00
97171,0,0,350.00,126.08,0.66,0.00,2.37,0.06,0.00,1391.00,1391.00,1391.00,1391.00
97191,0,0,350.00,126.08,0.71,0.00,1.06,0.12,2.25,1392.00,1392.00,1392.00,1392.00
97359,0,0,350.00,126.08,0.97,0.00,2.31,0.32,2.37,1431.00,1429.00,1429.00,1431.00
97430,0,0,350.00,126.08,1.10,0.00,3.44,0.41,2.06,1453.00,1451.00,1451.00,1453.00
97558,0,0,350.00,126.08,1.26,0.00,1.62,0.68,0.81,1468.00,14,1468.00,1470.00
97639,0,0,350.00,126.08,1.27,0.00,-1.87,0.73,-0.06,1481.00,1481.00,1481.00,1481.00
97662,0,0,350.00,126.08,1.24,0.00,0.19,0.68,-1.69,1481.00,1481.00,1481.00,1481.00
97878,0,0,350.00,126.08,1.46,0.00,0.75,0.83,1.87,147.00,1487.00,1487.00,1487.00
97934,0,0,350.00,126.08,1.29,0.00,-2.94,0.70,-3.56,1487.00,1489.00,1489.00,1487.00
98003,0,0,350.00,126.08,1.23,0.00,-3.56,0.71,-1.94,1488.00,1488.00,1488.00,1488.00
98028,0,0,350.00,126,1.06,0.00,-6.69,0.56,-6.31,1486.00,1490.00,1490.00,1486.00
98109,0,0,350.00,126.08,0.80,0.00,-1.12,0.25,-0.69,1475.00,1475.00,1475.00,1475.00
98164,0,0,350.00,126.08,0.65,0.00,-5.44,0.12,-2.81,1472.00,1474.00,1472.00,1470.00
98282,0,0,350.00,126.08,0.63,0.00,0.50,0.05,2.37,1466.00,1466.00,1466.00,1466.00
98329,0,0,350.00,126.08,0.56,0.00,-1.19,0.02,-1.87,1464.00,1464.00,1464.00,1464.00
98354,0,0,350.00,126.08,0.58,0.00,2.00,0.00,-0.44,1462.00,1462.00,1462.00,1462.00
98477,0,0,350.00,126.08,0.64,0.00,-2.31,0.13,-3.06,.00,1462.00,1462.00,1462.00
98559,0,0,350.00,126.08,0.65,0.00,-2.81,0.07,-0.13,1459.00,1460.00,1460.00,1458.00
98700,0,0,350.00,126.08,0.16,0.00,-4.87,-0.42,-2.19,1458.00,1460.00,1460.00,1458.00
98737,0,0,3500,126.08,-0.01,0.00,-5.87,-0.51,-6.69,1457.00,1461.00,1461.00,1457.00
98810,0,0,350.00,126.08,-0.00,0.00,2.19,-0.59,3.25,1459.00,1459.00,1459.00,1459.00
98829,0,0,350.00,126.08,-0.00,0.,-1.94,-0.63,-0.81,1459.00,1459.00,1459.00,1459.00
98935,0,0,350.00,126.08,0.13,0.00,7.25,-0.64,6.06,.00,1457.00,1457.00,1461.00
99021,0,0,350.00,126.08,0.14,0.00,-1.37,-0.45,-3.25,459.00,1459.00,1459.00,1459.00
99047,0,0,350.00,126.08,0.21,0.00,4.06,-0.49,0.88,1459.00,1459.00,1459.00,1459.
99075,0,0,350.00,126.08,0.37,0.00,5.19,-0.30,5.19,1460.00,1458.00,1458.00,1460.00
99161,0,0,350.00,126.08,0.26,0.00,-1.44,-0.25,-3.69,1457.00,1459.00,1459.00,1457.00
99263,0,0,350.00,126.08,0.35,0.00,-4.94,-0.19,-2.75,1457.00,1459.00,1459.00,1457.00
99293,0,0,350.00,126.08,0.26,0.00,-4.94,-0.2,-4.94,1456.00,1460.00,1460.00,1456.00
99396,0,0,350.00,126.08,0.30,0.00,-3.62,-0.24,-1.69,1458.00,1458.00,19.00,1457.00
99483,0,0,350.00,126.08,0.31,0.00,6.31,-0.31,4.56,1458.00,1456.00,145.00,1459.00
99508,0,0,350.00,126.08,0.52,0.00,4.94,-0.11,7.12,1459.00,1455.00,1455.00,1459.00
99586,0,0,350.00,126.08,00.37,0.00,0.62,-0.19,-1.62,1455.00,1455.00,1455.00,1455.00
99719,0,0,350.00,126.08,0.45,0.00,-0.69,-0.11,-1.31,1452.00,1452.00,1452.00,1452.00
99751,0,0,350.00,126.08,0.54,0.00,5.44,-0.07,0.69,1452.00,145,1450.00,1454.00
99849,0,0,350.00,126.08,0.54,0.00,-1.44,0.03,-4.06,1451.00,1453.00,1453.00,1451.00
99886,0,0,350.00,126.08,0.61,0.00,4.25,-0.02,0.81,1452.00,1452.00,1452.00,1452.00
99951,0,0,350.00,126.08,0.57,0.00,-4.56,0.03,-3.50,1450.00,1452.00,1452.00,1450.00
99976,0,0,350.00,126.08,0.53,0.00,-,-0.03,-3.81,1450.00,1452.00,1452.00,1450.00
100084,0,0,350.00,126.08,0.73,0.00,-1.37,0.11,-0.62,1451.00,1451.00,1.00,1451.00
100121,0,0,350.00,126.08,0.70,0.00,-0.81,0.13,-1.94,1451.00,1451.00,1451.00,1451.00
100191,0,0,350.00,126.08,1.09,0.00,4.44,0.41,5.87,1453.00,1449.00,1449.00,1453.00
100275,0,0,350.00,126.08,1.06,0.00,-17,0.49,-0.69,1451.00,1451.00,1451.00,1451.00
100407,0,0,350.00,126.08,1.04,0.00,-2.00,0.50,-3.00,151.00,1451.00,1451.00,1451.00
100534,0,0,350.00,126.08,0.67,0.00,-5.81,0.17,-6.75,1449.00,1453.00,1453.00,1449.00
100640,0,0,350.00,1226.08,0.16,0.00,-5.81,-0.30,-6.19,1449.00,1453.00,1453.00,1449.00
100695,1,1,0.80,-0.06,0.07,105.22,-0.25,-0.86,-106.60,1409.00,14982.00,1582.00,1320.00
100783,1,1,30.90,0.12,0.52,623.90,21.31,-30.78,-612.03,1193.00,1747.00,1747.00,1155.00
101034,1,2,261.99,43.5349.59,93.55,890.42,608.87,-228.09,-285.17,1211.00,1691.00,1691.00,1211.00
101148,1,3,346.92,94.05,168.32,205.49,671.31,-252.87,462.39,1491.00,1411.00,1411.00,1491.00
101361,1,0,350.00,100.76,-50.88,0.00,764.57.25,-51.44,764.19,1723.00,1179.00,1179.00,1723.00
101472,1,0,350.00,100.76,16.52,00.00,376.19,15.96,464.75,1643.00,1259.00,1259.00,1643.00
101571,1,0,35350.00,100.76,34.58,0.00,-42.06,34.43,3.56,1471.00,1431.00,1431.00,1471.00
101718,1,0,350.00,10000.76,-3.62,0.00,-284.75,-1.41,-291.69,1336.00,1566.00,1566.00,1336.00
101806,1,0,350.00,100.76,-18.81,0.00,-66.44,-17.85,-127.25,1391.00,1511.00,1511.00,1391.00
101836,1,0,350.00,100.76,-18.60,0.00,41.81,-19.65,-29.38,1429.00,1473.00,1473.00,1429.00
101923,1,0,350.00,100.76,-8.46,0.00,178.12,-10.73,171.12,1512.00,1390.00,1390.00,1512.000
101961,1,0,350.00,100.76,-1.33,0.00,191.06,-5.54,181.50,1519.00,1383.00,1383.00,1519.00
102010,1,0,350.00,100.76,6.64,0.00,142.31,3.16,161.44,1516.00,1386.0000,1392.00,1510.00
102036,1,0,350.00,100.76,9.85,0.00,88.62,7.27,129.94,1506.00,1396.00,1396.00,1506.00
102070,1,0,350.00,100.76,11.06,0.00,21.75,10.29,63.69,1481.00,1421.00,1421.00,1481.00
102119,1,0,350.050.00,100.76,10.20,0.00,-45.75,10.39,-15.63,1451.00,1451.00,1451.00,1451.00
102147,1,0,350.00,100.76,8.34,0.00,-69.75,9.02,-57.81,1434.00,1468.00,1468.00,1434.00
102186,1,0,350.00,100.76,5.92,0.00,-91.94,6.25,-82.56,1422.00,1480.00,1480.00,1422.00
102235,1,0,350.00,100.76,0.97,0.00,-100.25,1.37,-105.00,1411.00,1491.00,1491.00,1411.00
102262,1,0,350.00,100.76,-2.40,0.00,-84.37,-1.42,-92.12,1414.00,1488.00,1488.00,1414.00
102286,1,0,350..00,100.76,-3.94,0.00,-44.13,-3.64,-61.50,1425.00,1477.00,1477.00,1425.00
102380,1,0,350.00,100.76,-4.73,0.00,14.44,-5.51,2.31,1449.00,1453.00,1453.00,1449.00
102418,1,0,350.00,100.76,-3.86,0.00,37.44,-4.79,21.69,1456.00,1446.00,1446.00,1456.00
102705,1,0,350.00,100.76,0.81,0.00,-20.62,0.58,-18.7.62,1443.00,1459.00,1459.00,1443.00
102730,1,0,350.00,100.76,0.13,0.00,-24.25,0.04,-22.37,1443.00,1459.00,1459..00,1442.00
102886,1,0,350.00,100.76,-1.57,0.00,5.31,-2.30,3.37,1451.00,1451.00,1451.00,1451.00
102935,1,0,350.00,100.76,-1.23,0.00,11.56,-1.97,8.94,1453.00,1449.00,1449.8.00,1454.00
102960,1,0,350.00,100.76,-0.56,0.00,18.31,-1.49,16.81,1456.00,1446.00,1446.00,1456.00
102993,1,0,350.00,100.76,0.07,0.00,20.81,-0.90,21.75,1459.00,1443.00,1443.00,1459.00
103171,1,0,350.00,100.76,1.15,0.00,--11.94,0.59,-10.31,1448.00,1454.00,1454.00,1448.00
103196,1,0,350.00,100.76,0.79,0.00,-12.63,0.47,-11.94,1447.0,1455.00,1455.00,1447.00
103222,1,0,350.00,100.76,0.49,0.00,-9.19,-0.05,-10.00,1448.00,1454.00,1454..00,1449.00
103311,1,0,350.00,100.76,-0.15,0.00,-10.13,-0.61,-9.75,1447.00,1455.00,14555.00,1447.00
103398,1,0,350.00,100.76,-0.36,0.00,3.62,-0.96,2.94,1451.00,1451.00,1451.00,1451.00
103421,1,0,350.00,100.76,-0.22,0.00,3.56,-0.92,3.19,1451.00,1451.00,1451.00,1451.00
103453,1,0,350.00,100.76,-0.11,0.00,4.00,-0.82,3.37,1451.00,1451.00,1451.00,1451.00
103649,1,0,350.00,100.76,0.75,0.00,-2.12,0.22,0.50,1451.00,1451.00,1450,1451.00
103682,1,0,350.00,100.76,0.64,0.00,-5.19,0.10,-3.00,1450.00,1452.00,1452.00,1450.00
103770,1,0,350.00,100.76,0.20,0.00,-4.06,-0.34,-4.87,1449.00,1453.00,1453.00,1449.00
103803,1,0,350.00,100.76,0.09,0.00,-4.25,-0.39,-3.44,1448.00,1450.00,1450.00,1448.00
103852,1,0,350.00,100.76,-0.10,0.00,-3.69,-0.59,-3.81,1445.00,1447.00,1447.00,1445.00
103878,1,0,350.00,100.76,-0.17,0.00,-1.75,-0.76,-3.62,1443.00,1445.00,1445.00,1443.00
103910,1,0,350.00,10.76,-0.18,0.00,0.00,-0.74,-0.69,1434.00,1434.00,1434.00,1434.00
104004,1,0,350.00,100.76,-0.11,0.00,1.94,74,1.94,1408.00,1408.00,1408.00,1408.00
104086,1,0,350.00,100.76,0.13,0.00,4.37,-0.3,4.37,1310.00,1308.00,1308.00,1310.00
104142,1,0,350.00,100.76,0.34,0.00,1.75,-0.24,2.12,1237.00,1237.00,1237.00,1237.00
104219,1,0,350.00,100.76,0.15,0.00,-3.31,-0.31,-3.69,1016.00,1018.00,1018.00,1016.00
104304,1,0,350.00,100.76,-0.60,0.00,-10.75,-0.96,-10.63,1010.00,1018.00,1018.00,1010.00
104332,1,0,350.00,100.76,-0.83,0.00,-9.06,-1.23,-8.81,1010.00,1018.00,1018.00,1010.00
104354,1,0,350.00,10.76,-1.05,0.00,-9.00,-1.53,-8.63,1010.00,1018.00,1018.00,1010.00
104466,1,0,350.00,100.76,-1.56,.00,-1.19,-2.12,-1.75,1013.00,1015.00,1015.00,1013.00
104548,1,0,350.00,100.76,-1.35,0.00,4.19,-1.95,2.31,1014.00,1014.00,1014.00,1014.00
104575,1,0,350.00,100.76,-1.23,0.00,6.56,-1.91,4.19,1000,1013.00,1013.00,1015.00
104608,1,0,350.00,100.76,-0.99,0.00,7.94,-1.72,7.19,1015.00,1013.00,1013.0,1016.00
104683,1,0,350.00,100.76,-0.27,0.00,9.00,-1.01,8.81,1016.00,1012.00,1012.00,1010
104721,1,0,350.00,100.76,0.01,0.00,9.44,-0.74,9.13,1017.00,1011.00,1011.00,1017.00
104792,1,0,350.00,100.76,0.56,0.00,3.94,-0.16,5.31,1016.00,1012.00,1012.00,1016.00
105012,0,0,350.00,100.76,-0.09,0.00,-8.06,-0.58,-8.06,1011.00,1017.00,1017.00,1011.00
105038,0,0,350.00,100.76,-0.31,0.00,-8.25,-0.80,-8.31,1011.00,1017.00,107.00,1011.00
105145,0,0,350.00,100.76,-1.02,0.00,-3.50,-1.55,-4.25,1012.00,1016.00,1016.00,1012.0
105182,0,0,350.00,100.76,-1.09,0.00,-1.87,-1.61,-2.62,1013.00,1015.00,1015.00,1013.00
105229,0,0,350.00,100.76,-1.05,0.00,0.69,-1.64,0.25,1014.00,1014.00,1014.00,1014.00
105254,0,0,350.00,100.76,-0.93,0.00,4.00,-1.65,2.87,1014.00,1014.00,1014.00,1014.00
105274,0,0,.00,100.76,-0.78,0.00,5.31,-1.52,4.31,1014.00,1014.00,1014.00,1014.00
105388,0,0,350.00,100.76,-0.19,0.00,7,-0.75,7.56,1016.00,1012.00,1012.00,1016.00
105472,0,0,350.00,100.76,0.31,0.00,4.44,-.25,4.44,1015.00,1013.00,1013.00,1015.00
105496,0,0,350.00,100.76,0.41,0.00,3.37,-0.25,3.25,1015.00,1013.00,101,1015.00
105528,0,0,350.00,100.76,0.49,0.00,1.62,-0.09,2.44,1014.00,1014.00,1014.00,1014.00
105614,0,0,350.00,100.76,0.38,0.00,-4.00,-0.20,-2.94,1013.00,1015.00,1015.00,1013.00
105690,0,0,350.00,100.76,0.01,0.00,-6.44,-0.50,-5.19,1012.00,1016.00,1016.00,1012.00
105720,0,0,350.00,100.76,-0.17,0.00,-6.12,-0.67,-6.00,1012.00,1016.00,1016.00,1012.00
105802,0,0,350.00,100.76,-0.43,0.00,-4.-3.62,-1.14,-4.12,1012.00,1016.00,1016.00,1012.00
105851,0,0,350.00,100.76,-0.67,0.00,-2.31,-1.23,-2.50,1013.00,1015.00,1015.00,1013.00
105937,0,0,350.00,100.76,-0.67,0.00,1.50,-1.33,1.12,1014.00,1014.00,1014.00,1014.00
105962,0,0,350.00,100.76,-0.64,0.00,2.00,-1.30,1.50,1010,1014.00,1014.00,1014.00
106066,0,0,350.00,100.76,-0.27,0.00,4.62,-0.87,4.44,1016.00,1014.00,1014.00,1016
106102,0,0,350.00,100.76,-0.13,0.00,4.19,-0.73,4.62,1016.00,1014.00,1014.00,1016.00
106148,0,0,350.00,100.76,0.06,0.00,3.94,-0.53,3.62,1016.00,1014.00,1014.00,1016.00
106172,0,0,350.00,100.76,0.17,0.00,3.25,-0.42,3.50,1016.00,1014.00,1014.00,1016.00
106227,0,0,350.00,100.76,0.29,0.00,1.19,-027,0.50,1015.00,1015.00,1015.00,1015.00
106301,0,0,350.00,100.76,0.26,0.00,-1.44,-0.34,-.44,1015.00,1015.00,1015.00,1015.00
106389,0,0,350.00,100.76,0.05,0.00,-4.25,-0..58,-4.25,1013.00,1017.00,1017.00,1013.00
106526,0,0,350.00,100.76,-0.49,0.00,-3.81,-1.02,-4.19,1013.00,1017.00,1017.00,103.00
106562,0,0,350.00,100.76,-0.57,0.00,-2.56,-1.18,-3.00,1014.00,1016.00,1016.00,1014.00
106637,0,0,350.00,100.76,-0.64,0.00,-0.37,-1.27,-0.69,1017.00,1017.00,1017.00,1017.00
106670,0,0,350.00,100.76,-0.61,0.00,0.94,-1.19,0.31,1017.00,1017.00,1017.00,1017.00
106719,0,0,350.00,10.76,-0.51,0.00,2.81,-1.10,2.87,1017.00,1017.00,1017.00,1017.00
106767,0,0,350.00,100.76,27,0.00,3.69,-0.90,3.31,1017.00,1017.00,1017.00,1017.00
106854,0,0,350.00,100.76,-.05,0.00,4.06,-0.59,4.12,1018.00,1016.00,1016.00,1018.00
106877,0,0,350.00,100.76,0.08,0.00,3.25,-0.51,4.06,101,1017.00,1017.00,1017.00
106905,0,0,350.00,100.76,0.16,0.00,2.50,-0.49,3.00,1017.00,1017.00,1017.00,7.00
107074,0,0,350.00,100.76,0.11,0.00,-2.87,-0.39,-2.56,1016.00,1018.00,1018.00,1016.00
107105,0,0,350.00,100.76,0.03,0.00,-3.06,-0.48,-2.94,1016.00,1018.00,1018.00,1016.00
107132,0,0,350.00,100.76,-0.08,0.00,-3.75,-0.60,-3.44,1016.00,1018.00,1018.00,1016.00
107229,0,0,350.00,100.76,-0.9,0.00,-2.87,-1.02,-3.12,1016.00,1018.00,1018.00,1016.00
107340,0,0,350.00,100.76,-0.67,0.00,-0.37,.23,-0.37,1017.00,1017.00,1017.00,1017.00
107369,0,0,350.00,100.76,-0.67,0.00,0.56,-1.23,0.37,1017.0,1017.00,1017.00,1017.00
107536,0,0,350.00,100.76,-0.28,0.00,3.62,-0.98,3.69,1017.00,1017.00,1017.00,1017.00
107563,0,0,350.00,100.76,-0.18,0.00,3.25,-0.78,3.44,1017.00,1017.00,1017.00,1017.00
107594,0,0,350.00,100.76,-0.09,0.00,3.25,-0.68,3.25,1017.00,1017.00,1017.00,1017.00
107780,0,0,350.00,100.76,0.03,0.00,-2.00,-0.60,-1.31,1017.00,1017.00,1017.00,1017.00
107802,0,0,350.00,100.76,-0.03,0.00,-2.69,-0.54,-2.00,101600,1018.00,1018.00,1016.00
107826,0,0,350.00,100.76,-0.13,0.00,-3.31,-0.69,-3.12,1016.00,1018.00,1011018.00,1016.00
108001,0,0,350.00,100.76,-0.64,0.00,-2.37,-1.22,-3.06,1016.000,1018.00,1018.00,1016.00
108026,0,0,350.00,100.76,-0.69,0.00,-1.50,-1.30,-2.19,1016.00,1018.00,1018.00,1016.00
108058,0,0,350.00,100.76,-0.72,0.00,-0.94,-1.34,-1.06,1016.00,1018.00,1018.00,1016.00
108131,0,0,350.00,100.76,-0.70,0.00,1.31,-1.27,0.88,1017.00,1017.00,1017.00,1017.00
108325,0,0,350.00,100.76,-0.27,0.00,3.31,-0.86,3.12,117.00,1017.00,1017.00,1017.00
108375,0,0,350.00,100.76,-0.08,0.00,1.56,-0.75,2.06,1017.00,7.00,1017.00,1017.00
108487,0,0,350.00,100.76,-0.08,0.00,-1.62,-0.61,-0.94,1017.00,1017.00,1017.00,1017.00
108518,0,0,350.00,100.76,-0.13,0.00,-2.31,-0.74,-1.62,1016.00,1018.00,1018.00,1016.00
108593,0,0,350.00,100.76,-0.35,0.00,-3.31,-0.95,-2.94,1016.00,1018.00,1018.00,1016.00
108630,0,0,350.00,100.76,-0.48,0.00,-3.37,-0.97,-3.37,1016.00,1018.00,1018.00,1016.00
108704,0,0,350.00,100.76,-0.65,0.00,-2.12,-1.19,-2.37,1016.00,1018.00,1018.00,1016.00
108838,0,0,350.00,100.76,-0.74,0,1.19,-1.37,1.00,1017.00,1017.00,1017.00,1017.00
108924,0,0,350.00,100.76,-0.60,0.00,2.69,-1.16,2.31,1017.00,1017.00,1017.00,1017.00
108946,0,0,350.00,100.76,-0.53,0.00,2.87,-1.11,2.69,1017.00,7.00,1017.00,1017.00
109138,0,0,350.00,100.76,-0.16,0.00,0.19,-0.79,0.88,1017.00,1017.00,1017.00,1017.00
109165,0,0,350.00,100.76,-0.17,0.00,-0.75,-0.72,-0.25,1017.00,1017.00,1017.00,1017.00
109196,0,0,350.00,10.76,-0.19,0.00,-1.25,-0.81,-1.06,1017.00,1017.00,1017.00,1017.00
109248,0,0,350.00,100.76,-0.22,0.00.00,-2.19,-0.81,-1.94,1016.00,1018.00,1018.00,1016.00
109297,0,0,350.00,100.76,-0.41,.00,-2.81,-1.04,-2.69,1016.00,1018.00,1018.00,1016.00
109383,0,0,350.00,100.0.76,-0.68,0.00,-2.62,-1.18,-2.62,1016.00,1018.00,1018.00,1016.00
109411,0,0,350.00,100.76,-0.70,0.00,-2.56,-1.6,-2.56,1016.00,1018.00,1018.00,1016.00
109476,0,0,350.00,100.76,-0.77,0.00,-1.69,-1.37,-2.00,1016.06.00,1018.00,1018.00,1016.00
109525,0,0,350.00,100.76,-0.81,0.00,-0.31,-1.37,-0.31,10100,1017.00,1017.00,1017.00
109618,0,0,350.00,100.76,-0.75,0.00,1.75,-1.32,1.62,1017.00,1017.00,1017.00,1017.00
109667,0,0,350.00,100.76,-0.61,0.00,2.06,-1.20,2.12,1017.00,1017.00,1017.00,1017.00
109740,0,0,350.00,100.76,-0.43,0.00,2.12,-1.10,2.37,1017.00,1017.00,1017.00,1017.00
109846,0,0,350.00,100.76,-0.29,0.00,0.19,-0.93,0.69,1017.00,1017.00,1017.00,1017.00
109872,0,0,350.00,100.76,-0.29,0.00,0.13,-0.,0.13,1017.00,1017.00,1017.00,1017.00
110001,0,0,350.00,100.76,-0.43,0.00,-1.87,-0.95,-1.81,1016.0,1018.00,1018.00,1016.00
110073,0,0,350.00,100.76,-0.60,0.00,-2.62,-1.13,-2-2.62,1016.00,1018.00,1018.00,1016.00
110098,0,0,350.00,100.76,-0.69,0.00,-2.25,-1.20,-2.44,1016.00,1018.00,101.00,1016.00
110206,0,0,350.00,100.76,-0.82,0.00,-1.06,-1.37,-1.00,1016.00,1018.00,1018.00,1016.00
110243,0,0,350.00,100.76,-0.81,0.00,0.13,-1.45,-0.62,1016.00,1018.00,1018.00,1016.00
110290,0,0,350.00,100.76,-0.76,0.00,0.94,-1.43,0.56,1017.00,1017.00,1017.00,1017.00
110315,0,0,350.00,100.76,-0.72,0.00,1.19,-1.30,0.88,1017.00,1017.00,1017.00,1017.00
110401,0,0,350.00,100.76,-0.62,0.00,.06,-1.16,2.00,1017.00,1017.00,1017.00,1017.00
110448,0,0,350.00,100.76,-0.43,0.00,1.81,-1,1.81,1017.00,1017.00,1017.00,1017.00
110533,0,0,350.00,100.76,-0.29,0.00,0.94,-0.85,0.94,1017.00,1017.00,1017.00,1017.00
110558,0,0,350.00,100.76,-0.27,0.00,0.44,-0.84,0.62,1019.00,1019.00,10100,1017.00
110590,0,0,350.00,100.76,-0.26,0.00,-0.25,-0.90,-0.06,1019.00,1019.00,1019.00,1019.00
110665,0,0,350.00,100.76,-0.29,0.00,-1.31,-0.90,-0.94,1019.00,1019.00,1019.00,1019.00
110703,0,0,350.00,100.76,-0.33,0.00,-1.94,-0.86,-1.50,1018.00,1020.00,1020.00,1018.00
110752,0,0,350.00,100.76,-0.41,0.00,-2.06,-0.94,-2.12,1018.00,1020.00,1020.0.00,1018.00
110778,0,0,350.00,100.76,-0.45,0.00,-1.87,-0.99,-2.06,1018.00,1020.00,1020.00,1018.00
110861,0,0,350.00,100100.76,-0.57,0.00,-1.62,-1.19,-1.69,1018.00,1020.00,1020.00,1018.00
110890,0,0,350.00,100.76,-0.59,0.00,-1.06,-1.15,-1.12,1018.00,1020.00,1020.00,1018.00
110913,0,0,350.00,00.76,-0.59,0.00,-0.50,-1.16,-0.81,1019.00,1019.00,1019.00,1019.00
110995,0,0,350.00,100.76,-0.55,0.00,0.56,-1.13,0.50,1019.00,1019.00,1019.00,1019.00
111022,0,0,350.00,100.76,-0.55,0.00,0,-1.11,0.75,1019.00,1019.00,1019.00,1019.00
111130,0,0,350.00,100.76,-0.35,0.00,1.75,-1.02,1.50,1019.00,1010,1019.00,1019.00
111215,0,0,350.00,100.76,-0.22,0.00,1.31,-0.81,1.31,1019.00,1019.00,1019.00,1019.00
111240,0,0,350.00,100.76,-0.20,0.00,0.88,-0.76,1.00,1019.00,1019.00,1019.00,1019.00
111272,0,0,350.00,100.76,-0.19,0.00,0.31,-0.75,0.81,1019.00,1019.00,1019.00,1019.00
111321,0,0,350.00,100.76,-0.19,0.00,-0.25,-0.75,-0.19,1022.00,1022.00,1022.00,1022.00
111349,0,0,350.00,100.76,-0.20,0.00,-0.81,-0.76,-0.44,1022.00,1022.00,1022.00,1022.00
111373,0,0,350.00,100.76,-0.24,0.00,-1.37,-0.78,-1.19,1022.00,1022.00,1022.00,1022.00
111485,0,0,350.00,100.76,-0.39,000,-1.94,-0.95,-1.75,1021.00,1023.00,1023.00,1021.00
111549,0,0,350.00,100.76,-0.45,0.00,-1.94,-0.9904,-1.44,1021.00,1023.00,1023.00,1021.00
111600,0,0,350.00,100.76,-0.56,0.00,-1.25,-112,-1.25,1021.00,1023.00,1023.00,1021.00
111687,0,0,350.00,100.76,-0.59,0.0000,0.44,-1.15,-0.06,1019.00,1019.00,1019.00,1019.00
111901,0,0,350.00,100.76,-0.41,0.00,1.25,-1.05,1.12,1022.00,1022.00,1022.00,1022.00
111925,0,0,350.00,100.76,-0.38,0.00,0.81,-0.95,0.81,1022.00,1022.00,1022.00,1022.00
112013,0,0,350.00,100.76,-0.37,0.00,0.37,-0.93,0.06,1022.00,1022.00,1022.00,1022.00
112151,0,0,350.00,100.76,-0.47,00.00,-1.19,-1.03,-1.37,1021.00,1023.00,1023.00,1021.00
112174,0,0,350.00,100.76,-0.51,0.00,-1.25,-1.06,-1.19,101.00,1023.00,1023.00,1021.00
112281,0,0,350.00,100.76,-0.66,0.00,-1.12,-1.27,-1.00,1021.00,1023.0,1023.00,1021.00
112367,0,0,350.00,100.76,-0.69,0.00,-0.13,-1.32,-0.31,1022.00,1022.00,1022.00,1022.00
112391,0,0,350.00,100.76,-0.69,0.00,-0.06,-1.25,0.00,1022.00,1022.00,1022.00,1022.
112545,0,0,350.00,100.76,-0.69,0.00,0.31,-1.25,0.06,1022.00,1022.00,1022.00,1022.00
112585,0,0,350.00,100.76,-0.66,0.00,0.69,-1.30,0.75,1022.00,1022.00,1022.00,1022.00
112611,0,0,350.00,100.76,-0.64,0.00,0.75,-1.21,1.06,1022.00,1022.00,1022.00,1022.00
112635,0,0,350,100.76,-0.61,0.00,0.88,-1.25,1.00,1022.00,1022.00,1022.00,1022.00
112721,0,0,35000,100.76,-0.54,0.00,0.75,-1.18,1.00,1022.00,1022.00,1022.00,1022.00
112747,0,0,350.00,100.76,-0.53,0.00,0.62,-16,0.62,1022.00,1022.00,1022.00,1022.00
112849,0,0,350.00,100.76,-0.52,0.00,-0.37,-1.15,-0.19,1022.00,122.00,1022.00,1022.00
113008,0,0,350.00,100.76,-0.57,0.00,-0.94,-1.11,-1.19,1021.00,1023.00,1023.00,1021.00
113076,0,0,350.00,100.76,-0.61,0.00,-0.94,-1.16,-1.12,1021.00,1023.00,1023.00,1021.00
113168,0,0,350.00,100.76,-0.61,0.00,-0.44,-1.25,-0.44,1024.00,1024.00,1024.00,10024.00
113193,0,0,350.00,100.76,-0.59,0.00,-0.13,-1.23,-0.37,1024.00,1024.00,1024.00,1024.00
113217,0,0,50.00,100.76,-0.58,0.00,0.37,-1.15,0.00,1024.00,1024.00,1024.00,1024.00
113292,0,0,350.00,100.76,-0.44,0.00,0.86,-1.00,0.81,1025.00,1025.00,1025.00,1025.00
113349,0,0,350.00,100.76,-0.40,0.00,0.44,-0.97,0.56,1025.00,1025.00,1025.00,1025.00
113425,0,0,350.00,100.76,-0.36,0.00,0.19,-1.00,0.13,1025.00,1025.00,1025.00,1025.00
113463,0,0,350.00,100.76,-0.36,0.00,-0.37,-0.92,0.13,1025.00,1025.00,1025.00,1025.00
113537,0,0,350.00,100.76,-0.37,0.00,-0.62,-0.99,-0.62,1025.00,1025.00,1025.00,1025.00
113560,0,0,350.00,00.76,-0.38,0.00,-0.75,-0.94,-0.81,1025.00,1025.00,1025.00,1025.00
113672,0,0,350.00,100.76,-0.3,0.00,-0.62,-0.99,-0.69,1026.00,1026.00,1026.00,1026.00
113781,0,0,350.00,100.76,-0.40,0.00,0.19,-96,0.19,1026.00,1026.00,1026.00,1026.00
113820,0,0,350.00,100.76,-0.40,0.00,0.31,-0.96,0.19,1026.00,026.00,1026.00,1026.00
113979,0,0,350.00,100.76,-0.40,0.00,0.56,-1.03,0.50,1026.00,1026.00,1026.00,1026.00
114007,0,0,350.00,100.76,-0.40,0.00,0.37,-0.96,0.44,1027.00,1027.00,1027.00,1027.00
114087,0,0,350.00,100.7,-0.40,0.00,-0.06,-1.03,0.13,1026.00,1026.00,1026.00,1026.00
114152,0,0,350.00,100.76,-.40,0.00,-0.19,-1.03,-0.31,1027.00,1027.00,1027.00,1027.00
114358,0,0,350.00,100.76,-0.50,0.00,-0.50,-1.06,-0.6,1026.00,1026.00,1026.00,1026.00
114468,0,0,350.00,100.76,-0.51,0.00,-0.06,-1.14,-0.19,1026.00,102600,1026.00,1026.00
114497,0,0,350.00,100.76,-0.51,0.00,-0.19,-1.14,-0.19,1026.00,1026.00,1026.00,1026.00
114666,0,0,350.00,100.76,-0.51,0.00,0.37,-1.07,0.31,1027.00,1027.00,1027.00,1027.00
114691,0,0,350.00,100.76,-0.51,0.00,0.37,-1.07,0.25,1026.00,1026.00,1026.00,1026.00
114932,0,0,350.00,100.76,-0.53,0.00,-0.50,-1.08,-0.88,126.00,1026.00,1026.00,1026.00
