millis,armed,roll,pitch,yaw,gx,gy,gz,err_roll,err_pitch,err_yaw,u2
42,0,-0.23,4.85,-0.30,-8.69,-0.25,-0.13,-0.46,4.22,-0.23,-0.00000136
79,0,0.12,4.85,-0.31,-9.31,-0.13,-0.31,-0.04,4.22,-0.24,-0.00000164
129,0,0.74,4.85,-0.31,-7.44,-0.25,-0.19,0.53,4.22,-0.24,-0.00000160
161,0,0.89,4.85,-0.31,-5.31,0.00,-0.06,0.77,4.22,-0.24,-0.00000129
201,0,1.01,4.85,-0.31,0.56,0.19,-0.19,0.95,4.22,-0.24,-0.00000028
232,0,0.88,4.85,-0.32,4.19,0.06,0.00,0.85,4.22,-0.25,0.00000013
361,0,-0.57,4.85,-0.33,7.31,0.25,0.06,-0.57,4.22,-0.25,0.00000154
455,0,-0.98,4.85,-0.33,0.13,0.00,-0.13,-1.05,4.22,-0.25,0.00000042
484,0,-0.92,4.85,-0.33,-2.75,0.06,-0.06,-1.02,4.22,-0.26,-0.00000012
526,0,-0.51,4.85,-0.33,-7.63,-0.37,0.00,-0.65,4.22,-0.26,-0.00000112
577,0,0.13,4.85,-0.33,-8.94,-0.56,-0.25,-0.02,4.22,-0.26,-0.00000167
727,0,0.78,4.84,-0.34,3.94,0.13,0.06,0.78,4.21,-0.27,0.00000024
757,0,0.61,4.84,-0.35,5.81,0.25,-0.06,0.60,4.21,-0.27,0.00000079
785,0,0.32,4.84,-0.34,7.44,0.25,0.06,0.33,4.21,-0.28,0.00000122
801,0,0.24,.85,-0.35,8.50,0.31,0.06,-0.08,4.22,-0.27,0.00000155
817,0,-0.26,4.85,-0.35,8.25,0.25,-0.06,-0.25,4.22,-0.27,0.00000165
845,0,-0.57,4.85,-0.35,7.37,0.31,0.00,-0.57,4.22,-0.27,0.00000156
1026,0,-0.64,4.85,-0.35,-7.00,-0.25,0.00,-0.78,4.22,-0.28,-0.00000102
1075,0,-0.03,4.85,-0.35,-8.88,-0.31,-0.13,-0.18,4.22,-0.28,-0.00000154
1104,0,0.29,4.85,-0.35,-8.44,-0.25,-0.13,0.15,4.22,-0.28,-0.00000165
1147,0,0.76,4.84,-0.36,-5.25,-0.06,-0.13,0.61,4.21,-0.29,-0.00000124
1179,0,0.85,4.84,-0.36,-2.56,-0.13,-0.06,0.75,4.21,-0.29,-0.00000081
1323,0,-0.06,4.84,-0.37,8.37,0.25,0.13,-0.04,4.21,-0.30,0.00000153
1405,0,-0.86,4.85,-0.37,5.62,0.06,0.06,-0.88,4.21,-0.30,0.00000129
1437,0,-1.00,4.85,-0.37,2.44,0.06,-0.06,-1.04,4.22,-0.30,0.00000103
1482,0,-0.95,4.85,-0.37,-2.56,-0.25,-0.06,-1.05,4.22,-0.30,-0.00000007
1517,0,-0.79,4.84,-0.37,-5.19,-0.06,-0.06,-0.91,4.22,-0.30,-0.00000059
1569,0,-0.22,4.84,-0.37,-8.50,-0.19,-0.13,-0.37,4.21,-0.30,-0.00000144
1642,0,0.71,4.84,-0.37,-6.31,-0.06,-0.06,0.52,4.21,-0.30,-0.00000145
1697,0,0.96,4.84,-0.37,-2.00,0.13,-0.13,0.88,4.21,-0.30,-0.00000074
1731,0,0.94,4.84,-0.37,0.81,0.00,0.00,0.89,4.21,-0.30,-0.00000018
1824,0,0.39,4.84,-0.38,7.06,0.19,0.19,0.39,4.21,-0.31,0.00000111
1853,0,0.07,4.84,-0.38,7.87,0.37,0.13,0.08,4.21,-0.31,0.00000144
1981,0,-0.95,4.84,-0.38,-0.62,0.00,0.00,-1.02,4.21,-0.31,0.00000044
2033,0,-0.75,4.84,-0.38,-4.94,-0.19,0.00,-0.87,4.21,-0.31,-0.00000058
2149,0,0.59,4.84,-0.39,-6.75,-0.13,-0.25,0.40,4.21,-0.32,-0.00000154
2230,0,0.88,4.84,-0.40,0.19,0.06,0.00,0.82,4.21,-0.33,-0.00000035
2246,0,0.87,4.84,-0.40,0.94,0.06,0.00,0.71,4.21,-0.32,0.00000035
2280,0,0.53,4.84,-0.40,5.31,0.19,0.06,0.58,4.21,-0.33,0.00000073
2350,0,-0.31,4.84,-0.41,8.13,0.31,0.06,-0.22,4.21,-0.33,0.00000156
2396,0,-0.53,4.84,-0.40,7.31,0.25,0.06,-0.54,4.21,-0.33,0.00000149
2434,0,-0.93,4.84,-0.40,3.19,0.06,-0.13,-0.97,4.21,-0.33,0.00000100
2461,0,-0.98,4.84,-0.41,1.12,0.06,-0.19,-1.04,4.21,-0.33,0.00000060
2545,0,-0.59,4.84,-0.40,-6.56,-0.25,-0.19,-0.72,4.21,-0.34,-0.00000088
2586,0,0.03,4.84,-0.40,-8.63,-0.25,-0.19,-0.12,4.21,-0.33,-0.00000154
2621,0,0.36,4.84,-0.40,-8.31,-0.25,-0.13,0.21,4.21,-0.33,-0.00000162
2675,0,0.77,4.84,-0.40,-4.50,-0.25,-0.06,0.66,4.21,-0.33,-0.00000108
2704,0,0.86,4.84,-0.40,-1.81,0.06,-0.13,0.78,4.21,-0.34,-0.00000066
2745,0,0.74,4.84,-0.41,3.31,0.25,0.06,0.74,4.21,-0.34,0.00000021
2774,0,0.58,4.84,-0.41,5.12,0.06,0.06,0.57,4.21,-0.34,0.00000076
2801,0,0.23,4.84,-0.41,7.44,0.31,0.00,0.24,4.21,-0.34,0.00000127
2886,0,-0.82,4.84,-0.41,4.75,0.31,-0.06,-0.84,4.21,-0.35,0.00000122
2979,0,-0.96,4.85,-0.42,-2.56,-0.06,0.00,-1.05,4.22,-0.35,0.00000001
3085,0,0.32,4.84,-0.42,-7.56,-0.25,-0.25,0.18,4.21,-0.35,-0.00000148
3260,0,0.46,4.84,-0.43,5.69,0.25,0.00,0.44,4.21,-0.36,0.00000072
3291,0,0.25,4.84,-0.43,6.81,0.13,0.06,0.25,4.21,-0.36,0.00000114
3320,0,-0.05,4.84,-0.44,7.44,0.25,0.06,-0.05,4.21,-0.36,0.00000145
3358,0,-0.58,4.84,-0.44,7.06,0.50,0.13,-0.58,4.21,-0.36,0.00000148
3388,0,-0.81,4.84,-0.43,5.37,0.19,0.06,-0.82,4.21,-0.37,0.00000129
3500,0,-0.75,4.84,-0.44,-4.87,0.00,-0.06,-0.92,4.22,-0.37,-0.00000050
3551,0,-0.35,4.84,-0.43,-7.63,-0.31,-0.19,-0.50,4.21,-0.37,-0.00000122
3617,0,0.28,4.84,-0.44,-7.81,-0.37,-0.19,0.13,4.21,-0.36,-0.00000153
3649,0,0.54,4.84,-0.43,-6.25,-0.25,-0.25,0.35,4.21,-0.37,-0.00000142
3688,0,0.86,4.84,-0.43,-2.81,0.00,-0.13,0.75,4.21,-0.36,-0.00000083
3720,0,0.88,4.84,-0.43,-0.06,0.00,-0.19,0.81,4.21,-0.36,-0.00000032
3836,0,-0.26,4.84,-0.45,7.19,0.31,0.13,-0.26,4.21,-0.37,0.00000149
3920,0,-0.84,4.85,-0.45,2.37,0.13,-0.06,-0.88,4.22,-0.38,0.00000081
3946,0,-0.87,4.85,-0.44,-0.25,0.06,0.00,-0.94,4.22,-0.37,0.00000049
4016,0,-0.66,4.85,-0.45,-4.75,0.00,-0.19,-0.81,4.22,-0.37,-0.00000051
4049,0,-0.42,4.85,-0.45,-6.81,-0.25,-0.13,-0.61,4.22,-0.38,-0000123
4080,0,-0.13,4.85,-0.45,-7.87,-0.19,-0.06,-0.35,4.22,-0.38,-0.00000131
4213,0,0.80,4.84,-0.46,0.75,0.00,0.13,0.76,4.21,-0.39,-0.00000019
4242,0,0.71,4.84,-0.46,3.25,0.06,0.00,0.67,4.21,-0.40,0.00000030
4272,0,0.51,4.84,-0.46,5.50,0.13,0.06,0.50,4.21,-0.40,0.00000066
4287,0,0.18,4.84,-0.47,7.31,0.31,0.25,0.18,4.21,-0.40,0.000001162
4302,0,0.02,4.84,-0.47,7.31,0.31,0.13,0.03,4.21,-0.39,0.00000135
4328,0,-0.28,4.84,-0.47,7.44,0.31,0.13,-0.27,4.21,-0.39,0.00000148
4565,0,-0.72,4.85,-0.47,-5.25,0.00,-,-0.74,4.22,-0.40,-0.00000084
4645,0,-0.06,4.84,-0.48,-8.13,-0.19,-0.13,-0.20,4.21,-0.40,-0.00000141
4708,0,0.30,4.84,-0.48,-7.50,-0.19,-0.13,0.16,4.21,-0.41,-0.44
4730,0,0.49,4.84,-0.48,-6.37,-0.13,-0.13,0.36,4.21,-0.41,-0.00000146
4774,0,0.67,4.84,-0.48,-4.44,-0.06,-0.06,0.56,4.21,-0.41,-0.00000114
4880,0,0.69,4.84,-0.48,2.50,0.25,0.00,0.64,4.21,-0.41,0.00000019
4941,0,0.40,4.84,-0.49,56.25,0.37,0.13,0.33,4.21,-0.42,0.00000093
4961,0,0.27,4.84,-0.49,6.56,0.13,0.19,0.27,4.21,-0.42,0.00000108
5072,0,-0.59,4.85,-0.49,6.44,0.25,0.19,-0.54,4.22,-0.42,0.00000146
5109,0,-0.76,4.85,-0.49,5.12,0.19,0.00,-0.78,4.22,-0.42,0.00000123
5189,0,-0.95,4.84,-0.49,0.44,0.00,-0.06,-1.02,4.21,-0.42,0.00000058
5236,0,-0.90,4.84,-0.49,-2.25,0.00,-0.13,-1.01,4.21,-0.42,0.00000008
5306,0,-0.48,4.85,-0.49,-6.56,-0.25,-0.25,-0.69,4.22,-0.42,-0.00000090
5353,0,-0.27,4.85,-0.49,-7.69,-0.25,-0.19,-0.41,4.22,-0.42,-0.00000124
5420,0,0.34,4.84,-0.49,-7.25,-0.31,-0.25,0.20,4.21,-0.42,-0.00000145
5500,0,0.75,4.84,-0.49,-4.00,-0.13,0.00,0.65,4.21,-0.42,-0.00000105
5535,0,0.81,4.85,-0.49,-1.31,-0.06,-0.13,0.72,4.21,-0.42,-0.00000065
5663,0,0.50,4.84,-0.50,5.19,0.25,0.06,0.48,4.21,-0.42,0.00000074
5693,0,0.24,4.84,-0.50,6.25,0.44,0.25,0.31,4.21,-0.43,0.00000100
5872,0,-0.83,4.84,-0.50,3.50,0.00.06,0.00,-0.90,4.21,-0.43,0.00000089
5893,0,-0.89,4.84,-0.51,2.06,0.19,0.00,-0.93,4.21,-0.44,0.00000081
5962,0,-0.87,4.84,-0.51,-2.75,0.00,-0.19,-0.96,4.21,-0.44,0.00000002
6016,0,-0.71,4.85,-0.51,-5.12,-0.19,-0.06,-0.87,4.22,-0.43,-0.00000048
6325,0,0.70,4.884,-0.52,2.37,0.06,0.00,0.63,4.21,-0.45,0.00000017
6421,0,0.20,4.84,-0.52,6.56,0.13,0.13,0.20,4.21,-0.45,0.00000104
6453,0,-0.01,4.84,-0.52,7.19,0.19,0.06,-0.02,4.21,-0.45,0.00000133
6494,0,-0.31,4.84,-0.52,7.25,0.19,-0.06,-0.31,4.21,-0.45,0.00000142
6561,0,-0.74,4.84,-0.52,5.12,0.00,0.19,-0.76,4.21,-0.46,0.00000123
6610,0,-0.88,4.84,-0.52,2.94,0.06,0.00,-0.93,4.21,-0.46,0.00000093
6719,0,-0.74,4.84,-0.52,-4.06,-0.19,-0.06,-0.90,4.21,-0.45,-0.00000037
6797,0,-0.25,4.84,-0.52,-7.12,-0.25,-0.19,-0.46,4.21,-0.45,-0.00000114
6847,0,0.05,4.84,-0.52,-7.75,-0.19,-0.19,-0.17,4.21,-0.45,-0.00000140
6913,0,0.53,4.84,-0.52,-6.12,-0.25,-0.19,0.40,4.21,-0.46,-0.00000132
7028,0,0.78,4.84,-0.53,0.44,0.06,-0.06,0.73,4.21,-0.46,-0.00000022
7072,0,0.68,4.84,-0.53,3.19,0.19,0.06,0.66,4.21,-0.46,0.00000026
7272,0,-0.58,4.84,-0.54,5.69,0.25,0.00,-0.59,4.20,-0.46,0.00000129
7348,0,-0.86,4.84,-0.53,2.31,0.06,0.06,-0.90,4.21,-0.46,0.00000072
7384,0,-0.90,4.84,-0.53,-0.44,0.00,0.06,-0.96,4.21,-0.46,0.00000034
7508,0,-0.47,4.84,-0.54,-6.44,-0.13,-0.19,-0.66,4.21,-0.47,-0.00000089
7578,0,0.07,4.83,-0.54,-7.69,-0.25,-0.06,-0.14,4.21,-0.47,-0.00000138
7808,1,0.60,4.84,-0.55,3.00,0.13,0.13,0.56,4.21,-0.13,0.00000027
7840,1,0.42,4.84,-0.55,5.12,0.06,0.06,0.40,4.21,-0.27,0.00000075
7877,1,0.17,4.84,-0.55,6.37,0.25,0.00,0.17,4.21,-0.41,0.00000098
7922,1-0.18,4.84,-0.55,7.00,0.37,0.00,-0.10,4.21,-0.41,0.00000126,>6
7938,1,-0.32,4.84,-0.55,7.06,0.25,0.13,-0.32,4.21,-0.49,0.00000143
7991,1,-0.58,4.83,-0.56,5.81,0.37,0.50,-0.53,4.21,-0.49,0.00000133
8158,1,-0.86,4.83,-0.55,-2.50,0.00,-0.44,-0.96,4.20,-0.49,-0.00000008
8225,1,-0.55,4.83,-0.56,-6.06,-0.25,-0.13,-0.73,4.20,-0.49,-0.00000073
8295,1,0.00,4.83,-0.56,-7.56,-0.25,-0.31,-0.21,4.20,-0.49,-0.00000125
8337,1,0.21,4.83,-0.56,-6.75,-0.19,-0.44,0.07,4.21,-0.48,-0.00000134
8397,1,0.66,4.83,-0.55,-4.44,0.00,-0.44,0.54,4.20,-0.48,-0.00000101
8454,1,0.77,4.83,-0.55,-1.81,-0.06,-0.13,0.68,4.20,-0.48,-0.00000076
8516,1,0.68,4.82,-0.54,2.31,0.31,-1.25,0.64,4.20,-0.48,0.00000020
8548,1,0.52,4.82,-0.55,4.56,0.19,-0.50,0.50,4.19,-0.48,0.00000061
8643,1,-0.12,4.83,-0.56,7.69,0.25,-0.19,-0.03,4.20,-0.49,0.00000135
8723,1,-0.61,4.82,-0.57,5.25,0.31,0.62,-0.62,4.19,-0.49,0.00000131
8765,1,-0.77,4.82,-0.57,3.50,0.00,0.13,-0.80,4.19,-0.50,0.00000098
8873,1,-0.51,4.82,-0.55,-8.69,-0.25,-0.44,-0.67,4.19,-0.49,-0.00000117
8958,1,0.84,4.79,-0.56,-24.00,-0.44,0.00,0.54,4.17,-0.49,-0.00000465
9184,1,3.04,4.76,-0.71,16.50,-0.81,0.62,3.14,4.13,-0.64,0.00000220
9218,1,2.07,4.73,-0.75,28.31,-0.62,1.50,2.53,4.12,-0.65,0.00000371
9332,1,-0.84,4.81,-0.78,20.37,0.62,0.69,-0.72,4.17,-0.70,0.00000473
9381,1,-1.47,4.82,-0.78,11.75,0.75,-0.37,-1.28,4.18,-0.71,0.00000352
9447,1,-1.75,4.83,-0.78,-3.00,-0.19,-0.13,-1.85,4.20,-0.71,0.00000045
9490,1,-1.48,4.83,-0.78,-8.56,0.88,-0.13,-1.64,4.19,-0.71,-0.00000111
9562,1,-0.19,4.81,-0.75,-19.81,0.62,-0.31,-0.45,4.17,-0.68,-0.00000351
9607,1,0.49,4.85,-0.74,-15.88,1.94,-0.69,0.26,4.21,-0.68,-83
9643,1,1.05,4.90,-0.73,-14.50,0.81,-0.81,0.70,4.26,-0.67,-0.00000278
9678,1,1.40,4.94,-0.72,-10.13,1.31,-0.37,1.23,4.30,-0.66,-0.00000257
9799,1,1.80,4.89,-0.73,3.44,-1.00,0.06,1.76,4.27,-0.66,0.00000011
9843,1,1.52,4.91,-0.73,8.50,1.06,0.00,1.63,4.25,-0.66,0.00000060
9905,1,0.72,4.92,-0.72,11.63,1.44,-0.25,0.77,4.28,-0.66,0.00000197
9946,1,0.24,4.93,-0.72,12.75,0.37,0.44,0.41,4.30,-0.66,0.00000204
10167,1,-0.30,4.95,-0.73,-7.94,-0.75,-0.25,-0.53,4.33,-0.66,-0.00000093
10259,1,0.32,4.94,-0.74,-9.69,-1.69,-0.25,0.15,4.32,-0.66,-0.00000164
10299,1,0.72,4.88,-0.73,-10.13,0.25,-0.37,0.56,4.25,-0.67,-0.00000213
10368,1,1.17,4.85,-0.73,-5.69,0.62,0.31,1.05,4.22,-0.67,-0.00000162
10406,1,1.28,4.84,-0.74,-2.44,-1.12,-0.44,1.15,4.22,-0.67,-0.00000077
10465,1,1.110,4.88,-0.74,5.06,0.56,0.31,1.08,4.25,-0.67,0.00000092
10563,1,0.68,4.89,-0.73,6.50,0.50,-0.13,0.70,4.24,-0.67,0.00000101
10597,1,0.54,4.88,-0.73,5.37,-0.69,0.56,0.52,4.26,-0.67,0.00000049
10634,1,0.38,4.87,-0.73,3.31,-0.19,-0.19,0.35,4.25,-0.67,0.00000039
10712,1,0.34,4.91,-0.73,-1.75,0.13,-0.31,0.25,4.28,-0.67,-0.00000008
10758,1,0.51,4.90,-0.73,-4.75,-0.62,0.00,0.39,4.28,-0.67,-0.00000094
10823,1,0.91,4.90,-0.72,-3.94,0.69,0.31,0.77,4.27,-0.66,-0.00000095
10864,1,1.03,4.89,-0.72,-3.75,-0.62,-0.50,0.91,4.27,-0.65,-0.00000098
10962,1,1.33,4.89,-0.73,0.25,-0.13,0.00,1.26,4.26,-0.66,-0.00000072
11032,1,1.22,4.89,-0.73,3.37,-0.13,0.06,1.18,4.26,-0.66,0.00000009
11066,1,1.08,4.89,-0.73,5.06,0.06,-0.50,1.07,4.26,-0.66,0.00000059
11169,1,0.70,4.94,-0.74,1.12,-0.37,0.06,0.65,4.31,-0.67,0.00000011
11213,1,0.68,4.94,-0.74,0.19,0.19,0.37,0.61,4.31,-0.67,-0.00000010
11310,1,0.63,4.95,-0.74,-2.56,0.50,0.00,0.53,4.32,-0.67,-0.00000042
11489,1,0.93,4.95,-0.74,0.44,0.00,-0.25,0.86,4.32,-0.67,-0.00000039
11635,1,1.02,4.95,-0.74,0.62,0.13,-0.31,0.96,4.32,-0.67,-0.00000015
11712,1,0.90,4.95,-0.73,1.44,0.56,0.56,0.84,4.32,-0.66,0.00000008
11745,1,0.86,4.96,-0.73,1.12,-0.13,0.19,0.80,4.33,-0.66,0.00000009
11781,1,0.88,4.96,-0.73,-0.69,0.69,0.06,0.79,4.33,-0.66,-0.00000032
11862,1,0.83,4.98,-0.73,2.06,-0.25,-0.56,0.78,4.35,-0.66,0.00000009
11906,1,0.79,4.99,-0.73,0.19,0.94,-0.25,0.72,4.35,-0.66,0.00000004
12015,1,0.92,4.99,-0.73,-1.31,0.06,0.13,0.84,4.36,-0.66,-0.00000044
12182,1,1.12,5.01,-0.72,0.25,0.81,-0.19,1.05,4.37,-0.65,-0.00000029
12338,1,0.93,5.02,-0.72,-0.88,-0.69,-0.50,0.86,4.39,-0.65,-0.00000011
12439,1,1.14,5.02,-0.71,0.00,-0.37,-0.44,1.07,4.39,-0.64,-0.00000041
12479,1,1.15,5.02,-0.71,-0.88,0.19,0.37,1.08,4.39,-0.64,-0.00000042
12544,1,1.34,5.03,-0.70,-4.12,-0.50,-0.69,1.19,4.39,-0.64,-0.00000099
12594,1,1.49,5.03,-0.70,-3.75,0.25,0.37,1.36,4.40,-0.63,-0.00000125
12654,1,1.51,5.03,-0.70,-0.50,0.44,-0.44,1.44,4.40,-0.63,-0.00000041
12697,1,1.52,5.02,-0.70,-1.25,0.13,0.00,1.44,4.39,-0.63,-0.00000040
12825,1,1.61,5.03,-0.70,-0.44,0.25,-0.31,1.54,4.40,-0.63,-0.00000049
12995,1,1.75,5.03,-0.71.71,0.44,0.25,-0.13,1.68,4.40,-0.64,-0.00000043
13099,1,1.83,5.02,-0.71,-0.69,0.44,-0.56,1.75,4.39,-0.64,-0.00000080
13132,1,1.82,5.02,-0.71,1.37,-0.69,0.50,1.76,4.40,-0.64,-0.00000056
13243,1,1.82,5.02,-0.71,-1.62,-0.25,0.06,1.74,4.39,-0.64,-0.00000070
13348,1,1.65,5.02,-0.71,3.06,0.37,-0.56,1.61,4.39,-0.64,0.00000012
13390,1,1.50,5.02,-0.73,4.87,0.06,0.69,1.48,4.39,-0.65,0.00000035
13442,1,1.45,5.02,-0.73,3.69,-0.37,0.88,1.25,4.39,-0.66,0.00000044
13460,1,1.21,5.02,-0.74,2.87,0.19,-0.31,1.18,4.39,-0.67,0.00000041
13558,1,1.28,5.02,-0.76,-1.37,0.25,0.13,1.19,4.39,-0.69,-0.00000051
13707,1,1.30,5.03,-0.78,0.13,0.13,0.56,1.23,4.40,-0.71,-0.00000049
13819,1,1.48,5.03,-0.77,-4.94,0.37,-0.19,1.36,4.40,-0.69,-0.00000130
13854,1,1.51,5.03,-0.77,0.00,0.06,-1.06,1.44,4.40,-0.70,-0.00000043
13935,1,1.43,5.03,-0.78,0.69,0.19,0.31,1.37,4.40,-0.71,-0.00000004
13980,1,1.43,5.03,-0.78,0.31,0.13,0.19,0.87,4.19,-0.71,-0.00000014
14050,1,1.55,5.03,-0.78,-3.62,0.44,-0.31,-16.06,4.19,-0.71,0.00000418
14090,1,1.80,5.04,-0.78,-7.12,-0.13,0.31,-27.45,4.20,-0.69,0.00000641
14154,1,2.48,5.04,-0.82,-10.88,-0.50,1.19,-32.63,3.35,-0.74,0.00000700
14206,1,3.06,5.02,-0.85,-18.44,-0.19,0.44,-32.12,3.97,-0.77,0.00000594
14288,1,4.78,5.00,-0.98,-23.56,-0.81,2.06,-23.87,4.02,-0.88,0.00000223
14336,1,5.65,5.00,-1.05,-21.62,-0.06,1.37,-13.33,4.08,-0.95,-0.00000054
14396,1,6.53,4.99,-1.17,-5.87,-0.19,3.31,5.78,4.15,-1.07,-0.00000319
14442,1,6.29,5.00,-1.25,15.13,0.56,2.25,6.37,4.16,-1.16,-0.00000014
14506,1,3.92,5.06,-1.33,37.00,0.81,1.87,4.58,4.20,-1.22,0.00000518
14547,1,2.85,5.07,-1.32,35.69,-0.13,-1.31,3.13,4.23,-1.26,0.00000592
14610,1,0.83.60,5.11,-1.07,23.87,-0.81,-1.50,0.76,4.28,-1.01,0.00000463
14710,1,-0.26,5.15,-0.96,1.50,1.94,-1.19,-0.33,4.28,-0.90,0.00000079
14829,1,1.43,5.09,-0.96,-17.31,0.69,0.56,1.20,4.24,-0.89,-0.00000380
15022,1,2.83,5.06,-0.97,5.75,0.06,-0.13,22.48,4.42,-0.90,0.00000114
15088,1,1.96,5.07,-0.99,12.63,-0.81,0.37,2.13,4.45,-0.91,0.00000171
15201,1,1.32,5.10,-1.05,1.12,-0.37,-0.44,1.26,4.47,-1.00,0.00000008
15234,1,1.28,5.11,-1.06,0.69,0.44,0.81,1.22,4.27,-0.98,-0.00000014
15311,1,1.37,5.12,-1.05,-2.37,-0.56,0.25,1.26,4.28,-0.98,-0.00000050
15359,1,1.53,5.14,-1.04,-6.69,0.69,-0.44,1.40,4.29,-0.98,-0.00000141
15466,1,2.39,5.10,-1.05,-2.31,0.37,-0.75,2.30,4.26,-0.99,-0.00000145
15629,1,2.31,5.10,-1.07,2.62,0.62,1.00,21.44,4.47,-0.99,-0.00000578
15663,1,2.08,5.11,-1.05,8.25,0.62,-1.69,34.92,4.47,-1.00,-0.00000876
15864,1,-1.52,5.21,-0.80,25.00,1.37,0.69,31.97,4.57,-0.72,-0.00000420
16045,1,-1.97,5.20,-0.80,-24.87,-0.75,0.37,-2.07,4.58,-0.74,-0.00000339
16066,1,-1.70,5.19,-0.81,-27.,-0.37,-0.44,-0.97,4.54,-0.73,-0.00000541
16115,1,0.60,5.13,-0.78,-37.25,-1.12,-1.00,0.38,4.51,-0.72,-0.00000699
16157,1,1.94,5.11,-0.77,-33.25,-1.37,-0.25,1.76,4.49,-0.70,-0.00000678
16241,1,3.89,5.06,-0.74,-16.12,-0.37,0.06,3.66,4.43,-0.67,-0.00000486
16287,1,4.11,5.06,-0.74,-3.56,-0.13,-0.37,4.00,4.43,-0.67,-0.00000243
16339,1,3.28,5.07,-0.74,18.50,0.19,0.25,3.39,4.44,-0.67,0.00000236
16369,1,2.56,5.09,-0.74,18.19,0.56,0.06,2.67,4.46,-0.67,0.00000271
16550,1,0.96,5.09,-0.87,-0.31,0.44,1.62,0.91,4.46,-0.76,0.00000043
16596,1,1.12,5.10,-0.87,-8.13,-0.25,-0.37,0.97,4.46,-0.81,-0.00000129
16694,1,2.44,5.09,-0.88,-9.75,-0.25,1.00,2.28,4.45,-0.80,-0.00000246
16808,1,3.21,5.09,-0.89,-3.00,-0.44,0.50,3.11,4.46,-0.83,-0.00000171
16846,1,3.15,5.09,-0.90,3.44,0.44,0.13,3.12,4.46,-0.82,-0.00000046
16923,1,2.75,5.09,-0.91,6.75,0.31,0.31,2.75,4.45,-0.84,0.00000041
16967,1,2.52,5.09,-0.91,5.62,0.50,0.25,2.50,4.46,-0.84,0.00000037
17016,1,2.22,5.08,-0.91,5.87,0.50,0.56,2.21,4.45,-0.84,0.00000058
17048,1,2.03,5.08,-0.92,4.56,0.06,-0.19,-1.45,4.45,-0.84,0.00000135
17158,1,2.13,5.08,-0.92,-7.75,-0.37,-0.19,-32.95,4.24,-0.85,0.00000842
17241,1,3.43,5.08,-0.99,-22.94,-0.69,0.13,-32.00,4.25,-0.91,0.00000517
17431,1,7.24,5.04,-1.06,-5.25,-0.69,-0.13,0.38,4.22,-0.99,-0.00000249
17558,1,5.14,5.06,-1.08,34.31,0.56,1.19,5.40,4.25,-1.02,0.00000588
17597,1,3.33,5.10,-1.11,38.38,0.44,1.3700,3.26,4.26,-1.04,0.00000616
17616,1,2.23,5.10,-1.13,37.50,0.44,0.75,2.88,4.26,-1.05,0.00000625
17659,1,1.32,5.11,-1.12,29.19,0.56,-2.19,1.53,4.28,-1.08,0.00000538
17718,1,0.15,5.14,-0.98,3.75,0.37,-1.69,0.11,4.30,-0.93,0.00000172
17766,1,0.22,5.14,-0.97,-5.75,-0.31,0.56,0.09,4.30,-0.90,-0.00000051
17819,1,0.97,5.13,-0.96,-15.81,0.00,-0.50,0.57,4.29,-0.90,-016
17839,1,1.33,5.12,-0.96,-18.50,-0.50,0.19,1.08,4.49,-0.89,-0.00000371
17886,1,2.11,5.10,-0.96,-21.25,-1.37,0.69,1.84,4.27,-0.89,-0.00000432
17951,1,3.31,5.07,-0.98,-10.38,-1.00,0.00,3.06,4.24,-0.91,-0.00000324
17991,1,3.44,5.08,-0.98,-2.25,0.19,0.50,3.35,4.45,-0.91,-0.00000170
18071,1,3.10,5.08,-1.01,6.31,-0.13,0.56,3.09,4.24,-0.94,0.00000019
18159,1,2.40,5.12,-1.03,11.44,0.94,0.00,2.44,4.48,-0.96,0.00000126
18193,1,1.89,5.13,-1.04,13.63,0.75,-0.50,1.95,4.28,-0.97,0.00000199
18305,1,1.62,5.15,-1.06,-7.50,-0.31,-0.31,1.48,4.52,-0.99,-0.00000154
18350,1,1.93,5.15,-1.05,-6.75,-0.94,0.00,1.80,4.32,-0.99,-0.00000203
18417,1,2.22,5.13,-1.01,-2.81,-1.06,-0.88,2.08,4.30,-0.97,-0.00000107
18456,1,2.37,5.14,-1.01,-6.56,-0.25,0.88,2.24,4.30,-0.94,-0.00000151
18545,1,3.00,5.12,-1.11,-4.44,-0.50,2.19,2.89,4.49,-1.02,-0.00000200
18581,1,2.92,5.14,-1.16,6.31,-0.44,0.88,2.95,4.50,-1.07,-0.00000074
18749,1,2.39,5.14,-1.11.11,1.94,-0.56,0.62,2.32,4.30,-1.04,-0.00000071
18849,1,1.94,5.15,-1.05,-1.06,0.69,-0.44,1.86,4.31,-0.98,-0.00000009
18884,1,2.28,5.14,-1.05,-11.31,0.25,0.25,2.10,4.30,-0.98,-0.00000212
18999,1,2.82,5.14,-1.04,5.19,0.06,-0.75,2.80,4.51,-0.98,-0.00000025
19045,1,2.59,5.15,-1.04,4.62,-1.00,0.25,2.57,4.53,-0.97,0.00000039
19111,1,2.72,5.14,-1.04,-4.37,0.00,0.19,2.61,4.30,-0.97,-0.00000144
19151,1,2.86,5.15,-1.09,-1.81,-0.44,1.37,2.77,4.52,-1.01,-0.00000133
19211,1,2.56,5.17,-1.09,6.75,-0.13,-1.19,2.56,4.33,-1.03,0.00000055
19246,1,2.33,5.17,-1.04,5.00,-0.69,0.13,4.20,4.34,-0.97,-0.00000010
19610,1,-0.74,5.26,-0.82,19.12,0.69,-2.31,34.65,4.41,-0.79,-0.00000638
19673,1,-2.35,5.29,-0.66,18.50,0.50,-2.94,32.83,4.45,-0.62,-0.00000498
19727,1,-2.61,5.30,-0.62,-0.13,-0.81,-0.88,32.39,4.47,-0.56,-0.00000813
19799,1,-1.63,5.27,-0.57,-13.44,-0.94,0.56,33.24,4.44,-0.49,-0.00001186
19840,1,-1.29,5.27,-0.56,-5.75,-0.31,-0.50,31.07,4.43,-0.50,-0.00001007
19922,1,-0.83,5.25,-0.52,-10.19,-0.31,-1.87,11.74,4.62,-0.47,-0.00000434
20006,1,0.38,5.24,-0.43,-15.19,-0.06,-0.69,0.16,4.61,-0.37,-0.00000312
20377,1,3.56,5.17,-0.68,0.06,-0.31,-0.25,3.49,4.54,-0.61,-0.00000029
20485,1,2.68,5.19,-0.73,12.56,0.19,-0.19,2.73,4.56,-0.66,0.00000184
20531,1,2.35,5.21,-0.75,8.13,0.56,1.06,2.40,4.58,-0.67,0.00000127
20597,1,2.87,5.20,-0.75,-14.06,-0.19,-0.50,2.67,4.58,-0.69,-0.00000299
20646,1,3.33,5.21,-0.75,-8.63,-0.56,-0.37,3.18,4.58,-0.69,-0.00000290
20745,1,3.20,5.21,-0.77,2.31,-0.25,-0.06,3.15,4.58,-0.71,-0.00000010
20807,1,3.28,5.21,-0.78,-3.25,0.25,0.00,3.18,4.58,-0.71,-0.00000133
20924,1,3.38,5.21,-0.79,4.12,0.06,-0.50,3.35,4.58,-0.72,-0.00000040
20969,1,3.18,5.21,-0.78,5.75,0.31,0.37,3.16,4.58,-0.71,0.00000009
21071,1,3.44,5.20,-0.78,-7.87,0.06,0.94,3.30,4.57,-0.70,-0.00000239
21116,1,3.64,5.21,-0.83,-3.25,0.00,1.06,3.54,4.58,-0.75,-0.00000184
21180,1,3.62,5.21,-0.87,0.25,0.19,0.19,3.52,4.58,-0.81,-0.00000072
21221,1,3.78,5.21,-0.88,-6.81,0.13,1.12,3.64,4.58,-0.80,-0.00000204
21282,1,4.28,5.22,-0.93,1.12,0.00,0.25,4.22,4.59,-0.86,-0.00000148
21335,1,4.01,5.21,-0.94,11.19,0.44,0.69,4.12,4.58,-0.85,-0.00000013
21534,1,2.64,5.25,-1.01,-0.19,0.81,0.81,2.57,4.61,-0.93,-0.00000083
21647,1,3.11,5.25,-1.07,-13.50,0.44,0.19,2.81,4.63,-1.00,-0.00000231
21692,1,3.82,5.23,-1.07,-19.50,-1.06,-0.44,3.38,4.62,-1.00,-0.00000420.00000438
21756,1,4.69,5.23,-1.13,-3.19,0.37,1.19,4.59,4.60,-1.05,-0.00000274
21801,1,4.49,5.23,-1.12,8.75,0.06,-0.94,4.50,4.60,-1.06,-0.00000000
21869,1,3.83,5.23,-1.14,5.00,0.37,0.56,3.81,4.60,-1.06,0.00000023
21900,1,3.75,5.24,-1.19,0.56,-0.25,1.44,3.68,4.60,-1.11,-0.00000066
21964,1,3.60,5.26,-1.31,5.75,-0.19,2.81,5.41,4.41,-1.22,-0.00000072
22075,1,2.85,5.25,-1.26,2.06,0.25,-0.62,37.86,4.41,-1.19,-0.00000981
22308,1,-0.90,5.29,-1.00,16.06,0.25,-2.44,25.36,4.44,-0.95,-0.00000346
22423,1,-0.65,5.28,-0.95,-15.06,-0.56,0.19,-1.00,4.66,-0.88,-0.00000176
22487,1,0.77,5.27,-0.90,-32.06,-0.56,-0.62,0.39,4.64,-0.84,-0.00000549
22554,1,3.79,5.23,-0.91,-38.81,-0.25,0.19,3.34,4.60,-0.83,-0.00000845
22595,1,5.00,5.22,-0.89,-25.00,-0.62,-0.75,4.69,4.39,-0.82,-0.00000754
22679,1,5.63,5.23,-0.84,0.19,0.81,-1.12,5.59,4.37,-0.78,-0.00000195
22719,1,5.54,5.22,-0.84,3.25,-0.75,0.19,5.50,4.38,-0.77,-0.00000093
22911,1,2.94,5.28,-1.06,7.56,0.00,0.44,2.94,4.44,-0.99,0.00000090
23023,1,3.28,5.28,-1.04,-8.00,-0.25,0.37,3.13,4.65,-0.97,-0.00000237
23139,1,4.34,5.28,-1.03,-9.56,0.37,-0.62,4.08,4.65,-0.98,-0.00000275
23255,1,5.01,5.27,-1.07,0.88,0.06,-0.13,4.94,4.64,-1.00,-0.00000159
23295,1,4.80,5.28,-1.07,6.06,-0.25,0.75,4.86,4.44,-1.00,-0.00000038
23364,1,4.47,5.29,-1.09,3.81,-0.56,1.62,4.45,4.45,-1.00,-0.00000047
23396,1,4.35,5.30,-1.09,3.50,0.56,-0.06,4.31,4.67,-1.02,-0.00000063
23458,1,3.98,5.30,-1.11,8.19,0.06,0.06,3.99,4.46,-1.05,0.00000050
23604,1,3.68,5.31,-1.23,-4.56,0.06,0.06,3.51,4.69,-1.16,-0.00000173
23647,1,3.82,5.30,-1.25,-5.81,-0.75,0.88,3.70,4.68,-1.18,-0.00000187
23713,1,4.21,5.31,-1.28,-4.69,0.13,0.56,4.09,4.68,-1.22,-0.00000174
23754,1,4.38,5.31,-1.28,-4.06,-0.50,0.13,8.08,4.47,-1.21,-0.00000311
23819,1,4.53,5.32,-1.28,2.37,-0.19,-0.06,25.27,4.48,-1.21,-0.00000703
23867,1,4.27,5.31,-1.31,9.38,0.13,1.31,38.74,4.47,-1.22,-0.00000943
23927,1,3.26,5.32,-1.33,20.00,0.31,-0.19,38.45,4.48,-1.26,-0.00000729
23973,1,2.33,5.33,-1.33,26.69,0.00,0.19,37.59,4.49,-1.26,-0.00000585
24040,1,0.93,5.33,-1.25,28.62,-0.19,-1.44,36.20,4.49,-1.20,-0.00
24076,1,0.15,5.34,-1.18,25.81,0.94,-2.50,32.04,4.49,-1.13,-0.00000385
24106,1,-0.59,5.35,-1.18,15.19,-0.25,0.06,18.84,4.50,-1.10,-0.00000154
24213,1,-0.64,5.35,-1.22,-16.31,-0.31,-0.31,-0.87,4.50,-1.15,-0.00000196
24280,1,1.99,5.32,-1.20,-43.25,-0.37,-0.44,1.50,4.69,-1.12,-0.00000817
24330,1,3.63,5.30,-1.15,-40.63,0.31,-2.62,3.17,4.67,-1.10,-0.00000878
24400,1,5.82,5.25,-0.86,-19.56,0.13,-2.94,5.39,4.62,-0.84,-0.00000555
24438,1,6.17,5.24,-0.81,-7.87,0.13,-1.25,6.02,4.61,-0.76,-0.00000391
24518,1,5.80,5.26,-0.83,13.50,0.31,0.56,5.87,4.63,-0.76,0.00000043
24562,1,5.16,5.26,-0.88,18.06,0.50,1.19,5.43,4.64,-0.78,0.00000154
24685,1,3.19,5.30,-1.04,7.87,1.25,1.25,3.20,.68,-1.01,-0.00000030
24755,1,3.21,5.31,-1.14,-5.62,-0.19,-0.06,3.09,4.68,-1.07,-0.00000167
24794,1,3.43,5.31,-1.14,-5.31,0.75,-0.88,3.53,4.67,-1.08,-0
24830,1,3.69,5.30,-1.16,-7.19,-1.25,1.06,3.55,4.68,-1.08,-0.00000221
24890,1,4.13,5.30,-1.16,-15.13,-0.06,0.69,3.91,4.67,-1.08,-0.00000285
24977,1,5.45,5.32,-1.41,-1.44,0.31,3.44,5.37,4.69,-1.30,-0.00000222
25024,1,5.29,5.31,-1.43,5.81,0.06,-1.87,5.27,4.68,-1.38,-0.00000070
25086,1,5.03,5.33,-1.41,2.87,0.56,1.44,4.99,4.70,-1.32,-0.00000099
25126,1,4.87,5.31,-1.40,5.25,0.94,-1.12,4.84,4.67,-1.34,-0.00000040
25178,1,4.80,5.3231,-1.37,8.94,0.13,-2.06,4.50,4.68,-1.32,0.00000035
25295,1,4.31,5.30,-1.36,-2.75,0.56,0.06,4.21,4.67,-1.29,-0.00000163
25441,1,4.72,5.30,-1.38,3.56,-1.00,-1.19,4.68,4.68,-1.32,-0.00000075
25484,1,4.64,5.31,-1.35,0.31,0.06,0.25,4.57,4.68,-1.28,-8
25520,1,4.71,5.31,-1.37,-2.56,0.62,1.00,4.83,4.67,-1.28,-0.00000165
25554,1,4.80,5.30,-1.38,-2.06,-0.62,-0.19,4.69,4.68,-1.31,-0.00000181
25601,1,4.76,5.30,-1.38,3.25,0.37,0.13,4.72,4.67,-1.31,-0.00000108
25669,1,4.41,5.31,-1.34,2.75,-0.19,-1.25,4.59,4.68,-1.29,-0.00000047
25715,1,4.45,5.31,-1.34,-2.44,0.13,0.50,4.36,4.68,-1.27,-0.00000149
25782,1,4.71,5.31,-1.34,-0.81,-0.50,0.25,4.85,4.68,-1.27,-0.00000178
25822,1,4.68,5.31,-1.35,1.25,0.44,-0.81,4.62,4.68,-1.29,-0.00000113
25886,1,4.624.63,5.31,-1.34,-0.81,0.13,-0.19,4.76,4.68,-1.27,-0.00000129
25985,1,4.75,5.31,-1.34,-0.44,0.50,-0.13,4.89,4.68,-1.27,-0.00000153
26138,1,4.61,5.31,-1.34,-2.00,-0.44,0.13,4.52,4.68,-1.27,-0.00000148
26182,1,4.69,5.31,-1.34,-0.94,-0.19,0.13,4.58,4.68,-1.27,-06
26215,1,4.66,5.31,-1.35,1.00,0.00,0.00,4.83,4.68,-1.27,-0.00000136
26247,1,4.61,5.31,-1.35,1.69,0.00,-0.50,4.56,4.68,-1.28,-0.00000094
26288,1,4.55,5.31,-1.35,1.19,-0.06,0.13,4.70,4.68,-1.28,-0.00000097
26357,1,4.63,5.31,-1.35,-1.06,-0.13,-0.13,4.54,4.47,-1.28,-0.00000164
26402,1,4.67,5.32,-1.38,-1.50,0.13,1.37,0.95,4.40,-1.30,-0.00000057
26461,1,4.71,5.32,-1.41,-0.81,-0.31,0.75,-27.08,4.48,-1.34,0.00000744
26507,1,4.85,5.31,-1.38,-5.75,0.19,-1.19,-30.25,4.48,-1.33,0.00000786
26591,1,5.99,5.31,-1.38,-24.25,-0.19,-0.62,-29.25,4.48,-1.32,0.00000404
26708,1,8.67,5.28,-1.28,-16.00,0.06,-2.06,8.45,4.45,-1.22,-0.00000539
26820,1,8.25,5.29,-1.21,31.81,-0.44,0.00,8.75,4.45,-1.14,0.00000084
26937,1,4.41,5.28,-0.88,30.37,0.06,-1.69,4.63,4.44,-0.83,0.00000473
26973,1,3.40,5.29,-0.77,25.75,0.88,-3.00,3.80,4.43,-0.74,0.00000396
27047,1,2.75,5.30,-0.73,-1.56,0.00,1.06,2.67,4.46,-0.66,-0.00000018
27090,1,3.17,5.30,-0.74,-13.56,0.50,0.31,2.97,4.46,-0.67,-0.00000274
27158,1,4.41,5.29,-0.74,-17.25,0.69,0.37,4.01,4.44,-0.67,-0.00000430
27196,1,4.93,5.26,-0.73,-18.25,-0.37,0.37,4.69,4.63,-0.66,-0.00000450
27273,1,6.11,5.26,-0.74,-7.81,-0.13,-0.44,5.96,4.43,-0.68,-0.00000368
27320,1,6.17,5.25,-0.76,2.25,0.19,1.31,6.12,4.62,-0.67,-0.00000218
27512,1,4.85,5.28,-0.92,5.06,0.56,-1.00,4.88,4.45,-0.87,-0.00000058
27591,1,4.47,5.29,-0.89,2.06,-0.50,0.69,4.42,4.45,-0.81,-0.00000055
27640,1,4.60,5.29,-0.89,-6.00,0.31,1.19,4.46,4.45,-0.81,-0.00000168
27671,1,4.89,5.29,-0.93,-7.94,-0.31,0.62,4.66,4.45,-0.85,-0.00000268
27741,1,4.92,5.29,-0.93,3.37,0.56,0.44,4.89,4.66,-0.86,-0.00000080
27785,1,4.80,5.29,-0.91,2.19,0.13,-0.75,4.75,4.45,-0.85,-0.00000056
27853,1,5.10,5.29,-0.94,-7.25,0.00,0.69,4.96,4.45,-0.86,-0.00000263
27895,1,5.22,5.29,-0.96,-0.37,0.25,-0.19,5.15,4.66,-0.89,-0.00000186
27939,1,5.20,5.29,-0.9693,8.56,-0.13,-2.62,4.96,4.45,-0.88,0.00000003
28055,1,4.88,5.28,-0.92,-5.31,-0.69,-0.31,4.75,4.65,-0.86,-0.00000226
28205,1,4.52,5.29,-0.91,-2.12,0.00,0.25,4.44,4.45,-0.84,-0.00000130
28316,1,5.11,5.29,-0.92,-2.44,0.06,-0.13,5.01,4.45,-0.84,-0.00000199
28481,1,5.05,5.29,-0.92,4.00,0.37,-0.19,5.02,4.45,-0.84,-0.00000091
28536,1,5.00,5.29,-0.93,-4.44,0.31,0.69,4.86,4.44,-0.84,-0.00000168
28568,1,5.15,5.29,-0.93,-5.12,0.06,0.13,5.04,4.45,-0.86,-0.00000248
28863,1,5.13,5.28,-0.88,2.25,0.56,0.50,5.09,4.44,-0.81,-0.00000093
28897,1,5.11,5.28,-0.89,0.13,-0.37,0.06,5.02,4.44,-0.83,-0.00000106
29004,1,5.91,5.28,-0.96,-7.12,-0.13,-0.37,5.77,4.44,-0.89,-0.00000314
29039,1,6.50,5.26,-0.94,-22.44,-1.31,-1.69,6.05,4.44,-0.88,-0.45
29093,1,8.34,5.20,-0.81,-52.56,-1.12,-3.75,7.12,4.61,-0.80,-0.00000944
29239,1,36.43,3.59,0.03,0.19,7.63,6.50,36.35,2.87,0.11,-0.00001298
29351,1,20.24,4.48,0.20,213.06,10.88,-4.62,22.23,3.77,0.19,0.00002919
29464,1,-0.72,5.17,-0.22,147.06,-4.06,4.62,0.63,4.58,-0.11,0.00002997
29580,1,-4.52,5.48,-0.11,-41.19,0.44,0.31,-5.51,4.68,-0.04,-0.00000421
29626,1,-1.05,5.39,-0.06,-98.31,0.50,-2.56,-3.14,4.53,-0.04,-0.0
29663,1,2.67,5.25,-0.11,-136.12,-8.81,5.56,1.29,4.71,0.02,-0.00002403
29698,1,7.88,5.25,-0.56,-128.06,2.75,10.81,6.58,4.37,-0.39,-0.00002664
29898,1,7.49,5.20,-0.56,65.00,-1.12,1.87,8.66,4.59,-0.44,0.00000950
29933,1,5.72,5.26,-0.56,61.87,2.12,-1.87,6.24,4.61,-0.52,0.00000941
30052,1,1.83,5.35,-0.02,8.81,0.94,-1.31,1.88,4.74,0.05,0.00000248
30084,1,1.87,5.35,-0.06,-2.62,3.19,0.37,1.77,4.48,0.02,-0.00000069
30148,1,3.58,5.33,-0.12,-33.06,1.69,0.37,2.81,4.48,-0.06,-0.00000588
30190,1,5.48,5.29,-0.12,-50.38,-0.37,-0.69,4.41,4.66,-0.07,-0.00001005
30272,1,8.32,5.23,-0.16,-25.50,1.94,2.06,8.00,4.37,-0.07,-0.00000782
30319,1,8.84,5.19,-0.20,-4.69,-0.75,1.06,8.72,4.35,-0.11,-0.00000446
30383,1,7.67,5.26,-0.29,28.81,1.25,1.75,7.88,4.61,-0.20,0.00000254
30425,1,6.67,5.27,-0.28,20.31,-0.25,-0.19,6.80,4.64,-0.21,0.00000267
30469,1,6.49,5.27,-0.29,17..19,-0.69,0.62,6.04,4.46,-0.25,0.00000028
30488,1,5.98,5.2.30,-0.37,5.31,0.56,2.00,5.91,4.66,-0.27,-0.00000064
30585,1,5.06,5.34,-0.49,15.38,-0.56,1.50,5.14,4.50,-0.40,0.00000100
30617,1,4.53,5.36,-0.51,11.19,0.75,-0.37,4.57,4.51,-0.44,0.00000107
30736,1,5.67,5.34,-0.51,-29.00,0.88,-0.13,5.32,4.49,-0.45,-0.00000646
30849,1,7.21,5.35,-0.68,4.62,1.12,-0.81,7.19,4.69,-0.62,-0.00000239
30890,1,6.79,5.33,-0.68,12.63,-0.81,0.00,6.97,4.70,-0.61,-0.00000008
30937,1,6.41,5.33,-0.66,5.37,-0.62,-0.31,6.39,4.71,-0.59,-0.-0.00000077
30955,1,6.34,5.36,-0.69,0.56,0.88,1.00,6.27,4.50,-0.61,-0.00000129
31002,1,6.43,5.34,-0.72,-3.37,-1.19,0.81,6.31,4.50,-0.63,-0.00000230
31395,1,6.72,5.35,-0.72,-13.38,-0.69,0.37,6.52,4.72,-0.65,-0.00000481
31510,1,6.14,5.37,-0.76,8.31,-0.13,-1.0.69,6.07,4.74,-0.69,-0.00000015
31529,1,6.09,5.37,-0.76,-0.44,0.56,-0.19,6.02,4.74,-0.69,-0.00000091
31759,1,6.86,5.36,-0.78,-1.87,0.50,-0.19,6.75,4.52,-0.70,-0.00000246
31806,1,6.70,5.37,-0.79,7.56,0.00,0.88,6.70,4.52,-0.71,-0.00000047
31871,1,6.13,5.36,-0.74,-3.44,0.00,0.75,6.05,4.73,-0.66,-0.00000054
31904,1,6.62,5.36,-0.74,-14.25,-0.37,0.00,6.26,4.52,-0.66,-0.00000394
31982,1,7.42,5.38,-0.86,-3.31,-0.19,1.00,7.32,4.54,-0.78,-0.00000321
32020,1,7.27,5.38,-0.86,8.25,0.37,0.56,7.28,4.75,-0.79,-0.00000163
32225,1,5.82,5.07,-0.75,3.12,-0.62,0.06,5.78,4.23,-0.69,-0.00000042
32262,1,6.10,5.07,-0.75,-12.75,0.50,0.37,5.91,4.44,-0.68,446
32316,1,6.72,5.06,-0.75,-16.06,-0.31,0.62,6.33,4.43,-0.68,-0.00000477
32349,1,7.39,5.05,-0.77,-17.31,-0.81,0.19,6.98,4.22,-0.70,-0.00000507
32458,1,32.55,2.84,1.03,-238.37,-8.75,5.37,30.18,2.25,1.20,-0.00005144
32501,1,42.68,2.49,0.41,-268.19,-15.81,4.87,40.01,1.94,0.61,-0.00005932
32573,1,56.95,2.11,0.12,-83.37,0.44,-6.75,54.88,1.61,0.11,-0.00004388
32688,1,37.74,4.27,-0.08,367.56,-0.06,8.63,41.22,3.59,0.06,0.00005122
32808,1,-2.60,5.13,-0.45,246.62,1.62,16.81,2.36,4.43,-0.01,0.00005441
32858,1,-9.52,5.02,-0.57,165.00,-4.56,0.75,-6.74,4.43,-0.54,0.0005
32890,1,-11.71,5.38,-0.16,45.75,8.13,-13.63,-11.13,4.53,-0.33,0.00001528
33073,1,11.62,4.98,-0.27,-174.81,-9.19,-7.87,9.86,4.24,-0.25,-0.00003853
33093,1,13.13,4.88,-0.19,-90.31,-1.87,-9.69,15.37,4.18,0.07,-0.00002811
33143,1,18.01,4.59,0.16,-7.00,3.06,0.50,17.87,3.72,0.22,-0.00001559
33188,1,15.87,4.74,0.10,58.00,3.69,2.87,17.18,3.88,0.22,0.00000591
33599,1,3.51,5.03,-0.02,-26.19,-0.81,-0.62,3.19,4.40,0.05,-0.00000567
33640,1,4.88,5.05,0.03,-40.94,-2.00,-0.69,4.41,4.43,0.09,-0.00000808
33725,1,9.43,4.90,0.14,-60.75,-1.37,3.37,8.15,4.30,0.25,-0.00001446
33770,1,10.93,4.89,-0.07,-33.75,-1.56,5.50,10.31,4.08,0.09,-0.00001104
34093,1,4.72,5.06,-0.22,4.81,0.81,0.00,4.70,4.21,-0.15,0.00000145
34396,1,8.85,5.00,-0.34,-4.50,0.69,-0.56,8.74,4.36,-0.26,-0.00000347
34470,1,7.98,5.03,-0.42,18.62,-0.06,1.69,8.10,4.40,-00.41,0.00000257
34534,1,6.33,5.09,-0.61,20.75,-1.31,-0.19,6.47,4.47,-0.54,0.00000231
34646,1,8.53,4.98,-0.33,-57.75,-3.12,-1.44,7.41,4.20,-0.27,-0.00000969
34751,1,55.43,2.22,0.70,-334.62,-5.75,-4.00,52.13,1.66,0.79,-0.00007655
34796,1,66.25,1.81,0.16,-232.06,-10.19,0.44,63.93,1.23,0.32,-0.00006750
34879,1,66.24,2.76,-0.62,197.56,1.50,32.50,68.09,1.63,-0.44,0.00000713
34927,1,53.29,3.53,-0.16,411.00,24.81,-3.62,57.18,2.79,-0.31,06949
34963,1,34.58,3.97,0.56,511.50,18.25,8.13,39.45,3.16,0.58,0.00007701
34997,1,14.47,4.74,0.25,508.69,21.75,0.37,24.33,3.50,0.31,0.00009025
35109,1,-16.37,5.47,-0.29,64.25,-4.06,2.37,-15.82,4.88,-0.21,0.00002300
35258,1,-2.05,5.13,-0.20,-150.75,-5.37,9.25,-3.57,4.55,-0.04,-0.00002566
35337,1,9.36,4.74,0.37,-127.62,-14.50,-5.25,6.70,4.44,0.33,-0.00002879
35470,1,15.05,4.81,0.06,36.50,-22.25,-2.25,15.34,4.18,0.16,-0.00000117
35619,1,12.08,4.92,0.07,102.94,7.12,1.25,13.00,4.23,0.14,0.00001220
35653,1,5.34,5.02,0.30,157.25,17.12,-11.00,6.78,4.24,0.24.37,0.00002748
35688,1,1.10,5.18,0.36,135.62,-3.69,4.12,3.76,4.52,0.45,0.00002763
35721,1,-2.16,5.27,0.14,102.50,11.13,8.81,-1.22,4.53,0.30,0.00002060
35906,1,-3.86,5.37,-0.52,-48.69,7.37,4.37,-4.39,4.68,-0.40,-0.00000477
35955,1,-0.94,5.22,-0.70,-85.94,-1.50,2.50,-1.84,4.60,-0.61,-0.00001293
36021,1,5.44,5.17,-0.07,-64.37,3.19,-9.50,4.04,4.48,-0.21,-0.00001517
36132,1,7.00,5.13,-0.02,27.56,5.00,0.56,7.20,4.45,0.04,0.00000152
36165,1,5.68,5.09,-0.02,35.06,-3.56,0.25,6.23,4.49,0.04,0.00000524
36233,1,5.07,5.12,0.005,-1.81,3.25,0.94,5.00,4.49,0.12,-0.00000075
36355,1,3.81,5.19,0.03,20.81,4.00,0.19,3.94,4.51,0.10,0.00000286
36387,1,3.22,5.16,0.03,21.44,-3.25,0.94,3.36,4.56,0.11,0.00000270
36541,1,2.05,5.23,-0.06,-45.13,-2.94,-1.25,1.54,4.42,-0.00,-0.00000514
36599,1,4.08,5.21,-0.02,-53.63,1.06,-0.31,3.49,4.57,0.06,-0.00001120
36702,1,5.12,5.11,-0.51,8.56,0.88,7.37,5.26,4.47,-0.30,0.00000090
36741,1,5.16,5.21,-0.75,-8.31,2.37,9.06,5.01,4.55,-0.59,-0.00000171
36813,1,7.36,5.20,-0.94,-38.94,-0.56,0.13,6.91,4.36,-0.87,-0.00000950
36848,1,8.43,5.24,-0.83,-21.87,0.00,-5.00,8.14,4.62,-0.81,-0.00000758
37261,1,8.18,5.17,-0.33,-32.25,0.13,-4.69,7.79,4.54,-0.31,-0.00000736
37389,1,9.75,4.91,0.95,44.94,0.81,-2.87,10.59,4.26,0.96,0.00000430
37416,1,8.20,4.96,0.99,54.44,1.56,-0.56,8.65,4.10,1.05,0.00000749
37515,1,3.04,5.20,0.52,41.50,2.56,4.12,3.38,4.55,0.63,0.00000726
37611,1,0.65,5.27,0.26,17.94,0.62,-0.37,0.75,4.64,0.33,0.00000422
37642,1,0.51,5.27,0.30,-4.69,0.00,-1.50,0.40,4.64,0.36,0.00000015
37740,1,3.51,5.21,0.24,-25.62,-1.06,0.25,3.19,4.59,0.32,-0.00000643
37780,1,4.50,5.18,0.29,-26.94,-0.56,-2.19,4.17,4.55,0.35,-0.00000568
37873,1,6.73,5.11,0.52,-38.88,-2.06,-3.81,6.28,4.50,0.56,-0.00000864
37916,1,8.16,5.06,0.61,-36.25,1.06,-2.37,7.74,4.43,0.66,-0.00000881
37962,1,7.39,5.06,0.83,61.87,1.87,-2.50,7.92,4.21,0.87,0.00000825
37993,1,4.78,5.14,0.93,69.69,2.31,-1.94,5.38,4.49,0.98,0.00001112
38029,1,2.07,5.26,0.84,69.75,3.44,3.75,3.34,4.56,0.98,0.00001207
38100,1,-2.85,5.45,0.32,79.12,3.00,9.00,-1.40,4.76,0.55,0.00001405
38138,1,-5.66,5.50,-0.08,109.25,3.37,15.44,-4.66,4.85,0.15,0.00001853
38154,1,-8.47,5.56,-0.57,.00,9.44,48.13,-10.42,4.99,-0.91,0.00003769
38212,1,-25.05,5.47,-1.32,361.75,-0.94,-5.81,-21.63,4.62,-1.30,0.00006931
38455,1,-9.26,5.58,-0.18,-387.75,-16.00,-6.81,-13.09,5.09,-0.20,-0.00006783
38646,1,19.14,4.90,0.08,92.12,-2.44,2.81,19.96,4.06,0.18,0.00000810
38679,1,14.08,5.02,-0.04,148.19,1.31,1.25,15.45,4.17,0.05,0.00001878
38790,1,-1.88,5.40,0.68,103.37,5.87,7.56,-0.94,4.71,0.83,0.00002268
38903,1,-4.82,5.44,-0.20,-34.25,1.56,1.62,-5.22,4.80,-0.11,-0.00000297
39102,1,10.74,5.11,0.11,-44.50,-1.37,4.62,9.69,4.49,0.29,-0.00001523
39153,1,11.18,5.11,0.10,-1.00,0.37,-0.81,11.10,4.48,0.16,-0.00000576
39242,1,5.63,5.24,0.10,75.31,3.31,-0.44,6.29,4.58,0.17,0.00001202
39288,1,3.06,5.27,0.11,56.56,0.62,-0.06,3.53,4.63,0.18,0.00001087
39336,1,1.66,5.30,0.11,11.69,-0.75,0.56,1.71,4.68,0.18,0.00000307
39367,1,1.69,5.32,0.09,-3.12,0.81,0.50,1.52,4.68,0.15,-0.00000017
39490,1,3.72,5.24,0.14,-16.31,-1.12,1.00,3.49,4.62,0.22,-0.00000496
39594,1,4.58,5.22,0.36,-19.12,-0.81,-4.62,4.32,4.61,0.39,-0.00000383
39638,1,5.66,5.21,0.54,-30.75,-0.13,-4.12,5.28,4.58,0.57,-0.00000630
39703,1,6.67,5.17,0.58,-1.75,1.06,-2.06,6.58,4.52,0.64,-0.00000274
39749,1,6.24,5.17,0.56,19.75,1.25,0.75,6.36,4.52,0.63,0.00000090
39795,1,4.94,5.20,0.58,28.69,-0.44,0.31,5.18,4.57,0.66,0.00000334
39825,1,3.93,5.26,0.55,33.88,1.69,0.06,4.19,4.61,0.62,0.00000530
39940,1,3.63,5.25,0.73,-22.00,-0.62,0.31,3.34,4.63,0.80,-0.00000479
39984,1,4.46,5.21,0.76,-20.62,-1.00,-0.31,4.19,4.59,0.82,-0.00000515
40149,1,4.02,5.23,0.79,1.31,-1.00,-1.9.31,3.95,4.60,0.86,-0.00000085
40183,1,4.28,5.22,0.75,-9.06,-0.56,2.19,3.99,4.59,0.86,-0.00000184
40214,1,4.75,5.22,0.71,-16.00,0.19,2.44,4.52,4.59,0.80,-0.00000432
40275,1,5.29,5.19,0.65,-1.25,-0.37,1.69,5.21,4.34,0.75,-0.00000209
40315,1,5.14,5.22,0.68,7.31,0.44,-1.50,5.14,4.59,0.74,-0.00000050
40372,1,4.48,5.21,0.67,15.44,1.31,-1.37,4.55,4.57,0.73,0.00000159
40486,1,5.85,5.16,0.66,-40.94,1.00,6.00,5.39,4.51,0.79,-0.00000885
40520,1,6.97,5.19,0.37,-19.50,-1.87,7.12,6.72,4.57,0.51,-0.00000679
40560,1,7.34,5.19,0.24,-8.13,0.56,2.75,7.13,4.56,0.34,-0.00000396
40606,1,7.63,5.17,0.38,-5.12,0.81,-3.62,7.46,4.33,0.37,-0.0-0.00000304
40622,1,7.71,5.15,0.47,-2.25,-0.81,-4.94,7.61,4.53,0.49,-0.00000296
40670,1,7.48,5.17,0.67,11.81,1.44,-5.00,7.60,4.51,0.64,-0.00000131
40872,1,-9.63,6.05,-0.47,348.00,19.06,56.00,-6.27,5.31,0.17,0.00005586
40917,1,-27.08,5.43,-1.29,481.31,-17.75,-28.12,-22.53,4.821,-0.58,0.00009700
41015,1,-49.93,6.04,-1.15,-98.50,4.19,40.94,-50.92,5.69,-0.80,0.00000783
41091,1,-26.35,5.83,-0.57,-420.25,-13.88,-49.19,-30.54,5.10,-0.98,-0.00006633
41243,1,24.12,4.78,0.08,-123.81,-0.06,-22.56,22.84,4.24,-0.05,-0.00003667
41318,1,25.02,4.26,1.16,80.06,6.12,-6.00,25.73,3.60,1.15,-0.00000050
41364,1,20.49,4.46,1.09,142.62,6.56,11.88,23.03,3.66,1.28,0.00001339
41426,1,8.95,5.05,0.14,169.69,6.87,2.62,10.52,4.34,0.22,0.00002794
41466,1,2.67,5.20,0.42,148.50,3.37,-7.50,4.03,4.55,0.42,0.00002845
41528,1,1.38,5.25,0.46,173.75,0.75,12.06,-0.88,4.52,0.49,0.00001978
41752,1,12.28,5.01,0.11,-83.69,2.06,-4.50,10.51,4.43,0.08,-0.00002104
41803,1,14.13,4.94,0.17,9.44,4.75,-1.31,14.15,4.06,0.22,-0.00000448
42013,1,5.40,5.17,0.67,29.94,7.19,-0.62,5.61,4.47,0.73,0.00000451
42062,1,4.81,5.12,0.68,16.19,-4.69,0.06,4.90,4.53,0.76,0.00000220
42324,1,10.36,5.05,0.54,-39.50,2.69,7.44,9.60,4.38,0.74,-0.00001133
42361,1,11.06,5.02,0.47,-19.44,0.62,0.19,10.80,4.38,0.54,-0.00000740
42476,1,8.91,5.03,0.62,27.69,-0.19,-4.56,9.29,4.17,0.57,0.00000310
42518,1,9.16,4.95,0.90,-30.12,-7.25,-8.94,8.80,4.19,0.90,-0.00000308
42595,1,15.27,4.25,1.19,-111.00,-11.31,-11.13,14.12,3.76,1.18,-0.00002262
42816,1,75.68,1.75,-0.43,-302.31,-16.06,9.13,69.62,1.10,-0.11,-0.00008087
42852,1,83.41,1.91,-0.89,-115.56,-9.06,8.19,80.51,0.97,-0.61,-0.00006493
42914,1,80.27,2.77,-0.66,177.69,1,18.00,80.20,1.93,-0.59,0.00001048
42936,1,71.57,3.36,-0.31,302.69,15.31,19.12,77.89,2.14,-0.45,0.00002253
43024,1,38.72,4.15,0.56,548.31,21.75,18.31,43.95,3.24,0.62,0.00008585
43058,1,17.75,4.78,0.52,522.44,20.81,7.37,22.74,3.93,0.58,0.00009288
43163,1,-17.14,5.61,-0.19,114.94,-6.44,4.62,-15.40,5.08,-0.08,0.00003320
43216,1,-16.95,5.83,-0.17,-40.88,8.25,-4.44,-17.4.38,5.22,-0.01,-0.00001408
43321,1,1.68,5.29,-0.27,-226.37,4.31,8.56,-0.58,4.62,-0.11,-0.00004162
43368,1,12.47,5.11,0.36,-210.31,-15.75,-28.25,10.34,48,0.43,-0.00004213
43393,1,17.85,4.54,0.72,-170.00,-13.75,-10.06,16.13,4.06,0.73,-0.00003840
43504,1,19.29,4.86,0.37,94.81,-7.87,2.44,21.24,4.36,0.52,0.00000779
43540,1,15.38,4.96,0.34,143.81,7.25,2.12,16.70,4.05,0.42,0.00002035
43610,1,3.77,5.30,0.29,123.87,-2.56,7.50,4.91,4.70,0.44,0.00002399
43660,1,1.00,5.35,0.28,79.62,6.12,-3.19,1.70,4.66,0.33,0.00001729
43855,1,7.55,5.23,0.50,-58.88,0.44,-1.25,6.91,4.60,0.56,-0.00001347
43933,1,10.90,5.17,0.14,-35.38,-2.56,5.69,10.48,4.56,0.26,-0.00000965
43967,1,11.89,5.22,0.11,-17.25,-0.25,-1.62,11.42,4.56,0.16,-0.00000850
44085,1,9.81,5.23,0.13,47.50,1.06,0.56,10.20,4.59,0.20,0.00000501
44128,1,7.64,5.28,0.14,55.19,3.37,0.31,8.65,4.59,0.20,0.00000807
44321,1,7.79,5.25,0.36,-38.75,-0.88,-2.25,7.34,4.63,0.41,-0.00000894
44393,1,9.83,5.15,0.42,-17.12,-1.50,-1.50,9.59,4.54,0.49,-0.00000654
44426,1,10.24,5.14,0.44,-8.37,0.37,-0.06,9.97,4.53,0.50,-0.00000446
44697,1,63.74,2.00,0.05,-338.25,-2.06,-13.25,60.40,1.49,0.07,-0.00008260
44772,1,83.03,1.71,-0.46,-113.75,4.25,-1.06,80.27,1.08,-0.43,-0.00006146
44818,1,82.15,1.98,-0.49,106.25,-0.75,14.56,83.60,1.13,-0.36,-0.009
44854,1,72.67,3.28,-0.44,274.31,10.50,38.31,78.38,1.87,-0.40,0.00001884
45062,1,-12.31,5.37,-0.20,268.25,-0.69,-14.75,-948,4.80,0.03,0.00004406
45157,1,-12.02,5.63,0.57,-164.62,-11.19,4.87,-15.50,5.23,0.72,-0.00001968
45230,1,6.64,5.52,-0.39,-261.19,10.50,3.06,1.63,4.81,-0.33,-0.00004901
45280,1,14.58,5.04,0.21,-192.94,-9.31,-19.94,10.88,4.60,-0.12,-00003486
45316,1,19.03,4.78,0.65,-138.19,-9.56,-12.13,17.61,4.27,0.63,-0.00003296
45468,1,16.07,4.93,-0.05,132.37,0.06,6.06,17.28,4.29,0.08,0.00001579
45579,1,1.83,5.31,0.66,97.50,1.62,6.62,2.71,4.66,0.79,0.00001975
45617,1,-0.38,5.44,0.36,46.56,3.44,8.06,0.36,4.77,0.59,0.00001134
45661,1,-0.64,5.42,0.21,-28.62,-0.50,1.50,-0.59,4.83,0.32,-0.00000237
45680,1,1.11,5.39,0.16,-53.44,-0.75,2.19,0.53,4.76,0.26,-0.00000891
45897,1,14.61,5.11,0.27,10.94,1.62,-1.06,14.65,4.46,0.33,-0.00000449
46008,1,9.87,5.20,0.22,46.69,1.12,1.12,10.25,4.55,0.30,0.00000596
46039,1,8.45,5.23,0.21,30.06,-0.06,1.25,8.67,4.59,0.29,0.00000381
46071,1,7.38,5.27,0.12,27.75,1.12,2.87,7.81,4.61,0.23,0.00000315
46137,1,6.50,5.31,0.05,8.06,1.25,-0.13,6.51,4.67,0.12,0.00000026
46235,1,6.39,5.33,0.05,-4.94,0.94,-2.12,6.27,4.69,0.10,-0.00000193
46268,1,7.08,5.29,0.08,-26.44,-0.88,-0.25,6.75,4.67,0.15,-0.00000464
46383,1,11.63,5.17,0.17,-34.81,-1.62,0.94,11.22,4.55,0.26,-0.00001035
46508,1,13.31,5.16,0.16,-9.50,0.25,-2.87,13.15,4.54,0.20,-0.00000502
46616,1,14.08,5.16,0.24,-4.94,0.50,-1.69,13.96,4.53,0.29,-0.00000501
46664,1,13.94,5.17,0.24,11.88,-0.25,0.81,13.99,4.54,0.31,-0.00000294
46728,1,10.68,5.25,0.32,78.00,2.37,-2.12,11.36,4.61,0.36,0.00000942
46769,1,6.96,5.32,0.54,107.50,2.19,-6.56,7.92,4.67,0.54,0.00001623
46813,1,5.84,5.34,0.78,171.94,6.06,1.94,1.71,4.84,0.86,0.00002787
46832,1,-1-3.99,5.75,0.56,226.56,13.81,14.31,-1.86,4.99,0.77,0.00003649
46881,1,-16.01,6.01,-0.92,341.94,2.50,45.81,-12.72,5.47,-0.41,0.00006330
46901,1,-22.97,5.50,-1.4516,368.31,2.37,-22.19,-26.55,4.79,-1.26,0.00007433
46957,1,-41.83,6.17,-0.55,241.00,-2.75,-14.50,-39.59,5.47,-0.61,0.00006436
47060,1,-41.58,6.14,-1.,-162.81,6.50,-5.12,-41.65,5.51,-0.94,-0.00001726
47116,1,-32.66,5.95,-0.55,-211.94,-15.94,0.19,-34.78,5.45,-0.57,-0.00002619
47192,1,-8.66,5.52,0.20,-312.12,4.50,-3.87,-14.79,4.71,0.21,-0.00005175
47391,1,19.20,4.89,0.50,36.06,5.25,2.06,19.48,4.20,0.58,-0.00000567
47422,1,16.31,4.85,0.41,99.56,1.19,3.19,18.01,4.24,0.53,0.00000714
47538,1,3.35,5.20,1.00,95.87,5.94,-11.94,4.19,4.31,0.95,0.00002070
47581,1,1.28,5.26,1.09,57.75,2.37,0.44,1.77,4.60,1.16,0.00001280
47849,1,10.83,5.02,0.62,-26.81,-1.69,3.50,10.22,4.42,0.76,-0.00000906
47883,1,11.29,5.01,0.57,-9.13,-1.19,-0.25,11.13,4.40,0.64,-0.00000609
47992,1,8.78,5.08,0.61,36.50,1.69,-0.69,9.42,4.19,0.66,0.00000412
48035,1,7.81,5.09,0.59,30.81,0.69,0.62,8.04,4.45,0.67,0.00000404
48263,1,16.42,4.36,-0.41,-104.75,-17.37,0.44,15.34,3.89,-0.30,-0.00002021
48285,1,17.47,4.23,-0.427,-133.81,-2.50,-8.44,19.68,3.45,-0.26,-0.00002625
48338,1,27.63,3.74,0.17,-188.31,-0.25,-18.50,25.73,3.19,0.08,-0.00003720
48601,1,78.80,2.03,-0.45,-166.44,-2.50,0.56,77.12,1.41,-0.36,-0.00005228
48667,1,87.09,1.55,-0.64,-133.44,-3.81,0.06,8,0.92,-0.57,-0.00004866
48689,1,89.64,1.72,-0.83,-130.19,-10.50,11.00,88.31,0.99,-0.66,-0.00004904
48774,1,96.92,1.86,-1.19,-74.44,-4.56,1.12,96.14,1.21,-1.07,-0.00004104
48927,1,105.63,1.97,-1.56,-36.31,-2.44,0.37,105.21,1.34,-1.47,-0.00003624
48962,1,106.83,1.97,-1.53,-25.62,0.81,-0.06,106.51,1.35,-1.47,-0.00003367
48997,1,107.40,2.01,-1.57,-7.00,-0.62,0.37,107.27,1.37,-1.49,-0.00003200
49187,1,62.57,3.09,0.43,536.81,15.69,-5.75,73.02,2.33,0.14,0.00007446
49299,1,4.29,5.15,0.80,415.31,16.94,11.50,8.25,4.35,0.96,0.00008219
49411,1,-14.65,5.77,0.27,16.00,-1.56,-4.00,-14.57,5.15,0.30,0.00001054
49489,1,-7.84,5.55,0.41,-156.81,-10.81,3.94,-9.43,5.04,0.51,-0.00002322
49523,1,-0.54,5.32,0.05,-206.62,6.81,5.19,-2.60,4.63,0.16,-0.00003525
49607,1,15.38,4.50,0.67,-166.19,-16.19,0.06,13.71,4.02,0.79,-0.00003720
49691,1,20.47,4.98,0.05,21.50,-4.81,3.87,20.61,4.38,0.17,-0.00001108
49722,1,17.71,5.03,-0.04,81.44,0.19,1.87,19.35,4.40,0.07,0.00000639
49818,1,6.39,5.10,0.98,136.12,3.69,-20.37,8.87,4.454.47,1.05,0.00002330
49837,1,4.04,5.17,1.16,118.44,4.50,-6.81,5.11,4.50,1.16,0.00002166
49879,1,1.12,5.30,1.35,48.75,1.69,-2.94,2.14,4.62,1.33,0.00001515
50072,1,7.29,5.14,0.77,-48.44,-1.56,2.75,6.75,4.52,0.87,-0.00001137
50186,1,10.22,5.15,0.38,-24.56,-0.69,3.50,9.91,4.52,0.48,-0.00000712
50228,1,11.08,5.13,0.40,-17.37,-0.62,-0.31,10.84,4.50,0.47,-0.000007100302
50292,1,10.65,5.12,0.39,22.19,0.37,1.44,10.79,4.27,0.48,-0.00000095
50336,1,9.69,5.15,0.39,35.75,0.25,-0.06,9.97,4.52,0.46,0.00000354
50525,1,6.27,5.21,0.40,-39.19,-1.12,-1.31,5.82,4.60,0.46,-0.00000802
50638,1,9.19,5.14,0.41,-10.38,0.69,0.56,9.02,4.50,0.48,-0.00000482
50675,1,9.35,5.13,0.45,1.81,-1.50,-1.44,9.29,4.52,0.51,-0.00000308
50746,1,8.64,5.12,0.60,8.00,-1.94,-3.44,8.65,4.51,0.64,-0.00000039
50839,1,5.90,5.33,1.18,70.94,-2.31,-4.56,6.52,4.73,1.21,0.00000704
50871,1,2.26,5.21,1.15,97.44,-3.94,1.62,4.16,4.58,1.26,0.00001556
50985,1,-11.89,5.51,-0.50,113.00,0.94,6.31,-9.67,4.70,-0.28,0.00002756
51032,1,-16.29,5.45,-1.03,111.75,0.50,16.06,-14.13,4.90,-4,0.00002409
51070,1,-20.38,5.55,-1.13,104.62,4.06,-3.25,-18.36,4.85,-1.03,0.00002359
51201,1,-34.24,5.56,-1.31,132.25,4.00,-0.56,-33.02,4.89,-1.22,003384
51224,1,-37.93,5.52,-1.40,124.37,0.31,4.00,-36.79,4.91,-1.30,0.00003355
51262,1,-42.55,5.50,-1.57,114.56,2.31,4.62,-41.50,4.89,-1.44,0.00003309
51336,1,-51.21,5.33,-1.79,110.62,-1.50,6.44,-50.20,4.76,-1.69,0.00003421
51483,1,-68.91,4.97,-2.00,116.50,-1.19,2.87,-66.68,4.42,-1.92,0.00004147
51520,1,-69.99,4.96,-2.00,11,-3.00,2.94,-71.04,4.32,-1.95,0.00003836
51555,1,-72.89,4.67,-1.45,-1.94,-18.12,1.31,-73.32,4.14,-1.76,0.00002497
51663,1,-54.18,6.5,-0.45,-412.00,0.56,-0.81,-54.25,5.88,-0.38,-0.00005450
51719,1,-26.98,5.60,-0.65,-517.50,2.50,7.06,-36.87,5.19,-0.42,-0.00007830
51758,1,-21.92,5.65.47,0.41,-485.81,-25.31,-37.69,-16.94,5.06,-0.31,-0.00009098
51793,1,9.94,4.55,0.82,-407.56,-16.44,5.62,5.93,4.07,0.97,-0.00008496
51994,1,18.63,4.92,1.46,178.37,10.31,20.75,20.29,3.92,1.69,0.00002521
52226,1,-4.73,5.45,0.84,-63.37,-12.69,-2.31,-5.42,4.95,0.88,-0.00000700
52453,1,13.51,5.31,0.53,57.81,4.87,0.06,14.00,4.63,0.59,0.00000459
52603,1,5.50,5.32,0.47,19.44,-1.56,1.50,5.62,4.70,0.56,0.00000258
52633,1,4.92,5.41,0.43,14.19,2.12,0.88,5.07,4.78,0.52,0.00000184
52683,1,4.89,5.44,0.44,-0.62,3.12,-0.75,4.82,4.78,0.50,-0.00000139
52749,1,5.42,5.39,0.47,-8.25,-0.81,-1.00,5.17,4.81,0.53,--0.00000344
52824,1,5.92,5.37,0.47,-4.94,-1.44,-1.00,5.80,4.75,0.54,-0.00000247
52869,1,6.40,5.37,0.61,-19.81,-3.62,-3.69,6.00,4.79,0.61,-0.00000328
52933,1,9.28,5.23,0.99,-47.94,-4.19,-4.87,8.75,4.65,1.01,-0.00001176
52977,1,10.64,5.18,1.00,-28.00,-0.31,1.00,10.30,4.55,1.08,-0.00000879
53029,1,10.95,5.20,0.92,10.31,3.06,0.19,10.99,4.55,0.99,-12
53047,1,10.56,5.21,0.94,23.81,-1.00,-0.88,10.72,4.59,1.01,0.00000025
53079,1,9.03,5.23,0.93,48.06,3.31,1.00,9.42,4.56,1.01,0.00000533
53139,1,6.53,5.34,0.94,51.94,2.12,-0.75,6.97,4.68,1.00,0.00000763
53172,1,4.81,5.36,0.91,43.13,0.13,1.50,5.52,4.72,1.00,0.00000713
53214,1,4.21,5.42,0.99,11.00,1.37,-2.37,4.24,4.77,1.04,0.00000277
53286,1,6.22,5.32,1.10,-38.81,-1.75,-0.69,5.40,4.72,1.17,-0.00000868
53331,1,7.28,5.29,1.16,-36.75,-0.19,-3.62,6.85,4.66,1.19,-0.00000863
53397,1,9.12,5.24,1.13,-11.19,-0.81,-0.19,8.95,4.62,1.20,-0.00000578
53437,1,9.04,5.23,1.09,4.06,-0.44,1.25,9.13,4.57,1.17,-0.00000274
53498,1,7.84,5.28,1.18,246.06,-0.56,-2.00,7.77,4.65,1.25,0.00000228
53520,1,7.58,5.27,1.22,11.44,-0.62,-2.06,7.62,4.65,1.27,0.00000085
53623,1,7.70,5.30,1.14,-1.50,0.69,-1.31,7.61,4.66,1.19,-0.00000222
53787,1,7.65,5.27,1.17,4.56,0.37,0.62,7.64,4.65,1.24,-0.00000211
53832,1,7.24,5.27,1.22,9.00,-1.00,-2.37,7.37,4.66,1.26,-0.00000064
53941,1,5.50,5.35,1.30,9.63,0.69,-3.31,5.52,4.72,1.34,0.00000167
53975,1,5.84,5.33,1.35,-17.87,-1.37,2.94,5.61,4.70,1.46,-0.00000376
54018,1,7.04,5.30,1.25,-34.63,-1.37,3.19,6.63,4.68,1.35,-0.00000743
54070,1,8.73,5.24,1.14,-17.75,-1.87,0.81,8.49,4.63,1.23,-0.00000648
54103,1,8.85,5.26,1.12,3.25,1.56,-0.37,8.81,4.62,1.18,-0.00000240
54177,1,8.16,5.26,1.14,22.31,1.75,0.62,8.49,4.61,1.21,0.00000024
54307,1,7.42,5.28,1.30,-20.12,-1.00,3.37,7.15,4.65,1.41,-0.00000527
54355,1,8.06,5.26,1.26,-12.94,-0.75,-0.81,7.86,4.64,1.33,-0.00000497
54421,1,8.26,5.26,1.24,6.06,-0.44,-1.25,8.33,4.64,1.29,-0.00000192
54464,1,7.93,5.27,1.25,13.75,0.94,0.13,8.00,4.63,1.32,-0.00000013
54549,1,8.98,5.29,1.26,9.44,1.00,-2.50,9.00,4.66,1.30,-0.00000390
54584,1,7.78,5.27,1.46,36.31,-0.44,-6.37,8.52,4.66,1.41,0.00000218
54644,1,4.99,5.38,1.25,82.06,3.19,13.19,5.73,4.71,1.45,0.00001225
54825,1,-16.82,5.89,-0.62,116.81,6.31,10.38,-15.75,5.23,-0.43,0.00002576
54897,1,-28.33,5.80,-1.25,169.56,8.81,3.94,-26.75,5.12,-1.11,0.00003725
54980,1,-41.20,5.65,-1.48,160.56,-4.31,1.44,-39.72,5.06,-1.43,0.00004048
55100,1,-56.78,5.94,-1.46,113.87,2.56,2.75,-55.74,5.32,-1.35,0.670
55136,1,-60.10,5.94,-1.68,111.69,8.19,4.25,-59.09,5.31,-1.52,0.00003748
55169,1,-64.19,5.74,-1.79,105.69,-6.00,7.75,-62.23,5.27,-1.73,0.00003642
55242,1,-70.28,4.77,-1.67,49.75,-16.62,6.06,-69.33,4.46,-1.79,0.00003111
55440,1,-22.30,5.47,0.13,-547.62,7.12,-16.75,-27.68,4.71,0.08,-0.00008518
55625,1,29.32,4.65,0.98,-1.50,3.37,5.81,29.25,3.96,1.08,-0.00001407
55794,1,8.09,5.29,0.86,149.50,14.87,-5.12,9.46,4.52,0.86,0.00002750
55905,1,-2.37,5.57,0.69,22.56,1.62,-2.06,-2.22,4.93,0.74,0.00000711
55938,1,-1.49,5.66,0.68,-50.56,-7.44,2.19,-2.37,5.09,0.78,-0.00000177
56050,1,11.60,5.37,0.36,-118.69,0.56,-10.75,10.38,4.76,0.33,-0.00002583
56133,1,16.84,5.05,1.13,-13.44,4.00,-1.00,16.64,4.39,1.18,-0.00000937
56295,1,10.76,5.21,1.04,36.81,-1.00,1.62,11.05,4.58,1.13,0.00000518
56329,1,9.67,5.30,0.98,36.06,3.25,3.00,9.95,4.63,1.07,0.00000435
56457,1,8.22,5.36,0.69,-1.50,-0.69,1.81,8.11,4.73,0.80,-0.00000296
56511,1,8.71,5.32,0.81,-10.50,-1.44,-0.75,8.53,4.71,0.87,-0.00000420
56628,1,10.66,5.17,1.28,-31.69,-1.69,-4.37,10.28,4.56,1.31,-0.00000842
56740,1,13.22,4.99,1.76,-4.87,-2.19,-2.00,13.10,4.38,1.81,-0.00000510
56824,1,14.49,4.85,1.73,-41.63,-6.62,1.81,14.02,4.28,1.83,-0.00000985
56857,1,17.19,4.64,1.55,-92.81,-12.19,4.06,16.24,4.11,1.69,-0.00001847
57020,1,48.27,3.41,0.35,-237.12,-21.75,14.25,50.52,2.57,0.34,-0.00005828
57119,1,73.09,2.78,-0.27,-254.88,-9.94,6.25,70.56,2.11,-0.09,-0.00006704
57178,1,85.70,2.84,-0.61,-185.87,-8.13,-2.69,863,2.21,-0.54,-0.00005792
57202,1,90.78,2.51,-0.91,-175.87,-11.69,-12.38,87.37,2.12,-0.63,-0.00005740
57286,1,101.18,2.55,-0.94,-109.50,2.00,5.44,99.14,1.87,-0.91,-0.00005022
57356,1,104.87,2.37,-1.24,-50.06,-3.06,-2.00,104.32,1.76,-1.13,-0.00003905
57427,1,108.09,2.65,-1.40,-28.50,0.37,3.62,107.75,1.98,-1.34,-0.00003637
57478,1,108.37,2.60,-1.42,7.00,0.37,-3.50,108.37,2.00,-13,-0.00002404
57516,1,106.78,2.47,-1.34,66.56,3.94,-3.75,107.36,1.89,-1.30,-0.00002110
57696,1,34.25,4.57,0.91,581.31,32.25,11.38,45.35,3.32,0.89,0.00009433
57935,1,-6.63,6.03,0.08,-130.50,-1.12,-1.19,-9.06,5.33,0.11,-0.00001452
58004,1,7.91,5.50,0.47,-208.56,-3.31,-17.12,3.76,5.01,0.26,-0.00003858
58045,1,14.00,5.32,0.44,-204.12,-5.75,4.50,11.96,4.74,0.57,-0.00004233
58118,1,22.97,5.03,0.60,-15.88,-15.19,-14.00,22.74,4.59,0.60,-0.00001397
58231,1,11.17,5.45,0.72,151.56,5.81,8.37,14.06,4.67,0.97,0.00002353
58267,1,6.89,5.56,0.43,139.25,2.12,5.87,8.17,4.90,0.56,0.00002498
58441,1,3.62,5.74,0.38,-51.75,-0.94,-0.50,3.05,5.12,0.45,-0.00000947
58591,1,11.06,5.62,0.22,-36.56,1.06,2.87,10.64,4.97,0.31,-0.00000972
58660,1,13.10,5.55,0.24,-15.75,-1.25,-0.69,12.87,4.93,0.31,-0.00000838
58694,1,13.04,5.57,0.22,5.19,1.56,1.44,13.09,4.90,0.30,-0.00000349
58809,1,9.23,5.65,-0.04,50.50,1.50,4.25,9.65,5.00,0.06,0.00000577
58851,1,7.94,5.73,-0.09,39.69,0.75,1.87,8.25,5.09,-0.01,0.00000588
58961,1,7.90,5.74,-0.28,-19.94,0.00,2.06,7.42,5.12,-0.16,-0.00000508
59027,1,9.019.17,5.73,-0.32,-16.06,0.69,-1.44,8.94,5.09,-0.27,-0.00000555
59358,1,8.68,5.75,-0.42,26.94,0.37,-0.13,8.87,5.12,-0.35,0.00000193
59391,1,7.77,5.77,-0.42,23.31,0.88,0.06,8.12,5.12,-0.35,0.00000231
59499,1,8.67,5.77,-0.55,-14.44,-0.25,2.06,8.46,5.13,-0.46,-0.00000568
59614,1,8.74,5.77,-0.54,6.12,-1.06,1.31,8.73,5.14,-0.46,-0.00000141
59654,1,8.61,5.79,-0.52,-1.56,-0.37,-1.56,8.52,5.16,-0.46,-0.00000134
59726,1,9.28,5.74,-0.37,-11.81,-0.31,-1.37,9.09,5.11,-0.31,-0.00000503
59772,1,9.49,5.76,-0.34,-3.25,-0.19,-1.62,9.39,5.14,-0.29,-0.00000330
59833,1,9.02,5.76,-0.37,11.75,0.44,-0.37,9.18,5.13,-0.29,-0.00000052
59876,1,8.59,5.77,-0.40,16.06,-0.75,1.00,8.67,5.15,-0.31,0.00000045
59928,1,8.36,5.76,-0.42,-1.06,-0.19,1.44,8.24,5.14,-0.33,-0.00000205
59997,1,9.04,5.76,-0.39,-10.63,-0.31,0.56,8.75,5.14,-0.31,-0.00000518
60279,1,9.95,5.74,-0.25,0.44,0.06,0.44,9.88,5.11,-0.18,-0.00000311
60439,1,9.34,5.77,-0.30,-7.63,0.50,0.13,9.20,5.14,-0.24,-0.00000340
60549,1,9.87,5.74,-0.27,3.94,-0.06,-0.19,9.84,5.11,-0.21,-0.00000254
60583,1,9.67,5.74,-0.29,7.63,-0.13,0.81,9.68,5.11,-0.21,-0.00000136
60648,1,9.85,5.73,-0.27,-8.69,-0.62,-1.56,9.70,5.11,-0.21,-0.00000393
60694,1,10.21,5.73,-0.23,-6.56,0.25,0.00,10.07,5.09,-0.17,-0.00000464
60767,1,10.03,5.74,-0.26,6.87,1.00,1.06,10.11,5.09,-0.18,-0.00000179
60800,1,9.76,5.74,-0.25,9.19,-0.19,-0.44,9.78,5.11,-0.19,-0.00000103
60878,1,9.70,5.77,-0.28,-6.44,0.06,0.62,9.56,5.14,-0.20,-0.00000336
60924,1,9.91,5.75,-0.31,-5.31,-1.12,0.69,9.75,5.13,-0.23,-0.00000384
61032,1,9.82,5.77,-0.31,-1.69,0.37,-0.19,9.73,5.14,-0.24,-0.00000248
61148,1,10.11,5.75,-0.26,0.56,0.31,-0.56,10.04,5.12,-0.19,-0.00000280
61427,1,9.87,5.75,-0.25,2.94,-0.06,-1.00,9.83,5.12,-0.20,-0.00000246
61459,1,9.75,5.75,-0.27,4.00,-0.31,0.62,9.75,5.12,-0.19,-0.00000221
61569,1,10.18,5.76,-0.25,-5.12,-0.31,0.31,10.06,5.13,-0.17,-0.00000411
61682,1,9.69,5.78,-0.24,4.62,-0.44,0.56,9.66,5.15,-0.17,-0.00000149
61723,1,9.75,5.78,-0.24,-4.87,0.00,0.88,9.63,5.15,-0.16,-0.00000314
61797,1,10.25,5.77,-0.23,-2.12,-0.31,-1.69,10.11,5.14,-0.18,-0.00000396
61842,1,9.80,5.78,-0.26,4.00,0.06,0.56,10.16,5.14,-0.15,-0.00000249
61901,1,9.47,5.78,-0.25,-0.50,-0.69,0.25,9.40,5.16,-0.18,-0.00000228
61946,1,9.69,5.78,-0.25,-8.00,0.13,0.44,9.54,5.15,-0.18,-0.00000358
62017,1,9.92,5.77,-0.24,1.69,0.00,-0.44,9.86,5.14,-0.17,-0.00000285
62050,1,9.72,5.76,-0.23,6.44,0.37,-0.50,9.71,5.13,-0.17,-0.00000160
62230,1,9.97,5.76,-0.18,0.19,0.69,-0.69,9.90,5.13,-0.12,-0.00000311
62344,1,9.30,5.71,-0.17,-5.06,0.25,-1.31,9.16,5.09,-0.12,-0.00000259
62378,1,9.56,5.71,-0.13,-9.63,-0.19,-1.19,9.39,5.08,-0.07,-0.00000425
62495,1,9.53,5.70,-0.05,6.06,-0.44,0.00,9.57,5.07,0.02,-0.00000150
62539,1,9.42,5.69,-0.02,0.69,-0.06,-0.88,9.36,5.06,0.04,-0.00000182
62604,1,10.08,5.68,0.01,-9.38,0.25,-1.06,9.91,5.05,0.07,-0.00000471
62647,1,10.22,5.67,0.06,0.69,-0.56,0.19,10.14,5.04,0.13,-0.00000374
62693,1,10.18.87,5.67,0.09,9.13,-0.25,-0.44,9.97,5.05,0.15,-0.00000124
62712,1,9.69,5.67,0.09,9.25,-0.50,-0.37,9.70,5.04,0.16,-0.00000086
62805,1,9.91,5.67,0.09,-5.44,-0.06,0.94,9.75,5.04,0.17,-0.00000380
62837,1,9.89,5.68,0.13,3.75,0.75,-1.00,9.85,5.04,0.19,-0.00000252
62949,1,9.35,5.68,0.18,-2.94,0.37,-0.88,9.25,5.05,0.25,-0.00000267
62992,1,9.52,5.67,0.18,-4.25,-0.44,-0.19,9.40,4.83,0.25,-0.00000340
63116,1,9.31,5.67,0.22,2.56,0.06,-0.81,9.26,5.04,0.22,-0.00000255
63160,1,9.37,5.66,0.27,-3.50,0.00,-0.88,9.27.30,5.03,0.34,-0.00000322
63180,1,9.47,5.66,0.29,-5.44,0.13,-1.00,9.34,5.03,0.35,-0.00000344
63224,1,9.63,5.65,0.30,-2.37,-0.62,0.56,9.54,4.82,0.37,-0.00000338
63417,1,9.67,5.65,0.32,-6.37,0.00,-0.44,9.48,5.02,0.39,-0.00000381
63524,1,9.59,5.64,0.35,0.19,0.37,-0.19,9.51,5.01,0.41,-0.00000242
63563,1,9.70,5.64,0.35,-5.37,-0.37,0.31,9.58,5.01,0.42,-0.00000334
63610,1,9.76,5.64,0.35,-6.375,-0.44,0.25,9.90,5.02,0.42,-0.00000397
63727,1,10.66,5.52,0.37,-30.37,-7.00,-3.37,10.30,4.97,0.42,-0.00000589
63785,1,20.64,4.12,0.89,-235.19,-0.56,-7.37,18.29,3.52,0.90,-0.00004274
63847,1,35.85,3.59,0.87,-347.00,-1.75,-2.87,32.43,2.99,0.92,-7376
63870,1,45.40,3.38,1.07,-312.75,-2.56,-14.13,42.31,2.65,1.06,-0.00007476
63916,1,53.98,3.32,1.24,-149.75,5.37,11.50,50.50,2.56,1.33,-0.00005944
63987,1,50.26,4.40,0.30,204.37,-2.56,20.44,52.18,3.63,0.51,0.00001384
64030,1,38.59,4.68,0.15,342.50,4.44,-1.75,41.84,4.03,0.18,0.00004729
64097,1,10.26,5.43,1.15,333.12,4.94,19.19,13.42,4.72,1.39,0.00006180
64143,1,0.10,5.94,0.40,243.94,12.31,20.69,2.19,5.24,0.64,0.00004970
64205,1,-6.34,5.89,0.07,-2.19,1.87,-0.88,-6.43,5.24,0.13,0.00000605
64252,1,-4.63,6.02,0.20,-69.69,10.38,-3.31,-5.37,5.29,0.24,-0.00000807
64325,1,4.58,5.61,0.41,-144.56,-2.62,0.31,3.11,5.01,0.48,-0.00002508
64372,1,10.10,5.85,0.54,-139.75,9.00,-4.00,7.30,5.09,0.47,-0.00002830
64444,1,18.07,5.20,0.30,-82.94,-5.75,-0.13,17.21,4.63,0.39,-0.00002197
64494,1,19.73,5.68,0.62,-11.00,6.62,-5.37,19.54,5.01,0.61,-0.00001151
64559,1,15.34,5.37,0.89,96.44,-2.00,-2.19,16.21,4.56,0.94,0.00000972
64604,1,11.10,5.62,0.92,112.50,10.50,1.56,13.22,4.80,0.98,0.00001631
64662,1,4.13,5.73,0.59,83.00,4.94,-0.25,4.87,5.05,0.66,0.00001592
64807,1,3.11,5.86,0.66,-55.69,-2.12,-0.50,2.50,5.26,0.73,-0.00000904
64873,1,9.62,5.75,0.15,-81.31,-2.00,9.50,8.04,5.15,0.39,-0.00001866
64906,1,11.67,5.73,0.23,-65.06,1.12,-6.44,10.96,5.10,0.24,-0.00001625
65027,1,14.96,5.20,1.32,-61.87,-8.44,-21.31,14.27,4.71,1.21,-0.00001177
65112,1,24.90,3.96,1.54,-173.50,-8.19,0.13,21.61,3.52,1.69,-0.00003263
65173,1,38.62,3.38,1.28,-210.94,-8.00,-0.31,34.47,2.88,1.45,-0.00004770
65242,1,53.15,3.27,0.17,-225.19,-6.37,12.00,50.90,2.59,0.36,-0.00005478
65295,1,62.45,3.01,0.06,-251.44,-9.75,-15.44,59.94,2.57,0.15,-0.00006151
65333,1,72.32,2.41,-0.10,-249.31,-6.81,-2.25,69.84,1.82,0.03,-0.00006631
65370,1,80.40,2.80,-0.68,-169.69,-9.81,17.94,78.69,2.01,-0.48,-0.00005905
65573,1,28.34,5.00,0.53,528.62,0.31,-1.69,38.56,4.31,0.62,0.00008645
65765,1,-10.54,6.25,0.25,-124.50,4.37,-.00,-9.18,5.58,0.36,-0.00002461
65857,1,9.11,5.76,0.43,-206.31,-0.94,-11.75,7.04,5.16,0.39,-0.00003991
65920,1,18.35,5.40,0.44,-132.19,-6.75,2.44,15.91,4.80,0.55,-0.39
65940,1,20.04,5.49,0.55,-77.25,4.81,-5.06,19.21,4.84,0.56,-0.00002281
65987,1,20.71,5.36,0.63,23.69,1.12,-2.00,20.87,4.72,0.68,-0.00001162
66094,1,9.47,5.58,0.53,128.06,-6.31,0.56,10.64,5.01,0.61,0.00002113
66139,1,8.28,5.54,0.56,123.87,10.94,-5.19,5.14,5.06,0.82,0.00001599
66156,1,3.69,5.85,00.73,63.81,0.19,3.31,3.62,5.22,0.90,0.00001260
66284,1,3.08,5.84,0.59,-38.56,-7.00,-0.31,2.30,5.33,0.66,-0.00000623
66326,1,5.03,5.82,0.72,-52.25,2.31,-4.19,3.90,5.16,0.71,-0.00000997
66388,1,9.60,5.63,0.85,-70.25,-6.37,2.50,8.86,4.85,0.96,-0.00001549
66442,1,11.58,5.68,0.63,-37.12,4.31,6.62,11.15,4.99,0.75,-0.00001351
66548,1,10.99,5.75,0.34,21.69,4.75,-1.75,11.13,5.07,0.39,0.00000129
66601,1,10.81,5.76,0.38,18.6.31,3.56,-7.37,10.18,5.08,0.64,0.00000146
66621,1,9.57,5.7.75,0.84,49.19,1.75,-6.87,9.50,5.12,0.79,0.00000475
66713,1,0.71,5.98,0.80,120.88,5.81,6.81,1.82,5.29,0.94,0.00002081
66747,1,-4.64,6.14,0.21,139.25,4.44,17.12,-1.88,5.44,0.65,0.00002472
66914,1,-36.95,6.04,-1.46,243.00,4.87,175,-41.38,5.25,-1.48,0.00005132
67012,1,-49.12,5.77,-1.09,-20.12,-10.56,1.25,-49.39,5.22,-1.09,0.00001374
67077,1,-43.81,6.64,-1.02,-112.94,25.7,-33.44,-43.88,6.01,-0.95,-0.00000863
67213,1,-6.02,6.30,-0.52,-353.69,29.62,9.75,-9.50,5.40,-0.32,-0.00006187
67408,1,19.92,5.73,0.24,126.87,-4.62,4.75,21.09,5.12,0.37,0.00001516
67460,1,13.96,5.38,0.05,166.00,-9.50,-3.94,15.50,4.85,0.11,0.00002319
67565,1,0.61,5.82,1.07,53.88,3.19,3.94,1.06,5.17,1.18,0.00001323
67602,1,-0.33,5.85,0.83,6.69,1.37,7.19,-0.14,5.21,1.04,0.00000556
67670,1,2.22,5.75,0.62,-58.94,-1.00,0.19,1.57,5.13,0.69,-0.00001010
67707,1,5.05,5.75,0.73,-78.25,-3.69,-1.75,4.23,5.15,0.79,-0.00001443
67769,1,10.64,5.68,0.26,-79.81,-0.25,4.12,9.80,5.04,0.37,-0.00001811
67822,1,13.02,5.61,0.44,-46.19,-2.31,-7.50,12.49,5.02,0.45,-0.00001380
67921,1,11.84,5.61,0.54,43.88,0.75,0.94,12.66,4.95,0.62,0.00000336
68131,1,8.05,5.40,1.12,-20.00,-7.31,-0.25,7.78,4.84,1.20,-0.00000482
68173,1,9.31,5.34,1.01,-37.56,1.69,4.25,8.88,4.68,1.13,-0.00000897
68241,1,14.98,4.66,0.50,-103.19,-19.94,0.69,12.81,4.40,0.65,-0.00002054
68291,1,19.14,4.36,0.64,-162.44,-2.25,-8.50,17.50,3.78,0.63,-0.00003087
68327,1,27.54,3.94,0.84,-239.44,-14.00,-6.12,25.16,3.46,0.92,-0.00004901
68364,1,37.80,3.69,0.57,-285.75,-10.63,5.75,34.97,3.11,0.75,-0.00005957
68566,1,41.68,4.51,0.95,304.56,15.69,1.12,47.72,3.66,0.75,0.00003763
68684,1,2.55,5.71,0.59,236.12,0.00,9.0.69,2.48,5.08,0.66,0.00004276
68703,1,-1.13,5.78,0.59,175.31,5.69,-2.56,0.49,5.09,0.64,0.00003772
68816,1,-4.38,5.93,0.59,-77.81,-4.75,-5.25,-5.80,5.39,0.56,-0.00000583
68858,1,0.04,5.89,0.74,-133.94,-4.06,3.56,-2.50,5.31,0.81,-0.00001888
68932,1,11.43,5.77,0.52,-175.50,-2.31,-8.25,9.66,5.17,0.52,-0.00003558
69047,1,18.35,5.79,0.36,46.38,5.62,1.69,18.72,5.10,0.43,0.00000062
69085,1,15.17,5.64,0.23,89.12,-7.19,2.69,16.96,5.08,0.38,0.00000896
69161,1,7.44,5.78,0.28,111.00,-0.69,-7.87,8.44,5.17,0.28,0.00001901
69204,1,4.32,5.96,0.72,58.88,0.94,-10.44,4.81,5.33,0.68,0.00001530
69478,1,9.31,5.77,1.02,-23.62,1.81,0.13,9.01,4.91,1.08,-0.00000620
69509,1,10.32,5.78,0.84,-26.87,-1.50,5.37,9.99,5.16,0.97,-0.00000763
69627,1,10.72,5.80,0.66,20.12,-2.31,-0.81,10.85,5.20,0.73,-0.00000015
69673,1,9.53,5.86,0.67,34.69,2.12,-1.44,9.79,5.21,0.73,0.00000285
69856,1,6.85,5.91,0.68,-24.37,-1.50,-1.19,6.54,5.30,0.74,-0.00000596
69935,1,8.30,5.88,0.74,-12.81,0.44,-1.75,8.10,5.25,0.80,-0.00000504
69979,1,8.55,5.85,0.73,-5.00,-1.37,1.00,8.40,5.24,0.83,-0.00000368
70005,1,8.62,5.88,0.78,-2.00,1.19,-2.37,8.53,5.24,0.83,-0.00000275
70082,1,9.27,5.83,0.78,-13.88,-0.69,3.50,8.93,5.21,0.90,-0.00000481
70125,1,9.56,5.85,0.74,-8.50,0.56,0.06,9.40,5.22,0.80,-0.00000442
70290,1,7.93,5.88,0.81,21.75,1.56,-0.94,8.07,5.225,0.88,0.00000182
70311,1,7.59,5.87,0.80,5.31,-0.94,0.00,7.57,5.25,0.88,0.00000119
70355,1,7.96,5.88,0.84,-12.31,0.75,-1.06,7.60,5.24,0.89,-0.00000342
70418,1,9.14,5.83,0.84,-13.19,-1.62,-1.00,8.95,5.21,0.90,-0.00000568
70449,1,9.46,5.84,0.79,-3.69,1.06,1.69,9.35,5.20,0.87,-0.00000438
70662,1,9.70,5.85,0.76,-8.81,-0.13,-0.25,9.55,5.22,0.82,-0.00000427
70701,1,9.97,5.84,0.76,-4.37,-0.69,0.75,9.86,5.22,0.85,-0.00000395
70857,1,8.63,5.90,0.78,-0.37,-0.50,1.25,8.56,5.27,0.87,-0.00000100
70891,1,8.89,5.90,0.78,-13.63,-0.31,-0.13,8.70,5.27,0.85,-0.00000413
71001,1,9.69,5.90,0.78,3.81,1.12,0.44,9.72,5.24,0.85,-0.00000253
71045,1,9.45,5.90,0.79,9.31,-0.50,0.06,9.47,5.27,0.86,-0.00000115
71160,1,9.11,5.92,0.81,-7.75,-0.50,0.25,8.96,59,0.87,-0.00000281
71213,1,9.23,5.93,0.81,-0.50,-0.06,-0.90.62,9.16,5.30,0.88,-0.00000263
71234,1,9.20,5.92,0.81,3.12,-0.06,0.69,9.17,5.29,0.89,-0.00000271
71277,1,9.02,5.93,0.82,7.31,0.94,-0.13,9.02,5.29,0.89,-0.00000125
71466,1,7.41,5.85,0.69,-1.06,1.00,0.19,7.56,5.24,0.78,-0.00000241
71568,1,5.00,5.63,0.50,2.69,-0.06,-0.69,5.21,5.03,0.58,-0.00000067
71615,1,5.09,5.64,0.50,-5.87,-0.50,-0.13,4.96,5.01,0.57,-0.00000189
71669,1,4.66,5.57,0.41,-11.25,0.00,0.19,4.69,4.97,0.50,-0.00000326
71782,1,4.69,5.48,0.36,2.56,0.44,-0.25,4.75,4.86,0.44,-0.00000121
71814,1,4.44,5.46,0.37,1.81,0.56,-1.25,4.39,4.83,0.43,-0.00000072
71852,1,4.01,5.44,0.34,-0.56,-0.19,-0.81,4.36,4.84,0.44,-0.00000110
71912,0,3.96,5.44,0.31,-2.56,0.37,0.25,3.87,4.81,0.38,-0.00000176
71944,0,3.76,5.41,0.29,3.62,-0.56,0.13,3.78,4.79,0.36,-0.00000106
72018,0,3.09,5.38,0.26,8.06,0.56,0.13,3.31,4.77,0.34,0.00000046
72044,0,2.75,5.37,0.26,8.63,0.56,0.00,2.76,4.74,0.33,0.00000098
72074,0,2.62,5.37,0.26,1.62,-0.13,-0.06,2.58,4.74,0.33,-0.00000012
72130,0,2.29,5.35,0.22,-2.06,-0.62,-0.06,2.27,4.73,0.29,-
72152,0,2.30,5.35,0.21,0.50,0.25,-0.13,2.23,4.72,0.28,-0.00000068
72195,0,2.12,5.34,0.21,2.87,0.06,0.19,2.17,4.71,0.28,-0.00000023
72241,0,1.79,5.33,0.20,4.62,-0.37,-0.44,1.82,4.71,0.27,0.00000037
72275,0,1.71,5.33,0.19,-0.31,0.31,-0.19,1.64,4.70,0.26,-0.00000019
72378,0,2.07,5.31,0.17,-5.69,0.19,-0.06,1.95,4.68,0.23,-0.00000177
72426,0,2.11,5.30,0.15,-1.44,0.00,-0.25,2.05,4.67,0.23,-0.00000120
72619,0,2.08,5.27,0.11,0.56,0.00,0.06,2.03,4.65,0.18,-0.00000075
72663,0,1.86,5.27,0.11,5.50,0.56,-0.25,1.87,4.64,0.17,0.00000034
72779,0,1.01,5.25,0.06,0.62,0.06,0.19,0.97,4,0.13,-0.00000005
72825,0,0.86,5.25,0.05,3.69,0.69,0.00,0.9,4.62,0.12,0.00000046
72843,0,0.74,5.25,0.06,5.31,0.25,0.06,0.74,4.62,0.12,0.00000065
72885,0,0.46,5.24,0.05,5.87,0.19,-0.19,0.54,4.61,0.12,0.00000094
73087,0,0.36,5.23,0.02,-0.94,-0.25,-0.37,0.29,4.60,0.09,-0.00000033
73132,0,0.34,5.22,0.01,-1.87,0.13,-0.13,0.28,4.60,0.09,-0.00000028
73192,0,0.52,5.22,-0.00,-7.00,-0.31,0.13,0.39,4.59,0.06,-0.00000132
73231,0,0.73,5.21,-0.01,-5.69,-0.06,0.06,0.61,4.58,0.06,-0.00000135
73278,0,0.77,5.215.21,-0.01,-0.62,0.13,-0.06,0.76,4.58,0.06,-0.00000051
73298,0,0.81,5.21,-0.01,0.81,0.13,-0.19,0.76,4.58,0.06,-0.00000015
73392,0,0.57,5.20,-0.03,-0.37,0.25,-0.06,0.52,4.58,0.04,-0.00000017
73434,0,0.54,5.20,-0.03,-0.06,-0.19,0.06,0.49,4.57,0.04,-0.00000026
74559,0,0.28,5.18,-0.07,-3.19,0.06,-0.13,0.19,4.55,-0.00,-0.00000050
74592,0,0.36,5.17,-0.07,-3.00,-0.19,-0.06,0.25,4.55,-0.01,-0.
74610,0,0.39,5.17,-0.07,-0.69,0.13,-0.06,0.32,4.54,-0.00,-0.00000038
74675,0,0.33,5.17,-0.08,2.37,0.00,-0.13,0.29,4.54,-0.00,0.00000020
74708,0,0.17,5.17,-0.08,4.12,0.00,-0.19,0.15,4.54,-0.01,0.00000063
74935,0,-0.28,5.16,-0.10,-3.62,-0.25,-0.19,-0.37,4.53,-0.03,-0.00000051
75258,0,-0.51,5.16,-0.12,2.81,-0.06,0.13,-0.54,4.53,-0.05,0.00000075
75300,0,-0.60,5.16,-0.12,1.37,0.13,0.19,-0.65,4.53,-0.05,0.00000054
75377,0,-0.55,5.15,-0.12,-3.94,-0.25,-0.13,-0.65,4.52,-0.05,-0.00000034
75424,0,-0.40,5.15,-0.12,-4.31,0.00,0.00,-0.54,4.52,-0.06,-0.00000063
75483,0,-0.17,5.15,-0.13,-2.94,-0.13,-0.19,-0.26,4.52,-0.06,-0.00000050
75528,0,-0.08,5.15,-0.13,-2.62,-0.06,-0.25,-0.17,4.52,-0.06,000040
75548,0,-0.01,5.15,-0.13,-2.56,-0.13,-0.19,-0.10,4.52,-0.06,-0.00000046
75711,0,-0.11,5.14,-0.14,2.69,0.06,-0.06,-0.12,4.51,-0.07,0.00000053
75838,0,-0.44,5.14,-0.14,2.94,0.13,-0.13,-0.48,4.51,-0.07,0.00000062
75883,0,-0.57,5.14,-0.14,3.25,-0.06,-0.13,-0.57,4.51,-0.07,0.00000071
75947,0,-0.68,5.14,-0.14,-2.31,0.06,-0.13,-0.79,4.51,-0.07,-0.00000014
76117,0,-0.62,5.13,-0.15,-2.31,-0.13,-0.06,-0.71,4.50,-0.08,-0.00000021
76176,0,-0.40,5.13,-0.15,-3.75,-0.06,-0.31,-0.50,4.50,-0.08,-0.00000054
76219,0,-0.25,5.13,-0.15,-4.00,-0.06,-0.13,-0.36,4.50,-0.08,-0067
76272,0,-0.12,5.14,-0.15,-3.31,0.00,-0.13,-0.22,4.51,-0.08,-0.00000058
76506,0,-0.22,5.13,-0.16,2.81,0.06,-0.13,-0.25,4.50,-0.09,0.00000058
76539,0,-0.36,5.13,-0.16,3.50,-0.06,0.00,-0.39,4.50,-0.09,0.00000072
76624,0,-0.62,5.13,-0.16,2.19,0.06,0.06,-0.6-0.69,4.50,-0.09,0.00000059
76643,0,-0.66,5.13,-0.16,1.50,0.13,-0.06,-0.71,4.50,-0.09,0.00000053
76763,0,-0.72,5.13,-0.16,-0.25,0.00,-0.13,-0.80,4.50,-0.09,0.00000019
76809,0,-0.68,5.13,-0.16,-2.00,-0.06,0.00,-0.76,4.50,-0.09,-0.00000006
76848,0,-0.18,5.13,-0.16,-3.06,0.00,-0.06,-0.27,4.50,-0.09,-0.00000048
77072,0,-0.03,5.13,-0.16,2.12,-0.06,0.00,-0.08,4.50,-0.09,0.00000038
77106,0,-0.12,5.13,-0.16,2.44,0.06,-0.13,-0.14,4.50,-0.09,0.00000045
77222,0,-0.41,5.13,-0.16,2.81,0.13,-0.06,-0.45,4.50,-0.09,0.00000064
77267,0,-0.49,5.13,-0.16,2.06,0.13,0.06,-0.52,4.50,-0.09,0.00000058
77335,0,-0.54,5.13,-0.16,-0.13,0.00,0.00,-0.61,4.50,-0.09,0.00000018
77378,0,-0.51,5.13,-0.16,-1.25,0.06,0.06,-0.59,4.50,-0.09,-0.00000003
77449,0,-0.35,5.13,-0.16,-2.62,-0.19,-0.06,-0.47,4.50,-0.09,-0.00000030
77572,0,-0.00,5.13,-0.16,-3.31,-0.31,-0.19,-0.13,4.50,-0.09,-0.00000062
77687,0,0.16,5.13,-0.17,-1.19,0.00,0.06,0.08,4.50,-0.10,-0.00000030
77796,0,0.08,5.13,-0.17,0.88,0.13,0.00,0.03,4.50,-0.10,0.00000019
77836,0,-0.00,5.12,-0.18,2.19,-0.06,0.00,-0.05,4.49,-0.10,0.00000027
77897,0,-0.18,5.12,-0.18,1.87,0.00,0.13,-0.22,4.49,-0.10,0.00000041
77950,0,-0.24,5.12,-0.18,0.69,0.31,-0.19,-0.30,4.49,-0.11,0.00000028
78010,0,-0.27,5.11,-0.18,-2.19,-0.13,0.06,-0.37,4.48,-0.11,-0.00000003
78065,0,-0.04,5.11,-0.18,-8.88,-0.56,-0.13,-0.26,4.48,-0.11,-0.00000077
78137,0,0.96,5.10,-0.20,-17.94,-0.56,1.81,0.73,4.47,-0.12,-0.00000339
78184,0,1.68,5.08,-0.26,-19.19,-0.75,1.12,1.44,4.45,-0.18,-0.00000397
78253,0,3.51,5.03,-0.41,-31.81,-1.12,2.75,3.13,4.41,-0.31,-0.00000577
78291,0,5.07,5.01,-0.39,-45.56,-0.50,-3.31,4.15,4.39,-0.38,-0.00000826
78370,0,9.74,4.90,-0.31,-69.87,-2.06,-1.25,8.27,4.30,-0.25,-0.00001417
78419,0,12.32,4.81,-0.27,-95.19,-3.00,-1.56,11.33,4.22,-0.21,-0.00002336
78455,0,16.46,4.71,-0.18,-111.56,-2.56,-4.62,15.30,4.12,-0.15,-0.00002431
78592,0,35.77,3.56,0.78,-144.50,-3.37,-0.50,34.31,2.95,0.87,-0.00003507
78643,0,40.98,3.18,0.87,-119.37,-3.06,-7.19,39.75,2.61,0.91,-0.00003700
78713,0,48.96,2.85,0.69,-79.50,-7.06,-2.25,47.27,2.31,0.81,-0.00003144
78753,0,51.80,2.65,0.65,-71.06,-1.81,-2.44,50.33,2.09,0.71,-0.00002760
78834,0,55.04,2.89,0.31,-39.38,-3.19,6.50,54.59,2.22,0.44,-0.00002270
78950,0,57.30,3.15,-0.03,-11.50,-2.62,5.44,57.12,2.48,0.09,-0.00001786
79063,0,58.14,3.08,-0.27,-5.94,1.37,-1.50,57.95,2.45,-0.22,-0.00001749
79145,0,58.52,3.06,-0.30,-3.00,-0.25,0.56,58.43,2.43,-0.23,-0.00001705
79389,0,58.58,2.96,-0.31,-0.44,0.44,0.06,58.49,2.34,-0.24,-0.00001621
79725,0,58.08,2.83,-0.25,7.12,1.75,0.37,58.07,2.19,-0.19,-0.00001511
79966,0,50.00,3.153.17,0.22,82.37,0.62,1.62,49.93,2.52,0.30,-0.00000068
80068,0,40.17,3.49,0.35,113.00,3.37,2.25,41.19,2.82,0.41,0.00000932
80226,0,23.36,4.09,0.30,123.25,3.81,3.50,24.48,3.41,0.38,0.00001559
80295,0,13.28,4.42,0.23,128.00,3.69,1.69,15.72,3.72,0.32,0.00001989
80341,0,8.58,4.62,0.18,119.81,4.81,2.37,10.80,3.89,0.29,0.00001956
80373,0,5.30,4.71,0.13,110.50,2.81,1.44,6.30,4.05,0.20,0.00001895
80415,0,-0.09,4.87,0.02,113.81,3.25,1.62,0.94,4.21,0.11,0.000.00002099
80431,0,-3.46,4.98,-0.04,115.87,4.25,2.06,-1.27,4.28,0.07,0.00002154
80484,0,-6.92,5.06,-0.10,120.19,3.31,2.25,-5.82,4.40,-0.01,0.00002350
80558,0,-16.29,5.35,-0.33,118.25,3.62,3.06,-15.21,4.69,-0.23,0.00002617
80710,0,-31.16,5.04,-1.89,73.81,-0.44,-0.25,-30.52,4.41,-1.81,0.00002559
80778,0,-36.43,5.06,-2.01,58.88,1.62,1.81,-35.93,4.44,-1.92,0.00002259
80822,0,-39.10,5.00,-2.06,73.62,0.13,0.94,-38.45,4.37,-1.98,0.00002307
80911,0,-43.19,4.97,-2.16,38.13,1.00,0.88,-42.89,4.34,-2.08,0.00002130
80990,0,-44.92,4.98,-2.19,10.75,-1.25,-1.00,-44.74,4.35,-2.14,0.00001639
81131,0,-46.98,5.02,-2.18,2.31,2.50,-2.12,-47.02,4.36,-2.10,0.00001426
81181,0,-47.30,5.08,-2.16,-0.19,-1.25,-1.87,-47.28,4.45,-2.10,0.00001318
81249,0,-47.18,5.18,-2.10,0.50,1.69,-1.00,-47.25,4.52,-2.03,0.00001312
81413,0,-46.82,5.38,-1.88,-4.75,-1.12,-2.37,-46.94,4.74,-1.83,0.00001183
81444,0,-46.80,546,-1.85,1.87,1.44,-1.75,-46.88,4.81,-1.78,0.00001296
81481,0,-47.02,5.51,-1.75,6.56,-0.88,-2.94,-47.03,4.87,-1.70,0.00001380
81741,0,-46.54,5.66,-1.71,-7.69,-0.69,0.06,-46.63,5.02,-1.65,0.00001157
81820,0,-46.23,5.66,-1.71,-3.06,-0.81,-1.00,-40,5.03,-1.64,0.00001226
81858,0,-46.22,5.66,-1.69,0.19,0.13,0.06,-46.29,5.03,-1.62,0.00001255
81912,0,-46.37,5.71,-1.72,-5.37,0.31,0.06,-46.44,5.06,-1.64,0.00001218
82052,0,-45.58,5.75,-1.69,-3.87,-0.19,0.00,-45.68,5.12,-1.63,0.00001199
82098,0,-45.42,5.76,-1.70,-7.69,-0.81,-0.44,-45.53,5.13,-1.63,0.00001155
82134,0,-45.12,5.77,-1.71,-10.06,0.37,0.06,-45.29,5.14,-1.64,0.00001092
82171,0,-44.75,5.78,-1.71,-8.88,0.31,0.13,-44.90,5.15,-1.63,0.00001063
82259,0,-43.99,5.79,-1.68,-13.56,-0.50,-0.56,-44.15,5.15,-1.61,0.0000098
82282,0,-43.68,5.78,-1.67,-14.62,-0.69,-0.13,-43.96,5.16,-1.61,0.00000950
82333,0,-43.17,5.79,-1.67,-13.69,-0.31,-0.56,-43.51,5.16,-1.60,0.00000943
82377,0,-42.70,5.79,-1.68,-11.25,-0.06,-0.37,-42.87,5.16,-1.61,0.00000953
82510,0,-40.93,5.81,-1.65,-20.19,-0.06,-0.13,-41.20,5.18,-1.59,0.00000780
82558,0,-40.15,5.81,-1.64,-19.81,-1.00,-0.75,-40.41,5.18,-1.58,0.0000000750
82597,0,-39.46,5.81,-1.64,-18.44,-0.31,-0.50,-39.69,5.18,-1.57,0.00000757
82663,0,-38.23,5.81,-1.64,-22.25,-0.88,-0.50,-38.50,5.18,-1.57,0.00000674
82725,0,-37.14,5.81,-1.63,-23.37,-0.44,-0.37,-37.1,5.18,-1.56,0.00000601
82745,0,-36.47,5.80,-1.61,-23.12,-0.69,-0.62,-36.76,5.17,-1.55,0.00000595
82892,0,-31.93,5.79,-1.54,-34.81,-0.69,-0.31,-32.33,5.17,-1.47,0.00000242
83031,0,-28.07,5.75,-1.42,-38.50,-0.8.88,-0.88,-27.37,5.12,-1.33,0.00000022
83086,0,-25.33,5.73,-1.36,-40.69,-0.94,-1.06,-25.78,5.10,-1.30,-0.00000048
83190,0,-21.26,5.68,-1.27,-34.31,-0.75,-0.69,-21.65,5.05,-1.21,-0.00000063
83245,0,-20.08,5.65,-1.24,-31.50,-1.19,-0.94,-20.44,5.02,-1.18,-0.00000005
83417,0,-15.08,5.59,-1.15,-25.94,-0.62,-0.62,-15.40,4.96,1.08,-0.00000057
83440,0,-14.37,5.59,-1.15,-24.75,-0.44,-0.19,-14.91,4.96,-1.08,-0.00000064
83494,0,-13.58,5.58,-1.12,-22.19,-0.94,-1.62,-14.02,4.9694,-1.04,-0.00000054
83717,0,-10.55,5.54,-1.09,-32.38,-0.62,-1.31,-11.27,4.91,-1.04,-0.00000322
83946,0,-7.96,5.52,-1.03,-14.87,-0.50,0.62,7.90,4.89,-0.96,-0.00000031
84031,0,-6.61,5.52,-0.98,-17.87,-0.25,0.06,-7.01,4.89,-0.92,-0.00000048
84236,0,-4.86,5.50,-0.96,-22.56,-0.44,0.00,-5.38,4.87,-0.89,-0.00000304
84293,0,-4.10,5.50,-0.93,-18.37,-0.19,-0.69,-4.53,4.,-0.86,-0.00000212
84394,0,-2.96,5.49,-0.90,-9.69,-0.50,-0.13,-3.12,4.86,-0.83,-0.00000085
84458,0,-2.05,5.49,-0.89,-13.38,-0.13,-0.69,-2.25,4.86,-0.83,-0.00000210
84695,0,-1.81,5.47,-0.88,2.69,0.00,-0.62,-1.84,4.85,-0.82,0.00000113
84782,0,-1.48,5.46,-0.88,3.81,-0.13,-0.56,-1.48,4.83,-0.81,0.00000106
84865,0,-1.48,5.45,-0.89,-4.31,0.00,0.13,-64,4.81,-0.82,0.00000136
85180,0,-1.66,5.41,-0.90,-4.94,0.00,-0.13,-1.78,4.78,-0.83,-0.00000042
85260,0,-1.42,5.40,-0.90,-0.94,-0.06,-0.37,-1.51,4.77,-0.83,0.00000012
85296,0,-1.37,5.40,-0.90,-0.94,0.13,-0.13,-1.45,4.77,-0.83,0.00000023
85373,0,-1.24,5.39,-0.90,-1.00,0.06,0.13,-1.32,4.76,-0.83,0.00000004
85411,0,-1.25,5.39,-0.89,1.12,0.06,0.00,-1.30,4.76,-0.83,0.00000044
85504,0,-1.79,5.35,-0.89,3.19,-0.37,0.00,-1.81,4.73,-0.82,0.00000097
85551,0,-1.95,5.35,-0.89,6.19,0.13,-0.06,-1.96,4.72,-0.82,0.00000160
85614,0,-2.30,5.34,-0.88,3.00,0.19,-0.19,-2.35,4.71,-0.81,0.00000133
85658,0,-2.30,5.34,-0.88,-2.25,-0.31,0.13,-2.39,4.71,-0.82,0.00000085
85737,0,-1.82,5.33,-0.88,-7.75,0.19,-0.06,-2.05,4.70,-0.81,-0.00000080
85787,0,-1.50,5.32,-0.88,-8.06,-0.50,-0.06,-1.73,4.69,-0.81,0.00000416
85822,0,-2.74,5.34,-0.88,19.19,1.00,0.19,-2.62,4.70,-0.81,0.00000422
86061,0,-7.24,5.37,-1.05,19.19,-0.06,1.44,-7.12,4.74,-0.96,0.00000556
86256,0,-10.87,5.40,-1.12,22.50,62,-0.88,-11.18,4.78,-1.04,0.00000776
86307,0,-12.53,5.43,-1.05,32.63,0.37,-1.31,-12.29,4.80,-1.00,0.00000913
86349,0,-13.90,5.47,-1.01,37.75,1.19,-1.06,-13.61,4.83,-0.95,0.00001045
86433,0,-17.39,5.55,-1.07,49.13,1.19,2.19,-16.97,4.92,-0.97,0.00001357
86517,0,-21.54,5.47,-1.59,55.00,1.12,11.31,-21.07,4.87,-1.41,0.00001582
86645,0,-28.82,5.32,-2.19,44.25,2.00,-0.31,-28.02,4.66,-2.11,0.00001617
86700,0,-30.59,5.31,-2.22,45.75,0.00,0.75,-29.79,4.68,-2.13,0.00001684
86774,0,-33.47,5.33,-2.28,41.31,1.75,1.56,-33.14,4.69,-2.20,0.00001703
86936,0,-38.67,5.35,-2.31,14.81,-0.56,-0.50,-38.59,4.72,-2.24,0.00001411
86954,0,-38.80,5.36,-2.30,3,-0.31,1.25,-39.09,4.73,-2.25,0.00001285
87018,0,-39.07,5.36,-2.29,-3.94,0.50,-0.94,-39.20,4.73,-2.23,0.00001043
87057,0,-38.94,5.37,-2.31,-1.75,0.00,-1.75,-39.04,4.73,-2.25,0.00001011
87119,0,-39.08,5.39,-2.23,-0.13,0.56,-1.19,-39.15,4.76,-2.18,0.00001135
87172,0,-39.02,5.42,-2.25,-2.81,-1.06,-0.81,-39.12,4.79,-2.16,0.00001014
87390,0,-37.84,5.51,-2.11,-15.69,-0.37,-1.12,-38.23,4.86,-2.06,0.00000758
87439,0,-37.07,5.58,-1.95,-18.56,0.37,12,-37.14,4.95,-1.88,0.00000687
87461,0,-36.34,5.66,-1.82,-27.62,-1.19,-5.69,-36.92,4.97,-1.84,0.00000632
87512,0,-35.00,5.80,-1.58,-36.56,-0.81,-7.00,-34.71,5.17,-1.49,0.00000278
87577,0,-32.25,5.75,-1.52,-43.63,-1.56,1.69,-33.16,5.16,-1.45,0.00000144
87632,0,-30.44,5.76,-1.46,-49.38,-0.88,0.88,-31.45,5.13,-1.40,0.00000036
87818,0,-22.22,5.66,-1.22,-40.75,-1.50,-0.25,-22.69,5.05,-1.16,-0.00000114
87893,0,-18.77,5.63,-1.14,-48.00,-1.19,-0.31,-19.31,5.01,-1.08,-0.00000328
87914,0,-17.32,5.60,-1.09,-50.81,-0.94,-1.50,-17.89,4.98,-1.04,-0.00000418
87957,0,-15.12,5.57,-1.04,-61.13,-1.81,-1.37,-15.78,4.95,-0.98,-0.00000620791
88013,0,-12.49,5.52,-0.96,-71.69,-1.50,-2.37,-13.26,4.90,-0.92,-0.00000900
88081,0,-6.67,5.39,-0.83,-97.19,-2.56,-2.12,-7.69,4.78,-0.78,-0.00001514
88124,0,5.91,5.12,-0.57,-47.75,-1.06,-1.25,5.42,4.51,-0.51,-0.00001115
88160,0,7.07,5.10,-0.57,-29.06,-0.13,-1.94,6.80,4.47,-0.51,-0.00000806
88247,0,6.96,5.10,-0.60,25.12,0.00.50,0.50,6.89,4.47,-0.53,0.00000271
88270,0,5.82,5.12,-0.60,39.94,1.25,0.62,6.58,4.46,-0.53,0.00000422
88382,0,-0.95,5.26,-0.69,65.31,1.56,1.69,-0.38,4.62,-0.61,0.00001240
88504,0,-6.19,5.40,-0.36,31.13,1.50,1.56,-5.96,4.75,-0.28,0.00000819
88590,0,-6.66,5.42,-0.40,-8.81,-1.00,-0.19,-6.84,4.79,-0.33,0.00000080
88730,0,-1.10,5.27,-0.27,-57.31,-0.62,-0.62,-1.71,4.65,-0.21,-0.00000917
88775,0,1.28,5.20,-0.23,-63.25,-2.12,-1.31,0.60,4.59,-0.17,-0.00001162
88843,0,5.14,5.12,-0.43,-33.06,-0.44,1.94,4.37,4.50,-0.32,-0.00000971
88962,0,5.72,5.13,-0.49,11.44,0.88,0.75,5.76,4.49,-0.41,0.00000005
89074,0,1.94,5.20,-0.53,54.13,1.87,1.00,2.39,4.55,-0.46,0.00000881
89117,0,-0.28,5.24,-0.55,58.06,1.56,0.31,0.21,4.59,-0.48,0.00001053
89186,0,-4.09,5.32,-0.54,38.63,0.94,-3.75,-3.80,4.67,-0.51,0.00000938
89233,0,-5.13,5.33,-0.43,18.44,1.00,-2.75,-4.80,4.69,-0.41,0.00000715
89304,0,-5.06,5.31,-0.38,-10.00,-0.19,-0.13,-5.38,4.69,-0.32,0.00000025
89406,0,-27,5.24,-0.32,-42.00,-1.19,-1.19,-2.64,4.62,-0.25,-0.00000640
89459,0,-0.34,5.18,-0.28,-50.81,-1.12,-1.12,-0.90,4.57,-0.22,-0.00000883
89491,0,0.64,5.16,-6,-53.25,-1.37,-0.81,1.09,4.52,-0.19,-0.00001025
89531,0,3.54,5.09,-0.22,-44.06,-1.37,-0.81,3.04,4.47,-0.16,-0.00000942
89570,0,4.85,5.07,-0.31,-27.69,0.00,2.87,4.52,4.44,-0.22,-0.00000716
89647,0,5.40,5.05,-0.37,1.37,-0.06,-0.13,5.40,4.42,-0.30,-0.00000220
89693,0,4.96,5.07,-0.38,11.13,0.69,0.06,5.17,4.42,-0.31,-0.00000000
89754,0,2.96,5.11,-0.41,40.25,0.81,0.69,3.27,4.47,-0.33,0.00000590
89800,0,1.16,5.15,-0.42,48.81,1.69,0.81,2.03,4.49,-0.33,0.00000786
89866,0,-2.03,5.22,-0.48,42.56,0.88,0.69,-1.69,4.58,-0.40,0.00000867
89919,0,-3.44,5.23,-0.50,32.81,1.25,0.56,-3.19,4.59,-0.43,0.00000737
89985,0,-4.82,5.26,-0.40,5.81,-0.19,-0.81,-4.85,4.63,-0.33,0.00000405
90035,0,-4.67,5.26,-0.39,-7.75,0.69,0.00,-4.82,4.63,-0.32,0.00000107
90093,0,-3.78,5.23,-0.37,-24.50,-0.37,-4,-3.85,4.60,-0.30,-0.00000344
90116,0,-2.89,5.21,-0.35,-34.69,-1.25,-0.50,-3.59,4.60,-0.29,-0.00000404
90262,0,2.98,5.09,-0.24,-37.12,-0.44,-0.75,2.55,4.46,-0.18,-0.00000788
90332,0,4.78,5.04,-0.27,-16.12,-0.69,2.19,4.59,4.41,-0.18,-0.00000470
90380,0,5.03,5.05,-0.30,-2.69,0.00,0.81,4.95,4.42,-0.22,-0.00000254
90478,0,2.86,5.07,-0.32,36.63,1.19,0.19,3.14,4.43,-0.25,0.00000539
90543,0,0.87,5.12,-0.34,42.19,1.12,0.37,1.20,4.48,-0.27,0.00000745
90796,0,-3.92,5.22,-0.34,-24.50,-1.06,-0.62,-4.22,4.61,-0.27,-0.00000212
90853,0,-2.74,5.19,-0.32,-33.81,-0.75,-0.81,-3.14,4.57,-0.26,-0.00000511
90880,0,-1.29,5.17,-0.30,-39.44,-1.06,-0.69,-1.74,4.54,-0.23,-0.00000659
90918,0,0.26,5.13,-0.25,-39.94,-0.88,-0.94,-0.19,4.50,-0.19,-0.00000729
91242,0,1.56,5.10,-0.26,36.37.75,0.75,0.88,1.49,4.47,-0.19,0.00000627
91264,0,0.43,5.12,-0.29,39.06,0.94,1.06,1.12,4.47,-0.20,0.00000664
91343,0,-2.26,5.18,-0.31,37.44,0.50,0.62,-1.97,4.55,-0.23,0.00000770
91377,0,-3.50,5.21,-0.31,28.25,1.00,0.44,-3.30,4.56,-0.24,0.00000655
91547,0,-3.59,5.20,-0.31,-19.62,-0.69,-0.62,-3.42,4.57,-0.23,-0.00000362
91605,0,-1.80,5.18,-0.27,-36.06,-0.50,-0.88,-2.22,4.55,-0.21,-0.00000570
91650,0,-0.28,5.13,-0.24,-40.94,-1.44,-0.88,-0.75,4.52,-0.18,-0.00000718
91720,0,2.69,5.07,-0.20,-33.81,-0.81,-0.75,2.30,4.45,-0.13,-0.00000722
91804,0,4.39,5.03,-0.19,-13.50,-0.62,-0.25,4.20,4.41,-0.11,-0.00000411
91961,0,2.62,5.05,-0.19,32.00,0.94,0.37,2.86,4.41,-0.12,0.00000468
92069,0,-1.74,5.15,-0.24,36.88,1.06,0.56,-1.11,4.50,-0.17,0.00000725
92233,0,-2.70,5.17,-0.25,31.81,0.69,0.62,-2.46,4.53,-0.17,0.00000678.00000567
92287,0,-4.33,5.19,-0.25,11.44,0.19,0.00,-4.29,4.56,-0.18,0.00000393
92321,0,-4.42,5.19,-0.26,-2.69,0.00,-0.13,-4.51,4.56,-0.18,0.0000
92348,0,-3.97,5.19,-0.25,-16.56,-0.62,-0.37,-4.33,4.56,-0.19,-0.00000062
92491,0,-0.35,5.10,-0.20,-38.69,-0.75,-0.88,-0.79,4.48,-0.14,-0.00700
92515,0,0.77,5.08,-0.18,-38.63,-0.81,-0.88,-0.04,4.47,-0.12,-0.00000719
92548,0,1.83,5.05,-0.16,-35.69,-0.75,-0.75,1.41,4.43,-0.09,-0.00000714
92640,0,3.87,5.02,-0.14,-17.81,-0.50,-0.31,3.63,4.39,-0.07,-0.00000480
92744,0,3.43,5.01,-0.14,20.00,0.50,0.44,3.56,4.38,-0.07,0.00000163
92792,0,2.42,5.02,-0.15,27.12,0.62,0.44,2.91,4.38,-0.07,0.00000375
92877,0,0.02,5.08,-0.17,38.31,1.00,0.75,0.32,4.44,-0.09,0.00000683
92914,0,-1.46,5.12,-0.18,37.75,1.00,0.75,-1.17,4.48,-0.11,0.00000745
92987,0,-4.32,5.17,-0.20,-10.44,-0.19,-0.25,-4.49,4.54,-0.12,-0.00000011
93385,0,0.37,5.07,-0.13,-39.19,-5,-0.75,0.67,4.44,-0.05,-0.00000723
93439,0,2.72,5.02,-0.08,-30.50,-0.62,-0.69,2.05,4.40,-0.03,-0.00000683
93471,0,3.67,5.01,-0.07,-23.81,-0.44,-0.50,3.17,4.38,0.00,-0.00000567
93658,0,4.26,5.00,-0.07,-0.69,-0.19,-0.13,4.22,4.37,-0.00,-0.00000189
93691,0,3.98,5.00,-0.08,12.06,0.19,0.19,4.04,4.37,-0.00,0.00000053
93892,0,2.08,5.03,-0.08,32.31,0.81,0.56,2.32,4.39,-0.01,0.00000459
93925,0,0.71,5.06,-0.10,35.56,0.81,0.62,1.34,4.41,-0.01,0.00000601
94035,0,-2.99,5.15,-0.16,28.87,0.81,0.44,-2.78,4.51,-0.09,0.00000669
94147,0,-4.34,5.16,-0.15,-2.69,0.00,0.00,-4.44,4.53,-0.08,0.00000133
94310,0,-0.46,5.09,-0.10,-37.25,-0.75,-0.69,-0.89,4.48,-0.04,-0.00000649
94540,0,3.67,5.01,-0.06,10.38,0.31,0.13,3.83,4.38,0.01,0.00000028
94594,0,3.12,5.01,-0.06,21.50,0.44,0.31,3.26,4.38,0.01,0.00000254
94818,0,-3.88,5.18,-0.11,20.19,0.62,0.44,-3.76,4.54,-0.04,0.00000569
94852,0,-4.37,5.18,-0.11,8.56,0.25,0.13,-4.36,4.55,-0.04,0.00000391
94966,0,0.28,5.07,-0.04,-37.38,-0.88,-0.69,-0.15,4.46,0.02,-0.00000685
95005,0,2.30,5.02,0.00,-33.44,-0.75,-0.69,1.60,4.41,0.06,-077
95039,0,2.85,5.01,0.01,-28.25,-0.69,-0.62,2.51,4.39,0.08,-0.00000623
95072,0,3.70,5.00,0.01,-18.87,-0.37,-0.31,3.45,4.37,0.08,-0.00000530
95266,0,4.14,5.00,0.01,2.00,0.13,-0.06,4.10,4.37,0.08,-0.00000136
95505,0,-2.30,5.13,-0.03,31.75,0.75,0.56,-2.07,4.49,0.04,0.00000689
95630,0,-2.48,5.14,-0.02,-28.81,-0.81,-0.75,-2.83,4.52,0.04,-0.00000371
95679,0,-1.21,5.11,0.00,-34.56,-0.75,-0.69,-1.94,4.50,0.06,-00000618
95702,0,3.50,5.01,0.08,-22.37,-0.56,-0.50,3.22,4.38,0.14,-0.00000548
95750,0,4.08,5.00,0.07,-11.56,-0.31,-0.37,3.90,4.37,0.15,-0.00000376
95966,0,3.07,5.01,0.07,23.00,0.62,0.31,3.22,4.37,0.14,0.00000284
96003,0,1.98,5.04,0.07,31.13,0.69,0.44,2.49,4.39,0.14,0.00000431
96324,0,-3.49,5.15,0.01,-17.62,-0.50,-0.37,-3.88,4.52,0.08,-0.00000117
96410,0,2.32,5.01,0.12,-31.31,-0.75,-0.69,1.96,4.39,0.19,-0.00000655
96642,0,4.16,4.99,0.112,4.62,0.19,0.06,4.09,4.36,0.20,-0.00000083
96658,0,4.02,4.99,0.13,7.69,0.31,0.13,4.03,4.36,0.19,-0.00000027
96889,0,1.57,5.04,0.12,32.38,0.75,0.62,1.82,4.40,0.19,0.00000518
96926,0,0.24,5.07,0.11,35.25,0.94,0.62,0.51,4.43,0.18,0.00000626
97078,0,-3.87,5.16,0.08,11.00,0.19,0.25,-3.83,4.53,0.15,0.00000355
97123,0,-3.99,5.15,0.09,-1.19,0.00,-0.06,-4.06,4.52,0.16,0.00000200
97534,0,3.76,4.99,0.19,-17.31,-0.37,-0.56,3.35,4.36,0.26,-0.00000504
97761,0,3.72,4.99,0.18,14.06,0.44,0.25,3.79,4.36,0.26,0.00000103
97807,0,2.91,4.99,0.18,21.56,0.44,0.37,3.29,4.36,0.25,0.00000264
97838,0,2.08,5.01,0.18,31.00,0.81,0.56,2.31,4.38,0.25,0.00000449
98066,0,1.60,5.02,0.22,-34.44,-0.94,-0.62,0.88,4.41,0.29,-0.00000665
98440,0,-0.66,5.07,0.22,-33.06,-0.69,-0.69,-1.05,4.45,0.29,-0.00000561
98534,0,4.14,4.97,0.28,1.81,0.13,-0.13,4.15,4.34,0.34,-0.00000131
98635,0,2.81,4.97,0.27,24.62,0.75,0.37,2.98,4.33,0.34,0.00000335
98740,0,-0.58,5.05,0.25,33.06,0.88,0.69,-0.32,4.41,0.33,0.00000623
98780,0,-1.79,5.08,0.25,30.62,0.75,0.62,-1.27,4.44,0.32,0.00000621
98832,0,-2.05,5.05.09,0.25,20.19,0.56,0.44,-2.62,4.47,0.32,0.00000522
98852,0,-3.21,5.10,0.25,12.69,0.44,-0.06,-3.16,4.47,0.32,0.00000369
99014,0,-1.59,5.06,0.25,-26.62,-0.69,-0.50,-2.19,4.45,0.32,-0.00000391
99095,0,0.59,5.01,0.29,-33.94,-0.81,-0.62,0.19,4.39,0.35,-0.00000628
99137,0,1.86,4.98,0.32,-32.50,-0.81,-0.81,1.48,4.35,0.38,-0.00000650
99203,0,3.77,4.94,0.32,-18.69,-0.44,-0.37,3.54,4.32,0.39,-0.00000528
99366,0,4.21,4.94,0.31,-8.69,-0.13,-0.19,3.98,4.31,0.39,-0.00000368
99425,0,3.96,4.94,0.31,10.81,0.31,0.19,4.00,4.31,0.38,0.00000049
99617,0,1.96,4.98,0.31,28.37,0.69,0.56,2.46,4.33,0.38,0.00000424
99666,0,1.04,5.00,0.31,32.63,0.75,0.56,1.28,4.36,0.38,0.00000552
99824,0,-0.25,5.03,0.30,33.19,0.75,0.62,-0.00,4.39,0.37,0.00000612
99879,0,-2.26,5.07,0.29,25.37,0.56,0.44,-2.08,4.44,0.36,0.00000554
99914,0,-3.03,5.08,0.29,16.69,0.69,0.31,-2.94,4.44,0.36,0.00000436
100229,0,-1.26,5.04,0.30,-29.81,-0.69,-0.62,-1.62,4.42,0.37,-0.00000476
100264,0,-0.01,5.02,0.33,-33.38,-0.69,-0.62,-0.41,4.39,0.39,-0.00000591
100348,0,2.44,4.95,0.36,-29.44,-0.75,-0.50,1.80,4.34,0.43,-0.00000634
100382,0,3.38,4.94,0.36,-24.12,-0.50,-0.56,2.87,4.31,0.44,-0.00000559
100696,0,-3.33,5.07,0.32,12.88,0.44,0.25,-3.18,4.44,0.39,0.00000377
100747,0,-3.47,5.07,0.32,2.19,0.00,-0.13,-3.52,4.44,0.39,0.00000188
100819,0,0.81,4.99,0.36,-32.88,-0.75,-0.56,0.11,4.37,0.42,-0.00000611
100933,0,3.52,4.94,0.37,12.50,0.37,0.13,3.57,4.31,0.44,0.00000083
100977,0,2.79,4.93,0.37,21.50,0.44,0.37,2.94,4.30,0.44,0.00000277
101047,0,1.18,4.96,0.35,30.1.44,0.81,0.50,1.11,4.33,0.42,0.00000533
101065,0,0.57,4.98,0.35,31.81,1.00,0.56,0.81,4.34,0.42,0.00000556
101272,0,-2.76,5.04,0.35,21.44,0.56,0.44,-2.39,4.42,0.42,0.00000531
101503,0,-0.93,5.01,0.37,-29.75,-0.75,-0.62,-1.58,4.40,0.42,-0.00000477
101674,0,0.31,4.99,0.39,-32.44,-0.94,-0.62,-0.38,4.37,0.45,-0.00000580.00000618
101728,0,2.36,4.94,0.41,-27.56,-0.62,-0.62,2.03,4.31,0.47,-0.00000586
101908,0,3.76,4.93,0.41,-10.88,-0.44,-0.31,3.60,4.30,0.48,-0.00000391
101972,0,3.89,4.93,0.41,-0.06,0.00,0.06,3.81,4.30,0.47,-0.00000204
102003,0,3.71,4.93,0.40,8.25,0.13,0.06,3.73,4.30,0.47,-0.00000009
102242,0,-0.12,5.01,0.40,31.81,0.81,0.56,0.12,4.37,0.47,0.00000580
102306,0,-1.31,5.04,0.40,29.75,0.75,0.56,-0.80,4.40,0.47,0.00000595
102419,0,-2.59,5.08,0.40,-19.81,-0.50,-0.50,-2.86,4.45,0.47,-0.00000246
102457,0,-1.64,5.08,0.40,-27.19,-0.50,-0.56,-1.98,4.45,0.47,-0.00000418
102604,0,2.82,4.99,0.44,-21.37,-0.44,-0.44,2.55,4.36,0.52,-0.00000529
102652,0,3.41,4.98,0.44,-14.87,-0.37,-0.37,3.09,4.35,0.52,-0.00000401
102751,0,1.08,5.00,0.44,29.31,0.75,0.37,1.29,4.36,0.51,0.00000486
102789,0,-0.11,5.03,0.44,31.31,0.88,0.62,0.12,4.39,0.51,0.00000566
102889,0,-3.45,5.10,0.43,-8.56,-0.31,-0.13,-3.61,4.47,0.50,-0.00000008
102934,0,-2.88,5.09,0.43,-18.31,-0.62,-0.25,-3.13,4.47,0.50,-0.00000208
102980,0,1.53,5.00,0.49,-29.81,-0.62,-0.75,0.88,4.39,0.55,-0.00000596
103017,0,2.30,4.99,0.50,-25.81,-0.62,-0.44,1.99,4.36,0.57,-0.00000558
103118,0,3.63,4.96,0.50,1.62,0.19,0.00,3.59,4.33,0.57,-0.00000119
103279,0,3.29,4.96,0.49,9.81,0.19,0.13,3.44,4.33,0.57,0.00000036
103579,0,-3.44,5.08,0.49,6.37,0.13,0.25,-3.46,4.45,0.56,0.00000263
103620,0,-3.44,5.08,0.49,-3.81,-0.13,-0.19,-3.56,4.45,0.56,0.00000072
103688,0,-2.29,5.08,0.49,-22.37,-0.50,-0.44,-2.77,4.45,0.56,-0.00000265
103725,0,-1.26,5.06,0.50,-28.69,-0.62,-0.56,-1.87,4.44,0.56,-0.0001
103759,0,-0.08,5.03,0.51,-30.81,-0.94,-0.62,-0.75,4.42,0.57,-0.00000536
103817,0,0.81,5.01,0.53,-30.87,-0.81,-0.62,0.45,4.39,0.59,-0.00000585
104041,0,3.45,4.96,0.53,-12.50,-0.31,-0.31,3.27,4.33,0.61,-0.00000408
104261,0,2.95,4.96,0.53,17.00,0.44,0.19,3.04,4.32,0.60,0.00000191
104309,0,2.10,4.97,0.53,24.37,0.50,0.44,2.48,4.33,0.60,0.00000318
104449,0,-2.27,5.06,0.52,24.94,0.50,0.25,-1.87,4.42,0.59,0.00000534
104497,0,-2.83,5.06,0.53,17.50,0.56,0.19,-2.74,4.43,0.60,0.00000432
104620,0,-0.52,5.04,0.53,-30.25,-0.69,-0.56,-0.87,4.41,0.60,-0.00000513
104912,0,3.67,4.98,0.57,-7.06,-0.19,-0.25,3.50,4.35,0.65,-0.00000272
104956,0,3.63,4.98,0.57,3.25,0.00,0.06,3.60,4.35,0.64,-0.00000088
104990,0,3.25,4.98,0.57,13.13,0.31,-0.06,3.31,4.35,0.64,0.00000104
105138,0,-0.74,5.04,0.57,29.69,0.75,0.56,-0.23,4.40,0.64,0.00000558
105187,0,-1.54,5.07,0.57,26.75,0.62,0.37,-1.35,4.43,0.64,0.00000553
105306,0,-1.97,5.08,0.57,-23.00,-0.50,-0.44,-2.26,4.45,0.64,-0.00000327
105359,0,-0.94,5.07,0.57,-28.37,-0.56,-0.69,-1.28,4.44,0.64,.00000503
105397,0,3.16,4.99,0.59,-19.56,-0.62,-0.44,2.74,4.37,0.67,-0.00000476
105659,0,3.06,4.99,0.59,15.38,0.44,0.31,3.15,4.36,0.66,0.00000157
106006,0,-2.53,5.11,0.57,-13.44,-0.37,-0.37,-2.73,4.48,0.64,-0.00000127
106091,0,2.18,5.03,0.62,-26.75,-0.56,-0.56,1.86,4.40,0.69,-0.00000561
106341,0,3.65,5.01,0.61,7.19,0.13,0.06,3.66,4.39,0.67,-0.00000061
106566,0,1.55,5.04,0.60,25.94,0.62,0.44,2.00,4.39,0.67,0.00000402
106598,0,0.72,5.05,0.60,29.00,0.88,0.56,0.93,4.42,0.67,0.00000500
106754,0,-2.82,5.11,0.60,10.38,0.13,0.25,-2.80,4.48,0.67,0.00000310
106803,0,-3.00,5.10,0.60,0.62,0.00,-0.06,-3.06,4.47,0.67,0.00000146
107211,0,3.43,5.03,0.61,9.94,0.25,0.19,3.47,4.40,0.69,0.00000044
107262,0,2.81,5.02,0.61,18.37,0.56,0.44,3.09,4.40,0.68,0.00000185
107293,0,2.16,5.03,0.61,23.25,0.62,0.37,2.32,4.40,0.68,0.00000338
107449,0,-1.93,5.14,0.61,20.12,0.62,0.25,-1.80,4.51,0.67,0.00000448
107493,0,-2.51,5.14,0.60,11.94,0.37,0.13,-2.47,4.51,0.68,0.00000329
107585,0,-0.57,5.11,0.61,-26.56,-0.75,-0.56,-0.89,4.49,0.68,-0.00000447
107701,0,3.77,5.04,0.63,-1.44,-0.06,-0.06,3.70,4.41,0.70,-0.00000172
107732,0,3.56,5.03,0.63,8.13,0.25,0.06,3.58,4.40,0.70,0.00000006
107920,0,2.18,5.03,0.62,23.31,0.56,0.44,2.33,4.41,0.69,0.000000371
107962,0,1.42,5.05,0.62,26.75,0.75,0.50,1.86,4.40,0.69,0.00000403
107992,0,0.60,5.07,0.62,28.25,0.69,0.44,0.81,4.44,0.69,0.00000488
108867,0,2.67,5.03,0.64,18.81,0.31,0.19,2.79,4.40,0.71,0.00000239
108898,0,1.77,5.04,0.65,24.75,0.69,0.50,2.18,4.40,0.71,0.00000348
109060,0,-2.63,5.11,0.64,-8.56,-0.25,-0.31,-2.84,4.48,0.71,0.00000008
109278,0,-1.27,5.11,0.64,-21.87,-0.44,-0.44,2.00,4.41,0.73,-0.00000538
109561,0,1.18,5.06,0.65,26.44,0.75,0.50,1.37,4.42,0.71,0.00000429
109592,0,0.11,5.09,0.64,27.56,0.75,0.56,0.31,4.45,0.72,0.00000496
109629,0,-2.79,5.12,0.65,5.06,0.13,0.00,-2.81,4.49,0.71,0.00000255
109691,0,-2.75,5.12,0.65,-1.87,-0.13,-0.06,-2.88,4.49,0.71,0.00000088
110214,0,2.98,5.04,0.66,11.63,0.37,0.13,3.18,4.40,0.73,0.00000087
110254,0,2.46,5.03,0.65,19.31,0.56,0.37,2.58,4.40,0.73,0.00000252
110305,0,1.56,5.04,0.66,24.75,0.56,0.44,1.74,4.41,0.72,0.00000381
110634,0,1.23,5.06,0.66,-26.37,-0.50,-0.62,0.91,4.43,0.73,-0.00000524
110746,0,3.25,5.04,0.66,-7.87,-0.25,-0.19,3.11,4.41,0.74,-0.00000313
111367,0,-1.66,5.11,0.66,-19.31,-0.31,-0.31,-2.12,4.48,0.73,-0.00000266
111810,0,3.17,5.02,0.68,6.12,0.25,0.19,39,4.39,0.75,0.00000149
111831,0,2.56,5.02,0.67,16.19,0.31,0.31,2.49,4.39,0.74,0.00000229
111865,0,1.98,5.02,0.68,19.31,0.50,0.31,2.31,4.39,0.75,0.00000267
111897,0,1.30,5.03,0.67,24.31,0.50,0.44,1.47,4.40,0.75,0.00000389
112086,0,-0.47,5.05,0.67,25.94,0.62,0.56,-0.29,4.42,0.75,0.00000489
112135,0,-1.42,5.08,0.67,23.12,0.62,0.37,-1.27,4.44,0.75,0.00000480
112277,0,-2.64,5.09,0.67,-8.19,-0.19,-0.19,-2.78,4.46,0.74,-0.00000033
112364,0,-1.35,5.08,0.68,-22.19,-0.69,-0.37,1.75,4.41,0.75,-0.00000466
112586,0,3.02,5.03,0.68,-6.62,-0.13,-0.13,2.89,4.40,0.75,-0.00000244
112700,0,-0.45,5.08,0.67,25.75,0.69,0.50,-0.26,4.44,0.75,0.00000486
112742,0,-2.94,5.09,0.67,2.25,0.06,-0.13,-2.99,4.46,0.75,0.00000168
112792,0,-2.81,5.09,0.67,-6.37,-0.06,-0.19,-2.95,4.46,0.75,0.00000008
113057,0,2.51,5.04,0.70,-17.44,-0.50,-0.37,2.27,4.42,0.77,-0.00000417
113205,0,2.51,5.03,0.69,15.00,0.37,0.31,2.59,4.41,0.76,0.00000170
113253,0,1.77,5.03,0.69,20.81,0.56,0.37,1.90,4.40,0.77,0.00000282
113285,0,1.09,5.03,0.69,24.06,0.50,0.44,1.26,4.40,0.77,0.00000388
113320,0,-2.37,5.09,0.69,14.13,0.62,0.31,-2.30,4.45,0.76,0.00000359
113664,0,2.42,5.03,0.71,-18.37,-0.50,-0.44,2.17,4.40,0.78,-0.00000428
113897,0,2.92,5.03,0.70,5.25,0.19,0.25,2.90,4.40,0.77,-0.00000023
113946,0,2.49,5.02,0.70,13.50,0.19,0.06,2.56,4.39,0.77,0.00000145
113975,0,2.00,5.03,0.70,18.25,0.44,0.44,2.11,4.40,0.77,0.00000250
114154,0,-1.47,5.07,0.70,-20.87,-0.50,-0.50,-1.75,4.45,0.77,-0.00000316
114269,0,1.39,5.06,0.71,-23.75,-0.56,-0.44,0.85,4.44,0.78,-0.00000485
114622,0,-2.33,5.08,0.69,-11.63,-0.37,-0.25,-2.51,4.44,0.77,-0.00000070
115234,0,2.54,5.04,0.70,14.06,0.44,0.19,2.61,4.41,0.77,0.00000147
115333,0,0.27,5.06,0.70,24.62,0.50,0.50,0.44,4.43,0.77,0.00000436
115375,0,-0.66,5.08,0.70,23.37,0.62,0.44,-0.28,4.44,0.77,0.00000454
115393,0,-0.89,5.09,0.70.70,18.69,0.44,0.31,-1.38,4.46,0.77,0.00000427
115535,0,-2.55,5.10,0.70,-2.00,0.06,0.06,-2.64,4.47,0.77,0.00000111
115822,0,2.78,5.05,0.69,-15.13,-0.31,-0.31,2.45,4.42,0.76,-0.00000375
115882,0,2.17,5.04,0.68,15.56,0.37,0.31,2.43,4.41,0.75,0.00000194
115913,0,1.60,5.04,0.69,21.00,0.62,0.44,1.73,4.41,0.75,0.00000314
115958,0,0.70,5.06,0.68,24.00,0.69,0.44,0.86,4.43,0.76,0.00000398
115975,0,0.4,5.08,0.69,23.62,0.56,0.44,-0.08,4.46,0.76,0.00000450
116013,0,-0.91,5.09,0.68,22.69,0.56,0.44,-0.77,4.45,0.75,0.00000444
116044,0,-1.69,5.09,0.68,18.25,0.44,0.44,-1.40,4.46,0.75,0.00000418
116208,0,-2.34,5.09,0.68,9.88,0.19,0.25,-2.20,4.46,0.75,0.00000308
116743,0,1.65,5.08,0.68,-22.25,-0.50,-0.37,1.37,4.46,0.76,-0.00000461
116897,0,2.90,5.06,0.67,7.06,0.00,0.06,2.96,4.44,0.74,-0.00000025
116940,0,2.57,5.07,0.67,12.50,0.31,0.31,2.63,4.43,0.74,0.00000128
117157,0,0.39,5.07,0.67,23.94,0.62,0.37,0.56,4.43,0.74,0.00000427
117204,0,-0.51,5.08,0.67,22.87,0.44,0.31,-0.36,4.44,0.74,0.00000437
117337,0,-2.22,5.08,0.67,5.37,-0.06,0.,-1.26,4.44,0.74,-0.00000304
117423,0,0.76,5.06,0.66,-24.19,-0.50,-0.44,0.47,4.43,0.74,-0.00000460
117932,0,-1.86,5.05,0.65,-12.50,-0.37,-0.31,-2.05,4.42,0.72,-0.00000141
118228,0,2.53,4.99,0.64,12.69,0.31,0.19,2.59,4.36,0.70,0.00000133
118323,0,0.38,5.01,0.63,23.12,0.69,0.44,0.53,4.37,0.71,0.00000411
118356,0,-0.51,5.02,0.63,22.37,0.50,0.31,-0.36,4.39,0.70,0.00000432
118589,0,2.90,5.00,0.62,-10.94,-0.37,-0.31,2.73,4.37,0.70,-0.00000310
118655,0,3.13,4.99,0.62,-1.62,-0.06,0.00,3.05,4.36,0.69,-0.00000155
118797,0,1.48,4.98,0.62,20.62,0.56,0.44,1.61,4.36,0.68,0.00000321
118959,0,0.61,4.99,0.61,22.62,0.56,0.50,0.76,4.36,0.69,0.00000388
118992,0,0.39,4.99,0.62,21.81,0.56,0.44,-0.34,4.37,0.68,0.00000424
119223,0,-2.12,5.00,0.61,7.81,0.25,0.00,-2.11,4.37,0.68,0.00000236
119258,0,-2.23,5.00,0.62,0.06,0.06,-0.06,-2.30,4.37,0.69,0.00000099
119512,0,2.06,4.99,0.61,-19.31,-0.56,-0.44,1.81,4.36,0.68,-0.00000439
119619,0,3.05,4.99,0.60,-1.12,-0.06,0.00,2.97,4.36,0.67,-0.00000136
120114,0,-2.21,5.02,0.60,5.25,0.19,0.06,-2.20,39,0.66,-0.00000318
120146,0,-0.60,5.02,0.59,-21.37,-0.56,-0.31,-0.87,4.39,0.67,-0.00000353
120266,0,1.88,5.01,0.59,-18.50,-0.44,-0.37,1.45,4.38,0.67,-0.00000421
120319,0,2.66,5.00,0.59,-9.88,-0.25,-0.31,2.50,4.37,0.67,-0.00000290
120455,0,2.37,5.00,0.59,11.75,0.25,0.19,2.42,4.37,0.65,0000247
120499,0,1.58,5.00,0.59,18.56,0.44,0.31,1.69,4.37,0.66,0.00000300
120518,0,0.98,5.01,0.58,20.87,0.69,0.25,1.12,4.37,0.65,0.00000331
120548,0,0.35,5.01,0.58,22.19,0.56,0.50,0.49,4.38,0.65,0.00000392
120728,0,-1.61,5.02,0.59,-14.75,-0.56,-0.31,-1.82,4.39,0.66,-0.00000167
120920,0,2.78,4.99,0.58,1.62,0.06,-0,2.59,4.36,0.64,0.00000048
120979,0,2.46,4.99,0.57,10.63,00.37,0.25,2.39,4.36,0.64,0.00000129
120999,0,2.06,4.99,0.57,14.81,0.44,0.37,2.13,4.36,0.64,0.00000190
121028,0,1.36,4.99,0.57,18.50,0.56,0.50,1.66,4.36,0.64,0.00000277
121105,0,-0.11,5.00,0.57,21.94,0.69,0.37,0.04,4.36,0.64,0.00000404
121137,0,-0.91,5.01,0.57,20.37,0.37,0.31,-0.59,4.38,0.64,0.00000409
121189,0,-1.59,5.01,0.57,15.56,0.56,0.31,-1.52,4.38,0.64,0.00000355
121309,0,-2.17,5.01,0.57,-3.19,-0.13,-0.13,-2.33,4.38,0.64,0.00000038
121486,0,0.84,4.99,0.57,-22.12,-0.62,-0.37,0.35,4.37,0.64,-0.00000422
121713,0,2.52,4.98,0.56,-9.19,-0.19,-0.13,2.36,4.35,0.63,-0.00000262
121757,0,2.66,4.98,0.56,0.31,-0.06,-0.06,2.60,4.35,0.63,-0.00000107
121870,0,1.54,4.98,0.56,17.44,0.25,0.31,1.64,4.35,0.63,0.00000256
121920,0,0.77,4.98,0.56,20.69,0.50,0.19,0.91,4.35,0.63,0.00000345
121947,0,-0.07,4.97,0.56,21.69,0.44,0.44,0.28,4.35,0.62,0.00000392
121964,0,-0.28.06,4.99,0.56,20.06,0.69,0.37,-0.75,4.35,0.63,0.00000401
122000,0,-1.41,4.98,0.55,17.69,0.31,0.19,-1.31,4.35,0.63,0.00000378
122032,0,-1.97,4.98,0.56,12.38,0.25,0.13,-1.79,4.35,0.63,0.00000326
122266,0,-0.48,4.98,0.57,-21.06,-0.44,-0.44,-0.76,4.35,0.64,-0.00000353
122404,0,1.92,4.98,0.57,-17.25,-0.50,-0.44,1.68,4.35,0.64,-0.00000384
122597,0,-8.56,5.35,0.46,133.69,3.44,3.31,-7.33,4.69,0.57,0.00002571
122679,0,-19.37,5.61,0.09,137.50,4.62,0.56,-18.10,4.93,0.17,0.00003035
122808,0,-33.97,5.18,-1.41,99.69,-0.69,-12.56,-33.08,4.49,-1.44,00002777
122828,0,-36.94,5.34,-1.28,106.37,3.00,0.13,-35.00,4.62,-1.23,0.00002804
122873,0,-40.61,5.16,-1.57,78.62,3.69,8.81,-39.90,4.56,-1.41,0.00002951
122945,0,-46.04,5.15,-1.66,52.13,1.37,-2.56,-45.61,4.49,-1.60,0.00002427
123098,0,-49.41,5.76,-1.25,4.00,-1.44,0.75,-49.38,5.21,-1.13,0.00001406
123119,0,-49.46,5,-1.25,5.75,-1.19,-5.19,-49.59,5.09,-1.22,0.00001471
123169,0,-49.91,5.72,-1.27,8.56,-0.62,-0.50,-49.89,5.10,-1.20,0.00001566
123446,0,-48.98,5.71,-1.21,-12.50,0.44,0.19,-49.17,5.09,-1.14,0.00001172
123515,0,-48.44,5.72,-1.21,-0.88,0.88,0.06,-48.52,5.08,-1.14,0.00001277
123600,0,-48.22,5.72,-1.16,-9.81,-0.50,-0.19,-48.37,5.08,-1.09,0.00001240
123785,0,-47.36,5.71,-1.14,-13.00,-1.31,-0.69,-47.68,5.09,-1.08,0.00001068
123834,0,-46.89,5.73,-1.11,-7.69,-1.19,-1.31,-47.04,5.10,04,0.00001159
123856,0,-46.68,5.72,-1.11,-8.13,0.06,-0.06,-46.90,5.09,-1.04,0.00001178
123901,0,-46.22,5.73,-1.09,-14.38,0.00,-0.06,-46.54,5.09,-1.02,0.000991
123947,0,-45.58,5.73,-1.10,-17.06,-0.62,-0.44,-45.99,5.11,-1.03,0.00000963
124079,0,-44.21,5.75,-1.04,-16.06,0.25,0.06,-44.61,5.11,-0.97,0.00000999
124121,0,-43.27,5.75,-1.03,-25.37,-0.81,-0.56,-43.85,5.12,-0.97,00.00000674
124177,0,-42.07,5.76,-0.98,-33.19,-1.12,-1.31,-42.78,5.13,-0.94,0.00000635
124247,0,-39.05,5.78,-0.86,-52.88,-1.87,-1.94,-40.21,5.15,-0.84,0.00000252
124297,0,-35.20,5.76,-0.78,-90.37,-1.87,-2.1,-35.27,5.13,-0.71,-0.00000686
124321,0,-32.27,5.72,-0.69,-105.81,-2.87,-1.50,-33.37,5.11,-0.65,-0.00000820
124435,0,-17.15,5.48,-0.25,-166.06,-4.37,-2.94,-18.83,4.89,-0.22,-0.00002382
124542,0,30.21,4.21,0.64,-274.31,-6.62,-6.81,27.49,3.66,0.68,-0.00005648
124595,0,40.37,3.66,0.88,-240.62,-8.06,-15.88,35.44,3.35,0.80,-0.00005985
124646,0,50.08,3.30,0.79,-193.69,9,0.25,50.01,2.67,0.86,-0.00004949
124670,0,55.23,3.23,0.62,-164.50,-6.31,1.31,53.57,2.62,0.75,-0.00004978
124938,0,71.41,2.61,-0.02,-81.12,-1.37,-3.25,70.56,2.02,0.06,-0.00003578
125009,0,76.74,2.40,-0.39,-51.75,-7.19,0.44,75.72,1.80,-0.16,-0.00003135
125166,0,78.11,2.22,-0.55,-33.00,-2.75,-4.94,77.45,1.67,-0.50,-02588
125183,0,78.69,2.28,-0.51,-16.69,-1.19,0.81,78.46,1.64,-0.43,-0.00002532
125325,0,77.15,2.28,-0.44,45.81,-1.94,2.50,77.53,1.64,-0.35,-0.00001405
125383,0,73.03,2.24,-0.28,69.19,1.06,1.62,73.63,1.59,-0.22,-0.00000854
125472,0,66.75,2.49,-0.06,89.87,4.00,0.75,68.45,1.82,-0.05,-0.00000320
125505,0,63.79,2.58,0.05,105.69,5.69,0.75,64.74,1.91,0.07,0.00000081
125557,0,58.15,2.85,0.29,124.87,7.69,3.19,59.29,2.15,0.31,0.9
125593,0,54.38,3.08,0.51,132.19,12.69,2.44,55.58,2.37,0.49,0.00000855
125625,0,48.96,3.42,0.81,147.25,5.87,0.56,50.31,2.75,0.83,0.00001141
125721,0,32.10,4.03,1.04,145.37,6.50,-1.31,33.43,3.35,1.07,0.00001894
125938,0,8.45,4.87,0.74,10.44,-0.31,1.94,8.65,4.23,0.85,-0.00000124
125972,0,7.77,4.92,0.77,26.44,2.06,-1.87,7.96,4.28,0.81,0.00000221
126017,0,7.19,4.93,0.6,39.00,2.31,-0.44,6.40,4.31,0.83,0.00000527
126049,0,5.7.09,5.00,0.74,31.81,0.37,1.56,5.66,4.35,0.83,0.00000532
126130,0,2.58,5.06,0.67,34.69,1.44,0.69,2.84,4.42,0.75,0.00000527
126163,0,1.17,5.10,0.67,34.75,0.19,0.62,1.44,4.47,0.75,0.00000647
126197,0,0.22,5.13,0.63,32.13,1.81,0.94,0.47,4.48,0.70,0.00000576
126256,0,-1.14,5.18,0.62,22.56,0.81,0.88,-0.99,4.54,0.70,9
126276,0,-1.67,5.18,0.61,16.06,0.37,-0.75,-1.58,4.55,0.67,0.00000416
126321,0,-1.88,5.20,0.62,2.62,0.62,0.50,-1.95,4.57,0.71,0.00000207
126391,0,-0.84,5.18,0.61,-22.19,-0.88,0.44,-1.13,4.56,0.68,-0.00000369
126555,0,0.02,5.16,0.65,-23.19,-0.75,-0.62,-0.27,4.54,0.71,-0.00000403
126612,0,1.54,5.11,0.68,-16.87,-0.94,-0.37,1.30,4.49,0.75,-0.00000362
126643,0,2.08,5.11,0.72,-16.00,-0.25,-0.88,1.72,4.48,0.76,-0.00000295
126725,0,3.06,5.07,0.70,-14.62,-0.75,0.50,2.87,4.45,0.77,-0.00000368
126778,0,3.29,5.07,0.69,-0.56,0.37,-0.31,3.22,4.44,0.76,-0.00000161
126821,0,2.94,5.06,0.68,14.13,0.44,0.44,3.00,4.43,0.76,0.00000107
126940,0,1.07,5.11,0.67,14.69,0.62,0.94,1.14,4.47,0.75,0.00000242
126971,0,0.41,5.12,0.67,17.62,0.56,0.13,0.69,4.49,0.74,0.00000290
127015,0,-0.11,5.12,0.66,19.12,0.31,0.19,0.00,4.49,0.73,0.00000336
127066,0,-1.52,5.15,0.67,16.37,0.25,-0.31,-1.29,4.52,0.74,0.00000351
127111,0,-1.76,5.15,0.66,3.87,0.13,0.37,-1.78,4.52,0.74,0.00000204
127239,0,-0.51,5.12,0.67,-16.56,-0.62,-0.06,-0.74,4.49,0.74,-0.00000262
127306,0,2.74,5.07,0.69,-15.75,-0.44,0.00,2.52,4.44,0.76,-0.00000393
127346,0,3.09,5.07,0.68,-4.62,-0.25,-0.50,2.97,4.44,0.76,-0.00000273
127515,0,1.79,5.06,0.67,14.62,-0.06,0.50,1.86,4.43,0.74,0.00000168
127547,0,1.28,5.07,0.67,19.19,0.50,0.06,1.39,4.43,0.74,0.00000289
127586,0,0.43,5.09,0.67,23.25,0.69,0.25,0.58,4.45,0.74,0.00000399
127684,0,-1.39,5.12,0.67,6.75,0.19,0.44,-1.39,4.49,0.74,0.00000208
127746,0,-1.52,5.12,0.67,0.06,0.06,0.13,-1.59,4.49,0.74,0.00000070
127934,0,0.51,5.08,0.67,-23.25,-0.56,-0.31,0.21,4.45,0.74,-0.00000426
128043,0,2.43,5.06,0.67,-11.19,-0.31,-0.50,2.26,4.43,0.73,-0.00000292
128201,0,2.22,5.05,0.65,13.81,0.37,0.00,2.44,4.42,0.72,0.00000148
128235,0,1.68,5.05,0.66,19.31,0.44,0.19,1.80,4.43,0.72,0.00000289
128269,0,0.88,5.07,0.65,20.06,0.62,0.31,1.02,4.44,0.72,0.00000349
128392,0,-0.92,5.07,0.65,14.50,0.56,0.13,-0.85,4.45,0.72,0.00000295
128441,0,-1.48,5.07,0.65,9.63,0.31,0.00,-1.46,4.45,0.72,0.00000254
128717,0,-0.08,5.07,0.65,-17.75,-0.62,-0.50,-0.49,4.45,0.72,-0.00000308
128854,0,1.81,5.06,0.65,-18.31,-0.44,-0.31,1.58,4.43,0.72,-0.00000383
128961,0,2.86,5.05,0.65,1.00,0.13,0.06,2.80,4.43,0.72,-0.00000136
129014,0,2.63,5.05,0.65,7.31,0.31,0.00,2.64,4.42,0.72,0.00000038
129046,0,2.21,5.05,0.64,11.44,0.25,0.25,2.26,4.42,0.72,0.00000135
129090,0,1.66,5.04,0.65,15.00,0.37,0.44,1.74,4.41,0.72,0.00000193
129140,0,0.42,5.06,0.64,20.31,0.56,0.31,0.55,4.43,0.71,0.00000347
129192,0,-0.35,5.07,0.64,19.00,0.56,0.25,-0.24,4.44,0.71,0.00000380
129322,0,-1.56,5.08,0.64,1.69,0.19,0.00,-1.62,4.45,0.72,-0.00000280
129359,0,-0.06,5.07,0.64,-18.31,-0.50,-0.25,-0.50,4.44,0.71,-0.00000307
129590,0,2.76,5.03,0.64,-2.00,0.06,0.06,2.67,4.40,0.71,-0.00000136
129623,0,2.65,5.03,0.63,4.87,0.00,0.19,2.63,4.40,0.71,-0.00000020
129721,0,1.17,5.02,0.63,18.31,0.56,0.37,1.28,4.39,0.70,0.00000300
129769,0,0.44,5.04,0.64,18.44,0.44,0.37,0.73,4.40,0.70,0.00000318
129976,0,-1.36,5.05,0.63,-3.62,-0.19,-0.19,-1.46,4.42,0.70,0.00000009
130055,0,-0.53,5.05,0.63,-14.69,-0.37,-0.37,-0.74,4.42,0.70,-0.00000237
130422,0,1.87,5.03,0.61,14.56,0.44,0.37,1.95,4.40,0.68,0.00000192
130467,0,1.22,5.03,0.61,16.94,0.31,0.37,1.49,4.40,0.68,0.00000258
130587,0,-0.81,5.06,0.61,13.31,0.31,0.19,-0.1.11,4.43,0.68,0.00000226
130653,0,-1.34,5.05,0.61,3.50,0.25,0.00,-1.37,4.42,0.68,0.00000127
130697,0,-1.33,5.05,0.61,-2.25,0.00,-0.19,-1.42,4.42,0.68,0.00
130733,0,-1.09,5.05,0.61,-8.37,-0.13,-0.31,-1.31,4.42,0.68,-0.00000059
130770,0,-0.65,5.06,0.61,-12.44,-0.25,-0.31,-0.97,4.43,0.68,-0.00000179
130975,0,2.38,5.03,0.60,-12.13,-0.25,-0.37,2.20,4.40,0.67,-0.00000314
131048,0,2.80,5.02,0.60,-2.50,-0.06,0.00,2.71,4.9,0.67,-0.00000034
131092,0,2.66,5.02,0.60,5.31,0.06,0.193,2.59,4.39,0.67,0.00000026
131110,0,2.40,5.02,0.60,10.06,0.25,0.25,2.43,4.39,0.66,0.00000063
131154,0,2.02,5.02,0.59,13.75,0.31,0.19,2.08,4.39,0.66,0.00000176
131344,0,-1.07,5.04,0.59,10.44,0.25,0.00,-1.04,4.42,0.66,0.00000245
131457,0,-1.07,5.04,0.59,-8.13,-0.19,-0.13,-1.22,4.41,0.66,-0.00000097
131574,0,0.62,5.04,0.59,-18.37,-0.50,-0.44,0.38,4.41,0.66,-0.00000333
131656,0,1.79,5.03,0.58,-16.37,-0.31,-0.37,1.57,4.40,0.65,-0.00000361
131802,0,2.62,5.02,0.58,3.19,0.06,0.00,2.64,4.39,0.64,-0.00000038
131853,0,2.39,5.02,0.57,8.88,0.37,0.25,2.41,4.39,0.65,0.00000070
132037,0,-0.65,5.01,0.57,13.56,0.44,0.44,-0.44,4.39,0.64,0.00000295
132148,0,-1.30,5.02,0.57,-1.12,-0.06,-0.06,-1.38,4.39,0.64,0.00000074
132190,0,-1.11,5.02,0.57,-5.69,-0.25,-0.13,-1.30,4.39,0.64,-0.00000039
132273,0,-0.28,5.02,0.57,-15.56,-0.44,-0.25,-0.50,4.38,0.64,-0.00000255
132378,0,1.69,5.01,0.56,-16.19,-0.31,-0.25,1.47,4.38,0.63,-0.00000345
132500,0,2.70,5.00,0.56,-3.37,0.00,0.00,2.60,4.37,0.63,-0.00000164
132542,0,2.66,5.00,0.56,2.62,0.06,0.06,2.61,4.37,0.63,-0.00000056
132660,0,1.33,5.00,0.56,16.06,0.37,0.31,77,4.37,0.62,0.00000289
132700,0,0.50,5.00,0.55,17.31,0.564,0.19,0.43,4.37,0.62,0.00000307
132722,0,0.16,5.00,0.55,17.06,0.50,0.25,0.26,4.37,0.62,0.00000311
132829,0,-1.22,5.00,0.56,6.81,0.19,0.19,-1.17,4.37,0.62,0.00000185
132870,0,-1.29,5.00,0.55,0.75,0.00,-0.06,-1.36,4.37,0.62,0.00000081
132953,0,-0.84,5.01,0.55,-10.25,-0.13,-0.25,-1.00,4.38,0.62,-0.00000119
133000,0,-0.34,5.00,0.55,-14.62,-0.37,-0.31,-0.55,4.37,0.62,-0.00000214
133080,0,0.97,5.01,0.55,-17.69,-0.50,-0.25,0.56,4.38,0.62,-0.00000340
133115,0,1.45,5.00,0.55,-16.25,-0.37,-0.44,1.22,4.37,0.62,-0.00000345
133182,0,2.34,4.99,0.54,-8.00,-0.19,-0.13,2.20,4.36,0.62,-0.00000233
133227,0,2.50,4.99,0.54,-2.50,0.00,-0.06,2.41,4.36,0.61,-0.00000167
133289,0,2.25,4.99,0.54,7.50,0.31,0.13,2.26,4.36,0.61,0.00000051
133418,0,0.61,5.00,0.54,17.06,0.62,0.06,0.71,4.36,0.61,0.00000294
133474,0,-0.04,5.00,0.54,16.44,0.50,0.25,0.05,4.37,0.61,0.00000308
133529,0,-0.97,5.01,0.54,11.19,0.25,0.13,-0.93,4.38,0.61,0.00000243
133568,0,-1.27,5.00,0.54,5.75,0.37,0.13,-1.29,4.37,0.61,0.00000170
133683,0,-0.98,5.01,0.54,-9.75,-0.19,-0.25,-1.15,4.38,0.61,-0.00000125
133748,0,0.12,5.00,0.54,-16.37,-0.44,-0.37,-0.11,4.37,0.61,-0.00000296
133799,0,0.78,5.01,0.54,-17.31,-0.50,-0.37,0.54,4.38,0.61,-0.00000331
133870,0,1.98,5.01,0.54,-13.06,-0.25,-0.37,1.65,4.37,0.61,-0.00000317
133916,0,2.30,5.01,0.54,-9.88,-0.25,-0.31,2.14,4.38,0.61,-0.00000259
133977,0,2.59,5.01,0.54,1.19,0.13,-0.06,2.54,4.38,0.61,-0.00000074
134009,0,2.40,5.01,0.54,7.06,0.25,0.19,2.46,4.38,0.61,0.00000007
134085,0,1.77,5.00,0.54,13..06,0.44,0.25,1.70,4.37,0.61,0.00000198
134105,0,1.49,5.00,0.54,14.94,0.37,0.25,1.56,4.37,0.61,0.00000215
134207,0,-0.22,5.02,0.54,14.75,0.44,0.31,-0.15,4.39,0.61,0.00000292
134253,0,-0.71,5.03,0.54,11.25,0.44,0.25,-0.67,4.40,0.61,0.00000255
134480,0,0.25,5.02,0.54,-15.56,-0.37,-0.31,-0.13,4.39,0.61,-0.00000272
134559,0,1.38,5.02,0.54,-16.31,-0.75,-0.50,1.16,4.39,0.61,-0.00000341
134611,0,1.97,5.01,0.54,-14.06,-0.50,-0.37,1.77,4.39,0.61,-0.00000323
134717,0,2.61,5.01,0.53,0.50,0.13,-0.13,2.55,4.38,0.60,-0.00000087
134778,0,2.17,5.01,0.53,8.6.88,0.37,0.19,2.10,4.38,0.60,0.00000100
134812,0,1.94,5.01,0.53,11.75,0.44,0.19,1.99,4.38,0.60,0.00000145
134899,0,0.29,5.01,0.53,15.81,0.56,0.19,0.37,4.38,0.60,0.00000289
135062,0,-0.15,5.02,0.53,14.50,0.62,0.19,-0.08,4.38,0.60,0.00000282
135106,0,-0.75,5.01,0.53,10.50,0.25,0.06,-0.72,4.38,0.59,0.00000228
135937,0,2.33,4.99,0.51,6.50,0.25,0.06,2.33,4.36,0.58,0.00000011
136042,0,0.97,4.98,0.51,15.31,0.56,0.19,1.20,4.36,0.58,0.00000241
136072,0,0.50,4.99,0.51,15.88,0.44,0.13,0.58,4.36,0.58,0.00000277
136115,0,-1.10,4.99,0.51,2.12,0.06,-0.06,-1.15,4.36,0.58,0.00000094
136168,0,-1.04,4.99,0.51,-3.69,-0.19,-0.25,-1.14,4.36,0.58,0.00000013
136221,0,-0.77,4.99,0.51,-8.88,-0.25,-0.13,-0.99,4.36,0.58,-0.0000000327
136240,0,1.31,4.98,0.51,-15.88,-0.44,-0.44,1.09,4.35,0.58,-0.00000326
136291,0,1.85,4.97,0.51,-13.44,-0.37,-0.37,1.65,4.34,0.57,-0.00000306
136428,0,2.25,4.95,0.71,-20.00,-1.06,-7.25,1.97,4.33,0.71,-0.00000273
136464,0,2.53,4.93,0.80,-27.623.81,-9.06,-9.19,15.70,3.63,1.52,-0.00003487
136518,0,24.69,3.83,1.51,-190.81,-3.94,0.88,22.78,3.24,1.59,-0.00004127
136623,0,41.88,2.90,1.42,-166,-10.00,-4.75,41.81,2.27,1.49,-0.00004161
136693,0,51.99,2.52,1.24,-138.69,-2.81,-2,53.03,1.84,1.30,-0.00003595
136792,0,61.46,1.94,0.90,-92.06,-4.50,-2.19,60.51,1.35,1.00,-0.00003323
136864,0,68.61,1.72,0.59,-92.94,-7.37,-1.81,67.65,1.13,0.72,-0.00003545
136912,0,72.32,1.46,0.15,-98.06,-17.00,-3.06,71.30,0.91,0.37,-0.00003723
136949,0,76.14,1.40,-0.30,-101.69,-4.62,7.25,75.08,0.72,-0.16,-0.00003876
137075,0,87.91,2.06,-0.95,-93.19,-1.44,-2.87,86.93,1.46,-0.87,-0.004148
137096,0,90.44,2.00,-1.04,-85.06,-4.75,0.75,88.71,1.38,-0.89,-0.00004108
137146,0,93.64,1.99,-1.12,-79.94,-1.50,-2.44,92.00,1.40,-1.03,-0.00004097
137182,0,96.41,2.01,-1.25,-68.00,-2.25,-1.00,95.01,1.37,-1.13,-0.00003962
137220,0,98.84,2.01,-1.37,-60.06,-2.19,0.75,97.59,1.36,-1.24,-0.00003873
137318,0,104.89,1.95,-1.48,-47.00,-5.31,-1.56,103.88,1.33,-1.31,-0.00003828
137375,0,106.75,1.98,-1.57,-49.44,-1.62,0.75,105.72,1.33,-1.48,-0.000003837
137411,0,108.36,2.00,-1.65,-37.12,-1.06,0.31,107.93,1.37,-1.56,-0.00003790
137473,0,110.82,1.93,-1.67,-39.56,1.25,0.88,110.00,1.29,-1.61,-0.00003707
137542,0,112.47,1.97,-1.74,-25.19,-3.31,-0.25,112.10,1.34,-1.67,-0.00003577
137562,0,113.05,1.96,-1.78,-18.12,-0.75,-0.37,112.80,1.33,-1.70,-0.00003534
137612,0,113.57,1.96,-1.79,-11.69,0.50,-1.25,113.3862,1.31,-1.73,-0.00003371
137716,0,115.05,1.96,-1.83,-12.25,-0.37,-0.13,114.88,1.33,-1.76,-0.00003470
137851,0,115.51,1.92,-1.85,-3.50,0.19,-0.750,115.52,1.29,-1.78,-0.00003269
137949,0,115.34,1.89,-1.86,6.12,0.25,-0.44,115.41,1.26,-1.78,-0.00003115
138032,0,114.82,1.85,-1.82,4.62,1.37,-0.25,114.80,1.23,-1.76,-0.00003056
138106,0,114.63,1.84,-1.82,3.06,0.13,-0.06,114.58,1.21,-1.75,-0.00003138
138234,0,114.28,1.81,-1.82,0.69,0.50,-0.19,114.22,1.18,-1.75,-0.00003151
138290,0,114.19,1.81,-1.82,1.75,-0.19,0.00,114.14,1.18,-1.75,-0.00003134
138368,0,113.89,1.79,-1.82,2.37,0.31,-0.50,113.85,1.17,-1.75,-0.00003100
138448,0,113.81,1.78,-1.82,0.69,0.06,0.19,113.77,1.15,-1.75,-0.00003155
138482,0,113.72,1.78,-1.82,3.75,0.06,-0.25,113.69,1.15,-1.75,-0.00003104
138518,0,113.49,1.77,-1.82,7.12,0.31,-0.56,113.50,1.14,-1.75,-0.00003038
138539,0,113.40,74,-1.83,9.44,0.19,-0.62,113.16,1.12,-1.76,-0.00002965
138591,0,112.76,1.73,-1.83,10.06,0.44,-0.25,112.79,1.10,-1.76,-0.00002945
138777,0,110.76,1.71,-1.82,1.06,1.12,-0.50,110.58,1.08,-1.75,-0.00002839
138819,0,109.89,1.69,-1.79,12.69,0.94,-0.31,109.94,1.07,-1.72,-0.00002803
138998,0,108.59,1.66,-1.75,5.69,0.31,0.50,108,1.03,-1.68,-0.00002901
139085,0,107.77,1.66,-1.75,9.69,0.31,-0.25,107.80,1.03,-1.68,-0.00002811
139169,0,107.11,1.65,-1.75,7.12,0.06,0.19,107.11,1.02,-1.69,-0.00002832
139217,0,106.86,1.65,-1.76,4.94,0.19,0.06,106.84,1.02,-1.68,-0.00002
139255,0,106.68,1.65,-1.75,5.44,0.44,-0.13,106.65,1.02,-1.69,-0.00002870
139441,0,104.10,1.62,-1.68,21.62,0.50,0.31,104.45,0.99,-1.62,-0.00002503
139461,0,2.99,1.63,-1.62,35.88,1.87,0.25,103.26,1.01,-1.57,-0.00002378
139515,0,101.14,1.59,-1.53,54.44,2.81,-1.00,101.60,0.97,-1.49,-0.00001971
139897,0,65.71,2.52,-0.07,232.62,9.44,2.19,67.90,1.83,-0.08,0.00002344
139955,0,46.41,3.30,0.57,266.94,3.31,6.31,48.93,2.61,0.66,0.00003391
139990,0,35.73,3.71,0.63,278.06,11.19,6.06,41.07,2.85,0.68,0.00003911
140224,0,10.75,4.62,0.57,152.31,6.62,3.31,12.16,3.92,0.66,0.00002855
140434,0,-0.46,4.93,0.34,8.31,-1.31,-2.75,-0.46,4.33,0.39,0.00000333
140538,0,6.92,4.76,0.43,-14.25,-0.25,1.19,6.71,4.13,0.51,-0.00000568
140572,0,6.89,4.78,0.39,7.87,-0.37,-1.00,6.89,4.16,0.45,-0.00000122
140845,0,2.07,4.93,0.35,20.31,1.87,1.87,2.21,4.28,0.43,0.00000337
140884,0,1.34,4.90,0.31,16.50,-1.00,1.56,1.43,4.28,0.39,0.00000334
141112,0,-0.33,4.96,0.35,-8.81,0.31,-0.13,-0.49,4.33,0.42,-0.00000134
141145,0,0.01,4.95,0.38,-10.44,-0.69,-0.81,-0.16,4.33,0.44,-0.00000142
141211,0,0.70,4.93,0.44,-17.44,0.88,-2.87,0.46,4.29,0.48,-08
141230,0,1.52,4.91,0.44,-28.44,-0.81,0.56,0.85,4.30,0.52,-0.00000437
141263,0,2.69,4.86,0.46,-42.06,-1.25,-1.75,2.22,4.24,0.52,-0.00000810
141337,0,5.24,4.80,0.47,-18.12,-1.69,1.37,4.99,4.18,0.56,-0.00000589
141371,0,5.50,4.82,0.39,-2.37,1.62,1.69,5.41,4.17,0.47,-0.00000303
141436,0,5.36,4.82,0.33,12.06,0.69,1.81,5.47,4.19,0.44,-0.00000146
141528,0,3.87,4.89,0.37,-0.69,2.44,1.19,3.79,4.24,0.45,-0.00000019
141577,0,3.82,4.88,0.33,1.81,-1.75,1.00,3.77,4.27,0.42,-0.00000063
141616,0,3.76,4.87,0.36,6.19,-0.25,0.00,3.75,4.24,0.43,-0.00000068
141675,0,-1.64,5.04,0.37,63.75,2.62,3.94,-1.10,4.38,0.47,0.00001149
141880,0,-28.18,5.13,-1.56,106.19,-0.37,1.56,-26.25,4.51,-1.42,0.00002536
141940,0,-37.56,5.09,-1.69,127.31,0.94,2.06,-36.39,4.46,-1.61,0.00003329
141990,0,-42.09,5.05,-1.82,112.44,-1.00,5.81,-41.07,4.39,-1.77,0.00003269
142081,0,-54.72,5.55,-1.65,126.75,2.00,-12.94,-52.37,4.69,-1.70,0.00003791
142166,0,-63.48,5.68,-1.91,103.31,6.12,5.12,-61.51,5.04,-1.71,0.00003668
142214,0,-67.33,5.69,-2.08,97.31,4.56,2.12,-65.49,5.05,-,0.00003625
142251,0,-70.82,5.64,-2.20,88.19,0.62,1.56,-69.19,5.02,-2.10,0.00003568
142433,0,-83.06,5.45,-2.55,49.00,2.94,-0.88,-82.65,4.81,-2.46,0.00003223
142449,0,-83,5.41,-2.58,40.00,-0.75,-1.06,-84.31,4.77,-2.52,0.00003066
142508,0,-86.05,5.38,-2.64,30.94,-0.37,0.94,-85.82,4.76,-2.57,0.00003019
142686,0,-88.90,5.36,-2.73,11.19,-0.69,25,-89.06,4.74,-2.65,0.00002653
142779,0,-89.69,5.39,-2.73,1.25,-0.25,0.81,-89.75,4.77,-2.66,0.00002552
142860,0,-90.03,5.41,-2.74,5.50,0.25,-0.31,-90.04,4.78,-2.67,0.00002577
142899,0,-90.10,5.44,-2.73,0.37,-1.06,-0.56,-90.18,4.80,-2.67,0.0000491
142937,0,-90.00,5.44,-2.72,-5.56,0.06,-0.56,-90.13,4.81,-2.65,0.00002436
143059,0,-88.99,5.60,-2.70,-7.56,-1.25,-0.06,-89.13,4.97,-2.64,0002328
143074,0,-88.81,5.61,-2.65,-4.56,-1.00,0.13,-88.93,4.97,-2.60,0.00002359
143126,0,-88.62,5.63,-2.64,-5.87,-1.06,-0.06,-88.74,4.99,-2.58,0.00002358
143164,0,-88.35,5.67,-2.63,-9.00,-0.62,-0.25,-88.50,5.03,-2.56,0.00002307
143302,0,-87.35,5.70,-2.60,-0.19,0.06,0.00,-87.44,5.07,-2.53,0.00002348
143354,0,-87.32,5.71,-2.60,-2.19,-0.25,-0.25,-87.42,5.08,-2.53,0.00002419
143371,0,-.22,5.73,-2.60,-4.12,-0.44,-0.19,-87.33,5.10,-2.53,0.00002376
143427,0,-86.97,5.74,-2.60,-7.37,0.19,-0.50,-87.10,5.11,-2.53,0.00002294
143535,0,-85.72,5.87,-2.59,-13.75,-0.13,-0.88,-86.04,5.22,-2.51,0.00002140
143585,0,-85.12,5.89,-2.58,-16.62,-0.62,0.37,-85.50,5.25,-2.52,0.00002082
143603,0,-84.38,5.89,-2.58,-21.06,-0.62,0.00,-84.65,5.26,-2.51,0.00002004
143660,0,-83.47,5.90,-2.55,-25.56,-0.75,0.00,-84.01,5.27,-2.49,0.00001908
143748,0,-80.90,6.00,-2.48,-38.63,-0.69,-0.56,-81.34,5.36,-2.42,0.0000156
143771,0,-79.68,6.00,-2.46,-43.75,-1.00,0.25,-80.59,5.38,-2.40,0.00001494
143821,0,-77.75,6.04,-2.38,-53.88,-1.87,-1.12,-78.84,5.39,-2.36,0.00001288
143859,0,-75.36,6.08,-2.32,-66.31,-1.25,-1.56,-76.08,5.44,-2.27,0.00001018
144001,0,-61.90,6.18,-2.04,-118.38,-1.12,-3.37,-64.21,5.52,-2.00,-0.00000219
144104,0,-43.29,6.12,-1.28,-222.06,-4.25,-4.94,-45.52,5.48,-1.28,-0.00002693
144338,0,-20.56,5.82,-0.55,-246.00,-8.88,-6.19,-21.02,5.25,-0.57,-0.00003714
144389,0,-6.67,5.61,-0.29,-241.50,-6.19,-6.37,-11.44,5.09,-0.36,-0.00004175
144464,0,11.38,5.18,0.03,-217.12,-6.44,-1.69,7.15,4.66,0.07,-0.00004277
144607,0,26.56,4.73,0.34,-24.56,-3.50,-1.44,26.25,4.13,0.41,-0.00001453
144734,0,16.33,4.92,0.42,183.50,4.06,1.31,19.69,4.20,0.57,0.00002287
144779,0,6.45,5.25,0.34,213.69,1.44,6.25,8.46,4.60,0.47,0.00003507
144985,0,-4.22,5.62,0.26,-11.94,-1.4.44,0.88,-0.98,4.86,0.50,-0.00001173
145072,0,6.40,5.36,0.17,-80.69,2.12,10.19,4.88,4.65,0.40,-0.00001738
145125,0,8.81,5.25,0.03,-38.75,2.62,7.94,7.95,4.61,0.23,-0.00001114
145238,0,7.18,5.31,0.01,54.31,3.94,0.62,7.64,4.64,0.08,0.00000658
145283,0,4.59,5.37,-0.05,69.50,-1.12,1.81,5.90,4.76,0.03,0.00001034
145312,0,2.57,5.46,0.02,65.75,3.75,-0.31,3.14,4.79,0.09,0.00.00000791
145383,0,-0.49,5.46,-0.07,30.44,-4.50,0.13,-0.26,4.88,-0.00,0.00000562
145515,0,-2.98,5.57,0.26,19.62,-1.19,-1.81,-2.86,4.95,0.31,0.00000454
145733,0,-3.52,5.60,0.29,-8.88,-0.44,-2.37,-3.82,4.99,0.32,0.00000005
145855,0,2.17,5.42,0.38,-71.56,-3.62,-1.25,1.40,4.83,0.44,-0.00001410
145958,0,7.54,5.28,0.28,-21.69,-1.19,0.44,7.13,4.67,0.37,-0.00000723
146000,0,7.54,5.30,0.27,6.00,2.56,-0.62,7.54,4.65,0.33,-0.00000211
146071,0,5.06,5.37,0.27,46.50,0.13,-1.06,5.87,4.73,0.33,0.00000611
146305,0,-0.81,5.49,0.15,22.50,-1.12,2.50,-0.66,4.87,0.24,0.00000420
146354,0,-1.62,5.55,0.18,17.81,0.06,-1.56,-1.32,4.90,0.22,0.00000458
146422,0,0.45,5.48,0.28,-50.56,-1.37,-2.44,-0.55,4.89,0.33,-0.00000746
146587,0,2.58,5.45,0.28,-55.81,-1.37,1.69,1.48,4.85,0.38,-0.00001097
146649,0,5.33,5.35,0.33,-29.81,-2.44,1.06,4.97,4.74,0.41,-0.00000809
146685,0,6.03,5.37,0.40,-13.88,-0.37,-1.62,5.82,4.74,0.45,-0.00000452
146807,0,5.05,5.39,0.39,14.50,0.19,0.19,5.12,4.76,0.46,0.00000148
146884,0,3.76,5.42,0.36,24.06,0.69,-0.44,4.15,4.78,0.42,0.00000278
147114,0,-0.19,5.50,0.26,42.25,-0.31,2.19,0.57,4.86,0.37,0.00000715
147144,0,-1.36,5.58,0.28,37.12,2.00,-0.94,-1.07,4.93,0.34,0.00000775
147197,0,-2.032.84,5.59,0.29,22.37,0.50,-4.31,-2.70,4.96,0.32,0.00000604
147215,0,-3.02,5.61,0.38,-0.69,0.62,-0.25,-3.10,4.98,0.45,0.00000346
147266,0,-2.60,5.60,0.35,-20.44,-1.25,-1.75,-2.95,4.98,0.40,-0.00000096
147339,0,-0.58,5.56,0.38,-34.56,-0.31,-1.44,-0.99,4.92,0.43,-0.00000544
147379,0,0.82,5.50,0.38,-33.88,-1.81,-0.13,0.42,4.88,0.44,-0.00000676
147455,0,5.58,5.42,0.49,-25.06,-0.75,0.44,5.27,4.80,0.56,-0.00000653
147502,0,6.12,5.43,0.45,-7.37,-0.56,1.37,5.98,4.80,0.54,-0.00000370
147537,0,6.13,5.4.43,0.45,18.12,0.25,1.37,5.86,4.80,0.53,0.00000084
147655,0,2.07,5.53,0.45,35.56,1.06,0.25,2.35,4.90,0.52,0.00000624
147690,0,0.73,5.58,0.39,27.12,0.69,1.12,1.37,4.92,0.50,0.00000551
147730,0,0.01,5.59,0.36,23.19,0.44,0.94,0.17,4.96,0.44,0.00000426
147796,0,3.03,5.49,0.78,-79.69,-1.94,-4.56,2.19,4.88,0.81,-0.00001437
147840,0,6.58,5.34,1.00,-99.06,-4.00,-7.25,5.55,4.75,1.00,-0.00001879
147916,0,16.56,4.77,1.49,-147.94,-7.81,2.81,15.07,4.21,1.60,-0.00002953
147963,0,22.65,4.51,1.49,-159.50,-7.44,-8.56,21.03,3.98,1.51,-0003598
148001,0,28.72,4.24,1.48,-154.62,-4.25,-1.19,27.15,3.65,1.56,-0.00003651
148119,0,45.07,3.43,1.36,-128.69,-4.37,-2.81,43.76,2.85,1.45,-0.00003
148139,0,48.54,3.25,1.26,-119.94,-8.06,-1.56,46.21,2.74,1.40,-0.00003573
148191,0,52.42,3.07,1.17,-96.81,-4.75,-1.50,50.52,2.53,1.31,-0.00003292
148260,0,58.96,2.76,0.85,-99.37,-5.62,1.44,57.94,2.14,0.97,-0.00003414
148376,0,68.80,3.11,.21,-99.50,-5.75,-12.50,68.73,2.48,-0.13,-0.00003837
148428,0,73.55,2.66,-0.63,-103.25,-9.94,-1.00,72.48,2.07,-0.47,-0.00003836
148456,0,75.64,2.71,-0.64,110.44,-2.06,-1.00,76.64,2.10,-0.56,-0.00004171
148495,0,82.13,2.60,-0.83,-117.31,-4.06,1.19,80.93,1.96,-0.72,-0.00004321
148646,0,98.23,2.44,-1.38,-98.56,-2.00,-3.31,97.21,1.85,-1.28,-0.00004557
148667,0,99.16,2.45,-1.51,-87.87,-2.87,0.50,100.86,1.87,-1.41,-0.00004459
148722,0,105.05,2.54,-1.53,-83.81,-2.12,0.37,104.16,1.90,-1.44,-0.00004424
148891,0,113.83,2.56,-1.90,-59.56,-2.69,0.69,113.19,1.92,-1.80,-0.00004207
148924,0,116.18,2.62,-1.95,-61.13,-2.50,-0.06,115.52,1.98,-1.86,-0.00004325
149067,0,122.76,2.64,-2.18,-37.00,-1.69,-0.62,121.99,2.02,-2.08,-0.00004024
149218,0,126.11,2.72,-2.33,-18.94,-0.88,-1.19,125.70,2.09,-2.24,-0.00003783
149286,0,127.24,2.79,-2.37,-.87,-1.62,-1.25,127.17,2.16,-2.30,-0.00004006
149357,0,129.11,2.84,-2.42,-36.535.19,-2.19,-0.13,129.39,2.23,-2.38,-0.00004257
149414,0,131.27,2.92,-2.45,-23.75,0.94,0.75,130.97,2.29,-2.39,-0.00004198
149567,0,132.53,2.90,-2.51,-4.31,-0.56,-0.13,132.42,2.27,-2.43,-0.00003809
149604,0,132.54,2.919,-2.48,-1.25,0.94,-0.25,132.49,2.26,-2.42,-0.00003694
149642,0,132.52,2.89,-2.49,1.81,-0.06,-0.25,132.47,2.25,-2.42,-0.00003678
149867,0,130.89,2.80,-2.46,5.37,0.44,-0.62,130.92,2.17,-2.39,-0.00003510
149911,0,130.59,2.78,-2.49,7.50,0.00,-0.75,130.69,2.16,-2.40,-0.00003498
149989,0,130.20,2.75,-2.50,3.25,0.37,-0.44,130.18,2.12,-2.43,-0.00003537
150044,0,130.04,2.75,-2.51,2.94,0.25,-0.13,130.07,2.11,-2.44,-0.00003509
150140,0,129.61,2.75,-2.51,1.44,0.37,-0.13,129.56,2.12,-2.44,-0.00003537
150228,0,129.58,2.74,-2.51,-0.88,0.19,-0.06,129.51,2.11,-2.44,-0.00003606
150265,0,129.54,2.74,-2.52,0.50,0.00,-0.31,129.48,2.11,-2.45,-0.0003583
150314,0,129.56,2.74,-2.52,-1.56,-0.13,0.19,129.48,2.11,-2.45,-0.00003611
150427,0,129.57,2.74,-2.52,0.62,0.00,-0.13,129.51,2.11,-2.45,-0003576
150448,0,129.49,2.74,-2.52,2.19,-0.13,-0.19,129.46,2.11,-2.45,-0.00003562
150496,0,129.39,2.75,-2.52,3.00,0.19,-0.13,129.36,2.12,-2.45,-0.00003539
150570,0,129.03,2.76,-2.53,2.94,0.13,0.19,128.99,2.13,-2.46,-0.00003516
150719,0,127.88,2.79,-2.53,9.75,0.44,0.62,128.01,2.15,-2.46,-0.00003371
150742,0,127.78,2.79,-2.52,13.13,0.56,-0.31,127.58,2.16,-2.45,-0.00003312
150806,0,126.73,2.79,-2.49,17.06,1.12,0.81,127.00,2.16,-2.44,-0.00003220
151023,0,120.94,2.72,-2.30,31.00,1.12,0.31,121.17,2.09,-2.23,-0.00002795
151067,0,119.70,2.69,-2.24,32.25,0.94,-0.19,119.94,2.07,-2.18,-0.00002723
151190,0,115.71,2.61,-2.08,42.00,1.69,0.31,114.80,1.97,-2.00,-0.00002389
151285,0,111.26,2.57,-1.93,42.44,1.50,-0.37,111.60,1.94,-1.88,-0.00002336
151372,0,107.77,2.53,-1.80,46.75,1.31,0.25,108.15,1.90,-1.74,-0.00002146
151460,0,104.10,2.49,-1.66,48.06,2.12,0.37,104.49,1.86,-1.61,-0.00002009
151526,0,100.93,2.46,-1.58,45.69,1.81,0.94,101.30,1.83,-1.53,-0.00001957
151598,0,97.12,2.45,-1.43,51.38,1.25,-0.06,98.03,1.82,-1.38,-0.00001764
151643,0,95.15,2.46,-1.37,51.06,1.94,0.75,96.07,1.82,-1.34,-0.00001728
151712,0,91.43,2.46,-1.24,60.69,3.12,0.06,91.94,1.83,-1.20,-0.00001466
151835,0,83.00,2.52,-0.88,83.50,3.94,1.75,83.75,1.87,-0.86,-0.00000831
151918,0,75.65,2.85,-0.64,104.50,4.19,5.31,76.59,2.16,-0.60,-0.00000301
152097,0,53.06,3.51,-0.01,151.75,3.87,0.06,54.47,2.85,0.03,0.00001294
152194,0,37.72,4.30,0.57,122.62,5.44,1.31,40.03,3.58,0.58,0.00001183
152376,0,22.02,5.01,0.69,96.25,4.19,0.44,22.89,4.34,0.74,0.00001089
152504,0,11.25,5.37,0.55,83.25,2.1275,-1.19,11.18,4.74,0.62,0.00001222
152521,0,9.11,5.45,0.60,68.25,3.19,0.13,9.70,4.79,0.66,0.00001192
152562,0,6.93,5.51,0.52,54.06,0.56,2.25,7.86,4.87,0.60,0.00000851
152628,0,4.19,5.60,0.47,40.56,1.69,-2.00,4.90,4.96,0.51,0.00000576
152658,0,3.04,5.65,0.44,39.50,0.62,2.62,3.35,5.01,0.53,0.00000632
152832,0,-3.35,5.87,0.31,34.81,0.37,0.50,-3.07,5.24,0.38,0.00000759
152864,0,-4.27,5.90,0.38,15.94,-0.31,-0.62,-4.19,5.26,0.44,0.00000517
152963,0,-3.85,5.89,0.30,-13.06,-,-2.19,-3.92,5.26,0.37,-0.00000132
152985,0,-3.37,5.88,0.32,-17.69,-0.62,0.69,-3.77,5.26,0.39,-0.00000173
153068,0,-2.22,5.88,0.33,-16.69,-0.94,-0.44,-2.55,5.24,0.41,-0.00000237
153225,0,0.47,5.85,0.37,-21.37,-0.19,-0.13,0.03,5.20,0.44,-0.00000364
153419,0,2.46,5.83,0.39,-13.56,-0.69,-0.56,2.32,5.19,0.47,-0.00000318
153539,0,3.42,5.88,0.37,-4.69,-0.13,-0.06,3.31,5.25,0.43,-0.00000217
153568,0,3.34,5.90,0.37,5.12,0.25,0.13,3.32,5.27,0.43,-0.00000024
153729,0,3.07,5.90,0.37,8.00,-0.13,-0.56,3.08,5.27,0.44,0.0078
153756,0,2.41,5.97,0.32,7.37,0.81,0.13,2.57,5.32,0.41,0.00000071
153774,0,2.21,5.97,0.32,8.13,-0.25,0.00,2.24,5.34,0.39,0.00000076
153805,0,1.98,5.92,0.32,-1.12,-2.62,-1.69,1.91,5.31,0.38,0.00000121
153942,0,4.96,5.88,0.28,-28.87,-3.00,4.06,4.61,5.28,0.40,-0.00000705
153986,0,5.80,5.89,0.22,-4.75,-0.62,0.19,5.68,5.27,0.30,-0.00000368
154102,0,5.32,5.92,0.21,10.63,0.00,0.37,5.35,5.29,0.28,0.00000009
154135,0,4.49,5.92,0.20,28.37,2.50,0.75,4.70,5.27,0.27,0.00000217
154178,0,3.14,5.94,0.19,35.81,-0.62,1.12,3.79,5.31,0.27,0.00000510
154228,0,0.09,6.02,0.17,42.50,2.56,-0.94,0.42,5.37,0.23,0.00000862
154259,0,-1.22,6.04,0.17,32.38,-1.19,0.19,-0.74,5.44,0.24,0.00000708
154421,0,-2.77,6.13,0.07,47.75,-0.44,1.75,5.12,5.76,-0.48,0.00002643
154508,0,-27.15,6.25,-1.39,147.87,2.69,-3.69,-25.79,5.57,-1.33,0.00003329
154602,0,-38.98,6.26,-1.65,153.94,0.81,-1.50,-37.56,5.62,-1.59,0.00003860
154743,0,-61.28,7.03,-1.85,148.00,10.63,13.69,-59.90,6.46,-1.62,0.00004372
154824,0,-71.30,6.72,-2.20,122.00,5.62,0.56,-70.18,6.07,-2.08,0.00004187
154869,0,-75.66,6.69,-2.43,104.31,4.56,1.56,-74.72,605,-2.39,0.00004004
154967,0,-86.63,6.47,-2.69,108.56,-2.87,1.81,-85.66,5.85,-2.65,0.00004337
155051,0,-93.80,6.25,-2.85,81.44,2.81,2.50,-92.26,5.68,-2.74,0.00004130
155173,0,-101.47,6.09,-3.01,60.25,-0.94,1.50,-100.36,5.46,-2.95,0.00003831
155270,0,-106.16,5.96,-3.10,38.75,0.81,0.44,-105.85,5.33,-3.02,0.00003637
155325,0,-108.08,5.89,-3.16,38.63,0.75,0.69,-107.37,5.28,-3.08,0.00003676
155361,0,-109.82,5.86,-3.18,45.50,0.19,1.37,-109.02,5.25,-3.13,0.00003867
155493,0,-113.81,5.83,-3.24,19.44,0.00,0.13,-113.46,5.16,-3.16,0.00012
155516,0,-114.17,5.81,-3.26,18.00,1.87,0.94,-114.06,5.20,-3.17,0.00003508
155560,0,-114.83,5.78,-3.26,13.06,-0.75,0.19,-114.62,5.15,-3.20,0.00003383
155597,0,-115.33,5.78,-3.26,11.50,0.00,0.62,-115.19,5.15,-3.19,0.00003454
155739,0,-115.00,6.01,-3.26,-10.13,0.69,-1.56,-115.24,5.32,-3.16,0.00003006
155893,0,-114.26,6.20,-3.25,-3.75,-0.50,-0.37,-114.40,5.56,-3.19,0.00003116
155971,0,-113.88,6.31,-3.28,-11.31,-1.12,-1.37,-113.95,5.68,-3.21,0.00002962
156016,0,-113.22,6.46,-3.25,-13.00,-0.94,-2.19,-113.54,5.77,-3.18,0.00002920
156203,0,-108.76,7.07,-3.26,-30.56,-1.56,-1.69,-109.43,6.41,-3.22,0.00002484
156313,0,-104.40,7.21,-3.15,-47.88,-1.62,-1.25,-105.39,6.55,-3.10,0.00002075
156562,0,-96.06,7.41,-2.88,-67.69,-3.00,-1.00,-96.79,6.77,-2.84,0.00001528
156601,0,-953.16,7.49,-2.78,-78.37,-2.12,-1.44,-94.00,6.84,-2.73,0.00001210
156665,0,-89.89,7.54,-2.69,-87.50,-2.56,-1.50,-90.81,6.89,-2.65,0.00000940
156759,0,-78.95,7.12,-2.34,-123.87,-2.12,2.75,-80.22,6.51,-2.28,0.00000151
156811,0,-73.73,7.15,-2.31,-138.69,-1.12,-1.00,-75.15,6.52,-2.25,-0.00000.00000598
156858,0,-68.29,7.19,-2.25,-140.56,-1.31,-2.56,-69.72,6.54,-2.19,-0.00000662
156929,0,-58.67,7.27,-1.92,-146.37,-3.19,-2.62,-60.16,6.63,-1.89,-0.00000981
156981,0,-49.75,7.24,-1.57,-1559.44,-8.69,-2.87,-49.82,6.61,-1.50,-0.00001526
157022,0,-40.33,7.15,-1.20,-163.06,-2.69,-4.19,-43.59,6.52,-1.22,-0.00001752
157123,0,-28.00,7.03,-0.85,-142.75,-3.37,-1.94,-29.46,6.42,-0.82,-0.00002066
157212,0,-11.81,6.80,-0.35,-75.94,-0.69,0.50,-12.62,6.17,-0.28,-0.00001009
157272,0,-7.17,6.70,-0.27,-54.75,-1.87,-0.88,-7.77,6.08,-0.21,-0.00000888
157352,0,-3.84,6.64,-0.20,-30.87,-1.44,-0.88,-4.21,6.02,-0.14,-0.00000514
157401,0,-3.00,6.63,-0.17,-15.63,-0.13,0.19,-3.23,6.00,-0.0,-0.00000164
157438,0,-2.49,6.63,-0.14,-14.13,0.00,-1.25,-2.69,6.00,-0.08,-0.00000166
157584,0,-2.01,6.62,-0.19,-3.19,0.00,0.19,-2.09,5.99,-0.12,0.00000010
157628,0,-1.91,6.60,-0.20,-7.50,-0.56,-0.50,-2.05,5.97,-0.12,-0.00000023
157700,0,-0.87,6.56,-0.20,-20.00,-0.75,-0.62,-1.29,5.95,-0.13,-0.00000291
158051,0,0.44,6.53,-0.25,4.37,0.31,-0.13,0.43,5.91,-0.17,0.00000070
158126,0,0.10,6.52,-0.25,3.94,0.25,-0.06,0.08,5.89,-0.19,0.00000058
158160,0,-0.07,6.51,-0.26,4.06,-0.06,-0.13,-0.05,5.88,-0.19,0.00000070
158273,0,-0.21,6.51,-0.27,-4.19,0.00,0.06,-0.31,5.88,-0.20,-0.00000052
158356,0,0.14,6.50,-0.28,-4.69,-0.13,-0.37,0.03,5.87,-0.21,-0.00000096
158595,0,0.65,6.49,-0.30,4.44,0.06,-0.19,0.62,5.86,-0.23,0.00000045
158719,0,0.02,6.48,-0.31,3.44,-0.19,0.06,-0.0-0.05,5.85,-0.24,0.00000065
158738,0,-0.09,6.48,-0.31,3.94,0.25,0.06,-0.12,5.85,-0.25,0.00000072
158848,0,-0.52,6.48,-0.32,1.00,0.31,-0.19,-0.57,5.85,-0.25,0.00000053
159110,0,0.35,6.47,-0.34,-6.12,0.06,-0.06,0.18,5.84,-0.27,-0.00000112
159183,0,0.56,6.47,-0.34,-0.75,0.00,0.00,0.48,5.84,-0.27,-0.00000049
159231,0,0.46,6.47,-0.35,2.37,0.06,-0.19,0.42,5.84,-0.27,0.00000026
159511,0,-0.54,6.46,-0.36,0.00,0.06,-0.06,-0.60,5.83,-0.29,0.00000030
159635,0,-0.41,6.46,-0.36,-2.31,-0.13,-0.13,-0.50,5.83,-0.29,-0.00000025
159700,0,-0.18,6.46,-0.37,-5.12,-0.13,-0.13,-0.30,5.83,-0.29,-0.00000070
159720,0,-0.14,6.45,7,-5.69,-0.13,0.00,-0.10,5.82,-0.30,-0.00000110
159768,0,0.21,6.45,-0.37,-4.87,-0.13,-0.13,0.05,5.82,-0.30,-0.00000101
159810,0,0.33,6.45,-0.37,-3.37,-0.19,-0.19,0.21,5.82,-0.30,-0.00000075
159870,0,0.39,6.45,-0.38,-0.50,-0.19,0.00,0.32,5.82,-0.31,-0.00000023
159924,0,0.36,6.45,-0.38,0.56,0.25,0.06,0.29,5.82,-0.31,-0.00000007
160093,0,-0.25,6.45,-0.39,4.19,0.06,0.06,-0.27,5.82,-0.31,0.00000092
160332,0,-0.44,6.44,-0.40,-3.94,-0.06,-0.19,-0.54,5.81,-0.32,-0.00000047
160387,0,-0.27,6.44,-0.39,-4.75,-0.06,-0.13,-0.38,5.81,-0.33,-0.00000075
160406,0,-0,6.44,-0.40,-4.31,-0.19,0.00,-0.25,5.81,-0.33,-0.00000075
160458,0,0.05,6.45,-0.40,-3.81,0.13,-0.25,-0.10,5.81,-0.32,-0.00000072
160580,0,0.33,6.44,-0.40,-1.75,0.25,-0.13,0.25,5.81,-0.33,-0.00000048
160698,0,0.08,6.44,-0.41,3.37,0.06,0.06,0.08,5.81,-0.33,0.00000053
160748,0,-0.04,6.44,-0.41,3.44,0.06,0.19,-0.07,5.81,-0.34,0.00000065
160796,0,-0.32,6.44,-0.41,3.56,0.06,0.06,-0.36,5.81,-0.35,0.00000072
160845,0,-0.47,6.44,-0.41,2.94,0.19,-0.13,-0.47,5.81,-0.34,0.00000081
160911,0,-0.62,6.44,-0.41,0.69,0.13,0.00,-0.68,5.81,-0.34,0.00000038
160951,0,-0.61,6.44,-0.41,-0.88,0.06,-0.06,-0.69,5.81,-0.34,0.00000011
161036,0,-0.45,6.44,-0.42,-2.94,0.00,-0.19,-0.55,5.81,-0.34,-0.00000033
161082,0,-0.32,6.44,-0.42,-3.69,0.00,-0.19,-0.42,5.81,-0.34,-0.000000
161119,0,-0.16,6.44,-0.42,-4.62,-0.06,-0.06,-0.27,5.81,-0.35,-0.00000067
161157,0,0.03,6.44,-0.42,-4.56,0.00,-0.25,-0.09,5.81,-0.34,-0.00000080
161348,0,0.29,6.44,-0.42,1.37,-0.06,-0.19,0.24,5.81,-0.35,0.00000013
161382,0,0.21,6.44,-0.42,2.44,0.13,0.06,0.17,5.81,-0.34,0.00000035
161494,0,-0.17,6.44,-0.42,3.75,0.19,-0.06,-0.21,5.81,-0.34,0.00000077
161616,0,-0.42,6.44,-0.42,1.12,0.19,-0.06,-0.47,5.81,-0.34,0.00000038
161735,0,-0.32,6.44,-0.42,-2.62,0.06,-0.06,-0.42,5.81,-0.35,-0.00000030
161813,0,-0.04,6.44,-0.42,-4.12,-0.13,-0.13,-0.15,5.81,-0.35,-0.00000068
161925,0,0.37,6.43,-0.42,-3.12,0.00,-0.13,0.26,5.81,-0.35,-0.00000068
162190,0,-0.02,6.43,-0.44,3.44,0.13,0.00,-0.06,5.80,-0.36,0.00000056
162303,0,-0.36,6.43,-0.43,2.12,0.00,-0.06,-0.41,5.80,-0.37,0.00000048
162466,1,-0.29,6.43,-0.44,-2.75,0.06,-0.25,-33,5.80,-0.37,-0.00000043
162560,1,0.02,6.42,-0.44,-4.06,0.06,-2.19,-0.09,5.79,-0.39,-0.00000071
162621,1,0.20,6.42,-0.44,-2.87,-0.31,0.37,0.09,5.79,-0.38,-0.00
162642,1,0.26,6.43,-0.44,-3.37,0.00,-0.25,0.16,5.79,-0.37,-0.00000065
162689,1,0.33,6.42,-0.44,-1.50,-0.06,0.81,0.24,5.79,-0.37,-0.00000042
162797,1,0.24,6.42,-0.43,2.25,-0.06,0.44,0.19,5.79,-0.36,0.00000019
162961,1,-0.31,6.42,-0.44,2.06,0.00,-0.44,-0.35,5.79,-0.37,0.00000064
163172,1,-0.37,6.42,-0.46,-2.06,-0.06,-7,-22.74,5.79,-0.38,0.00000583
163271,1,-0.07,6.42,-0.46,-4.25,-0.19,-0.19,-35.11,4.67,-0.38,0.00000898
163338,1,0.20,6.42,-0.46,-3.37,0.06,-0.13,-34.83,5.37,-0.39,0.00000892
163451,1,0.36,6.42,-0.47,0.69,0.06,0.00,-34.63,5.44,-0.40,0.00000957
163563,1,0.09,6.42,-0.47,2.62,-0.06,0.25,-34.89,5.58,-0.40,0.00001012
163682,1,-0.22,6.42,-0.47,1.56,-0.06,-0.06,-35.21,5.58,-0.40,0.00001011
163945,1,0.10,6.41,-0.48,-3.44,-0.13,-0.37,-34.93,5.78,-0.42,0.00000904
164000,1,0.23,6.41,-0.48,-2.62,-0.06,-0.31,-34.79,5.78,-0.42,0.5
164018,1,0.29,6.41,-0.49,-2.37,-0.06,0.00,-34.73,5.78,-0.42,0.00000919
164067,1,0.35,6.41,-0.49,-1.56,0.00,-0.31,-34.66,5.78,-0.42,0.00000920
164138,1,0.37,6.40,-0.49,-0.50,0.00,1.19,-34.62,5.77,-0.41,0.00000949
164175,1,0.40,6.38,-0.48,-0.25,0.19,0.25,-34.61,5.76,-0.41,0.00000947
164259,1,0.51,6.43,-0.50,-1.19,-0.13,-0.69,-34.50,5.59,-0.43,0.00000960
164303,1,0.57,6.46,-0.49,-1.00,1.31,-0.37,-34.43,5.61,-0.42,0.0000
164341,1,0.62,6.45,-0.50,-3.00,0.75,0.37,-34.40,5.60,-0.43,0.00000932
164387,1,0.73,6.42,-0.48,-5.50,-0.94,0.37,-34.33,5.59,-0.41,0.00000935
164635,1,2.58,6.28,-0.45,-11.00,0.19,-1.00,-32.52,5.45,-0.39,0.00000677
164694,1,2.95,6.28,-0.44,-6.44,1.50,-0.88,-32.12,5.42,-0.38,0.00
164714,1,3.09,6.28,-0.45,-3.75,0.75,-0.13,-31.99,5.44,-0.37,0.00000768
164764,1,3.21,6.27,-0.43,-2.69,-0.44,0.31,-31.84,5.43,-0.37,0.00000827
164832,1,3.28,6.26,-0.44,-0.62,0.13,0.19,-31.73,5.42,-0.37,0.00000874
164876,1,3.28,6.26,-0.44,0.81,0.13,-0.13,-31.71,5.42,-0.37,0.00000890
164944,1,3.23,6.24,-0.43,0.50,-0.94,-0.25,-31.77,5.41,-0.36,0.00000906
165073,1,3.46,6.24,-0.43,-2.50,1.50,-0.06,-31.58,5.38,-0.36,0.00000840
165180,1,3.42,6.24,-0.42,-1.94,0.69,0.31,-31.60,5.40,-0.35,0.00000852
165269,1,3.79,6.24,-0.43,-4.12,1.00,0.44,-31.25,5.38,-0.36,0.00000754
165445,1,5.04,6.25,-0.44,-10.75,-0.37,-0.19,-30.07,5.41,-0.37,0.00000621
165511,1,5.60,6.24,-0.56,-7.44,-0.50,2.44,-29.47,5.40,-0.46,0.00000686
165553,1,5.87,6.26,-0.68,-6.06,-0.19,3.75,-29.18,5.41,-0.57,0.00000666
165612,1,6.05,6.27,-0.81,-1.81,0.37,2.87,-28.97,5.42,-0.71,768
165634,1,6.01,6.27,-0.86,2.00,0.44,1.50,-28.95,5.43,-0.76,0.00000809
165681,1,5.89,6.28,-0.90,4.31,0.00,-0.31,-29.06,5.44,-0.84,0.00000872
165752,1,5.87,6.25,-0.60,1.25,-0.69,-4.69,-29.12,5.42,-0.58,0.00000806
165792,1,5.79,6.23,-0.39,3.12,0.25,-5.75,-29.19,5.40,-0.38,0.00000854
165865,1,5.74,6.16,-0.07,-3.44,-0.13,-3.69,-29.32,5.33,-0.07,0.00000794
165911,1,5.93,6.14,0.05,-4.37,-0.31,-2.25,-29.16,5.30,0.07,0.00000714
165978,1,5.96,6.14,0.05,0.69,-0.06,-1.31,-29.03,5.30,0.11,0.00000827
166019,1,6.02,6.14,0.08,-1.87,-0.31,-0.50,-29.00,5.30,0.15,0.00000770
166083,1,6.23,6.13,0.09,-2.00,0.06,-0.88,-28.78,5.30,0.15,0.00000745
166136,1,6.24,6.13,0.08,0.00,0.44,-1.06,-28.76,5.29,0.14,0.00000797
166232,1,6.22,6.13,0.09,2.37,0.19,1.25,-28.76,5.29,0.17,0.00000841
166293,1,6.17,6.11,0.06,2.50,-0.690.62,-0.69,-28.85,5.25,0.15,0.00000799
166458,1,7.63,5.49,-0.36,2.25,7.00,1.31,-27.35,4.58,-0.29,0.00000792
166531,1,7.52,5.82,-0.35,4.81,-0.44,3.69,-27.43,4.98,-0.25,0.00000813
166582,1,7.07,5.70,-0.62,8.13,4.81,0.44,-27.85,4.82,-0.55,0.00000868
166692,1,6.71,5.82,-0.60,-6.25,-3.31,-0.81,-28.35,5.01,-0.54,0.00000696
166765,1,6.98,5.78,-0.47,-4.87,-2.25,-1.44,-28.11,5.00,-0.42,0.0000
166786,1,7.01,5.75,-0.43,0.00,0.69,-3.56,-27.99,4.92,-0.39,0.00000732
166832,1,6.98,5.71,-0.34,-0.94,-2.56,-1.06,-28.02,4.89,-0.28,0.00000794
166903,1,7.29,5.63,-0.19,-3.56,0.31,-1.81,-27.75,4.80,-0.13,0.00000682
166948,1,7.29,5.62,-0.20,2.81,0.06,-0.19,-27.68,4.79,-0.12,0.00000755
167019,1,6.94,5.66,-0.24,2.69,0.75,1.19,-28.03,4.80,-0.16,0.00000845
167068,1,6.99,5.67,-0.26,-4.37,-0.94,0.62,-28.05,4.85,-0.19,0.00000747
167130,1,7.22,5.64,-0.30,1.06,-0.50,1.62,-27.77,4.80,-0.21,0.00000751
167168,1,7.15,5.66,-0.31,1.25,0.00,0.69,-27.82,4.83,-0.23,0.00000803
167251,1,7.40,5.70,-0.26,-5.31,-0.56,-1.06,-27.65,4.86,-0.20,0.00000657
167298,1,7.54,5.67,-0.26,-1.87,-0.75,0.19,-27.48,4.84,-0.18,0.0
167333,1,7.48,5.70,-0.25,3.44,0.69,0.75,-27.49,4.86,-0.17,0.00000812
167379,1,7.28,5.73,-0.22,5.56,0.25,-1.94,-27.66,4.90,-0.17,0.00000858
167460,1,6.55,5.59,-0.03,13.25,4.69,2.442.87,-28.45,4.75,0.04,0.00001032
167480,1,6.27,5.71,-0.07,14.75,6.12,2.50,-28.58,4.81,0.02,0.00001038
167591,1,5.62,6.14,0.10,-7.19,-0.25,1.19,-29.44,5.30,0.19,0.00000790
167629,1,5.97,6.11,0.08,-9.25,-2.12,0.13,-29.21,5.31,0.16,0.00000632
167711,1,6.75,6.10,0.14,-11.69,-3.62,-3.06,-28.36,5.31,0.18,0.00000574
167757,1,7.12,6.11,0.18,-6.12,1.31,0.19,-27.93,5.26,0.24,0.00000610
167823,1,7.06,6.12,0.17,8.25,-2.87,1.37,-27.86,5.30,0.26,0.00000859
167864,1,6.72,6.12,0.17,7.94,2.06,-0.37,-28.20,5.26,0.24,0.00000935
167926,1,6.39,6.13,0.17,1.25,-0.81,0.06,-28.59,5.30,0.25,0.00000824
167958,1,6.38,6.12,0.17,-0.75,0.69,0.37,-28.63,5.28,0.24,0.00000785
168252,1,6.48,6.14,0.19,0.69,-0.81,-0.25,3.34,5.30,0.26,-0.00000103
168287,1,6.31,6.13,0.18,7.19,-0.69,0.94,6.36,5.30,0.26,-0.00000121
168320,1,5.90,6.14,0.18,17.31,0.88,-0.69,5.99,5.29,0.24,0.00000100
168391,1,3.98,6.21,0.15,26.75,1.75,1.06,4.43,5.34,0.24,0.00000364
168436,1,3.21,6.26,0.16,26.44,1.25,-1.00,3.39,5.41,0.22,0.00000395
168628,1,1.27,6.35,0.13,-1.12,-0.44,-0.56,1.18,5.51,0.20,-0.00000018
168673,1,1.55,6.35,0.12,-8.75,0.06,0.44,-5.21,5.51,0.20,0.00000033
168739,1,2.49,6.33,0.08,-16.25,-0.37,0.75,-32.66,3.32,0.16,0.00000625
168779,1,3.29,6.31,0.03,-23.75,-0.50,1.69,-31.94,3.16,0.11,0.00000478
168860,1,5.14,6.27,-0.13,-24.19,-1.31,2.25,-30.32,5.10,-0.02,0.00000386
168979,1,7.18,6.25,-0.25,-11.88,-0.88,-1.06,-27.94,5.21,-0.20,0.00000519
169068,1,7.33,6.12,0.16,4.81,0.0-0.06,-5.62,-6.67,5.07,0.23,0.00000273
169099,1,7.18,6.10,0.26,8.94,-0.50,-4.44,-6.73,5.06,0.28,0.00000318
169195,1,5.85,6.14,0.15,14.31,0.37,-1.19,5.92,5.24,0.20,0.00000087
169236,1,5.08,6.19,0.20,24.25,1.75,0.06,5.25,5.33,0.27,0.00000189
169408,1,1.52,6.28,0.14,9.44,-0.62,1.00,1.61,5.45,0.23,0.00000176
169438,1,1.41,6.28,0.14,1.94,0.06,0.06,1.36,5.44,0.21,0.00000028
169477,1,1.43,6.30,0.13,-2.94,1.00,1.12,1.33,5.45,0.21,-0.00000022
169540,1,1.91,6.31,0.02,-12.69,0.75,2.56,1.71,5.46,0.12,-0.00000260
169589,1,2.46,6.31,-0.05,-14.44,-0.37,1.44,2.25,5.47,0.04,-0.00000349
169694,1,2.98,6.30,-0.12,5.37,-0.06,0.00,2.96,5.46,-0.05,-0.00000029
169752,1,2.75,6.32,-0.14,4.25,0.19,-0.06,2.72,5.48,-0.06,0.00000014
169868,1,2.36,6.32,-0.14,8.44,-0.06,-1.19,34.29,5.48,-0.10,-0.00000834
170056,1,-0.61,6.35,-0.18,23.87,0.31,0.44,34.84,11.88,-0.11,-0.00000566
170118,1,-2.85,6.40,-0.28,31.56,0.44,1.62,32.77,7.52,-0.17,-0.00000338
170159,1,-3.86,6.45,-0.29,25.62,1.00,0.44,22.82,6.16,-0.21,-0.00000096
170253,1,-3.65,6.43,-0.30,-12.06,-1.37,0.75,-3.84,5.82,-0.23,-0.00000012
170291,1,-2.65,6.44,-0.28,-28.37,-0.19,-0.88,-2.99,5.81,-0.21,-0.0000490
170327,1,-1.41,6.40,-0.26,-36.81,-0.37,-0.19,-1.84,5.77,-0.19,-0.00000549
170509,1,4.24,6.31,-0.14,1.94,0.19,0.25,4.16,5.68,-0.08,-0.00000285
170787,1,1.13,6.45,-0.46,0.69,0.31,2.00,31.10,5.61,-0.37,-0.00000821
171020,1,-1.03,6.47,-0.68,27.62,0.56,0.37,34.24,5.84,-0.61,-0.00000418
171156,1,-3.60,6.49,-0.67,1.75,0.19,-2.37,13.54,5.86,-0.64,-0.00000196
171204,1,-3.28,6.49,-0.56,-14.06,-0.31,-2.31,-0.15,5.86,-0.54,-0.00000114
171225,1,-3.43,6.50,-0.42,-24.37,-0.50,-3.87,-2.96,5.87,-0.42,-0.00000300
171278,1,-1.37,6.50,-0.27,-30.19,-0.06,-4.19,-1.98,5.87,-0.28,-0.00000440
171605,1,3.19,6.41,-0.-0.19,14.25,-0.31,1.06,3.12,5.78,-0.12,0.00000169
171705,1,1.99,6.41,-0.31,5.75,0.31,1.00,1.97,5.78,-0.23,0.00000087
171739,1,1.84,6.41,-0.37,2.87,-0.44,1.81,1.83,5.79,-0.26,0.00000015
171853,1,2.23,6.41,-0.47,-11.00,-0.94,0.69,2.05,5.80,-0.39,-0.00000218
171970,1,2.96,6.41,-0.40,-3.37,-0.31,-1.00,3.03,5.79,-0.34,-0.00000141
172017,1,2.99,6.41,-0.40,-0.50,0.31,0.31,3.13,5.78,-0.33,-0.0000010000060
172078,1,2.74,6.41,-0.41,5.44,-0.37,0.94,2.73,5.78,-0.33,0.00000021
172123,1,2.58,6.42,-0.46,4.06,0.94,1.12,2.60,5.79,-0.37,-0.00000002
172184,1,2.25,6.43,-0.50,4.25,-0.19,1.06,2.43,5.79,-0.42,0.00000013
172225,1,2.16,6.43,-0.50,1.31,0.06,0.50,2.11,5.80,-0.43,-0.00000017
172358,1,2.33,6.42,-0.50,-1.37,0.13,0.06,2.45,5.79,-0.43,-0.00000092
172429,1,2.49,6.42,-0.49,-1.62,-0.31,-0.13,2.41,5.79,-0.42,-0.00000086
172466,1,2.59,6.42,-0.49,-1.87,0.62,0.06,2.49,5.79,-0.42,-0.00000108
172530,1,2.58,6.43,-0.49,2.44,0.88,-0.31,2.54,5.79,-0.41,-0.00000038
172580,1,2.49,6.43,-0.50,2.44,-0.31,-0.13,2.45,5.80,-0.43,-0.00000032
172690,1,2.51,6.43,-0.50,-0.31,0.19,-0.37,2.44,5.80,-0.43,-0.00000082
172809,1,2.73,6.43,-0.51,-5.12,0.13,-0.37,2.61,5.80,-0.44,-0.00000155
172916,1,2.89,6.43,-0.50,-0.69,0.00,-0.19,2.79,5.80,-0.42,-0.00000088
172986,1,2.98,6.43,-0.49,0.50,-0.50,0.44,3.12,5.80,-0.42,-0.00000096
173027,1,2.88,6.46,-0.51,0.62,0.31,1.00,2.86,5.80,-0.42,-0.00000052
173318,1,2.80,6.34,-0.62,2.12,0.44,-0.06,2.76,5.71,-0.54,-0.00000051
173442,1,3.39,6.32,-0.56,-16.75,-0.81,-1.75,3.15,5.71,-0.51,-0.00000363
173508,1,4.74,6.31,-0.46,-20.87,0.06,-1.00,4.47,5.68,-0.40,-0.00000503
173575,1,6.73,6.26,-0.05,-34.44,0.06,-9.94,6.01,5.64,-0.16,-0.00000672
173618,1,8.65,6.06,0.54,-50.38,-2.87,-16.37,7.48,5.56,0.27,-0.00001006
173693,1,24.34,4.27,1.12,-311.06,-25.75,4.56,17.93,4.07,1.37,-0.00005062
173741,1,42.57,3.60,0.98,-495.69,-17.87,-6.87,33.05,2.79,1.06,-0.00010566
173839,1,72.68,4.33,-0.79,-15.50,-13.50,19.81,72.47,3.56,-0.54,-0.00003881
173924,1,50.65,4.89,-0.24,482.44,5.81,-15.13,55.44,4.34,-0.30,0.00006300
173972,1,28.39,4.92,0.75,602.94,38.38,-9.19,34.12,4.02,0.55,0.000
174005,1,6.74,6.30,0.39,518.00,8.75,46.38,11.73,5.52,0.90,0.00009734
174043,1,-10.82,5.81,-1.09,391.44,-17.31,28.56,-7.08,5.38,-0.77,0.00008260
174147,1,-16.88,7.16,0.25,-157.56,5.25,-23.81,-18.30,6.42,0.12,-0.00001105
174200,1,-8.42,6.58,1.02,-242.00,-27.50,-7.63,-10.84,6.20,0.97,-0.004361
174235,1,0.84,5.79,0.81,-230.31,-16.25,12.69,-1.23,5.32,1.00,-0.00004344
174379,1,14.76,5.83,0.22,31.37,-7.69,-23.44,14.98,5.33,0.09,-0.00000316
174426,1,12.56,5.33,0.85,66.87,-5.06,-14.75,13.70,4.92,0.63,0.00000743
174494,1,5.37,6.30,0.51,114.69,1.37,18.06,6.44,5.64,0.76,0.00001989
174536,1,0.72,6.17,-0.16,123.31,-8.37,13.88,1.86,5.61,0.04,0.00002158
174604,1,-5.90,6.08,-0.24,38.31,3.31,-2.87,-5.61,5.41,-0.20,0.00001317
174656,1,-6.24,6.52,-0.12,-13.19,17.87,-5.12,-6.44,5.70,-0.08,0.00000518
174692,1,-4.16,6.70,-0.12,-86.37,-8.81,5.37,-5.06,6.16,-0.00,-0.00000598
174822,1,9.08,6.44,-0.86,-68.19,7.81,-17.69,8.32,5.76,-0.97,-0.00002076
174843,1,10.22,6.36,-0.34,-35.81,1.12,-18.44,9.52,5.81,-0.61,-0.00001207
174887,1,10.00,5.90,0.20,13.25,-9.56,-15.81,10.27,5.54,0.01,-0.00000253
174993,1,2.98,6.26,0.55,65.75,-3.06,7.12,3.56,5.66,0.69,0.00001300
175053,1,1.00,6.33,0.14,8.19,5.31,7.63,1.14,5.70,0.21,0.00000119
175090,1,1.02,6.42,0.00,-3.81,3.94,7.19,0.92,5.75,0.14,-0.00000016
175121,1,1.37,6.29,-0.22,-13.56,-3.37,3.44,1.38,5.70,-0.11,350
175155,1,2.11,6.40,-0.30,-19.69,-0.69,3.37,2.07,5.78,-0.20,-0.00000424
175188,1,2.84,6.39,-0.39,-20.44,3.56,2.19,2.57,5.72,-0.30,-0.00000402
175305,1,3.65,6.34,-0.67,-1.31,-5.75,4.75,3.79,5.76,-0.55,-0.00000099
175391,1,5.03,6.36,-0.62,-16.00,2.69,-0.37,4.80,5.71,-0.55,-0.00000495
175544,1,3.28,6.35,-0.99,28.00,-3.19,2.69,3.69,5.75,-0.89,0.00000385
175615,1,1.56,6.35,-0.90,10.50,-3.00,-0.88,1.75,5.77,-0.85,0.00000313
175649,1,1.66,6.39,-0.85,-11.38,2.12,-2.56,1.48,5.74,-0.80,-0.00000104
175817,1,8.89,5.42,0.44,-103.37,-256,-27.00,11.78,4.31,1.32,-0.00002635
175866,1,25.74,4.30,1.31,-415.25,-22.94,-9.06,21.87,3.91,1.39,-0.00005850
175912,1,45.33,3.50,0.91,-537.19,-26.00,-10.13,34.96,3.35,1.17,-0.00010178
176004,1,76.12,3.52,-0.19,-194.69,-29.44,16.81,74.18,2.80,0.19,-0.00008215
176050,1,75.59,4.01,-1.06,134.81,9.00,11.31,76,3.50,-0.81,0.00001801
176147,1,24.47,5.51,0.97,610.00,61.13,-21.12,35.99,4.09,0.26,0.00010320
176213,1,-8.36,6.07,-1.46,329.62,2.00,29.44,-5.21,5.46,-1.11,0.00007370
176271,1,-15.73,5.59,-1.06,120.06,-1.12,-23.69,-14.66,4.91,-1.21,0.00003400910
176308,1,-15.80,6.44,-0.24,-61.06,16.12,-26.12,-16.48,5.59,-0.37,0.00000066
176369,1,-3.88,6.11,0.89,-174.25,-27.25,-1.31,-7.40,6.07,0.92,-0.00002954
176453,1,8.61,5.94,-0.35,-173.31,13.69,16.75,6.88,5.15,-0.14,-0.00003390
176504,1,14.91,6.44,-0.17,-140.94,1.31,-14.44,13.67,5.84,-0.23,-0.000032275
176540,1,19.13,5.04,0.36,-69.31,-33.69,-19.12,17.76,5.07,0.33,-0.00001946
176770,1,-1.41,6.60,0.33,110.37,19.81,-2.81,0.51,5.65,0.38,0.00002342
176821,1,-3.24,6.51,0.12,39.56,-10.69,8.13,-2.71,5.98,0.27,0.00001184
176957,1,9.12,6.47,-0.59,-98.81,-0.50,-7.44,7.06,5.79,-0.61,-0.00002251
176993,1,10.00,6.41,-0.49,-41.31,-10.56,-9.69,10.87,5.70,-0.32,-0.00001659
177031,1,12.17,5.78,0.12,4.50,-2.12,-8.13,12.29,5.27,0.02,-0.00000659
177072,1,11.02,6.08,0.32,44.37,11.06,-2.44,11.72,5.25,0.29,0.00000141
177117,1,8.67,6.12,0.29,44.50,-2.25,2.19,9.51,5.55,0.41,0.000000580
177137,1,7.96,6.13,0.22,34.06,0.50,4.31,8.22,5.50,0.33,0.00000488
177182,1,7.18,6.16,-0.01,11.63,2.25,6.75,7.22,5.49,0.12,0.00000210
177343,1,7.07,6.27,-0.50,-0.13,-1.44,1.12,7.00,5.65,-0.41,-0.00000219
177522,1,8.81,6.17,-0.24,-40.75,1.37,-8.63,8.55,5.53,-0.26,-0.00000898
177603,1,11.51,6.00,0.04,-19.50,-2.44,-1.37,11.46,5.40,0.10,-0.00000787
177646,1,11.79,6.00,0.01,-1.12,1.69,1.87,11.71,5.35,0.10,-0.00000498
177715,1,11.24,6.00,-0.03,15.69,1.94,0.19,11.32,5.35,0.03,-0.00000122
177757,1,10.45,6.02,-0.03,26.19,-1.25,0.06,10.84,5.41,0.04,0.00000091
177824,1,9.14,5.98,0.18,2.25,1.81,-3.62,9.30,5.34,0.22,-0.00000019
177873,1,9.87,6.02,0.40,-22.87,2.25,-6.31,9.47,5.39,0.34,-0.00000512
177945,1,13.42,5.73,1.04,-62.00,-5.31,-18.00,12.73,5.19,0.95,-0.00001450
177984,1,16.16,5.32,1.29,-79.44,-9.38,0.13,15.32,4.77,1.38,-0.00001725
178048,1,23.91,4.42,1.17,-176,-7.37,-6.69,24.05,3.79,1.24,-0.00003949
178121,1,38.56,3.77,0.56,-317.31,-18.44,121.50,45.63,3.02,0.11,-0.00008407
178178,1,67.32,3.44,-0.77,-460.50,-10.50,-0.62,63.00,2.86,-0.61,-0.00010229
178343,1,84.23,4.14,-1.00,389.37,9.19,4.69,75.32,3.50,-0.68,0.00007008
178442,1,21.21,5.68,0.48,598.75,32.81,3.62,26.92,4.75,0.45,0.00011079
178501,1,-2.68,5.68,-0.55,390.31,-9.63,11.63,1.04,5.15,8,0.00007258
178524,1,-10.12,5.53,-0.65,193.50,-1.00,0.13,-5.87,4.98,-0.55,0.00006085
178574,1,-12.80,6.08,-0.36,-0.44,14.31,-12.75,-12.88,5.28,-0.38,0.000.00000518
178614,1,-8.91,6.73,-0.10,-142.56,8.69,-5.44,-10.15,6.01,-0.07,-0.00001352
178677,1,3.82,5.95,0.38,-209.75,-14.81,-6.44,-0.27,5.57,0.31,-0.00003668
178751,1,17.76,5.51,-0.25,-149.37,8.19,3.94,14.74,4.74,-0.09,-0.00003406
178801,1,22.09,6.02,0.01,-79.25,8.63,-2.44,20.26,5.16,-0.06,-0.00002
178836,1,23.57,5.48,-0.01,-14.69,-6.06,-3.00,23.06,5.10,0.08,-0.00001464
178870,1,22.41,5.87,0.16,39.75,13.63,0.19,23.48,5.06,0.15,-0.00000235
178988,1,7.38,5.92,-0.19,184.06,-1.56,9.06,9.10,5.29,-0.02,0.00003053
179073,1,-2.81,6.39,-0.12,85.94,4.12,-5.25,-2.05,5.71,-0.10,0.00002088
179257,1,10.06,6.29,-1.28,-99.94,9.00,0.69,9.24,5.57,-1.21,-0.00002331
179276,1,10.92,24,-0.95,-42.88,-4.12,-8.25,12.30,5.67,-0.95,-0.00001369
179330,1,12.91,5.86,-0.71,14.13,-8.75,-6.75,12.97,5.33,-0.69,-0.00000373
179452,1,8.43,6.10,-0.42,27.50,-1.06,9.00,8.64,5.47,-0.26,0.00000293
179573,1,7.01,6.32,-1.23,-1.25,0.50,4.50,6.94,5.69,-1.11,-0.00000182
179606,1,7.00,6.33,-1.35,-1.37,-1.06,1.00,6.92,5.71,-1.26,-0.00000177
179672,1,7.35,6.33,-1.26,-0.56,-0.69,1.25,7.26,5.70,-1.16,-0.00000230
179791,1,10.20,6.17,-0.55,-37.75,-1.62,-6.87,9.76,5.57,-0.53,-0.00001066
179992,1,7.83,6.29,-1.05,27.62,1.62,2.94,8.56,5.63,-0.92,0.00000382
180190,1,11.25,6.30,-1.16,-1,-0.44,1.31,11.23,5.67,-1.09,-0.00000399
180239,1,10.56,6.32,-1.22,19.37,0.25,1.37,10.89,5.68,-1.14,-0.00000000
180286,1,9.96,6.31,-1.17,18.50,-0.44,-1.75,10.06,5.69,-1.12,0.00000128
180336,1,9.92,6.32,-1.16,-6.37,1.12,0.00,9.68,5.66,-1.09,-00390
180352,1,10.13,6.32,-1.18,-10.63,-0.62,1.75,9.95,5.69,-1.10,-0.00000483
180407,1,10.41,6.31,-1.20,-6.31,0.62,-1.50,10.28,5.69,-1.15,-0.00000404
180478,1,10.46,6.33,-1.17,5.00,-0.56,-1.94,10.46,5.71,-1.13,-0.00000258
180616,1,9.30,6.30,-1.01,-1.87,-0.69,-0.56,9.42,5.67,-0.94,-0.00000169
180660,1,9.83,6.32,-1.02,-17.69,1.19,0.50,9.59,5.69,-0.95,-0.0009
180682,1,10.40,6.31,-1.04,-13.25,-0.31,-2.06,10.41,5.68,-0.99,-0.00000540
180809,1,8.72,6.29,-0.98,25.7523.00,1.06,-4.87,8.86,5.66,-0.91,0.00000228
180907,1,7.90,6.32,-0.96,-7.63,0.06,1.75,7.76,5.69,-0.87,-0.00000353
180941,1,8.00,6.32,-0.95,-0.44,0.25,-1.56,8.14,5.69,-0.89,-0.00000249
181068,1,7.66,6.32,-0.92,2.31,-0.50,-1.12,7.61,5.69,-0.87,-0.00000135
181148,1,8.78,6.31,-0.92,-20.87,-1.62,-0.31,8.71,5.70,-0.85,-0.00000611
181373,0,9.02,6.40,-1.02,-4.56,0.81,-0.56,9.12,5.77,-0.94,-0.00000365
181606,0,7.03,6.40,-1.05,-0.13,-0.81,0.75,7.18,5.78,-0.97,-0.00000208
181639,0,6.91,6.42,-1.04,4.87,1.00,0.06,6.93,5.77,-0.98,-0.00000144
181752,0,6.07,6.38,-1.07,-7.44,-0.13,-0.88,5.93,5.75,-1.01,-0.00000256
181830,0,6.67,6.39,-1.14,-14.38,0.13,-0.19,6.46,5.76,-1.07,-0.00000464
182062,0,6.85,6.37,-1.23,2.75,-0.50,-0.31,6.81,5.74,-1.15,-0.00000236
182136,0,5.70,6.37,-1.27,11.81,-0.31,-0.31,5.96,55.74,-1.20,0.00000020
182206,0,4.63,6.36,-1.33,4.81,-0.06,0.69,4.73,5.74,-1.25,-0.00000046
182322,0,3.43,6.37,-1.37,9.75,-0.37,-0.13,3.46,5.74,-1.30,0.00000104
182361,0,3.04,6.38,-1.38,3.12,0.56,-0.75,3.15,5.74,-1.30,0.00000013
182433,0,2.80,6.39,-1.45,-9.00,-0.13,-0.06,2.83,5.75,-1.37,-0.00000237
182482,0,3.00,6.39,-1.46,-7.50,0.00,-0.13,3.11,5.76,-1.38,-0.00000237
182549,0,2.96,6.40,-1.50,-6.69,0.44,-0.69,3.14,5.77,-1.43,-0.00000192
182684,0,3.49,6.42,-1.57,-4.19,-0.56,-0.25,3.58,5.79,-1.50,-0.00000268
182789,0,2.84,6.43,-1.62,2.06,0.00,0.06,2.85,5.80,-1.55,-0.00000035
182827,0,2.58,6.44,-1.64,2.81,0.19,0.31,2.77,5.81,-1.57,-0.00000034
182871,0,2.23,6.43,-1.65,8.19,0.19,0.13,2.45,5.80,-1.58,0.0.00000085
182892,0,2.01,6.43,-1.65,11.00,0.37,-0.06,2.26,5.81,-1.58,0.00000113
182937,0,1.50,6.43,-1.66,11.25,-0.06,0.13,1.76,5.80,-1.59,0.00000163
183217,0,0.60,6.44,-1.72,-8.94,-0.19,-0.06,0.39,5.81,-1.65,-0.00000151
183394,0,1.77,6.45,-1.75,-7.50,-0.37,-0.06,1.82,5.81,-1.67,-0.00000175
183492,0,2.00,6.45,-1.77,2.87,0.13,-0.06,2.17,5.82,-1.69,-0.00000031
183560,0,1.67,6.44,-1.77,6.44,0.13,-0.13,1.89,5.82,-1.70,0.00000064
183672,0,0.86,6.45,-1.79,7.50,-0.19,0.13,0.86,5.82,-1.71,0.00000105
183706,0,0.50,6.45,-1.79,9.44,0.50,0.13,0.52,5.82,-1.72,0.00000155
183745,0,0.12,6.45,-1.79,9.31,0.13,0.13,0.45,5.82,-1.72,0.00000172
183790,0,-0.22,6.46,-1.79,3.31,0.50,0.00,0.02,5.82,-1.7-1.72,0.00000063
183814,0,-0.27,6.46,-1.79,1.19,0.19,0.00,-0.11,5.83,-1.72,0.00000043
183861,0,-0.26,6.45,-1.80,-1.37,-0.44,0.13,-0.13,5.82,-1.72,-0.00000014
183897,0,-0.18,6.45,-1.80,-2.37,0.25,-0.19,-0.27,5.82,-1.73,-0.00000032
183933,0,-0.07,6.45,-1.80,-4.06,-0.31,-0.06,0.03,5.82,-1.73,-0.00000048
184137,0,1.33,6.45,-1.82,-5.62,-0.19,-0.25,1.22,5.82,-1.74,-0.00000149
184362,0,0.96,6.45,-1.84,8.25,0.19,0.06,1.19,5.83,-1.76,0.00000119
184404,0,0.62,6.46,-1.84,7.31,0.06,0.19,0.84,5.82,-1.77,0.00000126
184504,0,-0.17,6.46,-1.84,6.81,0.25,-0.06,-0.17,5.83,-1.77,0.00000136
184553,0,-0.38,6.45,-1.84,4.06,0.00,-0.13,-0.36,5.83,-1.77,0.00000113
184619,0,-0.39,6.46,-1.85,-3.19,0.31,0.13,-0.52,5.83,-1.78,-0.00000021
184739,0,0.20,6.46,-1.85,-7.37,-0.13,-0.19,0.27,5.83,-1.78,-0.00000136
184822,0,0.83,6.46,-1.86,-9.75,-0.13,-0.13,0.88,5.83,-1.79,-0.00000200
185053,0,1.23,6.46,-1.88,4.25,0.19,0.06,1.20,5.83,-1.81,0.00000029
185085,0,0.98,6.46,-1.88,7.37,0.06,0.00,1.19,5.83,-1.80,0.00000074
185199,0,0.06,6.45,-1.88,7.06,0.00,0.31,0.34,5.83,-1.81,0.00000132
185243,0,-0.13,6.46,-1.89,6.00,0.06,0.13,-0.14,5.83,-1.81,0.00000118
185311,0,-0.50,6.46,-1.88,3.12,0.00,0.06,-0.54,5.83,-1.81,0.00000081
185360,0,-0.57,6.46,-1.88,0.06,0.13,0.00,-0.42,5.83,-1.81,0.00000045
185425,0,-0.28,6.46,-1.89,-6.31,0.00,0.00,-0.26,5.83,-1.82,-0.00000091
185473,0,-0.02,6.45,-1.89,-7.56,-0.19,-0.19,-0.02,5.83,-1.82,-0.000
185509,0,0.28,6.46,-1.89,-7.81,0.06,-0.25,0.27,5.83,-1.82,-0.00000150
185543,0,0.50,6.45,-1.89,-8.06,0.00,-0.25,0.36,5.83,-1.82,-0.00000159
185680,0,1.28,6.46,-1.90,-4.37,-0.13,-0.19,1.39,5.83,-1.83,-0.00000135
185746,0,1.32,6.45,-1.90,1.44,0.06,-0.19,1.28,5.82,-1.83,-0.00000033
185778,0,1.22,6.46,-1.91,3.00,0.13,0.00,1.39,5.83,-1.84,0.00000012
185817,0,1.05,6.46,-1.91,4.62,0.13,0.25,1.03,5.83,-1.84,0.000000480
185863,0,0.73,6.46,-1.91,7.06,0.06,0.13,0.94,5.83,-1.8484,0.00000106
185881,0,0.58,6.46,-1.91,8.13,0.31,0.06,0.80,5.83,-1.84,0.00000118
185929,0,0.23,6.46,-1.91,8.75,-0.06,0.06,0.25,5.83,-1.84,0.00000156
186012,0,-0.31,6.45,-1.92,4.56,-0.13,-0.06,-0.07,5.83,-1.84,0.00000108
186044,0,-0.42,6.46,-1.92,3.12,0.13,0.06,-0.46,5.83,-1.84,0.00000078
