millis,armed,flip,phase,sp_r_r,gx,er,sp_r,roll,ch_thr,m1,m2,m3,m4
117,0,0,0,0.00,0.06,0.00,0.07,0.12,1011,1011.00,1011.00,1011.00,1011.00
175,0,0,0,0.00,0.19,0.00,0.07,0.12,1012,1012.00,1012.00,1012.00,1012.00
225,0,0,0,0.00,0.06,0.00,0.07,0.12,1011,1012.00,1012.00,1012.00,1012.00
246,0,0,0,0.00,0.00,0.00,0.07,0.12,1012,1011.00,1011.00,1011.00,1011.00
284,0,0,0,0.00,-0.13,0.00,0.07,0.12,1012,1011.00,1011.00,1011.00,1011.001.00
304,0,0,0,0.00,-0.19,0.00,0.07,0.12,1012,1011.00,1011.00,1011.00,1011.00
356,0,0,0,0.00,0.06,0.00,0.07,0.12,1012,1012.00,1012.00,1012.00,1012.00
390,0,0,0,0.00,-0.06,0.00,0.07,0.12,1012,1012.00,1012.00,1012.00,1012.00
410,0,0,0,0.00,0.00,0.00,0.07,0.12,1012,1012.00,1012.00,1012.00,1012.00
447,0,0,0,0.00,-0.13,0.00,0.07,0.12,1012,1012012.00,1012.00,1012.00,1012.00
484,0,0,0,0.00,0.06,0.00,0.07,0.12,1012,1012.00,1012.00,1012.00,1012.00
584,0,0,0,0.00,0.19,0.00,0.07,0.12,1011,1011.00,1011.00,1011.00,1011.00
642,0,0,0,0.00,-0.19,0.00,0.07,0.12,1012,1012.00,1012.00,1012.00,1012.00
742,0,0,0,0.00,0.00,0.00,0.07,0.12,1012,1012.00,1012.00,1012.00,1012.00
762,0,0,0,0.00,-0.25,0.00,0.07,0.12,1012,1012.00,1012.00,1012.00,1012.00
866,0,0,0,0.00,0.19,0.00,0.07,0.12,1012,1012.00,1012.00,1012.00,1012.00
904,0,0,0,0.00,-0.13,0.00,0.07,0.12,1012,1012.00,1012012.00,1012.00,1012.00
977,0,0,0,0.00,0.06,0.00,0.07,0.12,1012,1011.00,1011.00,1011.00,1011.00
1011,0,0,0,0.00,-0.06,0.00,0.,0.12,1012,1012.00,1012.00,1012.00,1012.00
1104,0,0,0,0.00,-0.06,0.00,0.07,0.12,1011,1011.00,1011.00,1011.00,1011.00
1209,0,0,0,0.00,0.00,0.00,0.07,0.12,1011,1011.00,1011.00,1011.00,1011.00
1326,0,0,0,0.00,-0.06,0.00,0.07,0.12,1012,1012.00,1012.00,102.00,1012.00
1353,0,0,0,0.00,-0.13,0.00,0.07,0.12,1012,1012.00,1012.00,1012.00,1012.00
1418,0,0,0,0.00,0.00,0.00,0.07,0.12,1012,1012.00,1012.00,1012.00,1012.00
1475,0,0,0,0.00,0.00,0.00,0.07,0.12,1012,1012.00,1012.00,1012.00,1012.00
1610,0,0,0,0.00,0.19,0.00,0.07,0.12,1012,1012.00,1012.00,1012.00,1012.00
1690,0,0,0,0.0,0.00,0.00,0.07,0.12,1012,1012.00,1012.00,1012.00,1012.00
1730,0,0,0,0.00,0.00,0.00,0.07,0.12,1011,1012.00,1012.00,1012.00,1012.00
1791,0,0,0,0.00,-0.06,0.00,0.07,0.12,1012,1012.00,1012.00,1012.00,1012.00
1855,0,0,0,0.00,0.00,0.00,0.07,0.12,1012,1012.00,1012.00,1012.00,1012.00
1894,0,0,0,0.00,0.00,0.00,0.07,0.12,1011,1011.00,1011.00,1011.00,101011.00
1914,0,0,0,0.00,-0.25,0.00,0.07,0.12,1011,1011.00,1011.00,1011.00,1011.00
1967,0,0,0,0.00,-0.19,0.00,0.07,0.12,1012,1012.00,1012.00,1012.00,1012.00
2000,0,0,0,0.00,0.00,0.00,0.07,0.12,1011,10100,1011.00,1011.00,1011.00
2020,0,0,0,0.00,-0.06,0.00,0.07,0.12,1012,1012.00,1012.00,1012.00,1012.00
2056,0,0,0,0.00,-0.06,0.00,0.07,0.12,1012,1011012.00,1012.00,1012.00,1012.00
2092,0,0,0,0.00,0.06,0.00,0.07,0.12,1011,1011.00,1011.00,1011.00,1011.00
2128,0,0,0,0.00,-0.13,0.00,0.07,0.12,1011,1011.00,1011.00,1011.00,1011.00
2161,0,0,0,0.00,0.06,0.,0.07,0.12,1011,1012.00,1012.00,1012.00,1012.00
2252,0,0,0,0.00,0.06,0.00,0.07,0.12,1012,1012.00,1012.00,1012.00,1012.00
2353,0,0,0,0.00,0.06,0.00,0.07,0.12,1012,1011.00,1011.00,1011.00,1011.00
2457,0,0,0,0.00,0.19,0.00,0.07,0.12,1011,1011.00,1011.00,1011.,1011.00
2477,0,0,0,0.00,-0.06,0.00,0.07,0.12,1012,1012.00,1012.00,1012.00,1012.00
2513,0,0,0,0.00,0.19,0.00,0.07,0.12,1011,1012.00,1012.00,1012.000,1011.00
2532,0,0,0,0.00,0.00,0.00,0.07,0.12,1011,1011.00,1011.00,1011.00,1011.00
2585,0,0,0,0.00,0.19,0.00,0.07,0.12,1012,1011.00,1011.00,1011.00,1011.00
2636,0,0,0,0.00,-0.13,0.00,0.07,0.12,1012,1012.00,1012.00,1012.00,1012.00
2710,0,0,0,0.00,-0.13,0.00,0.07,0.12,1011,1011.00,1011.00,1011.00,1011.00
2820,0,0,0,0.00,-0.19,0.00,0.07,0.12,1012,1012.00,1012.00,1012.00,1012.00
2880,0,0,0,0.00,-0.31,0.00,0.07,0.12,1011,1011.00,1011.00,1011.00,1011.00
2951,0,0,0,0.00,0.06,0.00,0.07,0.12,1011,1011.00,1011.00,1011.00,1011.00
2990,0,0,0,0.00,-0.06,0.00,0.07,0.12,1011,1011.00,1011.00,1011.00,1011.001.00
3011,0,0,0,0.00,-0.06,0.00,0.07,0.12,1012,1012.00,1012.00,1012.00,1012.00
3064,0,0,0,0.00,-0.06,0.00,0.07,0.12,1011,1012.00,1012.00,1012.00,1012.00
3096,0,0,0,0.00,0.25,0.00,0.07,0.12,1012,10120,1012.00,1012.00,1012.00
3116,0,0,0,0.00,-0.06,0.00,0.07,0.12,1012,1012.00,1012.00,1012.00,1012.00
3153,0,0,0,0.00,0.13,0.00,0.07,0.12,1012,1012.0000,1012.00,1012.00,1012.00
3226,0,0,0,0.00,0.06,0.00,0.07,0.12,1012,1011.00,1011.00,1011.00,1011.00
3316,0,0,0,0.00,0.25,0.00,0.07.07,0.12,1011,1011.00,1011.00,1011.00,1011.00
3353,0,0,0,0.00,0.00,0.00,0.07,0.12,1012,1011.00,1011.00,1011.00,1011.00
3460,0,0,0,0.00,0.19,0.00,0.07,0.12,1012,1012.00,1012.00,1012.00,1012.00
3517,0,0,0,0.00,0.00,0.00,0.07,0.12,1012,1012.00,1012.00,1012.00,1012.00
3564,0,0,0,0.00,0.00,0.00,0.07,0.12,1011,1012.00,1012.00,1012.00,11.00
3584,0,0,0,0.00,0.00,0.00,0.07,0.12,1011,1011.00,1011.00,1011.00,1011.00
3621,0,0,0,0.00,-0.06,0.00,0.07,0.12,1012,1012.00,1012.00,1012.00,10112.00
3642,0,0,0,0.00,-0.06,0.00,0.07,0.12,1011,1011.00,1011.00,1011.00,1011.00
3698,0,0,0,0.00,0.00,0.00,0.07,0.12,1011,1011.00,1011.00,1011.00,1011.00
3748,0,0,0,0.00,0.13,0.00,0.07,0.12,1011,1012.00,1012.00,1012.00,1012.00
3862,0,0,0,0.00,0.13,0.00,0.07,0.12,1011,1011.00,1011.00,1011.00,1011.00
3898,0,0,0,0.00,0.06,0.00,0.0,0.12,1012,1012.00,1012.00,1012.00,1012.00
4000,0,0,0,0.00,-0.06,0.00,0.07,0.12,1011,1012.00,1012.00,1012.00,1012.00
4103,0,0,0,0.00,-0.13,0.00,0.07,0.12,1011,1011.00,1011.00,1011.00,1011.00
4211,0,0,0,0.00,-0.13,0.00,0.07,0.12,1011,1011.00,1011.00,10110,1011.00
4230,0,0,0,0.00,0.00,0.00,0.07,0.12,1011,1011.00,1011.00,1011.00,1011.00
4286,0,0,0,0.00,0.19,0.00,0.07,0.12,1011,1011.00,1011.00,1011.00,1011.00
4341,0,0,0,0.00,0.19,0.00,0.07,0.12,1011,1011.00,1011.00,1011.00,1011.00
4390,0,0,0,0.00,0.13,0.00,0.07,0.12,1011,1011.00,1011.00,1011.00,1011.00
4426,0,0,0,0.00,0.00,0.00,0.07,0.12,1011,1011.0.00,1011.00,1011.00,1011.00
4520,0,0,0,0.00,0.13,0.00,0.07,0.12,1011,1011.00,1011.00,1011.00,1011.00
4589,0,0,0,0.00,0.19,00,0.07,0.12,1011,1011.00,1011.00,1011.00,1011.00
4680,0,0,0,0.00,0.13,0.00.00,0.07,0.12,1011,1011.00,1011.00,1011.00,1011.00
4718,0,0,0,0.00,0.13,0.00,0.07,0.12,1011,1011.00,1011.00,1011.00,1011.00
4872,0,0,0,0.00,0.19,0.00,0.07,0.12,1011,1011.00,1011.00,1011.00,1011.00
4909,0,0,0,0.00,-0.06,0.00,0.07,0.12,1012,1011.00,1011.00,1011.00,1011.00
5036,0,0,0,0.00,0.19,0.00,0.07,0.12,1011,1011.00,1011.00,111.00,1011.00
5057,0,0,0,0.00,0.06,0.00,0.07,0.12,1011,1011.00,1011.00,1011.00,1011.00
5109,0,0,0,0.00,0.00,0.00,0.07,0.12,1011,1011.00,1011.00,1011011.00,1011.00
5146,0,0,0,0.00,0.00,0.00,0.07,0.12,1011,1011.00,1011.00,1011.00,1011.00
5207,0,0,0,0.00,0.13,0.00,0.07,0.12,1011,1011.00,1011.00,1011.00,1011.00
5402,0,0,0,0.00,-0.25,0.00,0.07,0.12,1011,1011.00,1011.00,1011.00,1011.00
5560,0,0,0,0.00,-0.06,0.00,0.07,0.12,1011,1011.00,1011.00,1011.00,1011.00
5637,0,0,0,0.00,0.00,0.00,0.07,0.12,1011,1011.00,1011.00,1011.00,1011.00
5728,0,0,0,0.00,0.00,0.00,0.07,0.12,1011,1011.00,1011.00,1011.00,1011.00
5750,0,0,0,0.00,0.06,0.00,0.07,0.12,1011,1011.00,1011.00,1011.00,1011.00
5801,0,0,0,0.00,0.13,0.00,0.07,0.12,1011,1011.00,1011.00,1011.00,1011.11.00
5840,0,0,0,0.00,-0.13,0.00,0.07,0.12,1011,1011.00,1011.00,1011.00,1011.00
5903,0,0,0,0.00,-0.06,0.00,0.07,0.12,1011,1011.00,1011.00,1011.00,1011.00
5981,0,0,0,0.00,-0.13,0.00,0.07,0.12,1011,1011.00,1011.00,1011.00,1011.00
6032,0,0,0,0.00,-0.13,0.00,0.07,0.12,1011,101011.00,1011.00,1011.00,1011.00
6088,0,0,0,0.00,-0.06,0.00,0.07,0.12,1011,1011.00,1011.00,1011.00,1011.00
6200,1,0,0,0.00,-013,0.00,0.07,0.12,1011,1011.00,1011.00,1011.00,1011.00
6254,1,0,0,0.00,0.13,0.00,0.07,0.12,1011,1011.00,1011.00,1011.00,1011.00
6292,1,0,0,0.00,-0.00.13,0.00,0.07,0.12,1011,1011.00,1011.00,1011.00,1011.00
6330,1,0,0,0.00,0.06,0.00,0.07,0.12,1011,1011.00,1011.00,1011.00,1011.00
6483,1,0,0,0.00,0.00,0.00,0.07,0.12,1011,1011.00,1011.00,1011.00,1011.00
6522,1,0,0,0.00,0.00,0.00,0.07,0.12,1011,1011.00,1011.00,1011.00,1011.00
6652,1,0,0,0.00,-0.13,0.00,0.07,0.12,1011,1011.00,101100,1011.00,1011.00
6674,1,0,0,0.00,-0.06,0.00,0.07,0.12,1011,1011.00,1011.00,1011.00,1011.00
6725,1,0,0,0.00,0.13,0.00,0.07,0.12,1011,1011.00,1011.11.00,1011.00,1011.00
6828,1,0,0,0.00,-0.13,0.00,0.07,0.12,1011,1011.00,1011.00,1011.00,1011.00
6959,1,0,0,0.00,0.06,0.00,00.07,0.12,1011,1011.00,1011.00,1011.00,1011.00
7016,1,0,0,0.00,-0.06,0.00,0.07,0.12,1011,1011.00,1011.00,1011.00,1011.00
7172,1,0,0,0.00,0.06,0.00,0.07,0.12,1037,1037.00,1037.00,1037.00,1037.00
7248,1,0,0,0.00,0.06,0.00,0.07,0.12,1061,1059.00,1059.00,1059.00,1059.00
7358,1,0,0,0.00,-0.56,0.00,0.07,0.08,1110,1110.00,1110.00,1110.00,1110.00
7410,1,0,0,0.00,-0.50,0.00,0.07,0.06,1110,1110.00,1110.00,11101110.00,1110.00
7447,1,0,0,0.00,-0.62,0.00,0.07,0.07,1111,1111.00,1111.00,1111.00,1111.00
7514,1,0,0,0.00,-0.81,0.00,0.07,0.08,1113,1113.00,1113.00,1113.00,1113.00
7573,1,0,0,0.00,-0.69,0.00,0.07,0.07,1113,1113.00,1113.00,1113.00,1113.00
7646,1,0,0,0.00,-0.19,0.00,0.0.07,0.02,1113,1113.00,1113.00,1113.00,1113.00
7703,1,0,0,0.00,0.81,0.00,0.07,-0.00,1115,1115.00,1115.00,1115.00,1115.00
7817,1,0,0,0.00,0.50,0.00,0.07,-0.11,1115,1115.00,1115.00,1115.00,1115.00
7868,1,0,0,0.00,0.69,0.00,0.07,-0.15,1115,1115.00,1115.00,1115.00,1115.00
7907,1,0,0,0.00,0.62,0.00,0.07,-0.17,1115,1115.00,1115.00,1115.00,1115.00
8053,1,0,0,0.00,-1.00,0.00,0.07,-0.19,1115,1115.00,1115.00,1115.00,1115.00
8165,1,0,0,0.00,-0.69,0.00,0.07,-0.18,1115,1115.00,1115.00,1115.00,1115.00
8259,1,0,0,0.00,-0.13,0.00,0.07,-0.17,1130,1118.00,1118.00,1118.00,1118.00
8282,1,0,0,0.00,-0.44,0.00,0.07,-0.18,1130,1130.00,1130.00,1130.00,1130.00
8332,1,0,0,0.00,0.19,0.00,0.07,-0.19,1134,1133.00,1133.00,1133.00,1133.034.00
8371,1,0,0,0.00,0.06,0.00,0.07,-0.20,1144,1143.00,1143.00,1143.00,1143.00
8436,1,0,0,0.00,0.37,0.00,0.07,-0.21,1178,1167.00,1167.00,1167.00,1167.00
8625,1,0,0,0.00,-1.44,0.00,0.07,-0.17,1199,1198.00,1198.00,1198.00,1198.00
8723,1,0,0,0.00,-1.50,0.00,0.07,-0.09,1201,1201.00,1201.00,1201.00,1201.000
8747,1,0,0,0.00,-1.50,0.00,0.07,-0.06,1203,1203.00,1203.00,1203.00,1203.00
8830,1,0,0,0.00,-0.25,0.00,0.07,0.01,1204,1204.00,1204.00,1204.00,1204.00
8897,1,0,0,0.00,0.06,0.00,0.07,0.02,1205,1205.00,1205.00,1205.00,1205.00
9032,1,0,0,0.00,1.44,0.00,0.07,-0.10.18,1205,1205.00,1205.00,1205.00,1205.00
9084,1,0,0,0.00,1.25,0.00,0.07,-0.24,1205,1205.00,1205.00,1205.00,1205.00
9249,1,0,0,0.00,0.00,0.00,0.07,-0.39,1205,1205.00,1205.00,1205.00,1205.00
9287,1,0,0,0.00,-0.81,0.00,0.07,-0.39,1205,1205.00,1205.00,1205.00,1205.00
9435,1,0,0,0.00,-1.75,0.00,0.07,-0.24,1205,1205.00,1205.00,1205.00,1205.00
9548,1,0,0,0.00,-1.81,0.00,0.07,-0.04,1205,1205.00,1205.00,1205.00,1205.00
9707,1,0,0,0.00,0.50,0.00,0.07,0.02,1205,1205.00,1205.00,1205.00,1205.00
9744,1,0,0,0.00,1.12,0.00,0.07,-0.02,1205,1205.00,1205.00,1205.00,1205.00
9899,1,0,0,0.00,2.06,0.00,0.07,-0.28,1217,1217.00,1217.00,1217.00,1217.00
9949,1,0,0,0.00,1.44,0.00,0.07,-0.35,1227,1226.237.00,1237.00,1237.00,1237.00
10006,1,0,0,0.00,1.12,0.00,0.07,-0.42,1270,1258.00,1258.00,1258.00,1258.00
10116,1,0,0,0.00,-2.44,0.00,0.07,-0.17,1302,1303.00,1301.00,1301.00,1303.00
10166,1,0,0,0.00,-5.62,0.00,0.07,0.10,1303,1305.00,1301.00,1301.00,1305.00
10204,1,0,0,0.00,-5.50,0.00,0.07,0.35,1305,1307.00,1303.00,1303.00,1307.00
10333,1,0,0,0.00,0.50,0.00,0.07,0.70,1319,1319.00,13100,1319.00,1319.00
10355,1,0,0,0.00,2.19,0.00,0.07,0.65,1319,1319.00,1319.00,1319.00,1319.00
10508,1,0,0,0.00,3.31,0.00,0.07,0.21,1320,1319.00,1321.00,1321.00,1319.00
10695,1,0,0,0.00,-0.31,0.00,0.07,-0.19,1320,1320.00,1320.00,1320.00,1320.00
10811,1,0,0,0.00,-1.56,0.00,0.07,-0.04,1320,1320.00,1320.00,1320.00,1320.00
10902,1,0,0,0.00,-4.50,0.00,0.07,0.23,1320,1321.00,1319.00,1319.00,1321.00
10967,1,0,0,0.00,-2.62,0.00,0.07,0.43,1320,1321.00,1319.00,1319.00,1321.00
11049,1,0,0,0.00,1.19,0.00,0.07,0.50,1320,1320.00,1320.00,1320.00,1320.00
11098,1,0,0,0.00,2.44,0.00,0.07,0.39,1320,132020.00,1320.00,1320.00,1320.00
11197,1,0,0,0.00,3.81,0.00,0.07,0.09,1320,1319.00,1321.00,1321.00,1319.00
11262,1,0,0,0.00,2.69,0.00,0.07,-0.11,1320,1319.00,1321.00,1321.00,1319.00
11392,1,0,0,0.00,-0.19,0.00,0.07,-0.35,1320,1320.00,1320.00,1320.00,1320.00
11499,1,0,0,0.00,-2.12,0.00,0.07,-0.26,1325,1325.00,1325.00,1325.00,1325.00
11657,1,0,0,0.00,-2.00,0.00,0.07,0.07,1344,1343.00,1343.00,1343.00,1343.00
11717,1,0,0,0.00,-1.44,0.00,0.07,0.17,1349,1348.00,1348.00,1348.00,1348.00
11790,1,0,0,0.00,1.94,0.00,0.07,0.03,1355,1354.00,1356.00,1356.00,1354.00
11847,1,0,0,0.00,1.12,0.00,0.07,-0.05,1359,1358.00,1358.00,1358.00,1358.00
12008,1,0,0,0.00,0.19,0.00,0.07,-0.24,1367,1367.00,1367.00,1367.00,1367.00
12046,1,0,0,0.00,-0.75,0.00,0.07,-0.24,1370,1367.00,1367.00,1367.00,1367.00
12114,1,0,0,0.00,-3.62,0.00,0.07,-0.05,1374,1374.00,1374.00,1374.00,1374.00
12176,1,0,0,0.00,-2.12,0.00,0.07,0.16,1376,1376.00,1376.00,1376.00,1376.00
12197,1,0,0,0.00,-2.25,0.00,0.07,0.23,1377,1376.00,1376.00,1376.00,1376.00
12304,1,0,0,0.00,0.13,0.00,0.07,0.34,1383,1383.00,1383.00,1383.00,1383.00
12425,1,0,0,00,3.06,0.00,0.07,0.27,1389,1388.00,1388.00,1388.00,1388.00
12470,1,0,0,0.00,3.50,0.00,0.07,0.12,1390,1389.00,1391.00,1391.00,1389.00
12506,1,0,0,0.000,4.44,0.00,0.07,-0.05,1392,1390.00,1392.00,1392.00,1390.00
12548,1,0,0,0.00,2.50,0.00,0.07,-0.18,1393,1391.00,1393.00,1393.00,1391.00
12658,1,0,0,0.00,1.19,0.00,0.07,-0.38,1397,1395.00,1395.00,1395.00,1395.00
12701,1,0,0,0.00,0.81,0.00,0.07,-0.38,1397,1397.00,1397.00,1397.0397.00,1397.00
12739,1,0,0,0.00,-0.81,0.00,0.07,-0.38,1399,1399.00,1399.00,1399.00,1399.00
12804,1,0,0,0.00,-3.19,0.00,0.07,-0.21,1400,1401.00,1399.00,1399.00,1401.00
12875,1,0,0,0.00,-3.56,0.00,0.07,-0.05,1403,1403.00,1401.00,1401.00,1403.00
12927,1,0,0,0.00,-2.69,0.00,0.07,0.06,1403,1403.00,1403.00,1403.00,1403.00
13005,1,0,0,0.00,-1.50,0.00,0.07,0.10,1403,1403.00,1403.00,1403.00,1403.00
13118,1,0,0,0.00,0.06,0.00,0.07,0.20,1405,1405.00,1405.00,1405.00,1405.00
13162,1,0,0,0.00,3.00,0.00,0.07,0.13,1407,1407.00,1407.00,1407.00,1407.000
13197,1,0,0,0.00,2.44,0.00,0.07,0.03,1408,1407.00,1409.00,1409.00,1407.00
13258,1,0,0,0.00,1.81,0.00,0.07,-0.20,1408,1407.00,1409.00,1409.00,1407.00
13328,1,0,0,0.00,-2.31,0.00,0.07,-0.20,1408,408.00,1408.00,1408.00,1408.00
13352,1,0,0,0.00,1.62,0.00,0.07,-0.22,1408,1408.00,1408.00,1408.00,1408.00
13461,1,0,0,0.00,-1.37,0.00,0.07,-0.10,1410,1410.00,1410.00,1410.00,1410.00
13622,1,0,0,0.00,-0.25,0.00,0.07,0.21,1413,1413.00,1413.00,1413.00,1413.00
13656,1,0,0,0.00,0.94,0.00,0.07,0.23,1415,1414.00,1414.00,1414.00,1414.00
13813,1,0,0,0.00,2.31,0.00,0.07,0.06,1420,1420.00,1420.00,1420.00,1420.00
13861,1,0,0,0.00,0.00,0.00,0.07,0.04,1422,1421.00,1421.00,1421422.00,1422.00
13896,1,0,0,0.00,4.00,0.00,0.07,-0.07,1422,1422.00,1422.00,1422.00,1422.00
13964,1,0,0,0.00,0.75,0.00,0.07,-0.26,1424,1423.00,1425.00,1425.00,1423.00
14073,1,0,0,0.00,-2.94,0.00,0.07,-0.09,1429,1429.00,1429.00,1429.00,1429.00
14158,1,0,0,0.00,-1.19,0.00,0.07,0.12,1432,1432.00,1432.00,1432.00,1432.00
14238,1,0,0,0.00,3.06,0.00,0.07,-0.05,1435,1434.00,1434.00,1434.00,1434.00
14263,1,0,0,0.00,-0.37,0.00,0.07,-0.08,1437,1436.00,1436.00,1436.00,1436.00
14351,1,0,0,0.00,-1.19,0.00,0.07,-0.01,1440,1440.00,1440.00,1440.00,1440.00
14414,1,0,0,0.00,-0.69,0.00,0.07,0.02,1444,1444.00,1444.00,1444.00,1444.00
14613,1,0,0,0.00,2.87,0.00,0.07,-0.19,1458,1458.00,1458.00,1458.00,1458.00
14714,1,0,0,0.00,-4.00,0.00,0.07,-0.13,1462,1463.00,1461.00,1461.00,1463.00
14807,1,0,0,0.00,-1.62,0.00,0.07,0.08,1466,1466.00,1464.00,1464.00,1466.00
14869,1,0,0,0.00,1.06,0.00,0.07,0.14,1468,1468.00,1468.00,1468.00,1468.00
14935,1,0,0,0.00,-0.25,0.00,0.07,0.08,1471,1471.0,1471.00,1471.00,1471.00
14961,1,0,0,0.00,-1.44,0.00,0.07,0.13,1472,1472.00,1472.00,1472.00,1472.00
15008,1,0,0,0.00,-2.19,0.00,0.07,0.20,1475,1475.75.00,1475.00,1475.00,1475.00
15067,1,0,0,0.00,1.12,0.00,0.07,0.09,1478,1477.00,1477.00,1477.00,1477.00
15114,1,0,0,0.00,-1.12,0.00,0.07,0.10,1480,1480.00,1480.00,1480.00,1480.00
15224,1,0,0,0.00,-1.44,0.00,0.07,0.29,1487,1485.00,1485.00,1485.00,1485.00
15245,1,0,0,0.00,0.00.37,0.00,0.07,0.27,1487,1487.00,1487.00,1487.00,1487.00
15300,1,0,0,0.00,3.62,0.00,0.07,0.23,1488,1488.00,1488.00,1488.00,1488.00
15421,1,0,0,0.00,-2.69,0.00,0.07,-0.19,1491,1491.00,1491.00,1491.00,1491.00
15470,1,0,0,0.00,0.19,0.00,0.07,-0.12,1493,1493.00,1493.00,1493.00,1493.493.00
15506,1,0,0,0.00,-0.56,0.00,0.07,-0.14,1493,1493.00,1493.00,1493.00,1493.00
15574,1,0,0,0.00,-3.56,0.00,0.07,-0.01,1495,1496.00,1494.00,1494.00,1496.00
15759,1,0,0,0.00,0.88,0.00,0.07,0.12,1496,1496.00,1496.00,1496.00,1496.00
15926,1,0,0,0.00,7.87,0.00,0.07,-0.41,1496,1493.00,1499.00,1499.00,1493.00
15963,1,0,0,0.00,1.44,0.00,0.07,-0.56,1496,1495.00,1497.00,1497.00,1495.00
16112,1,0,0,0.00,0.00,0.00,0.07,-0.49,1496,1496.00,1496.00,1496.00,1496.00
16223,1,0,0,0.00,-2.75,0.00,0.07,-0.37,1496,1496.00,1496.00,1496.00,1496.00
16378,1,0,0,0.00,2.87,0.00,0.07,-0.00,1496,1496.00,1496.00,1496.00,1496.00
16570,1,0,0,0.00,-1.06,0.00,0.07,-0.34,1496,1496.00,1496.00,1496.00,1496.00
16674,1,0,0,0.00,-2.69,0.00,0.07,-0.49,1496,1496.00,1496.00,1496.00,1496.00
16788,1,0,0,0.00,-1.56,0.00,0.07,-0.08,1496,1496.00,1496.00,1496.00,1496.00
16839,1,0,0,0.00,-0.69,0.00,0.07,-0.07,1496,1496.00,1496.00,1496.00,1496.00
17007,1,0,0,0.00,-0.69,0.00,0.07,-0.02,1496,1496.00,1496.00,1496.00,1496.00
17029,1,0,0,0.00,4.31,0.00,0.07,-0.09,1496,1496.00,1496.00,1496.00,1496.00
17139,1,0,0,0.00,-4.12,0.00,0.07,-0.20,1496,1496.00,1496.00,1496.00,1496.00
17297,1,0,0,0.00,-0.88,0.00,0.07,-0.06,1496,1496.00,1496.00,1496.00,1496.00
17473,1,0,0,0.00,1.44,0.00,0.07,0.08,1496,1496.00,16.00,1496.00,1496.00
17496,1,0,0,0.00,1.87,0.00,0.07,0.03,1496,1496.00,1496.00,1496.00,1496.00
17541,1,0,0,0.00,5.50,0.00,0.07,-0.12,1496,1495.00,14971498.00,1498.00,1494.00
17646,1,0,0,0.00,-3.12,0.00,0.07,-0.32,1496,1496.00,1496.00,1496.00,1496.00
17761,1,1,1,0.00,-45.44,269.44,0.07,0.33,1496,1286.00,1706.00,1706.00,1286.00
17800,1,1,1,0.00,-143.37,371.25,0.07,6.30,1496,1240.00,1752.00,1752.00,1240.00
17949,1,1,3,0.00,-415.50,118.25,0.07,52.80,1496,1446.00,1546.00,1546.00,1446.00
18070,1,1,3,0.00,-141.94,-78.31,0.07,88.09,1496,1528.00,1464.00,1464.00,1528.00
18179,1,1,3,0.00,292.75,-592.75,0.07,75.67,1496,1750.00,1242.00,1242.00,1750.00
18501,1,1,0,0.00,-277.94,-592.75,0.07,-27.90,1496,1563.00,1429.00,1429.00,156
18523,1,1,0,0.00,-347.25,-592.75,0.07,-17.89,1496,1606.00,1386.00,1386.00,1606.00
18543,1,1,0,0.00,-355.62,-,0.07,-7.72,1496,1621.00,1371.00,1371.00,1621.00
18638,1,1,0,0.00,-218.37,-592.75,0.07,14.04,1496,1592.00,1400.00,1400.00,1592.00
18788,1,1,0,0.00,133.50,-592.75,0.07,13.72,1496,1457.00,1535.00,1535.00,1457.00
18858,1,1,0,0.00,164.25,-592592.75,0.07,2.57,1496,1437.00,1555.00,1555.00,1437.00
18910,1,1,0,0.00,90.75,-592.75,0.07,-4.13,1496,1440.00,1552.00,1552.00,1440.00
18952,1,1,0,0.00,35.38,-592.75,0.07,-6.04,1496,1477.00,1515.00,1515.00,1477.00
19214,1,1,0,0.00,-23.87,-592.75,0.07,7.05,1496,1512.00,1480.00,1480.00,1512.00
19303,1,1,0,0.00,33.50,-592.75,0.07,5.45,1496,1486.00,1506.00,1506.00,1486.87.00
19325,1,1,0,0.00,42.88,-592.75,0.07,4.31,1496,1486.00,1506.00,1506.00,1486.00
19440,1,1,0,0.00,13.81,-592.75,0.07,0.11,1496,1489.00,1503.00,1503.00,1489.00
19566,1,1,0,0.00,-27.56,-592.75,0.07,0.72,1496,1500.00,1492.00,1492.00,1500.00
19676,1,1,0,0.00,-17.69,-592.75,0.07,3.07,1496,1503.00,1489.00,1489.00,1503.00
19792,1,1,0,0.00,8.50,-592.75,0.07,3.85,1496,1495.00,1497.00,1497.00,1495.00
19906,1,1,0,0.00,20.06,-592.75,0.07,2.03,1496,1490.00,1502.00,1502.00,1490.00
20002,1,1,0,0.00,2.31,-592.75,0.07,1.27,1496,1494.00,1498.00,149896.00,1496.00
20025,1,1,0,0.00,-2.56,-592.75,0.07,1.32,1496,1496.00,1496.00,1496.00,1496.00
20139,1,1,0,0.00,-7.69,-592.75,0.07,1.99,1496,1499.00,1493.00,1493.00,1499.00
20250,1,1,0,0.00,-3.50,-592.75,0.07,2.75,1496,1498.00,1494.00,1494.00,1498.00
20361,1,1,0,0.00,5.00,-592.75,0.07,2.49,1496,1496.00,1496.00,1496.00,1496.00
20458,1,1,0,0.00,2.56,-592.75,0.07,2.31,1496,1496.00,1496.00,1496.00,1496.0000
20481,1,1,0,0.00,1.56,-592.75,0.07,2.28,1496,1496.00,1496.00,1496.00,1496.00
21024,1,0,0,0.00,1.37,-592.75,0.07,2.77,1496,1497.00,1495.00,1495.00,1497.00
21089,1,0,0,0.00,2.50,-592.75,0.07,2.68,1496,1496.00,1496.00,1496.00,1496.00
21210,1,0,0,0.00,0.94,-592.75,0.07,2.41,1496,1496.00,1496.00,1496.00,1496.00
21250,1,0,0,0.00,-2.69,-592.75,0.07,2.48,1485,1498.00,1494.00,1494.00,1498.00
21320,1,0,0,0.00,-1.94,-592.75,0.07,2.75,1481,1484.00,1478.00,1478.00,1484.00
21383,1,0,0,0.00,-0.13,--592.75,0.07,2.71,1367,1406.00,1404.00,1404.00,1406.00
21439,1,0,0,0.00,1.25,-592.75,0.07,2.72,1307,1347.00,1345.00,1345.00,1347.00
21544,1,0,0,0.00,6.31,-592.75,0.07,2.43,1022,1022.00,1022.00,1022.00,1022.00
21623,1,0,0,0.00,6.50,-592.75,0.07,1.83,1015,1014.00,1016.00,1016.00,1014.00
22074,0,0,0,0.00,-3.69,-592.75,0.07,3.37,101012,1015.00,1009.00,1009.00,1015.00
22211,0,0,0,0.00,8.81,-592.75,0.07,2.99,1012,1012.00,1012.00,1012.00,1012.00
22322,0,0,0,0.00,10.13,-592.75,0.07,2.06,1012,1010.00,1014.00,1014.00,1010.00
22434,0,0,0,0.00,4.25,-592.75,0.07,1.34,1012,1012.00,1012.00,1012.00,1012.00
22528,0,0,0,0.00,-2.87,-592.75,0.07,1.43,1012,1013.00,1011.00,1011011.00,1013.00
22552,1,0,0,0.00,-4.75,-592.75,0.07,1.54,1012,1013.00,1011.00,1011.00,1013.00
22670,1,0,0,0.00,-7.37,-592.75,0.07,2.38,1012,1016.00,1008.00,1008.00,1016.00
22781,1,0,0,0.00,-3.12,-592.75,0.07,3.17,1012,1015.00,1009.00,1009.00,1015.00
22894,1,0,0,0.00,4.50,-592.75,0.07,3.13,1012,1012.00,1012.00,1012.00,1012.00
22987,1,0,0,0.00,9.75,-592.75,0.07,2.53,1012,1011.00,1013.00,1013.00,1011..00
23009,1,0,0,0.00,9.19,-592.75,0.07,2.27,1012,1010.00,1014.00,1014.00,1010.00
23465,1,0,0,0.00,-5.62,-592.75,0.07,3.20,1012,1016.00,1008.00,1008.00,1016.00
23556,1,0,0,0.00,1.44,-592.75,0.07,3.32,1012,1013.00,1011.00,1011.00,1013.00
23624,1,0,0,0.00,6.69,-592.75,0.07,2.98,1014,1014.00,1014.00,1014.00,1014.00
23742,1,0,0,0.00,9.44,-592.75,0.07,1.96,1038,1035.00,1039.00,1039.00,1035.00
23782,1,0,0,0.00,7.44,-592.75,0.07,1.51,1040,1038.00,1042.00,1042.00,1038.00
23850,1,0,0,0.00,4.31,-592.75,0.07,0.98,1072,1060.00,1062.00,1062.00,1060.00
23918,1,0,0,0.00,-2.00,-592.72.75,0.07,0.94,1086,1075.00,1073.00,1073.00,1075.00
23969,1,0,0,0.00,-5.00,-592.75,0.07,1.08,1110,1099.00,1095.00,1095.00,1099.00
24075,1,0,0,0.00,-7.94,-592.75,0.07,1.70,1144,1137.00,1131.00,1131.00,1137.00
24149,1,0,0,0.00,-7.37,-592.2.75,0.07,2.05,1147,1149.00,1143.00,1143.00,1149.00
24204,1,0,0,0.00,-2.37,-592.75,0.07,2.12,1149,1151.00,1147.00,1147.00,1151.00
24313,1,0,0,0.00,5.87,-592.75,0.07,1.84,1176,1164.00,1164.00,1164.00,1164.00
24507,1,0,0,0.00,4.19,-592.75,0.07,0.43,1195,1192.00,1194.00,1194.00,1192.00
24603,1,0,0,0.00,-3.25,-592.75,0.07,0.36,1208,120809.00,1207.00,1207.00,1209.00
24627,1,0,0,0.00,-2.25,-592.75,0.07,0.41,1209,1210.00,1208.00,1208.00,1210.00
24740,1,0,0,0.00,-6.00,-592.75,0.07,0.95,1224,1227.00,1221.00,1221.00,1227.00
24851,1,0,0,0.00,-0.19,-592.75,0.07,1.46,1239,1239.00,1237.00,1237.00,1239.00
24965,1,0,0,0.00,1.12,-592.75,0.07,1.14,1253,1253.00,1253.00,1253.00,1253.00
25066,1,0,0,0.00,4.06,-592.75,0.07,0.89,1258,1255.00,1257.000,1259.00,1257.00
25090,1,0,0,0.00,2.19,-592.75,0.07,0.77,1268,1267.00,1269.00,1269.00,1267.00
25195,1,0,0,0.00,2.31,-592.75,0.07,0.45,1283,1282.00,1282.00,1282.00,1282.00
25307,1,0,0,0.00,-3.00,-592.75,0.07,0.52,1299,1298.00,1298.00,1298.00,1298.00
25421,1,0,0,0.00,-2.81,-592.75,0.07,0.82,1314,1316.00,1312.00,1312.00,1316.00
25514,1,0,0,0.00,-0.31,-592.75,0.07,1.04,1336,1325.00,1325.00,1325.00,132336.00
25536,1,0,0,0.00,0.00,-592.75,0.07,1.06,1336,1337.00,1335.00,1335.00,1337.00
25647,1,0,0,0.00,2.25,-592.75,0.07,0.98,1351,1350.00,1350.00,1350.00,1350.00
25858,1,0,0,0.00,2.00,-592.75,0.07,0.40,1377,1377.00,1377.00,1377.00,1377.00
25926,1,0,0,0.00,-0.31,-592.75,0.07,0.40,1391,1391.00,1391.00,1391.00,1391.00
26046,1,0,0,0.00,-3.00,-592.75,0.07,0.54,1393,1394.00,1392.00,1392.00,1394.00
26085,1,0,0,0.00,-3.75,-592.75,0.07,0.69,1395,1396.00,1394.00,1394.00,1396.00
26151,1,0,0,0.00,-3.19,-592.75,0.07,0.97,1408,1408.00,1406.00,1406.00,1408.00
26280,1,0,0,0.00,3.50,-592.75,0.07,0.90,1416,1415.00,1415.00,1415.00,1415.00
26319,1,0,0,0.00,4.00,-592.75,0.07,0.73,1419,1417.00,1419.00,1419.00,1417.00
26388,1,0,0,0.00,1.31,-592.75,0.07,0.53,1422,1422.00,1422.00,1422.00,1422.00
26502,1,0,0,0.00,-1.37,-592.75,0.07,0.65,1426,1427.00,1425.00,1425.00,1427.00
26731,1,0,0,0.00,2.44,-592.75,0.07,0.61,1428,1428.00,1428.00,1428.00,1428.00
26763,1,0,0,0.00,2.37,-592.75,0.077,0.46,1428,1428.00,1428.00,1428.00,1428.00
27137,1,0,0,0.00,-0.81,-592.75,0.07,0.73,1473,1472.3.00,1473.00,1473.00,1473.00
27160,1,0,0,0.00,-2.94,-592.75,0.07,0.80,1475,1473.00,1473.00,1473.00,1473.00
27272,1,0,0,0.00,-0.62,-592.75,0.07,1.14,1488,1489.00,1487.00,1487.00,1489.00
27381,1,0,0,0.00,1.50,-592.75,0.07,1.02,1493,1493.00,1493.00,1493.00,1493.00
27499,1,0,0,0.00,-4.44,-592.75,0.07,1.19,1498,1499.00,1497.00,1497.00,1499.00
27600,1,0,0,0.00,-0.13,-592.75,0.07,1.42,1502,1502.00,1500.0000,1502.00,1502.00
27624,1,0,0,0.00,2.06,-592.75,0.07,1.38,1502,1502.00,1502.00,1502.00,1502.00
27727,1,0,0,0.00,-4.12,-592.75,0.07,1.42,1507,1508.00,1506.00,1506.00,1508.00
27839,1,0,0,0.00,-1.37,-592.75,0.07,1.79,1510,1511.00,1509.00,1509.00,1511.00
27952,1,0,0,0.00,7.75,-592.75,0.07,1.22,1510,1508.00,1512.00,1512.00,1508.00
28063,1,0,0,0.00,-2.19,-592.75,0.07,0.89,1510,1510.00,1510.00,1510.00,1510.00
28178,1,0,0,0.00,0.00,-592.75,0.07,1.08,1512,1510.00,1510.00,1510.00,1510.00
28387,1,0,0,0.00,-1.75,-592.75,0.07,0.93,1527,1528.00,1526.00,1526.00,1528.00
28573,1,0,0,0.00,3.69,-592.75,0.07,0.53,1537,1537.00,1537.00,1537.00,1537.00
28614,1,0,0,0.00,-0.25,-592.75,0.07,0.46,1540,1540.00,1540.00,1540.00,1540.00
28680,1,0,0,0.00,-1.56,-592.75,0.07,0.61,1552,1552.00,1550.00,1550.00,1552.00
28752,1,0,0,0.00,2.561,-592.75,0.07,0.49,1555,1554.00,1554.00,1554.00,1554.00
28806,1,0,0,0.00,1.81,-592.75,0.07,0.37,1557,1556.00,1556.00,1556.00,1556.00
28914,1,0,0,0.00,0.62,-592.75,0.07,0.20,1561,1561.00,1561.00,1561.00,1561.00
29212,1,0,0,0.00,-6.75,-592.75,0.00.07,-0.17,1566,1568.00,1564.00,1564.00,1568.00
29266,1,0,0,0.00,-10.38,-592.75,0.07,0.23,1567,1571.00,1563.00,1563.00,1571.00
29376,1,0,0,0.00,3.19,-592.75,0.07,0.67,1567,1567.00,1567.00,1567.00,1567.00
29668,1,0,0,0.00,1.12,-592.75,0.07,0.29,15565,1565.00,1565.00,1565.00,1565.00
30034,1,0,0,0.00,10.50,-592.75,0.07,0.57,1559,1556.00,1562.00,1562.00,1556.00
30120,1,0,0,0.00,0.25,-592.75,0.07,0.14,1559,1559.00,15559.00,1559.00,1559.00
30143,1,0,0,0.00,-1.75,-592.75,0.07,0.17,1559,1559.00,1559.00,1559.00,1559.00
30260,1,0,0,0.00,-2.50,-592.75,0.07,0.57,1559,1560.00,1558.00,1558.00,1560.00
30378,1,0,0,0.00,-1.69,-592.75,0.07,0.74,1559,1559.00,1559.00,1559.00,1559.00
30997,1,0,0,0.00,1.69,-592.75,0.07,1.01,1559,1559.00,1559.00,1559.00,1559.00
31049,1,0,0,0.00,3.69,-592.75,0.07,0.79,1557,1557.00,1557.00,1557.0.00,1557.00
31071,1,0,0,0.00,1.50,-592.75,0.07,0.74,1557,1557.00,1557.00,1557.00,1557.00
31151,1,0,0,0.00,3.31,-592.75,0.07,0.38,1557,1556.00,1558.00,1558.00,1556.00
31220,1,0,0,0.00,-3.75,-592.75,0.07,0.21,1556,1557.00,1557.00,1557.00,1557.00
31578,1,0,0,0.00,1.56,-592.75,0.07,0.99,1551,1551.00,1551.00,1551.00,1551.00
31642,1,0,0,0.00,4.37,-592.75,0.07,0.78,1551,1551.00,1551.00,1551.00,1551.00
31723,1,0,0,0.00,2.12,-592.75,0.07,0.46,1551,1551.00,1551.00,1551.00,1551.00
31818,1,0,0,0.00,0.75,-592.75,0.07,0.27,1551,1551.00,1551.00,1551.00,1551.00
31858,1,0,0,0.00,-5.87,-592.75,0.0707,0.50,1551,1553.00,1549.00,1549.00,1553.00
32107,1,0,0,0.00,-3.87,-592.75,0.07,0.74,1551,1553.00,1549.00,1549.00,1553.00
32399,1,0,0,0.00,-3.44,-592.75,0.07,0.86,155151,1552.00,1550.00,1550.00,1552.00
32462,1,0,0,0.00,0.25,-592.75-592.75,0.07,0.93,1551,1551.00,1551.00,1551.00,1551.00
32501,1,0,0,0.00,0.81,-592.75,0.07,0.86,1551,1551.00,1551.00,1551.00,1551.00
32573,1,0,0,0.00,1.94,-592.75,0.07,0.90,1551,1551.00,1551.00,1551.00,1551.00
32653,1,0,0,0.00,-1.25,-592.75,0.07,0.67,1551,1551.00,1551.00,1551.00,1551.00
32706,1,1,1,0.00,1.75,247.62,0.07,0.58,1551,1355.00,1747.00,1748.00,1354.00
32727,1,1,1,0.00,1.87,248.56,0.07,0.52,1551,1354.00,1748.00,1748.00,1354.00
32805,1,1,1,0.00,-241.94,468.25,0.07,12.62,1551,1255.00,1847.00,1847.00,1255.00
33055,1,1,3,0.00,-166.31,-105.31,0.07,106.99,1551,1590.00,1512.00,1512.00,1590.00
33124,1,1,3,0.000.00,135.12,-355.56,0.07,105.87,1551,1691.00,1411.00,1411.00,1691.00
33220,1,1,0,0.00,588.94,-435.12,0.07,72.74,1551,1417.00,1685.00,1685.00,14
33243,1,1,0,0.00,675.25,-435.12,0.07,53.89,1551,1355.00,1747.00,1747.00,1355.00
33346,1,1,0,0.00,589.81,-435.12,0.07,-2.72,1551,1324.00,1778.00,17781773.00,1329.00
33373,1,1,0,0.00,472.12,-435.12,0.07,-12.30,1551,1354.00,1748.00,1748.00,1354.00
33524,1,1,0,0.00,-219.06,-435.12,0.07,-25.39,1551,1608.00,1494.00,1494.00,1608.00
33683,1,1,0,0.00,-80.69,-435.12,0.07,10.70,1551,1608.00,1494.00,1494.00,1
33704,1,1,0,0.00,2.25,-435.12,0.07,11.40,1551,1576.00,1526.00,1526.00,1576.00
33801,1,1,0,0.00,125.75,-435.12,0.07,5.17,1551,1512.00,1590.00,1590.00,1512507.00
33824,1,1,0,0.00,152.25,-435.12,0.07,0.98,1551,1498.00,1604.00,1604.00,1498.00
33943,1,1,0,0.00,52.19,-435.12,0.07,-11.78,1551,1519.00,1583.00,1583.00,1519.00
34093,1,1,0,0.00,-83.69,-435.12,0.07,-6.16,1551,1574.00,1528.00,1528.00,1574.00
34206,1,1,0,0.00,-28.81,-435.12,0.07,0.68,1551,1564.00,1538.00,1538.00,1564.00
34276,1,1,0,0.00,20.6.50,-435.12,0.07,-0.06,1551,1544.00,1558.00,1558.00,1544.00
34331,1,1,0,0.00,47.69,-435.12,0.07,-1.82,1551,1534.00,1568.00,1568.00,1534.00
34372,1,1,0,0.00,45.94,-435.12,0.07,-3.61,1551,1533.00,1569.00,1569.00,1533.00
34628,1,1,0,0.00,-33.13,-435.12,0.07,-3.40,1551,1561.00,1541.00,1541.00,1561.00
34725,1,1,0,0.00,-9.50,-435.12,0.07,-1.42,1551,1555.00,1547.0000,1549.00,1553.00
34748,1,1,0,0.00,4.31,-435.12,0.07,-1.42,1551,1551.00,1551.00,1551.00,1551.00
34865,1,1,0,0.00,21.69,-435.12,0.07,-3.15,1551,1542.00,1560.00,1560.00,1542.00
35194,1,1,0,0.00,-17.19,-435.1235.12,0.07,-3.24,1540,1546.00,1538.00,1538.00,1546.00
35248,1,1,0,0.00,-11.13,-435.12,0.07,-2.61,1537,1543.00,1537.00,1537.00,1543.00
35289,1,1,0,0.00,0.62,-435.12,0.07,-2.50,1527,1530.00,1530.00,1530.00,1530.00
35356,1,1,0,0.00,7.56,-435.12,0.07,-2.85,1516,1512.00,1520.00,1520.00,1512.00
35485,1,1,0,0.00,3.19,-435.12,0.07,-3.69,1495,1493.00,1499.00,1499.00,1493.00
35524,1,1,0,0.00,1.37,-435.12,0.07,-3.71,1472,1481.00,1485.00,1485.00,1481.00
35593,1,1,0,0.00,1.56,-435.12,0.07,-3.79,1446,1457.00,1461.00,1461.00,1457.00
35709,1,1,0,0.00,1.50,-435.12,0.07,-4.01,1312,1328.00,1332.00,1332.00,1328.00
35749,1,1,0,0.00,3.25,-435.12,0.07,-3.89,1266,1263.00,1269.00,1269.00,1263.00
35817,1,1,0,0.00,6.44,-435.12,0.07,-4.25,1103,1099.00,1107.00,1107.00,1099.00
35891,1,1,0,0.0000,8.31,-435.12,0.07,-4.31,1019,1014.00,1024.00,1024.00,1014.00
35946,1,1,0,0.00,8.44,-435.12,0.07,-4.42,1017,1012.00,1022.00,1022.00,1012.00
35986,1,1,0,0.00,7.25,-435.12,0.07,-4.43,1015,1012.00,1022.00,1022.00,1012.00
36056,1,1,0,0.00,1.31,-435.12,0.07,-4.39,1014,1011.00,1017.00,1017.00,1011.00
36358,1,0,0,0.00,-3.25,-435.12,0.07,-2.27,1014,1012.00,1012.00,1012.00,1012.00
36474,1,0,0,0.00,2.75,-435.12,0.07,-2.06,1014,1013.00,1015.00,1015.00,1013.00
36587,1,0,0,0.00,4.44,-435.12,0.07,-2.35,1014,1009.00,1015.00,1015.00,1009.00
36695,0,0,0,0.00,1.81,-435.12,0.07,-2.62,1014,1012.00,1016.00,1016.00,1012.00
36792,0,0,0,0.00,0.06,-435.12,0.07,-2.59,1014,1011.00,1013.00,1013.00,1011013.00
36816,0,0,0,0.00,-1.87,-435.12,0.07,-2.55,1014,1013.00,1015.00,1015.00,1013.00
36932,0,0,0,0.00,-4.31,-435.12,0.07,-2.08,1012,1012.00,1012.00,1012.00,1012.00
37054,0,0,0,0.00,-3.06,-435.12,0.07,-1.57,1012,1012.00,1012.00,1012.00,1012.00
37167,0,0,0,0.00,0.69,-435.12,0.07,-1.41,1012,1012.00,1012.00,1012.00,1012.00
37397,1,0,0,0.00,2.87,-435.12,0.07,-1.96,1012,1010.00,1014.00,1014.00,1010.00
37776,1,0,0,0.00,-3.37,-435.12,0.07,-1.20,1012,1012.00,1012.00,1012.00,1012.00
37884,1,0,0,0.00,0.69,-435.12,0.07,-1.05,1012,1012.00,1012.00,1012.00,1012.00
38012,1,0,0,0.00,3.75,-435.12,0.07,-1.33,1059,1046.00,1050.00,1050.00,1046.00
38123,1,0,0,0.00,3.25,-435.12,0.07,-1.73,1178,1149.00,1153.00,1153.00,1149.00
38239,1,0,0,0.00,-1.94,-435.12,0.07,-1.73,1237,1224.00,1224.00,1224.00,1224.00
38279,1,0,0,0.00,-4.06,-435.12,0.07,-1.65,1247,1237.00,1237.00,1237.00,1237.00
38345,1,0,0,0.00,-6.06,-435.12,0.07,-1.37,1286,1276.00,1276.00,1276.00,1276.00
38648,1,0,0,0.00,4.37,-435.12,0.07,-0.54,1393,1389.00,1393.00,1393.00,1389.00
38762,1,0,0,0.00,3.87,-435.12,0.07,-0.92,1416,1413.00,1417.00,1417.00,1413.00
38892,1,0,0,0.00,-1.44,-435.12,0.07,-0.90,1454,1454.00,1454.00,1454.00,1454.00
39001,1,0,0,0.00,1.12,-435.12,0.07,-0.87,1480,1478.00,1480.00,1480.00,1478.00
39115,1,0,0,0.00,-2.00,-435.12,0.07,-0.73,1502,1502.00,1502.00,1502.00,1502.00
39233,1,0,0,0.00,-3.56,-435.12,0.07,-0.38,1522,1515.00,1513.00,1513.00,1515.00
39472,1,0,0,0.00,1.69,-435.12,0.07,-0.00,1554,1553.00,1553.00,1553.00,1553.00
39792,1,0,0,0.00,-5.75,-435.12,0.07,-0.30.30,1590,1591.00,1589.00,1589.00,1591.00
39844,1,0,0,0.00,0.56,-435.12,0.07,-0.18,1593,1592.00,1592.00,1592.00,1592.00
40081,1,0,0,0.00,2.50,-435.12,0.07,-0.45,1599,1598.00,1600.00,1600.00,1598.00
40307,1,0,0,0.00,-4.12,-435.12,0.07,-0.77,1600,1600.00,1600.00,1600.00,1600.00
40422,1,0,0,0.00,1.37,-435.12,0.07,-0.44,1600,1600.00,1600.00,1600.00,1600.00
40493,1,0,0,0.00,-2.31.87,-435.12,0.07,-0.34,1599,1600.00,1600.00,1600.00,1600.00
40544,1,0,0,0.00,-4.37,-435.12,0.07,-0.16,1599,1600.00,1598.00,1598.00,1600.00
40585,1,0,0,0.00,-3.87,-435.12,0.07,-0.00,1599,1600.00,1598.00,1598.00,1600.00
40653,1,0,0,0.00,0.44,-435.12,0.07,0.10,1599,1599.00,1599.00,1599.00,1599.00
40772,1,0,0,0.00,8.75,-435.12,0.07,-0.63,1598,1596.00,1602.00,1602.00,1596.00
40811,1,0,0,0.00,4.69,-435.12,0.07,-0.89,1598,1596.00,1600.00,1600.00,1596.00
40875,1,0,0,0.00,0.94,-435.12,0.07,-0.94,1598,1598.00,1598.00,1598.00,1598.00
41489,1,0,0,0.00,-9.00,-435.12,0.07,-0.50,1598,1600.00,1596.00,1596.00,1600.00
41780,1,0,0,0.00,-0.06,-435.12,0.07,-0.89,1598,1599.00,1599.00,1599.00,1599.00
41876,1,1,1,0.00,-4.56,253.94,0.07,-0.63,1598,1400.00,1796.00,1796.00,1400.00
41964,1,1,1,0.00,-219.00,408.12,0.07,8.63,1599,1332.00,1864.00,1864.00,1332.00
42065,1,1,2,0.00,-528.06,520.87,0.07,57.05,1599,1381.00,1817.00,1817.00,1381.00
42190,1,1,3,0.00,-417.06,138.50,0.07,124.05,1599,1542.00,1654.00,1654.00,1542.00
42292,1,1,4,0.00,-257.00,-21.94,0.07,161.27,1598,1600.00,1596.00,1596.00,1600.00
42334,1,1,0,0.00,-183.56,-21.94,0.07,176.19,1598,1772.00,1424.00,1424.00,1772.00
42432,1,1,0,0.00,170.62,-21.94,0.07,174.05,1598,1637.00,1559.00,1559.00,1637.00
42503,1,1,0,0.00,246.19,-21.94,0.07,156.37,1599,1604.0595.00,1603.00,1603.00,1595.00
42650,1,1,0,0.00,629.62,-21.94,0.07,77.74,1598,1422.00,1774.00,1774.00,1422.00
42694,1,1,0,0.00,670.50,-21.21.94,0.07,32.92,1598,1373.00,1800.00,1800.00,1373.00
42738,1,1,0,0.00,565.87,-21.94,0.07,9.68,1598,1386.00,1800.00,1800.00,1386.00
42763,1,1,0,0.00,412.56,-21.94,0.07,-8.73,1598,1425.00,1771.00,1771.00,1425.00
42827,1,1,0,0.00,-17.87,-21.94,0.07,-21.54,1598,1560.00,1638.00,1638.00,1560.00
42865,1,1,0,0.00,-223.12,-21.94,0.07,-11.15,1598,1670.00,1528.00,1528.00,1670.00
42929,1,1,0,0.00,-188.62,-21.94,0.07,8.56,1598,1681.00,1515.00,0,1673.00
42950,1,1,0,0.00,-124.81,-21.94,0.07,12.87,1598,1667.00,1529.00,1529.00,1667.00
43031,1,1,0,0.00,100.87,-21.94,0.07,10.47,1598,1572.00,1624.00,1624.00,1572.00
43152,1,1,0,0.00,97.50,-21.94,0.07,-2.72,1599,1555.00,1643.00,1643.00,1555.00
43260,1,1,0,0.00,-31.00,-21.94,0.07,-5.87,1599,1603.00,1595.00,1595.00,1603.00
43374,1,1,0,0.00,-74.12,-21.94,0.07,1.72,1599,1627.00,1569.00,1569.00,1627.00
43496,1,1,0,0.00,0.75,-21.94,0.07,5.53,1598,1603.00,1593.00,1593.00,1603.00
43608,1,1,0,0.00,40.31,-21.94,0.07,2.18,1599,1587.00,1611.00,1611.00,1587.00
43724,1,1,0,0.00,13.50,-21.94,0.07,-0.85,1598,1591.00,1605.00,1605.00,1591.00
43835,1,1,0,0.00,-18.31,-21.94,0.07,-0.20,1598,1603.00,1593.00,1593.00,1603.00
43926,1,1,0,0.00,-26.31,-21.94,0.07,1.62,1598,1609.00,1587.00,158588.00,1608.00
43949,1,1,0,0.00,-23.06,-21.94,0.07,2.20,1598,1608.00,1588.00,1588.00,1608.00
44065,1,1,0,0.00,6.37,-21.94,0.07,2.91,1598,1598.00,1598.00,1598.00,1598.00
44180,1,1,0,0.00,13.75,-21.94,0.07,1.21,1598,1593.00,1603.00,1603.00,1593.00
44228,1,1,0,0.00,7.44,-21.94,0.07,0.81,1599,1596.00,1600.00,1600.0099.00,1597.00
44266,1,1,0,0.00,0.62,-21.94,0.07,0.67,1598,1598.00,1598.00,1598.00,1598.00
44496,1,1,0,0.00,-9.50,-21.94,0.07,3.57,1598,1604.00,1592.00,1592.00,1604.00
44562,1,1,0,0.00,1.62,-21.94,0.07,3.75,1598,1600.00,1596.00,1596.00,1600.00
44635,1,1,0,0.00,10.13,-21.94,0.07,3.22,1598,1597.00,1599.00,1599.00,1597.00
44683,1,1,0,0.00,15.75,-21.94,0.07,2.49,1598,1594.00,1602.00,1602.00,1594.00
44986,1,1,0,0.00,-19.37,-21.94,0.07,3.43,1598,1607.00,1589.00,1589.00,1607.00
45081,1,1,0,0.00,-3.56,-21.94,0.07,4.28,1598,1602.00,1595.00,1595.00,1601.00
45104,1,1,0,0.00,5.06,-21.94,0.07,4.23,1598,1599.00,1597.00,1597.00,1599.00
45217,1,1,0,0.00,20.69,-21.94,0.07,2.47,1598,1592.00,1604.00,1604.00,1592.00
45521,1,1,0,0.00,0.00,-21.94,0.07,1.42,1598,1598.00,1598.00,1598.00,1598.00
45612,1,1,0,0.00,-8.44,-21.94,0.07,1.95,1597,1601.00,1595.00,1595.00,1601.00
45688,1,1,0,0.00,-11.00,-21.94,0.07,3.25,1594,1601.00,1589.00,1589.00,1601.00
45725,1,1,0,0.00,-7.44,-21.94,0.07,3.64,1593,1597.00,1589.00,1589.001590.00,1596.00
45794,1,1,0,0.00,11.38,-21.94,0.07,3.00,1592,1590.00,1594.00,1594.00,1590.00
45858,1,1,0,0.00,3.06,-21.94,0.07,2.11,1590,1592.00,1592.00,1592.00,1592.00
45933,1,1,0,0.00,-9.00,-21.94,0.07,2.67,1589,1593.00,1585.00,1585.00,1593.00
46009,1,1,0,0.00,-1.94,-21.94,0.07,2.886,1586,1589.00,1585.00,1585.00,1589.00
46144,1,1,0,0.00,2.06,-21.94,0.07,2.58,1563,1565.00,1565.00,1565.00,1565.00
46247,1,1,0,0.00,-2.94,-21.94,0.07,2.65,1532,1544.00,1540.00,1540.00,1544.00
46470,1,1,0,0.00,7.12,-21.94,0.07,2.33,1480,1487.00,1489.00,1489.00,1487.00
46553,1,1,0,0.00,-1.31,-21.94,0.07,2.07,1408,1408.00,1408.00,1408.00,1408.00
46596,1,1,0,0.00,-2.62,-21.94,0.07,2.16,1363,1388.00,1384.00,1384.00,1388.00
46623,1,1,0,0.00,-2.06,-21.94,0.07,2.24,1296,1329.00,1327.00,1327.00,1329.00
46685,1,1,0,0.00,2.00,-21.94,0.07,2.21,1158,1203.00,1203.00,1203.00,1203.00
46826,1,1,0,0.00,2.25,-21.94,0.07,0.92,1012,1011.00,1013.00,1013.00,1011.00
46914,1,1,0,0.00,-0.69,-21.94,0.07,0.84,1012,1012.00,1012.00,10012.00,1012.00
46938,1,1,0,0.00,-2.06,-21.94,0.07,0.86,1012,1013.00,1011.00,1011.00,1013.00
47054,1,1,0,0.00,-0.88,-21.94,0.07,0.93,1012,1012.00,1012.00,1012.00,1012.00
47167,1,1,0,0.00,0.56,-21.94,0.07,0.90,1011,1011.00,1011.00,1011.00,1011.00
47258,1,0,0,0.00,1.50,-21.94,0.07,0.76,1011,1011.00,1011.00,1011.00,1011.00
47325,1,0,0,0.00,1.12,-21.94,0.07,0.65,1012,1011.00,1011.00,1011.00,1011.00
47613,0,0,0,0.00,-0.37,-21.94,0.07,0.66,1012,1012..00,1012.00,1012.00,1012.00
47638,0,0,0,0.00,0.50,-21.94,0.07,0.65,1012,1012.00,1012.00,1012.00,1012.00
47756,0,0,0,0.00,0.88,-21.94,0.07,0.60,1012,1012.00,1012.00,1012.00,1012.00
47945,0,0,0,0.00,-0.69,-21.94,0.07,0.54,1012,1012.00,1012.00,1012.00,1012.00
48011,0,0,0,0.00,-0.69,-21.94,0.07,0.54,1012,1012.00,1012.00,1012.00,1012.00
48080,0,0,0,0.00,-0.00,-21.94,0.07,0.54,1012,1012.00,1012.00,1012.00,1012.00
48136,1,0,0,0.00,0.00,-21.94,0.07,0.53,1012,1012.00,1012.00,1012.00,1012.00
48331,1,0,0,0.00,0.44,-21.94,0.07,0.48,1012,1012.00,1012.00,1012.00,1012.00
48440,1,0,0,0.00,-0.19,-21.94,0.07,0.48,1012,1012.00,1012.00,1012.00,1012.00
48525,1,0,0,0.00,-0.19,-21.94,0.07,0.48,1012,1012.00,1012.00,1012.00,101012.00
48548,1,0,0,0.00,-0.06,-21.94,0.07,0.48,1012,1012.00,1012.00,1012.00,1012.00
48825,1,0,0,0.00,0.19,-21.94,0.07,0.51,1035,1024.00,1024.00,1024.00,1024.00
48864,1,0,0,0.00,0.44,-21.94,0.07,0.50,1051,1037.00,1037.00,1037.00,1037.00
48931,1,0,0,0.00,0.62,-21.94,0.07,0.48,1084,1074.00,1074.00,1074.00,1074.00
49227,1,0,0,0.00,-1.06,-21.94,0.07,0.71,1190,1190.0000,1190.00,1190.00,1190.00
49250,1,0,0,0.00,0.25,-21.94,0.07,0.71,1201,1201.00,1201.00,1201.00,1201.00
49363,1,0,0,0.00,1.37,-21.94,0.07,0.75,1237,1235.00,1235.00,1235.00,1235.00
49471,1,0,0,0.00,0.44,-21.94,0.07,0.76,1271,1271.00,1271.00,1271.00,1271.00
49700,1,0,0,0.00,0.88,-21.94,0.07,0.96,1361,1351.00,1351.00,1351.00,1351.00
49750,1,0,0,0.00,-0.19,-21.94,0.07,0.97,1371,1371.00,1371.00,1371.00,1371.00
49789,1,0,0,0.00,-0.50,-21.94,0.07,0.99,1384,1383.00,1383.00,1383.00,1383.00
49858,1,0,0,0.00,-2.44,-21.94,0.07,1.12,1408,1398.00,1396.00,1396.00,1398.00
49970,1,0,0,0.00,-1.12,-21.94,0.07,1.34,1440,1441.00,1439.00,1439.00,1441.00
50147,1,0,0,0.00,3.00,-21.94,0.07,0.80,1455,1455.00,14555.00,1455.00,1455.00
50170,1,0,0,0.00,1.87,-21.94,0.07,0.74,1457,1455.00,1455.00,1455.00,1455.00
50279,1,0,0,0.00,1.06,-21.94,0.07,0.41,1493,1493.00,1493.00,1493.00,1493.00
50479,1,0,0,0.00,-2.62,-21.94,0.07,1.32,1527,1529.00,1525.00,1525.00,1529.00
50544,1,0,0,0.00,3.12,-21.94,0.07,1.32,1537,1537.00,1537.00,1537.00,1537.00
50616,1,0,0,0.00,2.76,-21.94,0.07,1.11,1542,1540.00,1540.00,1540.00,1540.00
50667,1,0,0,0.00,1.62,-21.94,0.07,1.03,1553,1552.00,1552.00,1552.00,1552.00
50862,1,0,0,0.00,-3.06,-21.94,0.07,0.68,1581,1582.00,1580.00,1580.00,1582.00
50969,1,0,0,0.00,-1.37,-21.94,0.07,0.91,1587,1587.00,1585.00,1585.00,1587.00
51057,1,0,0,0.00,1.31,-21.94,0.07,0.86,1590,1590.00,1590.00,1590.00,1590.00
51080,1,0,0,0.00,1.56,-21.94,0.07,0.81,1590,1590.00,1590.00,1590.00,1590.00
51241,1,0,0,0.00,0.81,-21.94,0.07,0.38,1592,1592.00,1592.00,1592.00,1592.00
51353,1,0,0,0.00,2.62,-21.94,0.07,0.30,1592,1592.00,1592.00,1592.00,1592.00
51526,1,0,0,0.00,-3.50,-21.94,0.07,0.23,15922,1593.00,1591.00,1591.00,1593.00
51655,1,0,0,0.00,-1.44,-21.94,0.07,0.24,1595,1595.00,1595.00,1595.00,1595.00
51749,1,0,0,0.00,-0.13,-21.94,0.07,0.45,1608,1608.00,1608.00,16088.00,1608.00
51773,1,0,0,0.00,0.37,-21.94,0.07,0.42,1608,1608.00,1608.00,1608.00,1608.00
51827,1,0,0,0.00,3.37,-21.94,0.07,0.30,1608,1608.00,1608.01610.00,1610.00,1608.00
52086,1,0,0,0.00,-1.62,-21.94,0.07,0.24,1612,1612.00,1612.00,1612.00,1612.00
52150,1,0,0,0.00,-3.44,-21.94,0.07,0.37,1614,1613.00,1613.00,1613.00,1613.00
52227,1,0,0,0.00,-6.692,-21.94,0.07,0.78,1617,1617.00,1613.00,1613.00,1617.00
52278,1,0,0,0.00,-1.19,-21.94,0.07,0.90,1618,1619.00,1617.00,1617.00,1619.00
52465,1,0,0,0.00,2.00,-21.94,0.07,0.41,1625,1625.00,1625.00,1625.00,1625.00
52578,1,0,0,0.00,3.75,-21.94,0.07,0.05,1628,1627.00,1629.00,1629.00,1627.00
52672,1,0,0,0.00,-1.50,-21.94,0.07,-0.13,1630,1630.00,1630.00,1630.00,1630.00.00
52697,1,0,0,0.00,-6.44,-21.94,0.07,0.00,1630,1631.00,1629.00,1629.00,1631.00
52966,1,0,0,0.00,3.62,-21.94,0.07,1.06,1637,1637.00,1637.00,1637.00,1637.00
53005,1,0,0,0.00,9.69,-21.94,0.07,0.78,1638,1635.00,1639.00,1639.00,1635.00
53072,1,0,0,0.00,8.19,-21.94,0.07,0.16,1641,1636.00,1642.00,1642.00,1636.00
53135,1,0,0,0.00,-0.06,-21.94,0.0707,0.06,1643,1642.00,1642.00,1642.00,1642.00
53270,1,0,0,0.00,-3.50,-21.94,0.07,0.08,1647,1646.00,1646.00,1646.00,1646.00
53382,1,0,0,0.00,-6.12,-21.94,0.07,0.76,1649,1650.00,1646.00,1646.00,1650.00
53500,1,0,0,0.00,2.31,-21.94,0.07,0.68,1651,1651.00,1651.00,1651.00,1651.00
53613,1,0,0,0.00,-0.94,-21.94,0.07,0.26,1653,1653.00,1653.00,1653.00,1653.00
53699,1,0,0,0.00,2.50,-21.94,0.07,0.12,1654,1653.00,1655.00,1655.00,1653.00
53762,1,0,0,0.00,-2.50,-21.94,0.07,0.10,1654,1654.00,1654.00,1654.00,1654.00
53836,1,0,0,0.00,-4..94,-21.94,0.07,0.47,1654,1656.00,1652.00,1652.00,1656.00
53889,1,0,0,0.00,-1.75,-21.94,0.07,0.58,1654,1655.00,1653.00,1653.00,1655.00
53998,1,0,0,0.00,-2.06,-21.94,0.07,0.70,1654,1655.00,1653.00,1653.00,1655.00
54193,1,0,0,0.00,-2.25,-21.94,0.07,0.27,1654,1654.00,1654.00,1654.00,1654.00
54287,1,0,0,0.00,-9.00,-21.94,0.07,0.75,1654,1657.00,1651.0.00,1651.00,1657.00
54310,1,0,0,0.00,-3.12,-21.94,0.07,0.89,1654,1656.00,1652.00,1652.00,1656.00
54421,1,0,0,0.00,2.06,-21.94,0.07,1.17,1654,1654.00,1654.00,1654.00,1654.00
54617,1,0,0,0.00,8.37,-21.94,0.07,0.38,1654,1652.00,1656.00,1656.00,1652.00
54682,1,1,1,0.00,-1.06,242.75,0.07,-0.06,1654,1459.00,1849.00,1849.00,1459.00
54759,1,1,1,0.00,-145.05.94,395.44,0.07,7.70,1654,1392.00,1916.00,1916.00,1392.00
54814,1,1,2,0.00,-327.56,547.44,0.07,18.70,1654,1426.00,1882.00,1882.00,1426.00
54855,1,1,2,0.00,-515.37,439.81,0.07,39.96,1654,1470.00,1838.00,1838.00,1470.00
54996,1,1,3,0.00,-506.12,208.37,0.07,114.54,1654,1571.00,1737.00,1737.00,1571.00
55344,1,1,0,0.00,-705.50,136.87,0.07,-60.67,1654,1800.00,1428.00,1428.00,1800.00
55460,1,1,0,0.00,-504.62,136.87,0.07,11.75,1654,1800.00,1451.00,1451.00,1800.00
55670,1,1,0,0.00,311.00,136.87,0.00.07,5.92,1655,1544.00,1766.00,1766.00,1544.00
55723,1,1,0,0.00,229.69,136.87,0.07,-6.50,1655,1559.00,1751.00,1751.00,1559.00
55836,1,1,0,0.00,-91.81,136.87,0.07,-11.36,1654,1672.00,1636.00,1636.00,1672.00
56138,1,1,0,0.00,91.69,136.87,0.07,5.40,1655,1626.00,1684.00,1684.00,1626.00
56394,1,1,0,0.00,76.44,136.87,0.07,-1.62,1654,1623.00,1685.00,1685.00,1623.00
56697,1,1,0,0.00,33.81,136.87,0.07,2.62,1654,1642.00,1666.00,1666.00,1642.00
56762,1,1,0,0.00,21.31,136.87,0.07,0.82,1654,1646.00,1662.00,1662.00,1646.00
56881,1,1,0,0.00,-13.75,136.87,0.07,1.39,1654,1659.00,1649.00,1649.00,1659.00
56992,1,1,0,0.00,-13.50,136.87,0.07,3.13,1654,1661.00,1647.00,1647.00,1661.00
57103,1,1,0,0.00,3.81,136.87,0.07,3.54,1654,1654.00,1654.00,1654.00,1654.00
57278,1,1,0,0.00,2.50,136.87,0.07,2.62,1654,1655.00,1654.00,1654.00,1654.00
57300,1,1,0,0.00,2.94,136.87,0.07,2.55,1654,1654.00,1654.00,1654.00,1654.00
57410,1,1,0,0.00,-8.19,136.87,0.07,2.34,1654,1657.00,1651.00,1651.00,1657.00
57514,1,1,0,0.00,-7.31,136.87,0.07,3.32,1654,1658.00,1650.00,1650.00,1658.00
58493,1,1,0,0.00,5.69,136.87,0.07,3.11,1654,1653.00,1655.00,1655.00,1653.00
58537,1,1,0,0.00,6.81,136.87,0.07,2.86,1654,1654.00,1654.00,1654.00,1654.00
58626,1,1,0,0.00,8.69,136.87,0.07,1.56,1654,1652.00,1658.00,1658.00,1652.00
58748,1,1,0,0.00,-7.69,136.87,0.07,1.66,1654,1657.00,1651.00,1651.00,1657.00
58798,1,1,0,0.00,2.81,136.87,0.07,1.95,1654,1654.00,1654.00,1654.00,1654.00
58817,1,1,0,0.00,3.37,136.87,0.07,1.88,1654,1654.00,1654.00,1654.00,1654.00
58885,1,1,0,0.00,6.56,136.87,0.07,1.51,1654,1654.00,1654.00,1654.00,1654.00
58953,1,1,00,0.00,3.94,136.87,0.07,0.89,1653,1653.00,1655.00,1655.00,1653.00
58997,1,1,0,0.00,0.88,136.87,0.07,0.81,1653,1653.00,1653.00,1653.00,1653.00
59017,1,1,0,0.00,1.00,136.87,0.07,0.76,1651,1652.00,1652.00,1652.00,1652.00
59718,1,1,0,0.00,-5.56,136.87,0.07,0.83,1648,1651.00,1647.00,1647.00,1651.00
59906,1,1,0,0.00,5.12,136.87,0.07,2.01,1618,1618.00,11618.00,1618.00,1618.00
59927,1,1,0,0.00,3.87,136.87,0.07,1.93,1608,1608.00,1608.00,1608.00,1608.00
60005,1,1,0,0.00,6.19,136.87,0.07,1.08,1584,1582.00,1586.00,1586.00,1582.00
60136,1,1,0,0.00,-2.69,136.87,0.07,1.20,1458,1459.00,1457.00,1457.00,1459.00
60193,1,1,0,0.00,-0.19,136.87,0.07,1.38,1375,1376.00,1374.00,1374.00,1376.00
60228,1,1,0,0.00,3.356,136.87,0.07,1.20,1266,1305.00,1305.00,1305.00,1305.00
60267,1,1,0,0.00,3.06,136.87,0.07,0.99,1127,1176.00,1178.00,1178.00,1176.00
60396,1,1,0,0.00,0.69,136.87,0.07,0.79,1014,1014.00,1014.00,1014.00,1014.00
60472,1,1,0,0.00,1.37,136.87,0.07,0.72,1012,1012.00,1012.00,1012.00,1012.00
60526,1,1,0,0.00,-0.19,136.87,0.07,0.68,1012,1012.00,1012.00,1012.00,1012..00
60545,1,1,0,0.00,1.00,136.87,0.07,0.67,1012,1012.00,1012.00,1012.00,1012.00
60662,1,0,0,0.00,-0.62,136.87,0.07,0.62,1012,1012.00,1012.00,1012.00,1012.00
60746,1,0,0,0.00,0.13,136.87,0.07,0.58,1012,1012.00,1012.00,1012.00,1012.00
60881,0,0,0,0.00,0.19,136.87,0.07,0.51,1012,1012.00,1012.00,1012.00,1012.00
60904,0,0,0,0.00,0.06,136.87,0.07,0.48,1012,1012.00,1012.00,1012.00,1012.00
60986,0,0,0,0.00,0.31,136.87,0.07,0.46,1012,1012.00,1012.00,1012.00,1012.00
61064,0,0,0,0.00,-0.06,136.87,0.07,0.42,1012,1012.00,1012.00,1012.00,1012.00
61210,0,0,0,0.000,-0.50,136.87,0.07,0.39,1012,1012.00,1012.00,1012.00,1012.00
61248,0,0,0,0.00,0.69,136.87,0.07,0.37,1012,1012.00,1012.00,1012.00,1012.00
61367,0,0,0,0.00,0.00,136.87,0.07,0.34,10122,1012.00,1012.00,1012.00,1012.00
61491,0,0,0,0.00,0.31,136.87,0.07,0.33,1012,1012.00,1012.00,1012.00,1012.00
61571,0,0,0,0.00,0.44,136.87,0.07,0.33,1012,1012.00,1012.00,1012.00,1012.00
61729,0,0,0,00.00,0.44,136.87,0.07,0.32,1014,1014.00,1014.00,1014.00,1014.00
61773,0,0,0,0.00,-0.19,136.87,0.07,0.32,1015,1015.00,1015.00,1015.00,1015.00
61864,0,0,0,0.00,-0.06,136.87,0.07,0.32,1015,1015.00,1015.00,1015.00,1015.00
62020,0,0,0,0.00,-0.06,136.87,0.07,0.32,1015,1015.00,1015.00,1015.00,1015.00
62083,0,0,0,0.00,0.13,136.87,0.07,0.32,1015,1015.00,1015.00,1015.00,1015.00
62106,0,0,0,0.00,0.44,136.87,0.07,0.32,1015,1015.00,1015.00,1015.00,1015.00
62186,0,0,0,0.00,-0.19,136.87,0.07,0.32,1015,1015.00,1015.00,1015.00,1015.00
62432,0,0,0,0.00,-4.25,136.87,0.07,0.04,1015,1021.00,1009.00,1009.00,1021.00
62592,0,0,0,0.00,42.50,136.87,0.07,-4.29,1015,1000.00,1031.00,1031.00,1000.00
62818,0,0,0,0.00,-33.06,136.87,0.07,-5.49,1015,1021.00,1009.00,1009.00,1021.00
62925,0,0,0,0.00,44.63,136.87,0.07,-5.05,1015,1000.00,1035.00,1035.00,1000.00
63051,0,0,0,0.00,-16.87,136.87,0.07,-4.61,1015,1018.00,1012.00,1012.00,1018.00
63170,0,0,0,0.00,-39.25,136.87,0.07,-0.03,1015,1028.00,1002.00,1002.00,1028.00
63276,0,0,0,0.00,0.50,136.87,0.07,3.53,1015,1021.00,1009.00,1009.00,1021.00
63507,0,0,0,0.00,28.62,136.87,0.07,0.20,1015,1006.00,1024.00,1024.00,1006.00
63601,0,0,0,0.00,10.38,136.87,0.07,-1.49,1015,1010.00,1020.00,1020.00,1010.00
63664,0,0,0,0.00,-5.75,136.87,0.07,-1.55,1015,1015.00,1015.00,1015.00,1015.00
63823,0,0,0,0.00,-8.06,136.87,0.07,-0.07,1015,1018.00,1012.00,1012.00,1018.00
63887,0,0,0,0.00,-5.56,136.87,0.07,0.35,1015,1017.00,1013.00,1013.00,1017.00
63957,0,0,0,0.00,1.75,136.87,0.07,0.37,1015,1015.00,1015.00,1015.00,1015.00
64014,0,0,0,0.00,0.31,136.87,0.07,0.30,1015,1015.00,1015.00,1015.00,1015.00
64320,0,0,0,0.00,-2.69,136.87,0.07,-0.74,1015,1015.00,1015.00,1015.00,1015.00
64416,0,0,0,0.00,-3.87,136.87,0.07,-0.55,1015,1015016.00,1014.00,1014.00,1016.00
64439,0,0,0,0.00,-6.00,136.87,0.07,-0.40,1015,1016.00,1014.00,1014.00,1016.00
64557,0,0,0,0.00,-5.56,136.87,0.07,0.06,1015,1017.00,1013.00,1013.00,1017.00
64660,0,0,0,0.00,-0.81,136.87,0.07,0.25,1015,1015.00,1015.00,1015.00,1015.00
64773,0,0,0,0.00,4.06,136.87,0.07,-0.07,1015,1015.00,1015.00,1015.00,1015.00
64885,0,0,0,0.00,3.75,136.87,0.07,-0.58,1015,1014.00,1016.00,1016.00,1014.00
64939,0,0,0,0.00,3.69,136.87,0.07,-0.76,1014,1013.00,1017.00,1017.001015.00,1013.00
65336,1,0,0,0.00,1.25,136.87,0.07,0.04,1014,1014.00,1014.00,1014.00,1014.00
65390,1,0,0,0.00,0.81,136.87,0.07,0.01,1014,1014.00,1014.00,1014.00,1014.00
65430,1,0,0,0.00,3.00,136.87,0.07,-0.07,1014,1014.00,1014.00,1014.00,1014.00
65495,1,0,0,0.00,2.87,136.87,0.07,-0.37,1014,1013.00,1015.00,1015.00,1013.00
65564,1,0,0,0.00,5.00,136.87,0.07,-0.67,1014,1012.00,1016.00,1016.00,1012.00
65620,1,0,0,0.00,1.62,136.87,0.07,-0.82,1014,1013.00,1015.00,1015.00,1013.00
66029,1,0,0,0.00,6.75,136.87,0.07,-0.85,11890,1177.00,1183.00,1183.00,1177.00
66167,1,0,0,0.00,-2.12,136.87,0.07,-1.21,1212,1203.00,1203.00,1203.00,1203.00
66275,1,0,0,0.00,-9.19,136.87,0.07,-0.46,1227,1230.00,1224.00,1224.00,1230.00
66389,1,0,0,0.00,-5.56,136.87,0.07,0.28,1237,1239.00,1235.00,1235.00,1239.00
66479,1,0,0,0.00,0.00,136.87,0.07,0.29,1237,1237.00,1237.00,1237.00,1237.00
66502,1,0,0,0.00,1.81,136.87,0.07,0.22,1237,1237.00,1237.00,1237.00,1237.00
66619,1,0,0,0.00,4.00,136.87,0.07,-0.45,1237,1236.00,1238.00,1238.00,1236.00
66950,1,0,0,0.00,-5.25,136.87,0.07,-0.03,1237,1238.00,1236.00,1236.00,1238.00
67044,1,0,0,0.00,-0.81,136.87,0.07,0.02,1237,1237.00,1237.00,1237.00,1237.00
67108,1,0,0,0.00,0.44,136.87,0.07,0.02,1237,1237.00,1237.00,1237.00,1237.00
67231,1,0,0,0.00,4.37,136.87,0.07,-0.34,1237,1236.00,1238.00,1238.00,1236.00
67342,1,0,0,0.00,-2.19,136.87,0.07,-0.61,1237,1237.00,1237.00,1237.00,1237.00
67458,1,0,0,0.00,0.44,136.87,0.07,-0.49,1237,1237.00,1237.00,1237.00,1237.00
67692,1,0,0,0.00,-0.56,136.87,0.07,-0.23,1237,1238.00,1236.00,1236.00,1238.00
68001,1,0,0,0.00,1.25,136.87,0.07,-0.61,1276,1275.00,1277.00,1277.00,1275.00
68097,1,0,0,0.00,1.50,136.87,0.07,-0.66,1332,1330.000,1332.00,1332.00,1332.00
68120,1,0,0,0.00,-3.19,136.87,0.07,-0.64,1344,1331.00,1333.00,1333.00,1331.00
68229,1,0,0,0.00,-5.00,136.87,0.07,-0.01,1424,1414.00,1412.00,1412.00,1414.00
68346,1,0,0,0.00,-3.00,136.87,0.07,0.40,1473,1474.00,1472.00,1472.00,1474.00
68453,1,0,0,0.00,3.19,136.87,0.07,0.18,1506,1497.00,1499.00,1499.00,1497.00
68568,1,0,0,0.00,0.25,136.87,0.07,-0.02,1526,1526.00,1526.00,1526.00,1526.00
68843,1,0,0,0.00,-1.87,136.87,0.07,0.55,1547,1546.00,1546.00,1546.00,1546.00
68882,1,0,0,0.00,-1.69,136.87,0.07,0.62,1557,1556.00,1556.00,1556.00,1556.00
68951,1,0,0,0.00,-0.81,136.87,0.07,0.65,1561,1559.00,1559.00,1559.00,1559.00
69023,1,0,0,0.00,-2.12,136.87,0.07,0.80,1579,1580.00,1578.00,1578.00,1580.00
69073,1,0,0,0.00,0.88,136.87,0.07,0.80,1581,1581.00,1581.00,1581.00,1581.00
69159,1,0,0,0.00,0.25,136.87,0.07,0.79,1586,1586.00,1586.00,1586.00,1586.00
69264,1,0,0,0.00,3.37,136.87,0.07,0.56,1589,1588.00,1590.00,1590.00,1588.00
69372,1,0,0,0.00,3.37,136.87,0.07,0.43,1589,1589.00,1589.00,1589.00,1589.00
69481,11,0,0,0.00,1.12,136.87,0.07,0.17,1589,1589.00,1589.00,1589.00,1589.00
69534,1,0,0,0.00,1.56,136.87,0.07,0.12,1589,1589.00,1589.00,1589.00,1589.00
69573,1,0,0,0.00,0.44,136.87,0.07,0.09,1599,1599.00,1599.00,1599.00,1599.00
69641,1,0,0,0.00,-1.75,136.87,0.07,0.15,1602,1602.00,1602.00,1602.00,1602.00
69758,1,0,0,0.00,-3.81,136.87,0.07,0.35,1622,1621.00,1619.00,1619.00,1621.00
69933,1,0,0,0.00,0.31,136.87,0.07,0.61,1637,16377.00,1637.00,1637.00,1637.00
69953,1,0,0,0.00,4.06,136.87,0.07,0.50,1639,1638.00,1638.00,1638.00,1638.00
70069,1,0,0,0.00,3.87,136.87,0.07,0.11,1652,1650.00,1652.00,1652.00,1650.00
70161,1,0,0,0.00,-2.69,136.87,0.07,-0.13,1662,1662.00,1662.00,1662.00,1662.62.00
70184,1,0,0,0.00,-3.69,136.87,0.07,-0.00,1664,1664.00,1662.00,1662.00,1664.00
70456,1,0,0,0.00,-2.12,136.87,0.07,1.12,1685,1686.00,1684.00,1684.00,1686.00686.00
70494,1,0,0,0.00,5.56,136.87,0.07,0.97,1686,1686.00,1686.00,1686.00,1686.00
70558,1,0,0,0.00,-1.19,136.87,0.07,0.89,1690,1690.00,1690.00,1690.00,1690.00
70631,1,0,0,0.00,4.81,136.87,0.07,0.58,1692,1691.00,1693.00,1693.00,1691.00
70683,1,0,0,0.00,-2.81,136.87,0.07,0.51,1693,1692.00,1694.00,1694.00,1692.00
70872,1,0,0,0.00,0.56,136.87,0.07,1.00,1696,1697.00,1695.00,1695.00,1697.00
70987,1,0,0,0.00,-0.19,136.87,0.07,1.12,1696,1697.00,1695.00,1695.00,1697.00
71084,1,0,0,0.00,2.56,136.87,0.07,0.98,1697,1697.00,1697.00,1697.00,1697.000
71107,1,0,0,0.00,0.00,136.87,0.07,0.96,1697,1697.00,1697.00,1697.00,1697.00
71194,1,0,0,0.00,2.00,136.87,0.07,0.67,1697,1697.00,1697.00,1697.00,1697.00
71261,1,0,0,0.00,-0.69,136.87,0.07,0.65,1697,1697.00,1697.00,1697.00,1697.00
71373,1,0,0,0.00,-2.44,136.87,0.07,0.63,1697,1697.00,1697.00,1697.00,1697.00
71545,1,0,0,0.00,1.25,136.87,0.07,0.53,1697,1697.00,1697.00,1697.00,1697.00
71570,1,0,0,0.00,2.62,136.87,0.07,0.48,1697,1697.00,1697.00,1697.00,1697.00
71676,1,0,0,0.00,2.00,136.87,0.07,0.38,1696,1696.00,1696.00,1696.00,1696.00
71792,1,1,1,0.00,-2.94,251.87,0.07,0.33,1696,1498.00,1894.00,1894.00,1498.00
71903,1,1,1,0.00,-257.37,474.50,0.07,11.34,1696,1396.00,1996.00,1996.00,1396.00
72001,1,1,2,0.00,-575.62,552.00,0.07,49.71,1696,1463.00,1929.0031.00,1931.00,1461.00
72025,1,1,3,0.00,-588.50,285.87,0.07,66.73,1696,1576.00,1816.00,1816.00,1576.00
72175,1,1,3,0.00,-576.94,283.69,0.07,153.27,1696,1577.00,1815.00,1815.00,1577.00
72348,1,1,0,0.00,-1122.56,466.44,0.07,-83.68,1696,1800.00,1349.00,100,1800.00
72373,1,1,0,0.00,-1148.38,466.44,0.07,-50.09,1696,1800.00,1293.00,1293.00,1800.00
72628,1,1,0,0.00,411.50,466.44,0.07,59.47,1696,1621.00,1771.00,1771.00,1621.00
72758,1,1,0,0.00,514.25,466.44,0.07,1.62,1696,1499.00,1800.00,1800.00,1499.00
72798,1,1,0,0.00,363.25,466.44,0.07,-19.57,1696,1522.00,1800.00,1800.00,1522.00
72942,1,1,0,0.00,-243.13,466.44,0.07,-22.42,1696,1762.00,1630.00,1630.00,1762.00
73061,1,1,0,0.00,-206.12,466.44,0.07,10.98,1696,1791.00,1603.00,1603.00,1791.00
73161,1,1,0,0.00,58.69,466.44,0.07,16.28,1696,1704.00,168808.00,1708.00,1684.00
73185,1,1,0,0.00,127.81,466.44,0.07,13.02,1696,1675.00,1717.00,1717.00,1675.00
73300,1,1,0,0.00,124.87,466.44,0.07,-4.86,1697,1642.00,1752.00,1752.00,1642.00
73412,1,1,0,0.00,-78.75,466.44,0.07,-5.61,1697,1713.00,1681.00,1681.00,1713.00
73622,1,1,0,0.00,3.25,466.44,0.07,8.87,16997,1700.00,1694.00,1694.00,1700.00
73758,1,1,0,0.00,39.38,466.44,0.07,2.87,1696,1683.00,1711.00,1711.00,1683.00
73863,1,1,0,0.00,-5.87,466.44,0.07,1.00,1696,1696.00,1696.00,1696.00,1696.00
73982,1,1,0,0.00,-20.81,466.44,0.07,2.70,1696,1703.00,1689.00,1689.00,1703.00
74094,1,1,0,0.00,3.12,466.44,0.07,4.06,1696,1698.00,1694.00,1694.00,1698.00
74206,1,1,0,0.00,10.50,466.44,0.07,3.13,1696,1694.00,1698.00,1698.00,1694.00
74409,1,1,0,0.00,-0.50,466.44,0.07,1.92,1696,1696.00,1696.00,1696.00,1696.00
74477,1,1,0,0.00,-11.50,466.44,0.07,2.47,1696,1701.00,1691.00,1691.00,1701.00
74545,1,1,0,0.00,-6..44,466.44,0.07,3.10,1696,1700.00,1692.00,1692.00,1700.00
74594,1,1,0,0.00,-0.69,466.44,0.07,3.26,1696,1699.00,1693.00,1693.00,1699.00
74766,1,1,0,0.00,2.12,466.44,0.07,3.14,1696,1696.00,1696.00,1696.00,1696.00
74789,1,1,0,0.00,4.56,466.44,0.07,3.06,1696,1696.00,1696.00,1696.00,1696.00
74899,1,1,0,0.00,0.06,466.44,0.07,3.27,1696,1698.00,1694.00,1694.00,1698.00
75007,1,1,0,0.00,6.00,466.44,0.07,2.93,1696,1696.00,1696.00,1696.00,1696.00
75289,1,1,0,0.00,-9.63,466.44,0.07,3.40,1696,1700.00,1692.00,1692.00,1700.00
75330,1,1,0,0.00,-8.19,466.44,0.07,3.74,1696,1701.00,1691.00,1691.00,1701.00
75397,1,1,0,0.00,-1.62,466.44,0.07,4.01,1685,1697.00,1693.00,1693.00,1697.00
75511,1,1,0,0.00,6.25,466.44,0.07,4.03,1682,1682.00,1682.00,1682.00,1682.00
75683,1,1,0,0.00,4.19,466.44,0.07,3.20,1678,1678.00,1678.00,1678.00,1678.00
75707,1,1,0,0.00,-0.25,466.44,0.07,3.17,1677,1679.00,1677.00,1677.00,1679.00
75819,1,1,0,0.00,-5.87,466.44,0.07,3.31,1657,1660.00,1654.00,1654.00,1660.00
75923,1,1,0,0.00,9.25,466.44,0.07,3.32,1625,1624.00,1626.00,1626.00,1624.00
76018,1,1,0,0.00,12.50,466.44,0.07,2.42,1595,1593.00,1597.00,1597.00,1593.00
76086,1,1,0,0.00,7.44,466.44,0.07,1.66,1565,1563.00,1567.00,1567.00,1563.00
76149,1,1,0,0.00,0.566,466.44,0.07,1.46,1535,1545.00,1545.00,1545.00,1545.00
76203,1,1,0,0.00,-6.50,466.44,0.07,1.59,1512,1515.00,1511.00,1511.00,1515.00
76310,1,1,0,0.00,-10.50,466.44,0.07,3.09,1435,1455.00,1443.00,1443.00,1455.00
76430,1,1,0,0.00,7.31,466.44,0.07,3.28,1250,1250.00,1250.00,1250.00,1250.00
76603,1,1,0,0.00,9.69,466.44,0.07,1.09,1011,1008.00,1014.00,1014.00,1008.00
76623,1,1,0,0.00,6.31,466.44,0.07,0.90,1009,1007.00,1011.00,1011.00,1007.00
76736,1,1,0,0.00,-8.19,466.44,0.07,1.32,1009,1014.00,1008.00,1008.00,1014.00
76855,1,1,0,0.00,-11.13,466.44,0.07,2.50,1011,1016.00,1006.00,1006.00,1016.00
76967,1,1,0,0.00,-3.31,466.44,0.07,3.45,1011,1014.00,1008.00,1008.00,1014.00
77171,1,0,0,0.00,11.06,466.44,0.07,2.56,1011,1009.00,1013.00,1013.00,1009.00
77233,0,0,0,0.00,10.94,466.44,0.07,1.74,1011,1008.00,1014.00,1014.00,1008.00
77303,0,0,0,0.00,8.31,466.44,0.07,1.08,1011,1009.00,1013.00,1013.00,1009.00
77355,0,0,0,0.00,0.81,466.44,0.07,0.96,1011,1011.00,1011.00,1011.00,1011.00
77660,0,0,0,0.00,-4.69,466.44,0.07,2.77,1011,1014.00,1008.00,1008.00,1014.00
77754,0,0,0,0.00,2.69,466.44,0.07,2.73,1011,1011.00,1011.00,1011.00,1011.00
77777,0,0,0,0.00,5.19,466.44,0.07,2.57,1011,1011.00,1011.00,1011.00,1011.00
77891,0,0,0,0.00,10.94,466.44,0.07,1.60,1011,1008.00,1014.00,1014.00,1008.00
78088,0,0,0,0.00,-0.94,466.44,0.07,0.24,1011,1011.00,1011.00,1011.00,1011.00
78153,0,0,0,0.00,-7.19,466.44,0.07,0.57,1011,1013.00,1009.00,1009.00,1013.00
78221,0,0,0,0.00,-9..81,466.44,0.07,1.10,1011,1015.00,1007.00,1007.00,1015.00
78280,0,0,0,0.00,-10.81,466.44,0.07,1.52,1011,1015.00,1007.00,1007.00,1015.00
78388,0,0,0,0.00,-4.44,466.44,0.07,2.11,1011,1014.00,1008.00,1008.00,1014.00
78521,0,0,0,0.00,5.69,466.44466.44,0.07,1.55,1011,1011.00,1013.00,1013.00,1011.00
78580,0,0,0,0.00,8.88,466.44,0.07,1.15,1011,1009.00,1013.00,1013.00,1009.00
78672,0,0,0,0.00,9.13,466.44,0.07,0.23,1012,1008.00,1014.00,10145.00,1009.00
78697,0,0,0,0.00,7.50,466.44,0.07,-0.03,1012,1009.00,1015.00,1015.00,1009.00
78814,0,0,0,0.00,68.81,466.44,0.07,-2.95,1011,1000.00,1035.00,1035.00,1000.00
78925,0,0,0,0.00,-3.19,466.44,0.07,-7.46,1012,1005.00,1017.00,1017.00,1005.00
79038,0,0,0,0.00,-29.12,466.44,0.07,-4.85,1011,1019.00,1003.00,1003.00,1019.00
79132,0,0,0,0.00,-8.25,466.44,0.07,-3.84,1011,1010.00,1012.0.00,1011.00,1011.00
79155,0,0,0,0.00,-3.06,466.44,0.07,-3.68,1011,1012.00,1012.00,1012.00,1012.00
79276,0,0,0,0.00,-10.06,466.44,0.07,-2.67,1011,1013.00,1009.00,1009.00,1013.00
79371,0,0,0,0.00,13.81,466.44,0.07,-3.09,1011,1005.00,1011017.00,1017.00,1005.00
79392,0,0,0,0.00,6.19,466.44,0.07,-3.39,1011,1005.00,1017.00,1017.00,1005.00
79511,0,0,0,0.00,-14.56,466.44,0.07,-2.90,1011,1013.00,1009.00,1009.00,1013.00
79619,0,0,0,0.00,-23.31,466.44,0.07,0.62,1011,1021.00,1001.00,1001.00,1021.00
79734,0,0,0,0.00,12.06,466.44,0.07,1.16,1011,1009.00,1013.00,1013.00,1009.00
79828,0,0,0,0.00,58.50,466.44,0.07,-2.52,1011,1000.00,1031.0000,1034.00,1000.00
79855,0,0,0,0.00,64.81,466.44,0.07,-4.38,1011,1000.00,1035.00,1035.00,1000.00
79964,0,0,0,0.00,-31.62,466.44,0.07,-6.80,1011,1011.00,1011.00,1011.00,1011.00
80078,0,0,0,0.00,-2.00,466.44,0.07,-4.83,1011,1008.00,1014.00,1014.00,1008.00
80200,0,0,0,0.00,-5.62,466.44,0.07,-2.64,1011,1012.00,1010.00,1010.00,1012.00
80436,0,0,0,0.00,20.25,466.44,0.07,-0.27,1011,1007.00,1015.00,1015.00,1007.00
80539,0,0,0,0.00,35.81,466.44,0.07,-3.98,1011,1000.00,1027.00,1027.00,1000.00
80657,0,0,0,0.00,15.69,466.44,0.07,-7.08,1011,1000.00,1023.00,1023.00,1000.00
81035,0,0,0,0.00,-14.81,466.44,0.07,-0.98,1011,1015.00,1007.00,1007.00,1015.00
81147,0,0,0,0.00,-3.87,466.44,0.07,0.13,1011,1012.00,1010.00,1010.00,1012.00
81209,0,0,0,0.00,1.81,466.44,0.07,0.18,1011,1011.00,1011.00,1011.00,1011.00
81263,0,0,0,0.00,6.69,466.44,0.07,-0.07,1011,1009.00,1013.00,1013.00,1009.00
81440,0,0,0,0.00,1.31,466.44,0.07,-0.75,1011,10111.00,1011.00,1011.00,1011.00
81462,0,0,0,0.00,1.50,466.44,0.07,-0.81,1011,1010.00,1012.00,1012.00,1010.00
81575,0,0,0,0.00,-2.75,466.44,0.07,-0.44,1012,1012.00,1012.00,1012.00,1012.00
81687,0,0,0,0.00,-1.06,466.44,0.07,-0.04,1012,1012.00,1012.00,1012.00,1012.00
81800,0,0,0,0.00,3.81,466.44,0.07,-0.13,1014,1013.00,1015.00,1015.00,1013.00
81897,0,0,0,0.00,3.94,466.44,0.07,-0.45,1014,1013.00,1015.00,11015.00,1013.00
81919,0,0,0,0.00,3.94,466.44,0.07,-0.57,1014,1013.00,1015.00,1015.00,1013.00
82032,0,0,0,0.00,0.13,466.44,0.07,-0.70,1014,1014.00,1014.00,1014.00,1014.00
82143,0,0,0,0.00,-1.87,466.44,0.07,-0.57,1014,1014.00,1014.00,1014.00,1014.00
82260,0,0,0,0.00,-0.50,466.44,0.07,-0.43,1014,1014.00,1014.00,1014.00,1014.00
82358,0,0,0,0.00,1.44,466.44,0.07,-0.47,1014,1014.00,1014.00,1014.00,1014..00
82381,0,0,0,0.00,2.25,466.44,0.07,-0.56,1014,1013.00,1015.00,1015.00,1013.00
82928,1,0,0,0.00,1.12,466.44,0.07,-0.75,1011,1011.00,1011.00,1011.00,1011.00
82994,1,0,0,0.00,1.31,466.44,0.07,-0.80,1012,1012.00,1012.00,1012.00,1012.00
83111,1,0,0,0.00,-0.06,466.44,0.07,-0.87,1012,1012.00,1012.00,1012.00,1012.00
83149,1,0,0,0.00,-0.19,466.44,0.07,-0.88,1012,1012.00,1012.00,1012.00,1012.00
83219,1,0,0,0.00,-0.62,466.44,0.07,-0.85,1012,1012.00,1012.00,1012.00,1012.00
83340,1,0,0,0.00,-0.25,466.44,0.07,-0.82,1012,1012.00,1012.00,1012.00,1012.00
83444,1,0,0,0.00,0.69,466.44,0.07,-0.85,1012,1012.00,1012.00,1012.00,1012.00
83566,1,0,0,0.00,0.56,466.44,0.07,-0.87,1012,1012.00,1012.00,1012.00,1012.00
83740,1,0,0,0.00,-1.00,466.44,0.07,-0.85.84,1059,1051.00,1051.00,1051.00,1051.00
84338,1,0,0,0.00,1.75,466.44,0.07,-0.41,1413,1413.00,1413.00,1413.00,1413.00
84430,1,0,0,0.00,-0.81,466.44,0.07,-0.53,1414,1414.0000,1414.00,1414.00,1414.00
84453,1,0,0,0.00,-0.19,466.44,0.07,-0.51,1414,1414.00,1414.00,1414.00,1414.00
84568,1,0,0,0.00,-0.69,466.44,0.07,-0.46,1415,1415.00,1415.00,1415.00,1415.00
84678,1,0,0,0.00,-0.13,466.44,0.07,-0.37,1415,1415.00,1415.00,1415.00,1415.00
84791,1,0,0,0.00,2.50,466.44,0.07,-0.51,1415,1415.00,1415.00,1415.00,1415.00
84887,1,0,0,0.00,-4.44,466.44,0.07,-0.40,1415,1415.00,1415.00,1411414.00,1416.00
84910,1,0,0,0.00,-3.44,466.44,0.07,-0.28,1415,1416.00,1414.00,1414.00,1416.00
85024,1,0,0,0.00,2.31,466.44,0.07,-0.25,1420,1419.00,1419.00,1419.00,1419.00
85136,1,0,0,0.00,-2.12,466.44,0.07,-0.27,1424,1424.00,1424.00,1424.00,1424.00
85249,1,0,0,0.00,-1.06,466.44,0.07,-0.22,1429,1429.00,1429.00,1429.00,1429.00
85341,1,0,0,0.00,-1.06,466.44,0.07,-0.19,1431,1431.00,1431.00,1431.00,1431.31.00
85364,1,0,0,0.00,-0.44,466.44,0.07,-0.17,1432,1431.00,1431.00,1431.00,1431.00
85482,1,0,0,0.00,1.81,466.44,0.07,-0.17,1439,1438.00,1438.00,1438.00,1438.00
85597,1,0,0,0.00,-2.94,466.44,0.07,-0.27,1455,1455.00,1455.00,1455.00,1455.00
85825,1,0,0,0.00,-2.19,466.44,0.07,-0.08,1471,1469.00,1469.00,1469.00,1469.00
85914,1,0,0,0.00,-5.25,466.44,0.07,0.29,1473,1473.00,1471.00,1471.00,1473.00
85978,1,0,0,0.00,-0.88,466.44,0.07,0.50,1477,1476.00,1474.00,1474.00,1476.00
86047,1,0,0,0.00,2.14,466.44,0.07,0.36,1481,1480.00,1480.00,1480.00,1480.00
86101,1,0,0,0.00,1.62,466.44,0.07,0.22,1483,1480.00,1482.00,1482.00,1480.00
86412,1,0,0,0.00,-2.37,466.44,0.07,0.72,1530,1521.00,1519.00,1519.00,1521.00
86502,1,0,0,0.00,-0.88,466.44,0.07,0.80,1530,1530.00,1530.000,1530.00,1530.00
86524,1,0,0,0.00,-2.25,466.44,0.07,0.84,1532,1532.00,1532.00,1532.00,1532.00
86639,1,0,0,0.00,-0.31,466.44,0.07,0.99,1537,1537.00,1537.00,1537.00,1537.00
86747,1,0,0,0.00,-1.31,466.44,0.07,1.00,1540,1540.00,1540.00,1540.00,1540.00
86975,1,0,0,0.00,3.81,466.44,0.07,0.81,1551,1548.00,1550.00,1550.00,1548.00
87025,1,0,0,0.00,2.31,466.44,0.07,0.70,1559,1559.00,1559.00,1559.00,1559.00
87212,1,0,0,0.00,-1.62,466.44,0.07,0.47,1581,1581.00,1581.00,1581.00,1581.00
87328,1,0,0,0.00,0.25,466.44,0.07,0.55,1593,1592.00,1592.00,1592.00,1592.00
87419,1,0,0,0.00,1.31,466.44,0.07,0.49,1597,1596.00,1596.00,1596.00,1597.00
87443,1,0,0,0.00,0.31,466.44,0.07,0.47,1598,1597.00,1597.00,1597.00,1597.00
87753,1,0,0,0.00,0.81,466.44,0.07,0.59,1610,1610.00,1610.00,1610.00,1610.00
87821,1,0,0,0.00,-0.62,466.44,0.07,0.58,1612,1612.00,1612.00,1612.00,1612.00
87887,1,0,0,0.00,-0.56,46666.44,0.07,0.63,1615,1615.00,1615.00,1615.00,1615.00
87939,1,0,0,0.00,-2.44,466.44,0.07,0.71,1618,1618.00,1616.00,1616.00,1618.00
88132,1,0,0,0.00,0.25,466.44,0.07,0.83,1625,1625.00,1625.00,1625.00,1625.00
88246,1,0,0,0.00,1.50,466.44,0.07,0.66,1628,1628.00,1628.00,1628.00,1628.00
88358,1,0,0,0.00,-0.13,466.44,0.07,0.53,1630,1630.00,1630.00,1630.00,1630.00
88446,1,0,0,0.00,-0.25,466.44,0.07,0.49,1631,1631.00,1631.00,1631.00,1631.00
88510,1,0,0,0.00,-3.19,466.44,0.07,0.68,1631,1632.00,1630.00,1630.00,1632.00
88585,1,0,0,0.00,1.12,466.44,0.07,0.76,1631,1631.00,1631.00,1631.00,1631.00
88636,1,0,0,0.00,-1.50,466.44,0.07,0.80,1633,1631.00,1631.00,1631.00,1631.00
88745,1,0,0,0.00,-1.06,466.44,0.07,1.26,1635,1635.00,1633.00,1633.00,1635.00
88940,1,0,0,0.00,-0.81,466.44,0.07,0.98,1639,1639.00,1639.00,1639.00,1639.00
89031,1,0,0,0.00,4.62,466.44,0.07,0.63,1641,1640.00,1642.00,1642.00,1640.00
89055,1,0,0,0.00,1.87,466.44,0.07,0.59,1641,1641.00,1641.00,1641.00,1641.00
89163,1,0,0,0.00,-7.69,466.44,0.07,0.92,1643,1645.00,1641.00,1641.00,1645.00
89366,1,0,0,0.00,-0.25,466.44,0.07,1.40,1646,1647.00,1645.00,1645.00,1647.00
89431,1,0,0,0.00,1.00,466.44,0.07,1.31,1647,1647.00,1647.00,1647.00,1647.00
89503,1,0,0,0.00,1.75,466.44,0.07,1.22,1648,1648.00,1648.00,1648.00,1648.00
89556,1,0,0,0.00,2.37,466.44,0.07,1.14,1649,1649.00,1649.00,1649.00,1649.00
89639,1,0,0,0.00,6.62,466.44,0.07,0.78,1649,1647.00,1651.00,1651.00,1647.00
89738,1,0,0,0.00,1.87,466.44,0.07,0.52,1648,1648.00,1648.00,1648.00,1648.00
89791,1,0,0,0.00,1.94,466.44,0.07,0.40,1647,1647.01647.00,1647.00,1647.00,1647.00
89851,1,0,0,0.00,-4.62,466.44,0.07,0.56,1647,1648.00,1646.00,1646.00,1648.00
89961,1,0,0,0.00,-1.87,466.44,0.07,0.74,1647,1647.00,1647.00,1647.00,1647.00
90240,1,0,0,0.00,0.44,466.44,0.07,0.73,1647,1647.00,1647.00,1647.00,1647.00
90414,1,0,0,0.00,-5.37,466.44,0.07,0.64,16447,1649.00,1645.00,1645.00,1649.00
90551,1,0,0,0.00,-1.00,466.44,0.07,1.08,1647,1648.00,1646.00,1646.00,1648.00
90643,1,0,0,0.00,-3.19,466.44,0.07,1.21,1647,1648.00,1646.000,1646.00,1648.00
90662,1,0,0,0.00,-4.50,466.44,0.07,1.33,1647,1648.00,1646.00,1646.00,1648.00
90780,1,0,0,0.00,0.06,466.44,0.07,1.32,1647,1647.00,1647.00,1647.00,1647.00
91002,1,1,2,0.00,-426.37,396.06,0.07,30.18,1647,1474.00,1820.00,1820.00,1474.00
91103,1,1,3,0.00,-560.69,242.44,0.07,75.89,1647,1547.00,1747.1759.00,1759.00,1535.00
91126,1,1,3,0.00,-564.37,272.75,0.07,92.42,1647,1531.00,1763.00,1763.00,1531.00
91276,1,1,3,0.00,-473.19,159.12,0.07,163.27,1647,1575.00,1719.00,1719.00,1575.00
91465,1,1,0,0.00,-773.31,201.44,0.07,-85.89,1647,1800.00,1413.00,1413.00,1800.00
91624,1,1,0,0.00,-492.87,201.44,0.07,12.30,1647,1800.00,1436.00,1436.00,1800.00
91737,1,1,0,0.00,65.87,201.44,0.07,33.03,1647,1663.00,1631.00,1631.00,1663.00
91854,1,1,0,0.00,316.50,201.44,0.07,4.04,1647,1531.00,1763.00,1763.00,1531.00
91895,1,1,0,0.00,232.37,201.44,0.07,-8.59,1647,1547.00,1747.00,1747.00,1547.00
92045,1,1,0,0.00,-162.75,201.44,0.07,-9.48,1647,1696.00,1598.00,1598.00,1696.00
92173,1,1,0,0.00,-118.75,201.44,0.07,9.09,1647,1701.00,1593.00,1593.00,1701.00
92275,1,1,0,0.00,78.94,201.44,0.07,10.50,1647,1628.00,1666.00,1666.00,1628.00
92388,1,1,0,0.00,78.69,201.44,0.07,-0.91,1647,1612.00,1682.00,1682.00,1612.00
92478,1,1,0,0.00,-8.31,201.44,0.07,-3.31,1647,1644.00,1650.00,1650.46.00,1648.00
92501,1,1,0,0.00,-33.69,201.44,0.07,-2.56,1647,1655.00,1639.00,1639.00,1655.00
92621,1,1,0,0.00,-63.06,201.44,0.07,4.55,1647,1673.00,1621.00,1621.00,1673.00
92731,1,1,0,0.00,17.69,201.44,0.07,6.77,1647,1647.00,1647.00,1647.00,1647.00
92847,1,1,0,0.00,50.56,201.44,0.07,2.07,1647,1630.00,1664.00,1664.00,1630.00
92935,1,1,0,0.00,27.00,201.44,0.07,-1.29,1647,1635.00,1659.00,1659.00,1635.0.00
92955,1,1,0,0.00,5.69,201.44,0.07,-1.66,1647,1639.00,1655.00,1655.00,1639.00
93071,1,1,0,0.00,-34.31,201.44,0.07,0.88,1647,1659.00,1635.00,1635.00,1659.00
93167,1,1,0,0.00,-29.56,201.44,0.07,3.48,1647,1660.00,1634.00,1634.00,1661659.00
93191,1,1,0,0.00,-15.75,201.44,0.07,4.08,1647,1658.00,1636.00,1636.00,1658.00
93312,1,1,0,0.00,18.62,201.44,0.07,3.33,1647,1643.00,1651.00,1651.00,1643.00
93504,1,1,0,0.00,-2.81,201.44,0.07,0.11,1647,1647.00,1647.00,1647.00,1647.00
93569,1,1,0,0.00,-18.44,201.44,0.07,1.10,1647,1654.00,1640.00,1640.00,1654.00
93641,1,1,0,0.0.00,-19.94,201.44,0.07,2.55,1647,1656.00,1638.00,1638.00,1656.00
93699,1,1,0,0.00,-8.69,201.44,0.07,3.20,1647,1653.00,1641.00,1641.00,1653.00
93738,1,1,0,0.00,-3.44,201.44,0.07,3.42,1647,1651.00,1643.00,1643.00,1651.00
93806,1,1,0,0.00,3.00,201.44,0.07,3.46,1647,1649.00,1645.00,1645.00,1649.00
93998,1,1,0,0.00,4.19,201.44,0.07,1.93,1647,1647.00,1647.00,1647.00,1647.00
94097,1,1,0,0.00,-4.56,201.44,0.07,2.16,1647,1650.00,16445.00,1645.00,1649.00
94117,1,1,0,0.00,-5.50,201.44,0.07,2.27,1647,1649.00,1645.00,1645.00,1649.00
94236,1,1,0,0.00,2.87,201.44,0.07,2.58,1647,1648.00,1646.00,1646.00,1648.00
94340,1,1,0,0.00,-3.37,201.44,0.07,2.36,1647,1648.00,1646.00,1646.00,1648.00
94429,1,1,0,0.00,2.00,201.44,0.07,2.35,1647,1647.00,1647.00,1647.00,1647.00
94498,1,1,0,0.00,-7.50,201.44,0.07,2.52,1647,1649.00,1645.00,1645.00,1649.00
94614,1,1,0,0.00,-9.25,201.44,0.07,3.54,1647,1652.00,1642.00,1642.00,1652.00
94655,1,1,0,0.00,-8.63,201.44,0.07,3.90,1647,1652.00,1642.00,1642.00,1652.00
94718,1,1,0,0.00,7.69,201.44,0.07,3.68,1647,1647.00,1647.00,1647.00,1647.00
94860,1,1,0,0.00,1.37,201.44201.44,0.07,2.89,1647,1647.00,1647.00,1647.00,1647.00
94923,1,1,0,0.00,-0.50,201.44,0.07,2.83,1647,1648.00,1646.00,1646.00,1648.00
95009,1,1,0,0.00,-2.87,201.44,0.07,2.90,1647,1649.00,1645.000,1645.00,1649.00
95031,1,1,0,0.00,-5.87,201.44,0.07,3.05,1647,1649.00,1645.00,1645.00,1649.00
95145,1,1,0,0.00,1.06,201.44,0.07,3.45,1647,1648.00,1646.00,1646.00,1648.00
95266,1,1,0,0.00,7.19,201.44,0.07,2.75,1647,1647.00,1647.00,1647.00,1647.00
95317,1,1,0,0.00,1.19,201.44,0.07,2.55,1647,1647.00,1647.00,1647.00,1647.00647.00
95353,1,1,0,0.00,1.50,201.44,0.07,2.46,1647,1647.00,1647.00,1647.00,1647.00
95419,1,1,0,0.00,-1.00,201.44,0.07,2.65,1646,1647.00,1645.00,1645.00,1647.00
95532,1,1,0,0.00,-4.87,201.44,0.07,2.94,1645,1648.00,1642.00,1642.00,1648.00
95708,1,1,0,0.00,1.50,201.44,0.07,3.07,1643,1644.00,1642.00,1642.00,1644.00
95728,1,1,0,0.00,2.81,201.44,0.07,2.99,1643,1643.00,1643.00,1643.00,1643.00
95847,1,1,0,0.00,2.87,201.44,0.07,2.67,1643,1643.00,1643.00,1643.00,1643.00
95953,1,1,0,0.00,-0.81,201.44,0.07,2.74,1643,1645.00,1641.00,1641.00,1645.00
96107,1,1,0,0.00,6.06,201.44,0.07,2.08,1643,1642.00,1644.00,1644.00,1642.00
96179,1,1,0,0.00,8..50,201.44,0.07,1.54,1643,1641.00,1645.00,1645.00,1641.00
96229,1,1,0,0.00,2.37,201.44,0.07,1.37,1643,1643.00,1643.00,1643.00,1643.00
96422,1,0,0,0.00,-3.69,201.44,0.07,1.71,1643,1645.00,1641.00,1641.00,1645.00
96529,1,0,0,0.00,-9.44,201.44,0.07,2.87,1643,1649.00,1637.00,1637.00,1649.00
96622,1,0,0,0.00,1.44,201.44,0.07,2.86,1643,1643.00,1643.00,1642.00,1644.00
96644,1,0,0,0.00,0.19,201.44,0.07,2.84,1643,1643.00,1643.00,1643.00,1643.00
96761,0,0,0,0.00,-18.50,201.44,0.07,3.54,1643,1654.00,1632.00,1632.00,1654.00
96870,0,0,0,0.00,-6.50,201.44,0.07,4.95,1643,1649.00,1637.00,1637.00,1649.00
97146,0,0,0,0.00,17.44,201.44,0.07,0.95,1643,1637.00,1649.00,1649.00,1637.00
97185,0,0,0,0.00,0.25,201.44,0.07,0.84,1622,1622.00,1622.00,1622.00,1622.00
97249,0,0,0,0.00,-8.00,201.44,0.07,1.20,1540,1543.00,1537.00,1537.00,1543.00
97374,0,0,0,0.00,-14.75,201.44,0.07,2.73,1056,1126.00,1112.00,1112.00,1126.00
97483,0,0,0,0.00,-7.19,201.44,0.07,4.08,1012,1018.00,1010.00,1010.00,1018.00
97685,0,0,0,0.00,13.69,201.44,0.07,3.10,1009,1007.00,1011.00,1011.00,1007.00
97776,0,0,0,0.00,13.94,201.44,0.07,1.82,1009,1006.00,10013.00,1013.00,1005.00
97798,0,0,0,0.00,12.44,201.44,0.07,1.46,1011,1005.00,1013.00,1013.00,1005.00
97911,0,0,0,0.00,-3.50,201.44,0.07,1.04,1011,1009.00,1009.00,1009.00,1009.00
98031,0,0,0,0.00,-13.00,201.44,0.07,2.13,1011,1017.00,1005.00,1005.00,1017.00
98135,1,0,0,0.00,-10.19,201.44,0.07,3.68,1011,1017.00,1005.00,1005.00,1017.00
98251,1,0,0,0.00,1.31,201.44,0.07,4.18,1012,1014.00,1010.00,1010.00,1014.00
98342,1,0,0,0.00,9.81,201.44,0.07,3.57,1012,1011.00,1013.00,1013.00,1011.00
98411,1,0,0,0.00,14.69,201.44,0.07,2.80,1012,1009.00,1015.00,1015.00,1009.00
98524,1,0,0,0.00,9.81,201.44,0.07,1.29,1012,1008.00,1014.00,1014.00,1008.00
98628,1,0,0,0.00,-6.75,201.44,0.07,1.22,1012,1014.00,1010.00,1010.00,1014.00
99059,1,0,0,0.00,18.50,201.44,0.07,2.34,1238,1232.00,1242.00,1242.00,1232.00
99148,1,0,0,0.00,12.13,201.44,0.07,1.01,1292,1288.00,1296.00,11296.00,1288.00
99171,1,0,0,0.00,1.00,201.44,0.07,0.86,1305,1302.00,1304.00,1304.00,1302.00
99286,1,0,0,0.00,-17.75,201.44,0.07,2.19,1351,1359.00,1343.00,1343.00,1359.00
99400,1,0,0,0.00,-8.88,201.44,0.07,3.81,1400,1396.00,1384.00,1384.00,1396.00
99514,1,0,0,0.00,4.69,201.44,0.07,3.86,1422,1413.00,1413.00,1413.00,1413.00
99719,1,0,0,0.00,2.37,201.44,0.07,1.55,1491,1491.00,1491.00,1491.00,1491.00
99789,1,0,0,0.00,-5.87,201.44,0.07,1.67,1501,1503.00,1499.00,1499.00,1503.00
99857,1,0,0,0.00,-8.37,201..44,0.07,2.06,1512,1516.00,1508.00,1508.00,1516.00
99910,1,0,0,0.00,-7.50,201.44,0.07,2.28,1522,1526.00,1518.00,1518.00,1526.00
100096,1,0,0,0.00,8.06,201.44,0.07,2.53,1554,1553.00,1555.00,1555.00,1553.00
100207,1,0,0,0.00,4.37,201.44,0.07,1.76,1574,1574.00,1574.00,1574.00,1574.00
100303,1,0,0,0.00,0.50,201.44,0.07,1.69,1574,1574.00,1574.00,1574.00,1574.00
100325,1,0,0,0.00,1.44,201.44,0.07,1.67,1575,1575.00,1575.00,1575.00,1575.00
100599,1,0,0,0.00,-0.81,201.44,0.07,2.25,1576,1577.00,1575.00,1575.00,1577.00
100637,1,0,0,0.00,0.94,201.44,0.07,2.18,1586,1586.00,1586.00,1586.00,1586.00
100700,1,0,0,0.00,-0.62,201.44,0.07,2.16,1589,1590.00,1588.00,1588.00,1590.00
100774,1,0,0,0.00,2.12,201.44,0.07,2.12,1590,1590.00,1590.00,1590.00,1590.00
100905,1,0,0,0.00,-1.00,201.44,0.07,1.89,1596,1597.00,1595.00,1595.00,1597.00
101017,1,0,0,0.00,-0.37,201.44,0.07,2.21,1602,1603.00,1601.00,1601.00,1603.00
101127,1,0,0,0.00,0.25,201.44,0.07,2.19,1608,1609.00,1607.00,1607.00,1609.00
101246,1,0,0,0.00,-1.19,201.44,0.07,2.13,1612,1613.00,1611.00,1611.00,1613.00
101336,1,0,0,0.00,-0.75,201.44,0.07,2.27,1614,1615.00,1613.00,1613.00,1615.00
101405,1,0,0,0.00,-3.44,201.44,0.07,2.46,1618,1620.00,1616.00,1616.00,1620.00
101515,1,0,0,0.00,-3.62,201.44,0.07,2.56,1628,1630.00,1626.00,1626.00,1630.00
101685,1,0,0,0.00,-1.19,201.44,0.07,2.55,16333,1634.00,1632.00,1632.00,1634.00
101708,1,0,0,0.00,1.00,201.44,0.07,2.51,1633,1634.00,1632.00,1632.00,1634.00
101819,1,0,0,0.00,-1.06,201.44,0.07,2.47,1637,1638.00,1636.00,1636.00,1638.00
101929,1,0,0,0.00,1.19,201.44,0.07,2.48,1639,1640.00,1638.00,1638.00,1640.00
102149,1,0,0,0.00,-4.12,201.44,0.07,2.68,1645,1646.00,1642.00,1642.00,1646.00
102211,1,0,0,0.00,2.00,201.44,0.07,2.70,1646,1648.00,1644.00,1644.00,1648.00
102249,1,0,0,0.00,-2.37,201.44,0.07,2.69,1647,1647.00,1645.00,1645.00,1647.00
102313,1,0,0,0.00,-4.06,201.44,0.07,2.96,1647,1649.00,1645.00,1645.00,1649.00
102385,1,0,0,0.00,1.06,201.44,0..07,2.97,1648,1649.00,1647.00,1647.00,1649.00
102529,1,0,0,0.00,0.00,201.44,0.07,2.79,1649,1650.00,1648.00,1648.00,1650.00
102629,1,0,0,0.00,-2.56,201.44,0.07,2.64,1649,1651.00,1647.00,1647.00,1651.00
102681,1,0,0,0.00,-2.25,201.44,0.07,2.69,1651,1652.00652.00,1650.00,1650.00,1652.00
102741,1,0,0,0.00,1.25,201.44,0.07,2.63,1651,1651.00,1651.00,1651.00,1651.00
102858,11,0,0,0.00,-0.13,201.44,0.07,2.49,1651,1651.00,1651.00,1651.00,1651.00
102946,1,0,0,0.00,-4.69,201.44,0.07,2.84,1651,1654.00,1648.00,1648.00,1654.00
103015,1,0,0,0.00,0.00,201.44,0.07,3.01,1651,1653.00,1649.00,1649.00,1653.00
103125,1,0,0,0.00,-4.62,201.44,0.07,3.02,1651,1654.00,1648.00,1648.00,1654.00
103305,1,0,0,0.00,-0.37,201.44,0.07,2.94,1651,1651.000,1650.00,1650.00,1652.00
103327,1,0,0,0.00,-3.75,201.44,0.07,3.02,1651,1653.00,1649.00,1649.00,1653.00
103437,1,1,1,0.00,-5.19,251.62,0.07,3.16,1651,1453.00,1849.00,1849.00,1453.00
103549,1,1,2,0.00,-391.94,583.19,0.07,27.61,1651,1415.00,1887.00,1887.00,1415.00
103695,1,1,3,0.00,-550.62,264.81,0.07,104.73,1651,1543.00,1759.00,1759.00,1543.00
103863,1,1,3,0.00,-505.06,196.69,0.07,-179.79,1651,1563.00,1739.00,1739.00,00
103887,1,1,4,0.00,-509.94,205.00,0.07,-165.09,1651,1561.00,1741.00,1741.00,1561.00
104162,1,1,0,0.00,-532.37,205.00,0.07,16.02,1651,1800.00,1435.00,1435.00,1800.00
104471,1,1,0,0.00,169.87,205.00,0.07,-12.28,1651,1571.00,1731.00,1731.00,1571.00
104567,1,1,0,0.00,-102.87,205.00,0.07,-14.59,1651,1652.00,10,1621.00,1681.00
104593,1,1,0,0.00,-171.75,205.00,0.07,-10.09,1651,1694.00,1608.00,1608.00,1694.00
104910,1,1,0,0.00,102.69,205.00,0.07,1.92,1651,1614.00,1688.00,1688.00,1614.00
105374,1,1,0,0.00,45.13,205.00,0.07,4.74,16511,1637.00,1665.00,1665.00,1637.00
105510,1,1,0,0.00,15.13,205.00,0.07,-0.69,1651,1642.00,1660.00,1660.00,1642.00
105624,1,1,0,0.00,-13.00,205.00,0.07,-0.13,1651,1655.00,1647.00,1647.00,1655.00
105735,1,1,0,0.00,-12.69,205.00,0.07,2.04,1651,1657.00,1645.00,1645.00,1657.00
105830,1,1,0,0.00,-1.37,205.00,0.07,2.46,1651,1652.00,1650.00,1650.00,1652.00
105851,1,1,0,0.00,4.31,205.00,0.07,2.39,1651,1652.00,1650.00,1650.00,1652.00
105968,1,1,0,0.00,3.31,205.00,0.07,2.02,1651,1651.00,1651.00,1651.00,1651.00
106164,1,1,0,0.00,-4.00,205.00,0.07,2.26,1651,1653.00,1649.00,1649.00,1653.00
106232,1,1,0,0.00,-1.00,205.00,0.07,2.52,1651,1653.00,1649.00,1649.00,1653.00
106299,1,1,0,0.00,3.06,205.00,0.07,2.40,1651,1651.00,1651.00,1651.00,1651.00
106347,1,1,0,0.00,2.00,205.00,0.07,2.32,1651,1651.00,1651.00,1651.00,1651.00
106541,1,1,0,0.00,4.19,205.00,0.07,0.73,1649,1650.00,1652.00,1652.00,1650.00
106655,1,1,0,0.00,-0.31,205.00,0.07,0.69,1649,1649.00,1649.00,1649.00,1649.00
106741,1,1,0,0.00,-11.00,205.00,0.07,1.26,1628,1641.00,1633.00,1633.00,16632.00
106763,1,1,0,0.00,-5.37,205.00,0.07,1.50,1626,1631.00,1625.00,1625.00,1631.00
106874,1,1,0,0.00,-1.19,205.00,0.07,2.02,1596,1599.00,1595.00,1595.00,1599.00
106994,1,1,0,0.00,4.56,205.00,0.07,1.72,1532,1532.00,1532.00,1532.00,1532.00
107045,1,1,0,0.00,5.31,205.00,0.07,1.50,1455,1487.00,1489.00,1489.00,1487.00
107151,1,1,0,0.00,4.87,205.00,0.07,1.07,1212,1272.00,1274.00,1274.00,1272.00
107230,1,1,0,0.00,6.75,205.00,0.07,0.40,1014,1011.00,1017.00,1017.00,1011.00
107342,1,1,0,0.00,2.25,205.00,0.07,-0.32,1012,1010.00,1014.00,1014.00,1010.00
107438,1,1,0,0.00,-4.25,205.00,0.07,-0.18,1011,1012.00,1010.00.00,1010.00,1012.00
107462,1,1,0,0.00,-5.12,205.00,0.07,-0.12,1011,1012.00,1010.00,1010.00,1012.00
107576,1,1,0,0.00,-7.87,205.00,0.07,0.76,1011,1014.00,1008.00,1008.00,1014.00
107688,1,1,0,0.00,-2.81,205.00,0.07,1.36,1011,1013.00,1009.00,1009.00,1013.00
107916,1,0,0,0.00,9.00,205.00,0.07,0.33,1011,1008.00,1014.00,1014.00,1008.00
107966,1,0,0,0.00,7.25,205.00,0.07,-0.00,1011,1008.00,1014.00,1014.00,1008.00
108071,0,0,0,0.00,0.31,205.00,0.07,-0.51,1011,1011.00,1011.00,1011.00,1011.00
108188,0,0,0,0.00,-7.37,205.00,0.07,-0.06,1011,1013.00,1009.00,1009.00,1013.00
108361,0,0,0,0.00,-4.62,205.00,0.07,0.96,101112,1013.00,1009.00,1009.00,1013.00
108498,0,0,0,0.00,3.62,205.00,0.07,0.87,1011,1012.00,1012.00,1012.00,1012.00
108608,0,0,0,0.00,7.12,205.00,0.07,0.14,1011,1009.00,1013.00,1013.00,1009.00
108837,0,0,0,0.00,-3.44,205.00,0.07,-0.53,1011,1011.00,1011.00,1011.00,1011.00
109068,0,0,0,0.00,-4.87,205.00,0.07,0.79,1011,1013.00,1009.00,1009.00,1013.00
109118,1,0,0,0.00,-2.69,205.00,0.07,0.92,1011,1012.00,1010.00,1010.00,1012.00
109156,1,0,0,0.00,0.31,205.00,0.07,0.94,1011,1011.00,1011.00,1011.00,1011.00
109224,1,0,0,0.00,4.50,205.00,0.07,0.74,1012,1012.00,1012.00,1012.00,1012.00
109416,1,0,0,0.00,4.94,205.00,0.07,-0.43,1012,1010.00,1014.00,1014.00,1010.00
109515,1,0,0,0.00,0.37,205.00,0.07,-0.65,1011,1012.00,1012.01.00,1011.00,1011.00
109534,1,0,0,0.00,-2.37,205.00,0.07,-0.60,1011,1011.00,1011.00,1011.00,1011.00
109648,1,0,0,0.00,-7.19,205.00,0.07,-0.04,1011,1013.00,1009.00,1009.00,1013.00
109757,1,0,0,0.00,-5.75,205.00,0.07,0.75,1088,1068.00,1064.00,1064.00,1068.00
109874,1,0,0,0.00,2.69,205.00,0.07,0.91,1185,1185.00,1185.00,1185.00,1185.00
109993,1,0,0,0.00,15.31,205.00,0.07,-0.20,1278,1259.00,1269.00,1269.00,1259.00
110452,1,0,0,0.00,0.94,205.00,0.07,1.40,1407,1408.00,1406.00,1406.00,1408.00
110539,1,0,0,0.00,7.12,205.00,0.07,0.93,1421,1418.00,1422.00,1422.00,1418.00
110606,1,0,0,0.00,8.06,205.00,0.07,0.39,1434,1430.00,1434.00,1434.00,1430.00
110717,1,0,0,0.00,4.50,205.00,0.07,-0.43,1449,1447.00,1451.00,1451.00,1447.00
110891,1,0,0,0.00,-6.12,205.00,0.07,0.06,1469,1470.00,1466.00,1466.00,1470.00
111028,1,0,0,0.00,-5.94,205.00,0.07,0.71,1485,1487.00,1483.00,1483.00,1487.00
111139,1,0,0,0.00,1.62,205.00,0.07,0.94,1501,1501.00,1501.00,1501.00,1501.00
111192,1,0,0,0.00,3.69,205.00,0.07,0.80,1502,1501.01502.00,1502.00,1502.00,1502.00
111246,1,0,0,0.00,2.44,205.00,0.07,0.64,1504,1504.00,1504.00,1504.00,1504.00
111359,1,0,0,0.00,3.37,205.00,0.07,0.17,1534,1523.00,1525.00,1525.00,1523.00
111412,1,0,0,0.00,1.87,205.00,0.07,0.07,1534,1533.00,1535.00,1535.00,1533.00
111452,1,0,0,0.00,-0.75,205.00,0.07,0.08,1537,1535.00,1535.00,1535.00,1535.00
111517,1,0,0,0.00,-6.00,205.00,0.07,0.38,1537,1539.00,1535.00,1535.00,1539.00
111598,1,0,0,0.00,-3.31,205.000,0.07,0.69,1540,1541.00,1539.00,1539.00,1541.00
111644,1,0,0,0.00,0.25,205.00,0.07,0.68,1540,1540.00,1540.00,1540.00,1540.00
111731,1,0,0,0.00,3.19,205.00,0.07,0.50,1540,1540.00,1540.00,1540.00,1540.00
111831,1,0,0,0.00,-2.69,205.00,0.07,0.52,1545,1544.00,1542.00,1542.00,1544.00
111943,1,0,0,0.00,-1.06,205.00,0.07,0.77,1557,1558.00,1556.00,1556.00,1558.00
112058,1,0,0,0.00,2.50,205.00,0.07,0.49,1559,1559.00,1559.00,1559.00,1559.00
112151,1,0,0,0.00,-0.19,205.00,0.07,0.46,1563,1561.00,1561.00,1561.00,1561.00
112220,1,0,0,0.00,-1.75,205.00,0.07,0.52,1566,1565.00,1565.00,1565.00,1565.00
112330,1,0,0,0.00,1.12,205.00,0.07,0.39,1569,1567.00,1567.00,1567.00,1567.00
112509,1,0,0,0.00,-0.13,205.00,0.07,0.65,15573,1571.00,1571.00,1571.00,1571.00
112642,1,0,0,0.00,9.75,205.00,0.07,-0.25,1579,1576.00,1582.00,1582.00,1576.00
112752,1,0,0,0.00,-4.12,205.00,0.07,-0.60,1581,1581.00,1581.00,1581.00,1581.00
112867,1,0,0,0.00,-8.50,205.00,0.07,0.49,1586,1589.00,1583.00,1583.00,1589.00
112956,1,0,0,0.00,-3.06,205.00,0.07,0.97,1587,1588.00,1584.00,1584.00,1588.00
112980,1,0,0,0.00,-0.69,205.00,0.07,0.98,1587,1587.00,1587.00,1587.00,1587.00
113253,1,0,0,0.00,2.00,205.00,0.07,-0.02,1589,1588.00,1590.00,1590.00,1588.00
113293,1,0,0,0.00,-2.00,205.00,0.07,0.01,1589,1589.00,1589.00,1589.00,1589.00
113362,1,0,0,0.00,-2.62,205.00,0.07,0.15,1589,1590.00,1588.00,1588.00,1590.00
113429,1,0,0,0.00,-2.19,205.00,00.07,0.35,1590,1590.00,1590.00,1590.00,1590.00
113479,1,0,0,0.00,-5.19,205.00,0.07,0.50,1590,1591.00,1589.00,1589.00,1591.00
113658,1,0,0,0.00,5.56,205.00,0.07,0.44,1592,1591.00,11593.00,1593.00,1591.00
113680,1,0,0,0.00,5.19,205.00,0.07,0.35,1592,1591.00,1593.00,1593.00,1591.00
113795,1,0,0,0.00,-0.50,205.00,0.07,0.25,1592,1592.00,1592.00,1592.00,1592.00
113898,1,0,0,0.00,2.25,205.00,0.07,0.22,1593,1593.00,1593.00,1593.00,1593.00
113989,1,0,0,0.00,-4.50,205.00,0.07,0.28,1596,1597.00,1595.00,1595.00,1597.00
114056,1,0,0,0.00,-8.25,205.00,0.07,0.82,1598,1601.00,1595.00,1595.00,1601.00
114132,1,0,0,00.00,-5.31,205.00,0.07,1.34,1599,1602.00,1596.00,1596.00,1602.00
114181,1,0,0,0.00,0.62,205.00,0.07,1.38,1599,1600.00,1598.00,1598.00,1600.00
114219,1,0,0,0.00,2.81,205.00,0.07,1.28,1599,1599.00,1599.00,1599.00,1599.00
114287,1,0,0,0.00,2.56,205.00,0.07,0.98,1600,1599.00,1601.00,1601.00,1599.00
114486,1,0,0,0.00,-1.06,205.00,0.07,0.87,1600,1600.00,1600.00,1600.00,1600.00
114575,1,0,0,0.00,0.19,205.00,0.07,0.96,1600,1600.00,1600.00,1600.00,1600.00
114598,1,0,0,0.00,1.87,205.00,0.07,0.91,1600,1600.00,1600.00,1600.00,1600.00
114713,1,0,0,0.00,7.19,205.00,0.07,0.24,1600,1598.00,1602.00,1602.00,1598.00
114907,1,0,0,0.00,-0.94,205.00,0.07,-0.60,1600,1600.00,1600.00,1600.00,1600.00
114976,1,1,0,0.00,-5.25,205.00,0.07,-0.40,1600,1601.00,1599.00,1599.00,1601.00
115286,1,1,3,0.00,-525.62,223.87,0.07,88.01,1600,1504.00,1696.00,1696.00,1504.00
115554,1,1,0,0.00,-176.94,-33.88,0.07,172.41,1600,1764.00,1436.00,1436.00,1764.00
115598,1,1,0,0.00,-55.63,-33.88,0.07,177.76,1600,1740.00,1460.00,1460.00,1740.00
115739,1,1,0,0.00,333.69,-33.88,0.07,155.95,1600,1574.00,1626.00,1626.00,1574.00
115856,1,1,0,0.00,597.12,-33.88,0.07,100.32,1600,1453.00,1747.00,1747.00,1453.00
115976,1,1,0,0.00,632.62,-33.88,0.07,24.07,1600,1377.00,1800.00,1800.00,1377.00
116250,1,1,0,0.00,-269.44,-33.88,0.07,-6.55,1600,1690.00,1510.00,1510.00,1690.00
116292,1,1,0,0.00,-224.62,-33.88,0.07,3.21,1600,1691.00,1509.00,1509.00,1691.00
116520,1,1,0,0.00,137.69,-33.88,0.07,-0.97,1600,1549.00,1651.00,1651.00,1549.00
116659,1,1,0,0.00,-24.00,-33.88,0.07,-8.84,1600,1595.00,1605.00,1605.00,1595.00
116751,1,1,0,0.00,-75.44,-33.88,0.07,-3.51,1600,1623.00,1577.00,1577.00,1
116776,1,1,0,0.00,-83.56,-33.88,0.07,-1.91,1600,1628.00,1572.00,1572.00,1628.00
116895,1,1,0,0.00,-3.94,-33.88,0.07,3.70,1600,1609.00,1591.00,1591.00,1609.00
117119,1,1,0,0.00,14.19,-33.88,0.07,-3.48,1600,1590.00,1610.00,1610.00,1590.00
117348,1,1,0,0.00,-18.25,-33.88,0.07,-0.02,1600,1607.00,1593.00,1593.00,1607.00
117463,1,1,0,0.00,-2.25,-33.88,0.07,1.39,1600,1603.00,1597.00,1597.00,1603.00
117573,1,1,0,0.00,17.62,-33.88,0.07,-0.04,1600,1594.00,1606.00,1606.00,1594.00
118030,1,1,0,0.00,3.37,-33.88,0.07,-0.14,1600,1600.00,1600.00,1600.00,1600.00
118127,1,1,0,0.00,6.56,-33.88,0.07,-0.78,1589,1595.00,1601.00,1601.00,1595.00
118192,1,1,0,0.00,4.87,-33.88,0.07,-1.09,1576,1574.00,1578.00,1578.00,1574.00
118320,1,1,0,0.00,-2.75,-33.88,0.07,-1.31,1543,1543.00,1543.00,1543.00,1543.00
118361,1,1,0,0.00,-1.50,-33.88,0.07,-1.22,1532,1542.00,1542.00,1542.00,1542.00
118431,1,1,0,0.00,-1.94,-33.88,0.07,-1.11,1501,1501.00,1501.00,1501.00,1501.00
118544,1,1,0,0.00,0.13,-33.88,0.07,-1.33,1343,1379.00,1381.00,1381.00,1379.00
118648,1,1,0,0.00,4.87,-33.88,0.07,-1.58,1059,1103.00,1107.00,1107.00,1103.00
118723,1,1,0,0.00,6.25,-33.88,0.07,--1.87,1014,1011.00,1017.00,1017.00,1011.00
119182,1,1,0,0.00,1.44,-33.88,0.07,-1.48,1009,11008.00,1010.00,1010.00,1008.00
119204,1,0,0,0.00,1.44,-33.88,0.07,-1.51,1009,1008.00,1010.00,1010.00,1008.00
119322,1,0,0,0.00,2.37,-33.88,0.07,-1.63,1011,1010.00,1012.00,1012.00,1010.00
119426,1,0,0,0.00,-0.13,-33.88,0.07,-1.67,1011,1010.00,1012.00,1012.00,1010.00
119539,1,0,0,0.00,-2.62,-33.88,0.07,-1.38,1011,1011.00,1011.00,1011.00,1011.00
119659,1,0,0,0.00,-2.12,-33.88,0.07,-1.09,1011,1011.00,1011.00,1011.00,1011.00
119770,1,0,0,0.00,0.62,-33.88,0.07,-0.99,1011,1011.00,1011.00,1011.00,1011.00
119879,1,0,0,0.00,1.87,-33.88,0.07,-1.12,1011,1010.00,1012.00,1012.00,1010.00
119984,1,0,0,0.00,1.31,-33.88,0.07,-1.27,1011,1010.00,1012.00,1012.00,1010.00
120104,0,0,0,0.00,-1.81,-33.88,0.07,-1.16,1011,1011.00,1011.00,1011.00,1011.00
120342,0,0,0,0.00,-0.94,-33.88,0.07,-0.71,1011,1011.00,1011.00,1011.00,1011.00
120565,0,0,00,0.00,1.62,-33.88,0.07,-0.93,1011,1010.00,1012.00,1012.00,1010.00
120617,0,0,0,0.00,1.50,-33.88,0.07,-0.99,1011,1010.00,1012.00,1012.00,1010.00
120658,0,0,0,0.00,0.81,-33.88,0.07,-1.03,1011,1010.00,1012.00,1012.00,1010.00
120728,0,0,0,0.00,-0.69,-33.88,0.07,-1.02,1011,1011.00,1011.00,1011.00,1011.00
120802,0,0,0,0.00,-1-1.69,-33.88,0.07,-0.93,1011,1011.00,1011.00,1011.00,1011.00
120851,0,0,0,0.00,-2.00,-33.88,0.07,-0.85,1011,1011.00,1011.00,1011.00,1011.00
120894,0,0,0,0.00,-2.00,-33.88,0.07,-0.76,1011,1011.00,1011.00,1011.00,1011.00
120963,1,0,0,0.00,-1.19,-33.88,0.07,-0.65,1011,1011.00,1011.00,1011.00,1011.00
121076,1,0,0,0.00,1.00,-33.88,0.07,-0.67,1011,1011.00,1011.00,1011.00,1011.00
121184,1,0,0,0.00,1.75,-33.88,0.07,-0.85,1011,1010.00,1012.00,1012.00,1010.00
121256,1,0,0,0.00,1.25,-33.88,0.0707,-0.94,1011,1010.00,1012.00,1012.00,1010.00
121307,1,0,0,0.00,0.62,-33.88,0.07,-0.98,1011,1011.00,1011.00,1011.00,1011.00
121712,1,0,0,0.00,0.56,-33.88,0.07,-0.590,1149,1139.00,1139.00,1139.00,1139.00
121855,1,0,0,0.00,-0.25,-33.88,0.07,-0.72,1217,1217.00,1217.00,1217.00,1217.00
121965,1,0,0,0.00,-6.31,-33.88,0.07,-0.55,1276,1276.00,1276.00,1276.00,1276.00
122074,1,0,0,0.00,-4.19,-33.88,0.07,-0.20,1312,1303.00,1301.00,1301.00,1303.00
122163,1,0,0,0.00,-0.75,-33.88,0.07,-0.17,1334,1335.4.00,1334.00,1334.00,1334.00
122184,1,0,0,0.00,0.13,-33.88,0.07,-0.15,1348,1336.00,1336.00,1336.00,1336.00
122298,1,0,0,0.00,2.25,-33.88,0.07,-0.36,1383,1372.00,1372.00,1372.00,1372.00
122412,1,0,0,0.00,-0.37,-33.88,0.07,-0.60,1405,1405.00,1405.00,1405.00,1405.00
122527,1,0,0,0.00,-5.00,-33.88,0.07,-0.15,1419,1420.00,1416.00,1416.00,1420.00
122618,1,0,0,0.00,-1.50,-33.88,0.07,0.01,1422,1422.00,1422.00,1422..00,1422.00
122641,1,0,0,0.00,-0.06,-33.88,0.07,0.04,1424,1422.00,1422.00,1422.00,1422.00
122750,1,0,0,0.00,-1.37,-33.88,0.07,0.08,1426,1426.00,1426.00,1426.00,1426.00
122878,11,0,0,0.00,3.62,-33.88,0.07,-0.16,1429,1428.00,1430.00,1430.00,1428.00
122966,1,0,0,0.00,0.81,-33.88,0.07,-0.42,1429,1429.00,1429.00,1429.00,1429.00
123035,1,0,0,0.00,-1.50,-33.88,0.07,-0.32,1429,1429.00,1429.00,1429.00,1429.00
123148,1,0,0,0.00,1.69,-33.88,0.07,-0.22,1430,1429.00,1429.00,1429.00,1429.00
123187,1,0,0,0.00,-1.00,-33.88,0.07,-0.22,1430,1430.00,1430.00,1430.00,1430.00
123254,1,0,0,0.00,-0.50,-33.88,0.07,-0.12,1430,1430.00,1430.00,1430.00,1430.00
123334,1,0,0,0.00,-1.00.88,-33.88,0.07,-0.08,1429,1430.00,1430.00,1430.00,1430.00
123381,1,0,0,0.00,2.50,-33.88,0.07,-0.13,1430,1430.00,1430.00,1430.00,1430.00
123490,1,0,0,0.00,-1.44,-33.88,0.07,-0.17,1444,1443.00,1443.00,1443.00,1443.00
123603,1,0,0,0.00,-2.94,-33.88,0.07,0.11,1449,1450.00,1448.00,1448.00,1450.00
123781,1,0,0,0.00,2.31,-33.88,0.07,-0.19,1458,11457.00,1459.00,1459.00,1457.00
123804,1,0,0,0.00,0.44,-33.88,0.07,-0.22,1459,1459.00,1459.00,1459.00,1459.00
123916,1,0,0,0.00,-1.56,-33.88,0.07,-0.03,1473,1472.00,1472.00,1472.00,1472.00
124026,1,0,0,0.00,-3.94,-33.88,0.07,0.15,1478,1477.00,1477.00,1477.00,1477.00
124138,1,0,0,0.00,0.81,-33.88,0.07,0.41,1481,1481.00,1481.00,1481.00,1481.00
124234,1,0,0,0.00,6.12,-33.88,0.07,0.05,1481,1480.00,1482.00,1482.00,1480.0000
124258,1,0,0,0.00,4.69,-33.88,0.07,-0.05,1481,1479.00,1483.00,1483.00,1479.00
124572,1,0,0,0.00,-2.94,-33.88,0.07,0.06,1496,1487.00,1483.00,1483.00,1487.00
124640,1,0,0,0.00,-4.50,-33.88,0.07,0.31,1496,1497.00,1495.00,1495.00,1497.00
124706,1,0,0,0.00,-12.37,-33.88,0.07,0.46,1501,1501.00,1501.00,1501.00,1501.00
124756,1,0,0,0.00,-4.06,-33.88,0.07,0.60,1501,1502.00,1500.00,1500.00,1502.00
124859,1,0,0,0.00,2.50,-33.88,0.07,0.71,1512,1512.00,1512.00,1512.00,1512.00
125071,1,0,0,0.00,0.19,-33.88,0.07,0.31,1537,1537.00,1537.00,1537.00,1537.00
125153,1,0,0,0.00,-3.94,-33.88,0.07,0.60,1542,1541.00,1539.00,1539.000,1543.00
125175,1,0,0,0.00,-4.31,-33.88,0.07,0.68,1549,1550.00,1548.00,1548.00,1550.00
125287,1,0,0,0.00,0.50,-33.88,0.07,0.97,1581,1579.00,1579.00,1579.00,1579.00
125401,1,0,0,0.00,0.00,-33.88,0.07,1.17,1586,1585.00,1583.00,1583.00,1585.00
125454,1,0,0,0.00,3.31,-33.88,0.07,1.06,1595,1594.00,1594.00,1594.00,1594.00
125493,1,0,0,0.00,1.56,-33.88,0.07,0.96,1597,1596.00,1596.00,1596.00,1596.00
125644,1,0,0,0.00,-1.12,-33.88,0.07,0.91,1625,1615.00,1615.00,1615.00,1615.00
125725,1,0,0,0.00,-2.31,-33.88,0.07,1.14,1628,1629.00,1627.00,1627.00,1629.00
125854,1,0,0,0.00,-6.00,-33.88,0.07,1.64,1639,1642.000,1636.00,1636.00,1642.00
125878,1,0,0,0.00,-4.12,-33.88,0.07,1.71,1639,1641.00,1637.00,1637.00,1641.00
125989,1,0,0,0.00,5.37,-33.88,0.07,1.56,1639,1638.00,1640.00,1640.00,1638.00
126095,1,0,0,0.00,1.75,-33.88,0.07,1.23,1639,1639.00,1639.00,1639.00,1639.00
126183,1,0,0,0.00,3.31,-33.88,0.07,1.14,1639,1639.00,1639.00,1639.00,1639.00
126245,1,0,0,0.00,2.56,-33.88,0.07,0.86,1639,1638.00,1640.00,1640.00,1638.00
126319,1,0,0,0.00,-0.88,-33.3.88,0.07,0.83,1639,1639.00,1639.00,1639.00,1639.00
126371,1,0,0,0.00,-3.62,-33.88,0.07,0.97,1639,1641.00,1637.00,1637.00,1641.00
126563,1,0,0,0.00,1.56,-33.88,0.07,0.77,1642,1642.00,1642.00,1642.00,1642.00
126672,1,0,0,0.00,1.31,-33.88,0.07,0.55,1647,1646.00,1646.00,1646.00,1646.00
126759,1,0,0,0.00,-0.31,-33.88,0.07,0.57,1649,1649.00,1649.00,1649.00,1649.00
126782,1,0,0,0.00,0.06,-33.88,0.07,0.57,1649,1649.00,1649.00,1649.00,1649.00
126872,1,0,0,0.00,2.06,-33.88,0.07,0.55,1651,1651.00,1651.00,1651.00,1651.00
126942,1,0,0,0.00,-4.00,-33.88,0.07,0.62,1651,1651.00,1651.00,1651.00,1651.00
127059,1,0,0,0.00,-1.50,-33.88,0.07,1.11,1651,1652.00,1650.00,1650.00,1652.00
127165,1,0,0,0.00,-2.62,-33.88,0.07,1.30,1652,1653.00,1649.00,1649.00,1653.00
127232,1,0,0,0.00,-1.50,-33.88,0.0707,1.38,1651,1652.00,1650.00,1650.00,1652.00
127362,1,0,0,0.00,-1.12,-33.88,0.07,1.15,1651,1652.00,1652.00,1652.00,1652.00
127456,1,0,0,0.00,0.44,-33.88,0.07,1.13,1652,1651.00,1651.00,1652.00,1652.00
127478,1,0,0,0.00,0.00,-33.88,0.07,1.13,1652,1652.00,1652.00,1652.00,1652.00
127591,1,0,0,0.00,-2.00,-33.88,0.07,1.39,1651,1653.00,1651.00,1651.00,1653.00
127791,1,0,0,0.00,-0.25,-33.88,0.07,1.30,1651,1652.00,1652.00,1652.00,1652.00
127855,1,0,0,0.00,-1.25,-33.88,0.07,1.34,1652,1652.00,1650.00,1650.00,1652.00
127927,1,1,0,0.00,-1.25,-33..25,0.07,1.41,1652,1455.00,1849.00,1849.00,1455.00
127980,1,1,1,0.00,-19.06,255.50,0.07,1.74,1652,1452.00,1852.00,1852.00,1452.00
128097,1,1,2,0.00,-366.69,581.25,0.07,27.20,1652,1409.00,1895.00,1895.00,1409.00
128255,1,1,3,0.00,-544.12,268.00,0.07,110.46,1651,1542.00,1762.00,1762.00,00
128278,1,1,3,0.00,-530.69,234.69,0.07,125.84,1652,1553.00,1749.00,1749.00,1553.00
128408,1,1,3,0.00,-564.37,249.56,0.07,-173.34,1652,1540.00,1764.00,1764.00,1540.00
128509,1,1,0,0.00,-81,287.06,0.07,-104.76,1652,1800.00,1411.00,1411.00,1800.00
128627,1,1,0,0.00,-727.87,287.06,0.07,-4.20,1652,1800.00,1357.00,1357.00,1800.00
128743,1,1,0,0.00,-155.00,287.06,0.07,46.60,1651,1772.00,1532.00,1532.00,1772.00
128843,1,1,0,0.00,316.94,287.06,0.07,37.03,1652,1568.00,1734749.00,1749.00,1555.00
128867,1,1,0,0.00,388.75,287.06,0.07,26.45,1652,1533.00,1771.00,1771.00,1533.00
128988,1,1,0,0.00,156.25,287.06,0.07,-13.26,1652,1566.00,1736.00,1736.00,1566.00
129128,1,1,0,0.00,-243.62,287.06,0.07,-2.29,1652,1736.00,1566.00,1566.00,1736.00
129241,1,1,0,0.00,-62.56,287.06,0.07,14.99,1652,1685.00,1617.00,1617.00,1685.00
129361,1,1,0,0.00,131.12,287.06,0.07,8.61,1652,1618.00,1686.00,1686.00,1618.00
129402,1,1,0,0.00,121.94,287.06,0.07,3.35,1652,1600.00,1702.00,1702.00,1600.00
129469,1,1,0,0.00,52.13,287.06,0.07,-1.77,1651,1628.00,1674.00,1674.00,1628.00
129593,1,1,0,0.00,-75.69,287.06,0.07,0.95,1651,1673.00,1629.00,1629.00,1673.00
129633,1,1,0,0.00,-67.37,287.06,0.07,3.80,1651,1681.00,1621.00,1621.00,1681.00
129703,1,1,0,0.00,-44.69,287.06,0.07,7.66,1651,1673.00,1629.00,1629.00,1673.00
129765,1,1,0,0.00,9.88,287.06,0.07,8.77,1652,1655.00,1647.00,1647.00,1655.00
129818,1,1,0,0.00,34.31,287.06,0.07,7.31,1652,1645.00,1659.00,1659.00,1645.00
129859,1,1,0,0.00,38.94,287.06,0.07,5.84,1651,1642.00,1660.00,1660.00,1642.00
129922,1,1,0,0.00,31.06,287.06,0.07,3.62,1652,1642.00,1660.00,1660.00,1642.00
129995,1,1,0,0.00,16.31,287.06,0.07,2.38,1651,1648.00,1656.00,1656.00,1648.00
130051,1,1,0,0.00,-14.56,287.06,0.07,2.71,1651,1658.00,1646.00,1646.00,1658.00
130162,1,1,0,0.00,-16.31,287.06,0.07,4.61,1651,1659.00,1643.00,1643.00,1659.00
130362,1,1,0,0.00,19.87,287.06,0.07,3.12,1652,1647.00,1657.00,1657.00,1647.00
130452,1,1,0,0.00,2.94,287.06,0.07,1.78,1652,1651.00,1653.00,1652.00,1652.00
130475,1,1,0,0.00,-2.25,287.06,0.07,1.82,1652,1652.00,1652.00,1652.00,1652.00
130591,1,1,0,0.00,-26.69,287.06,0.07,3.47,1651,1662.00,1640.00,1640.00,1662.00
130700,1,1,0,0.00,-9.19,287.06,0.07,5.40,1651,1659.00,1645.00,1645.00,1659.00
130811,1,1,0,0.00,11.88,287.06,0.07,4.84,1651,1650.00,1652.00,1652.00,1650.00
130929,1,1,0,0.00,6.62,287.06,0.07,3.41,1651,1651.00,1651.00,1651.00,1651.00
131018,1,1,0,0.00,-9.56,287.06,0.07,3.86,1648,1653.00,1645.00,1645.00,1653.00
131089,1,1,0,0.00,-6.31,287.06,0.07,4.45,1646,1651.00,1643.00,1643.00,1651.00
131200,1,1,0,0.00,-0.94,287.06,0.07,5.00,1643,1647.00,1639.00,1639.00,1647.00
131371,1,1,0,0.00,5.94,287.06,0.07,4.20,1641,1641.00,1641.00,1641.00,1641.00
131394,1,1,0,0.00,2.06,287.06,0.07,3.97,1641,1641.00,1641.00,1641.00,1641.00
131509,1,1,0,0.00,-1.25,287.06,0.07,3.91,1641,1642.00,1640.00,1640.00,1642.00
131625,1,1,0,0.00,-2.50,287.06,0.07,4.25,1641,1644.00,1638.00,1638.00,1644.00
131733,1,1,0,0.00,-1.06,287.06,0.07,4.23,1641,1643.00,1639.00,1639.00,1643.00
131837,1,1,0,0.00,3.19,287.06,0.07,4.00,1641,1641.00,1641.00,1641.00,1641.00
131891,1,1,0,0.00,4.44,287.06,0.07,3.85,1641,1641.00,1641.00,1641.00,1641.00
131930,1,1,0,0.00,4.00,287.06,0.07,3.66,1641,1641.00,1641.00,1641.00,1641.00
131994,1,1,0,0.00,2.06,287.06,0.07,3.52,1641,1642.00,1640.00,1640.00,1642.00
132067,1,1,0,0.00,4.06,287.06,0.07,3.22,1639,1639.00,1639.00,1639.00,1639.00
132204,1,1,0,0.00,-1.44,287.06,0.07,3.03,1638,1639.00,1637.00,1637.00,1639.00
132308,1,1,0,0.00,-8.81,287.06,0.07,3.50,1625,1629.00,1621.00,1621.00,1629.00
132423,1,1,0,0.00,-2.81,287.06,0.07,4.46,1612,1616.00,1610.00,1610.00,1616.00
132517,1,1,0,0.00,0.19,287.06,0.07,4.66,1599,1603.00,1597.00,1597.00,1603.00
132539,1,1,0,0.00,1.00,287.06,0.07,4.63,1590,1592.00,1588.00,1588.00,1592.00
132628,1,1,0,0.00,5.87,287.06,0.07,4.33,1561,1571.00,1571.00,1571.00,1571.00
132694,1,1,0,0.00,5.12,287.06,0.07,3.88,1530,1540.00,1540.00,1540.00,1540.00
132807,1,1,0,0.00,2.06,287.06,0.07,3.28,1400,1400.00,1400.00,1400.00,1400.00
132887,1,1,0,0.00,-2.75,287.06,0.07,3.30,1075,1130.00,1128.00,1128.00,1130.00
132984,1,1,0,0.00,1.81,287.06,0.07,3.25,1014,1014.00,10113.00,1013.00,1015.00
133004,1,1,0,0.00,0.62,287.06,0.07,3.21,1012,1013.00,1011.00,1011.00,1013.00
133122,1,1,0,0.00,-0.19,287.06,0.07,3.03,1011,1012.00,1010.00,1010.00,1012.00
133315,1,1,0,0.00,0.94,287.06,0.07,3.17,1009,1012.00,1010.00,1010.00,1012.00
133380,1,0,0,0.00,2.25,287.06,0.07,3.14,1011,1012.00,1010.00,1010.00,1012.00
133455,1,0,0,0.00,0.56,2877.06,0.07,3.09,1011,1010.00,1008.00,1008.00,1010.00
133503,1,0,0,0.00,0.50,287.06,0.07,3.11,1011,1012.00,1010.00,1010.00,1012.00
133694,0,0,0,0.00,0.37,287.06,0.07,3.14,1011,1012.00,1010.00,1010.00,1012.00
133802,0,0,0,0.00,0.00,287.06,0.07,3.17,1011,1012.00,1010.00,1010.00,1012.00
133894,0,0,0,0.00,-1.19,287.06,0.07,3.20,1011,1013.00,1009.00,1009.00,11013.00
133915,0,0,0,0.00,0.25,287.06,0.07,3.20,1011,1012.00,1010.00,1010.00,1012.00
134193,0,0,0,0.00,0.37,287.06,0.07,2.81,1011,1012.00,1010.00,1010.00,1012.00
134233,0,0,0,0.00,-0.25,287.06,0.07,2.76,1011,1012.00,1010.00,1010.00,1012.00
134300,0,0,0,0.00,0.25,287.06,0.07,2.60,1011,1012.00,1010.00,1010.00,1012.00
134368,0,0,0,0.00,-0.19,287.06,0.07,2.31,1011,1012.00,1010.00,1010.00,1012.00
134504,0,0,0,0.00,0.75,287.06,0.07,1.96,1011,1011.00,1011.00,1011.00,1011.00
134596,0,0,0,0.00,-0.13,287.06,0.07,1.80,1011,1011.00,1010.00,1010.00,1012.00
134617,0,0,0,0.00,0.44,287.06,0.07,1.76,1011,1011.00,1011.00,1011.00,1011.00
134726,0,0,0,0.00,0.13,287.06,0.07,1.54,1011,1011.00,1011.00,1011.00,1011.00
134925,0,0,0,0.00,-0.06,287.06,0.07,1.24,1011,1011.00,1011.00,1011.00,1011.00
134988,0,0,0,0.00,-0.69,287.06,0.07,1.15,1011,1011.00,1011.00,1011.00,1011.00
135060,0,0,0,0.00,0.44,287.06,0.07,1.05,1011,1011.00,1011.00,1011.00,1011.00
135114,0,0,0,0.00,-0.06,287.06,0.07,1.02,1011,1011.00,1011.00,1011.00,1011.00
135301,0,0,0,0.00,-0.25,287.06,0.07,0.86,1011,1011.00,1011.00,1011.00,1011.00
135418,0,0,0,0.00,-0.13,287.06,0.07,0.77,1011,1011.00,1011.00,1011.00,1011.00
135512,0,0,0,0.00,-0.19,287.06,0.07,0.72,1011,1011.00,1011.00,1011.1.00,1011.00
135534,0,0,0,0.00,-0.50,287.06,0.07,0.70,1012,1011.00,1011.00,1011.00,1011.00
135652,0,0,0,0.00,-0.25,287.06,0.07,0.64,1012,1012.00,1012.00,1012.00,1012.00
135846,0,0,0,0.00,-0.31,287.06,0.07,0.54,1012,1012.00,1012.00,1012.00,1012.00
135915,0,0,0,0.00,0.13,287.06,0.07,0.51,1012,1012.00,1012.00,1012.00,1012.00
135978,0,0,0,0.00,-0.37,287.7.06,0.07,0.49,1012,1012.00,1012.00,1012.00,1012.00
136029,0,0,0,0.00,0.00,287.06,0.07,0.48,1012,1012.00,1012.00,1012.00,1012.00
136227,0,0,0,0.00,13.25,287.06,0.07,0.17,1014,1013.00,1015.00,1015.00,1013.00
136341,0,0,0,0.00,33.19,287.06,0.07,-3.31,1014,1000.00,1028.00,1028.00,1000.00
136460,0,0,0,0.00,-18.00,287.06,0.07,-4.28,1014,1016.00,1012.00,1012.00,1016.00
136576,0,0,0,0.00,-14.56,287.06,0.07,-3.46,1015,1017.00,1013.00,1013.00,1017.00
136671,0,0,0,0.00,-25.44,287.06,0.07,-1.67,10151015,1023.00,1007.00,1007.00,1023.00
136950,0,0,0,0.00,-36.00,287.06,0.07,-1.53,1015,1027.00,1003.00,1003.00,1027.00
137133,0,0,0,0.00,-1.44,287.06,0.07,-2.2.67,1015,1015.00,1015.00,1015.00,1015.00
137412,0,0,0,0.00,-12.69,287.06,0.07,-0.51,1017,1017.00,1013.00,1013.00,1017.00
137521,0,0,0,0.00,-3.50,287.06,0.07,0.12,1015,1015.00,1015.00,1015.00,1015.00
137592,0,0,0,0.00,1.75,287.06,0.07,0.14,1015,1015.00,1015.00,1015.00,1015.00
137722,0,0,0,0.00,3.69,287.06,0.07,-0.24,1015,1014.00,1016.00,1016.00,1014.00
137832,0,0,0,0.00,2.31,287.06,0.07,-0.51,1015,1014.00,1016.00,1016.00,1014.00
137947,0,0,0,0.00,-1.00,287.06,0.07,-0.48,1015,1015.00,1015.00,1015.00,1015.00
138048,0,0,0,0.00,-2.81,287.06,0.07,-0.21,1017,1016.00,101417.00,1017.00,1017.00
138071,0,0,0,0.00,-1.81,287.06,0.07,-0.19,1017,1015.00,1015.00,1015.00,1015.00
138180,0,0,0,0.00,-0.31,287.06,0.07,0.07,1017,1015.00,1015.00,1015.00,1015.00
138292,0,0,0,0.00,2.00,287.06,0.07,0.02,1015,1015.00,1015.00,1015.00,1015.00
138516,0,0,0,0.00,1.00,287.06,0.07,-0.49,1015,1014.00,1016.00,1016.00,1014.00
138608,0,0,0,0.00,0.25,287.06,0.07,-0.49,1015,1015.00,1015.00,1015.00,1015.00
138677,0,0,0,0.00,-1.81,287.06,0.07,-0.35,1015,1015.00,1015.00,1015.00,1015.00
138838,0,0,0,0.00,-1.44,287.06,0.07,-0.09,1014,1014.00,1014.00,1014.00,1014.00
138908,0,0,0,0.00,1.00,287.06,0.07,-0.06,1014,1014.00,1014.00,1014.00,1014.00
138974,0,0,0,0.000,1.25,287.06,0.07,-0.14,1014,1014.00,1014.00,1014.00,1014.00
139025,0,0,0,0.00,2.37,287.06,0.07,-0.22,1014,1014.00,1014.00,1014.00,1014.00
139064,0,0,0,0.00,1.75,287.06,0.07,-0.35,1014,1013.00,1015.00,1015.00,1013.00
139129,0,0,0,0.00,2.44,287.06,0.07,-0.49,1014,1013.00,1015.00,1015.00,1013.00
139203,0,0,0,0.00,0.50,287.06,0..07,-0.59,1014,1014.00,1014.00,1014.00,1014.00
139256,0,0,0,0.00,0.25,287.06,0.07,-0.59,1014,1014.00,1014.00,1014.00,1014.00
139481,0,0,0,0.00,-1.50,287.06,0.07,-0.33,1014,1014.00,1014.00,1014.00,1014.00
139664,0,0,0,0.00,0.94,287.06,0.07,-0.28,10014,1014.00,1014.00,1014.00,1014.00
139799,0,0,0,0.00,2.12,287.06,0.07,-0.55,1014,1013.00,1015.00,1015.00,1013.00
139908,1,0,0,0.00,0.94,287.06,0.07,-0.72,1014,1014.00,1014.00,1014.00,1014.00
140019,1,0,0,0.00,-1.00,287.06,0.07,-0.66,1014,1014.00,1014.00,1014.00,1014.00
140143,1,0,0,0.00,-1.12,287.06,0.07,-0.47,1014,1014.00,1014.00,1014.00,1014.00
140250,1,0,0,0.00,0.00,287.06,0.07,-0.39,1014,1014.00,1014.00,1014.00,1014.00
140359,1,0,0,0.00,1.37,287.06,0.07,-0.45,1014,1014.00,1014.00,1014.00,1014.00
140465,1,0,0,0.00,1.25,287.06,0.07,-0.61,1014,1014.00,1014.00,1014.00,1014.00
140594,1,0,0,0.00,0.50,287.06,0.07,-0.69,1035,1024.00,1024.00,1024.00,1024.00
141140,1,0,0,0.00,-1.62,287.06,0.07,-0.14,1429,1429.00,1429.00,1429.00,1429.00
141280,1,0,0,00.00,-2.87,287.06,0.07,0.37,1442,1443.00,1441.00,1441.00,1443.00
141329,1,0,0,0.00,0.69,287.06,0.07,0.37,1443,1443.00,1443.00,1443.00,1443.00
141371,1,0,0,0.00,2.56,287.06,0.07,0.30,1443,1443.00,1443.00,1443.00,1443.00
141437,1,0,0,0.00,2.06,287.06,0.07,0.08,1444,1442.00,1444.00,1444.00,1442.00
141635,1,0,0,0.00,1.25,287.06,0.07,0.04,1444,1444.00,1444.00,1444.00,1444.00
141729,1,0,0,0.00,-1.00,287.06,0.07,0.01,1454,1444.00,1444.00,144454.00,1454.00
141751,1,0,0,0.00,-0.25,287.06,0.07,0.02,1455,1455.00,1455.00,1455.00,1455.00
141857,1,0,0,0.00,-2.50,287.06,0.07,0.08,1501,1488.00,1488.00,1488.00,1488.00
142123,1,0,0,0.00,0.31,287.06,0.07,0.81,1547,1547.00,1547.00,1547.00,1547.00
142192,1,0,0,0.00,4.19,287.06,0.07,0.65,1569,1566.00,1568.00,1568.00,1566.00
142247,1,0,0,0.00,4.37,287.06,0.07,0.46,1579,1568.00,1570.00,1570.00,1568.00
142550,1,0,0,0.00,-4.31,287.06,0.07,1.16,1623,1617.00,1613.00,1613.00,1617.00
142752,1,0,0,0.00,2.06,287.06,0.07,1.24,1634,1633.00,1633.000,1634.00,1634.00
142774,1,0,0,0.00,2.94,287.06,0.07,1.13,1634,1634.00,1634.00,1634.00,1634.00
142997,1,0,0,0.00,3.37,287.06,0.07,1.03,1656,1647.00,1647.00,1647.00,1647.00
143320,1,0,0,0.00,-5.37,287.06,0.07,1.22,1672,1673.00,1667.00,1667.00,1673.00
143393,1,0,0,0.00,-1.44,287.06,0.07,1.61,1675,1678.00,1672.00,1672.00,1678.00
143447,1,0,0,0.00,-6.137,287.06,0.07,1.89,1686,1689.00,1683.00,1683.00,1689.00
143488,1,0,0,0.00,-4.50,287.06,0.07,2.04,1687,1688.00,1684.00,1684.00,1688.00
143691,1,0,0,0.00,-0.06,287.06,0.07,0.62,1706,1706.00,1706.00,1706.00,1706.00
143738,1,0,0,0.00,-4.37,287.06,0.07,0.72,1708,1709.00,1707.00,1715.00,1717.00
144169,1,0,0,0.00,2.75,287.06,0.07,1.10,1738,1738.00,1738.00,1738.00,1738.00
144259,1,0,0,0.00,0.69,287.06,0.07,1.02,1739,1739.00,1739.00,1739.000,1739.00
144282,1,0,0,0.00,-0.94,287.06,0.07,1.04,1741,1739.00,1739.00,1739.00,1739.00
144393,1,0,0,0.00,0.13,287.06,0.07,1.03,1742,1742.00,1742.00,1742.00,1742.00
144591,1,0,0,0.00,-1.69,287.06,0.07,1.38,1743,1744.00,1742.00,1742.00,1744.00
144657,1,0,0,0.00,-1.19,287.06,0.07,1.33,1745,1745.00,1745.00,1745.00,1745.00
144780,1,0,0,0.00,2.62,287.06,0.07,1.30,1745,1745.00,1745.00,1745.00,1745.00
144967,1,0,0,0.00,3.25,287.06,0.07,1.29,1747,1745.00,1745.00,1745.00,1745.00
145078,1,0,0,0.00,1.69,287.06,0.07,0.94,1747,1747.00,1747.00,1747.00,1747.00
145168,1,0,0,0.00,7.06,287.06,0.07,0.41,1747,1745.00,1749.00,1749.00,1745.00
145189,1,0,0,0.00,6.56,287.06,0.07,0.21,1747,1745.00,1749.00,1749.00,1745.00
145468,1,0,0,0.00,2.25,287.06,0.07,-0.48,1747,1746.00,1748.00,1748.00,1746.00
145577,1,0,0,0.00,0.31,287.06,0.07,-0.62,1747,1747.00,1747.00,1747.00,1747.00
145641,1,0,0,0.00,-3.87,28287.06,0.07,-0.38,1747,1748.00,1746.00,1746.00,1748.00
145695,1,1,1,0.00,0.25,249.87,0.07,-0.42,1747,1550.00,1944.00,1944.00,1550.00
145813,1,1,1,0.00,-344.12,516.87,0.07,17.49,1747,1436.00,2000.00,2000.00,1436.00
146003,1,1,3,0.00,-611.12,319.62,0.07,121.28,1747,1617.00,1877.00,1877.00,1617.00
146350,1,1,0,0.00,-862.75,579.31,0.07,67.25,1747,1800.00,1364.00,1364.00,1800.00
146467,1,1,0,0.00,126.12,579.31,0.07,104.08,1747,1787.00,1707.00,1707.00,1787.00
146588,1,1,0,0.00,637.12,579.31,0.07,54.27,1747,1556.00,1800.00,1800.00,1556.00
146855,1,1,0,0.00,-208.19,579.31,0.07,-38.02,1747,1783.00,1711.00,1711.00,1783.00
146899,1,1,0,0.00,-346.87,579.31,0.07,-22.60,1747,1800.00,1640.00,1640.00,1800.00
147038,1,1,0,0.00,-172.81,579.31,0.07,20.05,1747,1800.00,1661.00,1661.00,1800.00
147151,1,1,0,0.00,164.50,579.31,0.07,19.15,1747,1718.00,1776.00,1776.00,1718.00
147281,1,1,0,0.00,146.44,579.31,0.07,-2.77,1747,1685.00,1800.00,1800.00,1685.00
147391,1,1,0,0.00,-54.00,579.31,0.07,-4.24,1747,1758.00,1736.00,1736.00,1758.00
147499,1,1,0,0.00,-93.62,579.31,0.07,6.44,1747,1787.00,1707.00,1707.00,1787.00
147612,1,1,0,0.00,52.50,579.31,0.07,7.05,1747,1739.00,1755.00,1755.00,1739.00
147702,1,1,0,0.00,43.69,579.31,0.07,2.88,1747,1732.00,1762.0.00,1761.00,1733.00
147726,1,1,0,0.00,31.00,579.31,0.07,1.84,1747,1735.00,1759.00,1759.00,1735.00
147839,1,1,0,0.00,-35.81,579.31,0.07,1.97,1747,1756.00,1738.00,1738.00,1756.00
147955,1,1,0,0.00,-23.44,579.31,0.07,6.25,1747,1761.00,1733.00,1733.00,1761.00
148068,1,1,0,0.00,22.56,579.31,0.07,5.25,1747,1743.00,1751.00,1751.00,1743.00
148177,1,1,0,0.00,26.00,579.31,0.07,2.40,1747,1739.00,1755.00,1755.00,1739.00
148275,1,1,0,0.00,-4.87,579.31,0.07,1.69,1747,1748.00,1746.00,1746.00,1748.00
148508,1,1,0,0.00,-7.31,579.31,0.07,4.53,1747,1753.00,1741.00,1741.00,1753.00
148575,1,1,0,0.00,14.50,579.31,0.07,4.16,1747,1746.00,1748.00,1748.00,1746.00
148688,1,1,0,0.00,-0.06,579.31,0.07,2.61,1747,1747.00,1747.00,1747.00,1747.00
148793,1,1,0,0.00,-5.37,579.31,0.07,3.06,1747,1749.00,1745.00,1745.00,1749.00
148868,1,1,0,0.00,-4.12,579.31,0.07,33.36,1747,1750.00,1744.00,1744.00,1750.00
148958,1,1,0,0.00,0.81,579.31579.31,0.07,3.33,1747,1748.00,1746.00,1746.00,1748.00
148998,1,1,0,0.00,3.50,579.31,0.07,3.20,1747,1747.00,1747.00,1747.00,1747.00
149104,1,1,0,0.00,5.12,579.31,0.07,2.99,1747,1747.00,1747.00,1747.00,1747.00
149158,1,1,0,0.00,6.19,579.31,0.07,2.75,1747,1747.00,1747.01747.00,1747.00,1747.00
149344,11,1,0,0.00,-0.69,579.31,0.07,2.97,1747,1749.00,1745.00,1745.00,1749.00
149387,1,1,0,0.00,4.75,579.31,0.07,2.83,1747,1747.00,1747.00,1747.00,1747.00
149426,1,1,0,0.00,2.69,579.31,0.07,2.68,1747,1747.00,1747.00,1747.00,1747.00
149493,1,1,0,0.00,-1.50,579.31,0.07,2.61,1747,1748.00,1746.00,1746.00,1748.00
149685,1,1,0,0.00,-0.50,579.31,0.07,2.37,1745,1746.00,1744.00,1744.00,1746.00
149774,1,1,0,0.00,4.69,579.31,0.07,2.20,1742,1742.00,1742.00,1742.00,1742.00
149799,1,1,0,0.00,4.62,579.31,0.07,2.08,1742,1742.00,1742.00,1742.00,1742.00
149905,1,1,0,0.00,0.13,579.31,0.07,1.94,1741,1742.00,1740.00,1740.00,1742.00
150114,1,1,0,0.00,0.62,579.31,0.07,2.05,1725,1726.00,1724.00,1724.00,1726.00
150183,1,1,0,0.00,-4.00,579.31,0.07,2.15,1713,1718.00,1714.00,1714.00,1718.00
150249,1,1,0,0.00,-4.129,579.31,0.07,2.39,1695,1705.00,1701.00,1701.00,1705.00
150299,1,1,0,0.00,-1.06,579.31,0.07,2.46,1685,1696.00,1692.00,1692.00,1696.00
150476,1,1,0,0.00,-3.44,579.31,0.07,2.93,11641,1643.00,1639.00,1639.00,1643.00
150612,1,1,0,0.00,-2.75,579.31,0.07,2.68,1589,1589.00,1589.00,1589.00,1589.00
150721,1,1,0,0.00,0.37,579.31,0.07,3.08,1527,1531.00,1529.00,1529.00,1531.00
150772,1,1,0,0.00,1.00,579.31,0.07,3.06,1487,1502.00,1500.01461.00,1461.00,1463.00
150837,1,1,0,0.00,-2.75,579.31,0.07,3.14,1386,1424.00,1420.00,1420.00,1424.00
150949,1,1,0,0.00,3.06,579.31,0.07,2.89,1139,1139.00,1139.00,1139.00,1139.00
150999,1,1,0,0.00,1.44,579.31,0.07,2.80,1019,1053.00,1053.00,1053.00,1053.00
151036,1,1,0,0.00,-0.44,579.31,0.07,2.81,1015,1018.00,1016.00,1016.00,1018.00
151103,1,1,0,0.00,0.06,579.31,0.07,2.80,1012,1015.00,1013.00,1013.00,1015.00
151304,1,1,0,0.00,3.44,579.31,0.07,3.01,1009,1010.00,1008.00,1008.00,1010.00
151418,1,1,0,0.00,-0.62,579.31,0.07,2.85,1009,1010.00,1008.00,1008.00,1010.00
151471,1,1,0,0.00,1.19,579.31,0.07,2.84,1009,1010.00010.00,1008.00,1008.00,1010.00
151528,1,0,0,0.00,-0.88,579.31,0.07,2.83,1009,1010.00,1008.00,1008.00,1010.00
151687,1,0,0,0.00,2.62,579.31,0.07,2.87,1009,1009.00,1009.00,1009.00,1009.01009.00
151724,1,0,0,0.00,0.25,579.31,0.07,2.81,1009,1010.00,1008.00,1008.00,1010.00
151792,1,0,0,0.00,-0.88,579.31,0.07,2.86,1009,1010.00,1008.00,1008.00,1010.00
151864,1,0,0,0.00,0.00,5779.31,0.07,2.85,1009,1010.00,1008.00,1008.00,1010.00
151914,1,0,0,0.00,-1.12,579.31,0.07,2.87,1009,1010.00,1008.00,1008.00,1010.00
152105,1,0,0,0.00,-1.37,579.31,0.07,2.80,1009,1010.00,1008.00,1008.00,1010.00
152220,0,0,0,0.00,0.75,579.31,0.07,2.87,1009,1010.00,1008.00,1008.00,1010.00
152306,0,0,0,0.00,-0.88,579.31,0.07,2.87,1011,1012.00,1010.00,1010.00,11012.00
152332,0,0,0,0.00,0.13,579.31,0.07,2.88,1011,1012.00,1010.00,1010.00,1012.00
152603,0,0,0,0.00,1.37,579.31,0.07,2.84,1009,1010.00,1008.00,1008.00,1010.00
152640,0,0,0,0.00,0.06,579.31,0.07,2.82,1011,1012.00,1010.00,1010.00,1012.00
152709,0,0,0,0.00,-0.44,579.31,0.07,2.82,1009,1010.00,1008.00,1008.00,1010.00
152772,0,0,0,0.00,0.44,579.31,0.07,2.822,1009,1010.00,1008.00,1008.00,1010.00
152911,0,0,0,0.00,0.62,579.31,0.07,2.86,1011,1012.00,1010.00,1010.00,1012.00
153003,0,0,0,0.00,-0.06,579.31,0.07,2.81,1011,1012.00,1010.00,10110.00,1012.00
153028,0,0,0,0.00,-1.06,579.31,0.07,2.82,1011,1012.00,1010.00,1010.00,1012.00
153134,0,0,0,0.00,0.88,579.31,0.07,2.83,1012,1013.00,1011.00,1011.00,1013.00
153293,0,0,0,0.00,0.69,579.31,0.07,2.82,1012,1013.00,1011.00,1011.00,1013.00
153333,0,0,0,0.00,-0.25,579.31,0.07,2.81,1012,1013.00,1011.00,1011.00,1013.00
153398,0,0,0,0.00,-0.56,579.31,0.07,2.83,1012,1013.00,1011.00,1011.00,1013.00
153467,0,0,0,0.00,0.56,579.311,0.07,2.83,1012,1013.00,1011.00,1011.00,1013.00
153712,0,0,0,0.00,-0.13,579.31,0.07,2.61,1012,1013.00,1011.00,1011.00,1013.00
153821,0,0,0,0.00,0.81,579.31,0.07,2.37,1012,1013.00,1011.00,1011.00,1013.00
153944,0,0,0,0.00,-0.50,579.31,0.07,2.16,1012,1013.00,1011.00,1011.00,1013.00
154030,0,0,0,0.00,0.62,579.31,0.07,2.00,1012,1012.00,1012.00,1012.00,1012.00
154097,0,0,0,0.00,-0.37,579.31,0.07,1.90,1012,1013.00,1011.00,1011.00,1013.00
154210,0,0,0,0.00,0.44,579.31,0.07,1.77,1012,1012.00,1012.00,1012.00,1012.00
154384,0,0,0,0.00,0.56,579.31,0.07,1.60,1014,1014.00,1014.00,1014.00,1014.00
154412,0,0,0,0.00,0.19,579.31,0.07,1.58,1014,1014.00,1014.00,1014.00,1014.00
154517,0,0,0,0.00,0.06,579.31,0.07,1.49,1014,1014.00,1014.00,1014.00,1014.00
154632,0,0,0,0.00,-0.13,579.31,0.07,1.41,1014,1014.00,1014.00,1014.00,1014.00
154853,0,0,0,00.00,-0.31,579.31,0.07,1.28,1014,1014.00,1014.00,1014.00,1014.00
154903,0,0,0,0.00,0.37,579.31,0.07,1.26,1014,1014.00,1014.00,1014.00,1014.00
155012,0,0,0,0.00,-0.37,579.31,0.07,1.21,1014,1014.00,1014.00,1014.00,1014.00
155081,0,0,0,0.00,0.06,579.31,0.07,1.19,1014,1014.00,1014.00,1014.00,1014.00
155219,0,0,0,0.00,-0.37,579.31,0.07,1.13,1014,1014.00,1014.00,1014.00,1014.00
155318,0,0,0,0.00,-0.25,579.31,0.07,1.09,1014,1014.00,1014.00,1014.00,1014.00
155429,0,0,0,0.00,0.37,579.31,0.07,1.06,1014,1014.00,1014.00,1014.00,1014.00
155556,0,0,0,0.00,-0.37,579.31,0.07,1.02,1014,1014.00,1014.00,1014.00,1014.00
155642,0,0,0,0.00,0.19,579.31,0.07,1.00,1014,1014.00,1014.00,1014.00,1014.00
155708,0,0,0,0.00,-0.19,579.31,0.07,1.00,1014,1014.00,1014.00,1014.00,1014.00
155819,0,0,0,0.00,0.13,579.31,0.07,1.00,1014,1014.00,1014.00,1014.00,1014.00
155999,0,0,0,0.00,0.19,579.31,0.07,1.00,1014,1014.00,1014.00,1014.00,1014.00
156021,0,0,0,0.00,-0.06,579.31,0.07,1.00,1015,1015.00,1015.00,1015.00,1015.00
156137,0,0,0,0.00,-0.25,579.31,0.07,1.00,1014,1014.00,1014.00,1014.00,1014.00
156239,0,0,0,0.00,-0.19,579.31,0.07,1.00,1014,1014.00,1014.00,1014.00,1014.00
156519,0,0,0,0.00,0.06,579.31,0.07,1.00,1014,1014.00,1014.00,1014.00,1014.00
156558,0,0,0,0.00,0.06,579.31,0.07,1.00,1014,1015.00,1015.00,1015.00,1015.00
156627,0,0,0,0.00,-0.31,579.31,0.07,1.00,1014,1014.00,1014.00,1014.00,1014.00
156820,0,0,0,0.00,0.06,579.31,0.07,1.00,1015,1015.00,1015.00,1015.00,1015.00
156911,0,0,0,0.00,0.00,579.31,0.07,1.00,1014,1014.00,10144.00,1014.00,1014.00
156933,0,0,0,0.00,-0.19,579.31,0.07,1.00,1014,1014.00,1014.00,1014.00,1014.00
157045,0,0,0,0.00,0.13,579.31,0.07,1.00,1015,1014.00,1014.00,1014.00,1014.00
157248,0,0,0,0.00,0.13,579.31,0.07,1.00,1015,1015.00,1015.00,1015.00,1015.00
157315,0,0,0,0.00,0.00,579.31,0.07,1.00,1015,1014.00,1014.00,1014.00,1014.00
157379,0,0,0,0.00,-0.13,5799.31,0.07,1.00,1014,1014.00,1014.00,1014.00,1014.00
157431,0,0,0,0.00,0.00,579.31,0.07,1.00,1014,1014.00,1014.00,1014.00,1014.00
157605,0,0,0,0.00,0.06,579.31,0.07,1.00,1014,1014.00,11014.00,1014.00,1014.00
157626,0,0,0,0.00,0.19,579.31,0.07,1.00,1014,1014.00,1014.00,1014.00,1014.00
157738,0,0,0,0.00,-0.06,579.31,0.07,1.00,1014,1014.00,1014.00,1014.00,1014.00
157937,0,0,0,0.00,0.00,579.31,0.07,1.00,1014,1014.00,1014.00,1014.00,1014.00
158001,0,0,0,0.00,0.13,579.31,0.07,1.00,1014,1014.00,1014.00,1014.00,1014.00
158072,0,0,0,0.00,-0.06,579.3.31,0.07,1.00,1014,1014.00,1014.00,1014.00,1014.00
158126,0,0,0,0.00,0.13,579.31,0.07,1.00,1014,1014.00,1014.00,1014.00,1014.00
158312,0,0,0,0.00,0.19,579.31,0.07,1.00,1015,1015.00,1015.00,1015.00,1015.00
158424,0,0,0,0.00,0.00,579.31,0.07,1.00,1014,1014.00,1014.00,1014.00,1014.00
158540,0,0,0,0.00,0.06,579.31,0.07,1.00,1014,1014.00,1014.00,1014.00,1014.00
158634,0,0,0,0.00,0.06,579.31,0.07,1.00,1014,1014.00,1014.00,1014.00,1014.00
158698,0,0,0,0.00,-0.13,579.31,0.07,1.00,1014,1014.00,1014.00,1014.00,1014.00
158811,0,0,0,0.00,0.00,579.31,0.07,1.00,1014,1014.00,1014.00,1014.00,1014.00
158987,0,0,0,0.00,0.19,579.31,0.07,1.00,1014,1014.00,1014.00,1014.00,1014.00
159011,0,0,0,0.00,0.00,579.31,0.07,1.00,1014,1014.00,1014.00,1014.00,1014.00
159115,0,0,0,0.00,-0.13,579.31,0.07,1.00,1015,1015.00,1015.00,1015.00,1015.00
159232,0,0,0,0.00,-0.19,579.31,0.07,1.00,1014,1014.00,1014.00,1014.00,1014.00
159389,0,0,0,0.00,0.06,579.31,0.07,1.00,1014,1014.00,1014.00,1014.00,1014.00
159456,0,0,0,0.000,-0.06,579.31,0.07,1.00,1014,1014.00,1014.00,1014.00,1014.00
159504,0,0,0,0.00,0.00,579.31,0.07,1.00,1014,1014.00,1014.00,1014.00,1014.00
159607,0,0,0,0.00,-0.13,579.31,0.07,1.00,1014,1014.00,1014.00,1014.00,1014.00
160622,0,0,0,0.00,-0.13,579.31,0.07,1.000,1014,1014.00,1014.00,1014.00,1014.00
160732,0,0,0,0.00,0.00,579.31,0.07,1.00,1014,1014.00,1014.00,1014.00,1014.00
160806,0,0,0,0.00,0.06,579.31,0.07,1.00,1014,1014.00,1014.00,1014.00,1014.00
160891,0,0,0,0.00,0.00,579.31,0.07,1.00,1014,1014.00,1014.00,1014.00,1014.00
160964,0,0,00,0.00,0.13,579.31,0.07,1.00,1014,1014.00,1014.00,1014.00,1014.00
161002,0,0,0,0.00,-0.06,579.31,0.07,1.00,1014,1014.00,1014.00,1014.00,1014.00
161024,0,0,0,0.00,-0.06,579.31,0.07,1.00,1014,1014.00,1014.00,1014.00,1014.00
161080,0,0,0,0.00,-0.06,579.31,0.07,1.00,1014,1014.00,1014.00,1014.00,1014.00
161205,0,0,0,0.00,-0.13,579.31,0.07,1.00,1014,1014.00,1014.00,1014.00,1014.00
161254,0,0,0,0.00,-0.06,579.31,0.07,1.00,1014,1014.00,10144.00,1014.00,1014.00
161610,0,0,0,0.00,-0.06,579.31,0.07,1.00,1014,1014.00,1014.00,1014.00,1014.00
161690,0,0,0,0.00,-0.13,579.31,0.07,1.00,1014,1014.00,1014.00,1014.00,1014.00
161806,0,0,0,0.00,-0.13,579.31,0.07,1.00,1015,1014.00,1014.00,1014.00,1014.00
161869,0,0,0,0.00,0.06,579.31,0.07,1.00,1014,1014.00,1014.00,1014.00,1014.00
161909,0,0,0,0.00,0.25,579.31,0.07,1.00,1014,1014.00,1014.00,1014.00,1014.00
161954,0,0,0,0.00,0.19,579.31,0.07,1.00,1014,1014.00,1014.00,1014.00,1014.00
162100,0,0,0,0.00,0.06,579.31,0.07,1.00,1014,1014.00,1014.00,1014.00,1014.00
162185,0,0,0,0.00,0.06,579.31,0.07,1.00,1014,1014.00,1014.00,1014.00,1014.00
162273,0,0,0,0.00,0.06,579.31,0.07,1.00,1014,1014.00,1014.00,1014.00,1014.00
162332,0,0,0,0.00,0.06,579.31,0.07,1.00,1014,1014.00,1014.00,1014.00,1014.00
162612,0,0,0,0.00,0.06,579.31,0.07,1.00,1014,1014.00,1014.00,1014.00,1014.00
162678,0,0,0,0.00,-0.06,579.31,0.07,1.00,1014,1014.00,1014.00,1014.00,1014.00
162794,0,0,0,0.00,0.19,579.31,0.07,1.00,1014,10114.00,1014.00,1014.00,1014.00
162815,0,0,0,0.00,0.00,579.31,0.07,1.00,1014,1014.00,1014.00,1014.00,1014.00
162888,0,0,0,0.00,0.31,579.31,0.07,1.00,1015,1015.00,1015.00,1015.00,1015.00
162942,0,0,0,0.00,-0.13,579.31,0.07,1.00,1014,1014.00,1014.00,1014.00,10014.00
162964,0,0,0,0.00,0.06,579.31,0.07,1.00,1014,1014.00,1014.00,1014.00,1014.00
163142,0,0,0,0.00,0.06,579.31,0.07,1.00,1014,1014.00,1014.00,1014.00,1014.00
163164,0,0,0,0.00,-0.25,579.31,0.07,1.00,1014,1014.00,1014.00,1014.00,1014.00
163218,0,0,0,0.00,0.13,579.31,0.07,1.00,1014,1014.00,1014.00,1014.00,1014.00
163256,0,0,0,0.00,-0.06,579.31,0.07,11.00,1014,1014.00,1014.00,1014.00,1014.00
163354,0,0,0,0.00,-0.19,579.31,0.07,1.00,1014,1014.00,1014.00,1014.00,1014.00
163423,0,0,0,0.00,-0.13,579.31,0.07,1.00,1014,1014.00,1014.00,1014.00,1014.00
163501,0,0,0,0.00,-0.37,579.31,0.07,1.00,1014,1014.00,1014.00,1014.00,1014.00
163575,0,0,0,0.00,0.06,579.31,0.07,1.00,1014,1014.00,1014.00,1014.00,1014.00
163637,0,0,0,0.00,-0.19,579.31,0.07,1.00,1014,1014.00,1014.00,1014.00,1014.00
163692,0,0,0,0.00,0.19,579.31,0.07,1.00,1014,1014.00,1014.00,1014.00,1014.00
163757,0,0,0,0.00,0.00,579.31,0.07,1.00,1014,1014.00,1014.00,1014.00,1014.00
163869,0,0,0,0.00,0.06,579.31,0.07,1.00,1014,1014.00,1014.00,1014.00,1014.00
163890,0,0,0,0.00,0.19,579.31,0.07,1.00,1014,1014.00,1014.00,1014.00,1014.00
