Roll,SP_Roll,Pitch,SP_Pitch,Yaw,SP_Yaw,Roll_rate,Pitch_rate,Yaw_rate,m1,m2,m3,m4
0.14,1.81,-0.07,0.44,0.05,2.75,-0.19,-0.06,0.06,1017.0,1029.0,1020.0,1027.0
0.14,1.81,-0.07,0.44,-0.1,2.75,-0.13,-0.13,-0.06,1016.0,1029.0,1020.0,1027.0
0.14,1.81,-0.07,0.44,0.05,2.75,0.06,-0.06,0.0,1017.0,1028.0,1020.0,1026.0
0.14,1.81,-0.07,0.44,-0.1,2.75,-0.06,0.0,0.06,1017.0,1029.0,1020.0,1027.0
0.14,1.81,-0.07,0.44,-0.1,2.75,0.0,-0.13,0.06,1018.0,1030.0,1021.0,1028.0
0.14,1.81,-0.07,0.44,0.05,2.75,0.06,0.06,-0.06,1017.0,1028.0,1020.0,1027.0
0.14,1.81,-0.07,0.44,0.05,2.74,-0.75,-0.94,3.44,1107.0,1114.0,1110.0,1113.0
0.14,1.87,-0.07,0.44,0.05,2.74,-0.06,-0.31,2.0,1141.0,1153.0,1143.0,1151.0
0.14,1.87,0.14,0.44,0.05,2.74,-0.37,-0.25,1.19,1158.0,1170.0,1161.0,1167.0
0.14,1.87,0.14,0.44,0.05,2.74,-2.5,-0.37,0.69,1171.0,1183.0,1173.0,1181.0
0.14,1.87,0.14,0.44,0.05,2.74,-0.06,0.56,0.13,1225.0,1237.0,1227.0,1235.0
0.14,1.87,-0.63,0.37,0.05,2.74,2.62,0.94,0.0,1274.0,1287.0,1278.0,1285.0
0.14,2.12,-0.07,0.5,0.05,2.75,-3.0,-3.81,0.25,1293.0,1307.0,1299.0,1304.0
0.14,2.25,-0.07,0.56,0.05,2.75,-2.06,-0.25,0.31,1295.0,1309.0,1301.0,1307.0
0.14,2.31,-0.07,0.62,0.05,2.75,1.62,0.94,-0.62,1322.0,1335.0,1328.0,1335.0
0.14,2.37,-0.07,0.69,-0.1,2.75,-4.75,-0.62,-0.62,1322.0,1335.0,1327.0,1336.0
0.14,2.56,-0.07,0.88,-0.1,2.75,-2.44,-3.0,0.13,1319.0,1337.0,1333.0,1334.0
0.07,2.69,-0.14,0.94,-0.1,2.73,1.81,1.0,2.25,1348.0,1360.0,1352.0,1356.0
0.14,2.75,-0.14,0.94,0.05,2.69,-2.19,-2.06,2.31,1360.0,1371.0,1366.0,1368.0
0.07,3.06,-0.14,1.06,-0.1,2.63,-8.0,-3.69,0.31,1356.0,1371.0,1368.0,1368.0
0.14,6.81,-0.42,1.0,-0.1,2.45,-34.13,2.87,1.19,1359.0,1401.0,1393.0,1367.0
0.07,8.88,-0.49,1.31,-0.1,2.4,-45.13,-6.25,1.31,1358.0,1415.0,1417.0,1374.0
-1.89,18.12,-2.8,1.31,-0.1,2.21,-60.56,2.0,-5.12,1349.0,1442.0,1429.0,1367.0
-10.92,20.44,-4.27,1.19,-0.1,2.21,-35.25,1.06,-4.69,1348.0,1440.0,1430.0,1369.0
-1.33,-5.5,-0.07,3.75,-0.1,5.81,-45.75,-0.81,-11.38,1362.0,1423.0,1392.0,1403.0
0.07,4.81,-0.07,6.19,-0.1,7.37,-42.06,-27.5,-10.31,1338.0,100.0,1320.0,1387.0
-0.28,0.13,-5.88,5.94,-0.1,11.49,1.75,31.0,-6.56,1339.0,1387.0,1326.0,1380.0
-23.45,0.37,-0.07,-7.94,0.05,16.47,18.87,-6.81,5.12,1290.0,1365.0,1306.0,1339.0
-21.49,-1.56,1.47,-7.19,0.05,16.42,52.38,-20.75,7.94,1343.0,1388.0,1340.0,1397.0
-16.38,-12.25,0.14,-4.12,0.05,15.72,44.19,-6.75,1.5,1371.0,1391.0,1340.0,1430.0
-14.35,-13.13,0.14,-4.31,0.05,15.49,2.31,11.81,-1.12,1363.0,1415.0,1345.0,1408.0
-9.87,18.06,-0.07,9.31,-0.1,15.38,-107.12,-48.88,-1.62,1279.0,1402.0,1419.0,1431.0
-9.73,17.75,-0.07,13.25,-0.1,15.42,53.06,-58.69,9.38,1324.0,1372.0,1399.0,1437.0
-7.35,-15.5,-3.36,-7.56,-0.1,19.48,0.44,104.69,6.31,1336.0,1374.0,1209.0,1301.0
-7.07,2.12,-3.43,5.62,-0.1,20.11,7.44,-72.56,11.19,1234.0,1303.0,1315.0,1368.0
-8.05,-8.63,-0.49,-0.56,0.05,19.56,72.12,116.56,9.94,1380.0,1378.0,1222.0,1344.0
-8.05,-11.19,-0.28,-7.62,0.05,19.47,29.5,120.69,9.69,1378.0,1400.0,1231.0,1327.0
-4.62,1.94,-0.07,-0.56,-0.1,17.77,111.0,114.37,22.56,1315.0,1451.0,1348.0,1270.0
-4.55,0.88,-0.07,-4.12,-0.1,17.35,-15.13,25.87,-4.06,1317.0,1408.0,1304.0,1354.0
-6.3,4.06,-2.45,5.37,-0.1,13.5,48.69,124.0,6.81,1385.0,1402.0,1264.0,1333.0
-10.92,0.37,-6.37,7.06,-0.1,11.13,46.94,103.25,1.75,1399.0,1422.0,1321.0,1378.0
-11.06,-1.81,-6.37,1.06,-0.1,11.15,44.38,131.25,1.25,1421.0,1441.0,1301.0,1361.0
0.07,0.94,-0.07,-4.37,-0.1,5.82,5.31,46.44,2.12,1398.0,1419.0,1349.0,1370.0
0.07,0.5,-0.07,-5.81,-0.1,5.6,11.5,15.63,3.87,1393.0,1401.0,1358.0,1384.0
0.07,-0.06,-0.07,-5.44,-0.1,5.37,10.44,-14.75,5.75,1382.0,1387.0,1374.0,1393.0
0.07,2.69,-0.07,0.13,-0.1,4.52,-36.38,-25.19,5.0,1349.0,1391.0,1406.0,1384.0
0.07,4.37,-0.07,0.88,-0.1,4.23,-34.63,-10.63,3.87,1356.0,1400.0,1401.0,1379.0
0.07,8.63,0.14,-1.19,-0.1,3.99,-21.87,27.12,3.37,1375.0,1416.0,1381.0,1362.0
0.07,9.5,0.14,-2.37,-0.1,4.03,-16.0,21.81,2.81,1364.0,1399.0,1366.0,1352.0
-6.79,11.06,0.14,-2.25,-0.1,4.47,-11.38,-18.37,3.37,1336.0,1381.0,1379.0,1360.0
-8.75,11.5,0.14,-1.0,-0.1,4.6,-7.31,-26.37,1.56,1329.0,1378.0,1385.0,1364.0
-10.85,11.69,0.14,0.19,-0.1,4.72,-0.44,-20.69,1.62,1330.0,1379.0,1383.0,1364.0
-15.12,10.31,0.14,0.0,-0.1,5.07,14.94,18.87,0.44,1349.0,1393.0,1359.0,1353.0
-18.34,9.25,0.14,-1.19,-0.1,5.19,20.0,19.62,0.13,1350.0,1395.0,1358.0,1350.0
-19.81,-4.44,1.89,3.31,-0.1,6.24,37.06,5.12,-0.25,1385.0,1401.0,1378.0,1408.0
-17.99,-6.06,0.63,2.81,-0.1,6.43,32.88,13.56,-1.37,1389.0,1405.0,1372.0,1406.0
-3.22,-5.0,-0.49,5.12,0.05,8.52,-6.12,10.5,-6.31,1375.0,1417.0,1380.0,1415.0
-1.96,-4.81,-1.82,4.0,0.05,8.85,0.69,22.81,-6.12,1384.0,1421.0,1369.0,1414.0
-0.07,-4.81,-3.15,2.56,-0.1,9.19,-1.25,29.12,-5.62,1388.0,1423.0,1365.0,1413.0
-0.28,-2.81,-3.92,0.56,-0.1,9.91,-31.5,5.44,-5.31,1367.0,1429.0,1383.0,1409.0
-0.35,-1.12,-4.06,0.81,-0.1,10.33,-38.81,-11.69,-4.69,1354.0,1426.0,1394.0,1413.0
-0.49,0.69,-4.2,1.69,-0.1,10.7,-37.5,-21.56,-4.0,1346.0,1423.0,1401.0,1417.0
-0.14,3.75,-4.48,4.94,-0.1,11.63,-6.81,-4.37,-6.75,1355.0,1419.0,1387.0,1427.0
-0.28,3.87,-4.55,4.56,-0.1,11.91,-1.12,10.63,-8.81,1362.0,1424.0,1376.0,1426.0
-1.68,5.69,-7.91,-0.44,-0.1,12.81,-26.06,34.38,-6.75,1364.0,1452.0,1373.0,1400.0
-2.45,7.12,-10.78,-1.81,0.05,13.09,-21.75,11.44,-6.31,1355.0,1443.0,1382.0,1407.0
-14.14,-0.31,-2.8,-0.31,-0.1,14.32,12.63,-23.0,3.19,1314.0,1371.0,1346.0,1389.0
-14.07,-0.31,-2.8,-0.06,-0.1,14.14,-8.44,3.56,4.19,1316.0,1387.0,1344.0,1368.0
-12.11,2.25,-2.8,-3.81,-0.1,13.12,1.75,1.0,9.25,1327.0,1385.0,1343.0,1360.0
-12.04,1.87,-2.8,-3.12,-0.1,12.79,8.81,-15.06,9.0,1324.0,1372.0,1350.0,1370.0
-12.46,1.31,-3.01,0.62,-0.1,11.52,-7.12,-18.44,7.56,1314.0,1371.0,1360.0,1370.0
-12.46,1.87,-2.8,1.25,-0.1,11.05,-10.81,-6.25,7.0,1317.0,1378.0,1360.0,1364.0
-12.46,2.94,-2.59,-0.25,-0.1,9.74,0.25,15.5,6.69,1358.0,1409.0,1373.0,1377.0
-12.46,2.56,-2.59,-0.81,-0.1,9.36,11.63,7.81,6.31,1363.0,1404.0,1372.0,1384.0
-12.46,-0.25,-2.24,2.75,-0.1,8.11,0.62,-27.81,1.56,1354.0,1398.0,1398.0,1413.0
-12.46,0.19,-2.1,3.81,0.05,7.9,-14.94,-18.0,0.37,1351.0,1406.0,1402.0,1404.0
-16.03,3.0,-0.28,3.81,-0.1,7.42,-9.19,14.5,0.37,1362.0,1426.0,1393.0,1384.0
-18.06,2.94,-0.21,2.81,-0.1,7.29,11.31,18.12,0.25,1370.0,1424.0,1385.0,1386.0
-24.99,-1.62,-0.07,1.44,-0.1,7.12,38.13,-3.44,1.69,1376.0,1403.0,1382.0,1403.0
-25.69,-3.56,-0.07,2.0,-0.1,7.09,30.69,-12.81,1.94,1368.0,1400.0,1391.0,1405.0
-25.76,-4.94,-0.07,5.5,-0.1,6.8,-5.87,-8.38,2.06,1355.0,1411.0,1404.0,1394.0
-25.83,-4.56,-0.07,5.5,-0.1,6.69,-6.12,5.69,2.06,1359.0,1418.0,1400.0,1387.0
-20.93,-6.81,-2.1,4.37,-0.1,6.42,30.25,1.19,0.25,1377.0,1398.0,1382.0,1407.0
-19.6,-8.31,-3.57,4.69,-0.1,6.38,28.06,-11.0,-1.81,1372.0,1392.0,1384.0,1416.0
-17.78,-8.06,-9.87,6.5,-0.1,6.44,-29.37,0.31,-5.56,1348.0,1410.0,1402.0,1403.0
-16.38,-6.19,-10.08,6.12,-0.1,6.5,-40.44,13.13,-6.56,1345.0,1423.0,1403.0,1391.0
-14.35,-4.06,-8.61,5.12,-0.1,6.59,-43.75,22.25,-7.75,1350.0,1432.0,1397.0,1385.0
-7.07,-0.31,-12.39,0.5,-0.1,7.21,0.37,24.75,-8.75,1369.0,1419.0,1374.0,1403.0
-7.91,-0.5,-13.79,-0.37,-0.1,7.52,7.44,12.38,-8.94,1366.0,1411.0,1377.0,1410.0
-9.38,0.19,-15.26,-1.12,-0.1,8.62,-26.75,10.0,-15.25,1343.0,1426.0,1385.0,1406.0
-8.82,1.75,-15.89,-1.81,-0.1,9.06,-36.06,14.0,-14.69,1339.0,1435.0,1387.0,1399.0
-7.21,5.37,-12.39,-3.06,-0.1,10.6,3.62,-2.94,-12.69,1345.0,1420.0,1379.0,1416.0
-7.91,4.75,-9.1,-3.0,-0.1,11.13,16.25,1.44,-14.56,1352.0,1416.0,1369.0,1423.0
-9.94,3.62,-6.23,-3.25,-0.1,11.71,20.0,5.87,-15.31,1355.0,1424.0,1361.0,1420.0
-11.48,3.06,-10.78,-5.56,-0.1,13.77,-15.31,16.31,-17.5,1339.0,1448.0,1366.0,1406.0
-10.78,4.25,-10.92,-6.25,-0.1,14.54,-21.69,7.44,-15.38,1333.0,1447.0,1372.0,1408.0
-10.5,6.06,-6.44,-4.31,-0.1,16.67,-0.56,-23.37,-8.06,1328.0,1430.0,1378.0,1423.0
-10.57,5.81,-3.57,-3.25,-0.1,17.26,8.56,-22.56,-4.94,1334.0,1427.0,1373.0,1426.0
-14.49,2.31,-0.07,-1.81,-0.1,18.53,25.12,0.19,-0.44,1353.0,1429.0,1357.0,1422.0
-19.39,1.12,-0.07,-1.81,-0.1,18.79,24.62,-1.25,1.5,1351.0,1431.0,1361.0,1418.0
-21.84,0.13,-0.07,-1.62,-0.1,18.95,23.37,-6.06,3.12,1347.0,1428.0,1365.0,1416.0
-23.45,-2.25,-0.07,0.19,-0.1,19.01,25.69,-26.5,7.37,1339.0,1414.0,1373.0,1422.0
-22.68,-3.62,-0.07,1.56,-0.1,18.91,28.75,-30.37,9.13,1340.0,1404.0,1374.0,1429.0
-16.94,-5.37,-1.68,3.12,-0.1,18.72,29.75,-26.75,9.44,1346.0,1397.0,1369.0,1432.0
-6.51,-6.62,-6.3,3.06,-0.1,17.75,-20.5,19.12,13.25,1352.0,1412.0,1362.0,1398.0
-6.65,-4.81,-7.0,1.75,-0.1,17.28,-37.06,19.87,14.44,1342.0,1419.0,1366.0,1382.0
-5.46,2.19,-12.74,1.5,-0.1,15.37,-39.44,-15.31,16.81,1315.0,1396.0,1390.0,1382.0
-5.67,3.75,-13.86,2.75,-0.1,14.59,-26.25,-20.44,15.44,1316.0,1385.0,1391.0,1390.0
-6.51,4.5,-14.56,3.37,-0.1,13.76,-14.69,-4.62,13.38,1324.0,1380.0,1371.0,1382.0
-7.91,5.0,-14.77,1.25,-0.1,12.13,-5.62,44.0,8.63,1349.0,1404.0,1358.0,1370.0
-8.05,5.37,-14.77,-1.31,-0.1,11.4,-10.13,60.13,6.75,1355.0,1415.0,1351.0,1360.0
-8.05,5.94,-14.77,-4.12,-0.1,10.72,-13.31,60.5,5.44,1358.0,1420.0,1350.0,1353.0
-8.19,7.87,-15.54,-8.75,-0.1,9.12,-10.75,-4.87,3.69,1335.0,1395.0,1375.0,1374.0
-8.19,8.31,-15.47,-7.94,-0.1,8.74,-8.0,-23.87,3.19,1325.0,1384.0,1383.0,1382.0
-8.33,8.75,-14.77,-6.37,-0.1,8.42,-5.75,-27.37,2.44,1322.0,1381.0,1387.0,1385.0
-9.17,9.06,-14.7,-5.37,-0.1,8.15,-6.19,-18.31,1.31,1324.0,1384.0,1385.0,1382.0
-9.87,9.19,-13.86,-5.0,-0.1,7.92,-1.06,0.31,-0.19,1332.0,1392.0,1375.0,1376.0
-12.6,9.0,-13.23,-5.75,-0.1,7.77,4.75,18.62,-1.5,1341.0,1401.0,1369.0,1370.0
-13.37,8.44,-13.16,-7.06,-0.1,7.69,16.75,29.06,-2.75,1350.0,1404.0,1356.0,1367.0
-15.54,7.25,-12.46,-8.44,-0.1,7.65,27.19,27.62,-2.81,1355.0,1401.0,1351.0,1369.0
-17.64,5.31,-11.13,-9.38,-0.1,7.64,35.5,8.06,-3.06,1354.0,1392.0,1352.0,1378.0
-21.63,3.5,-9.17,-9.06,-0.1,7.64,38.38,-17.19,-3.12,1344.0,1384.0,1362.0,1386.0
-23.94,1.31,-7.56,-7.25,-0.1,7.67,36.88,-41.75,-3.12,1332.0,1373.0,1373.0,1397.0
-25.27,-0.25,-6.23,-4.87,-0.1,7.72,32.31,-52.63,-2.75,1324.0,1368.0,1380.0,1403.0
-25.27,-2.0,-6.23,-1.69,-0.1,7.77,28.25,-55.63,-2.62,1320.0,1365.0,1385.0,1406.0
-25.34,-3.19,-6.02,0.56,-0.1,7.83,23.19,-42.5,-2.06,1324.0,1370.0,1384.0,1403.0
-25.34,-4.19,-5.88,2.12,-0.1,7.89,20.06,-24.44,-2.5,1329.0,1376.0,1378.0,1397.0
-25.34,-5.12,-5.25,2.81,-0.1,7.97,20.0,-8.0,-2.87,1334.0,1384.0,1370.0,1387.0
-25.48,-6.12,-4.97,2.75,-0.1,8.11,19.37,3.69,-3.5,1340.0,1389.0,1363.0,1383.0
-25.48,-7.0,-4.83,2.37,-0.1,8.27,20.5,8.25,-4.06,1344.0,1392.0,1358.0,1382.0
-24.15,-7.94,-4.97,2.12,-0.1,8.46,19.94,2.69,-4.0,1344.0,1388.0,1358.0,1386.0
-22.89,-9.0,-5.67,2.25,-0.1,8.66,18.44,-3.62,-3.81,1342.0,1386.0,1360.0,1391.0
-19.67,-9.56,-7.0,2.75,-0.1,8.86,8.38,-11.94,-3.19,1337.0,1381.0,1365.0,1397.0
-13.79,-9.63,-10.85,3.5,-0.1,9.03,-2.19,-16.5,-2.5,1332.0,1374.0,1371.0,1402.0
-4.62,-8.94,-15.12,4.37,-0.1,9.16,-15.88,-14.19,-2.06,1330.0,1371.0,1372.0,1406.0
-0.28,-7.56,-17.15,4.69,-0.1,9.25,-35.63,-2.31,-2.5,1330.0,1380.0,1376.0,1402.0
-0.07,-4.81,-16.31,4.25,-0.1,9.31,-51.19,11.25,-1.94,1331.0,1398.0,1381.0,1388.0
0.07,-1.94,-16.1,3.12,-0.1,9.31,-62.75,28.0,-2.19,1333.0,1415.0,1381.0,1375.0
0.07,1.12,-16.03,1.37,0.05,9.31,-62.38,38.0,-1.87,1337.0,1427.0,1379.0,1365.0
-1.54,3.94,-15.26,-0.56,-0.1,9.29,-53.63,39.75,-3.0,1341.0,1433.0,1378.0,1365.0
-2.94,6.19,-14.49,-2.31,0.05,9.3,-32.56,26.69,-4.12,1343.0,1421.0,1375.0,1377.0
-4.34,6.87,-13.79,-2.62,0.05,9.34,-6.31,-3.56,-4.87,1341.0,1405.0,1379.0,1395.0
-5.04,6.69,-13.65,-1.81,0.05,9.42,8.81,-22.75,-5.37,1336.0,1389.0,1382.0,1413.0
-5.18,6.12,-13.51,-0.37,-0.1,9.56,13.25,-31.94,-5.12,1332.0,1382.0,1384.0,1421.0
-5.32,5.62,-13.37,1.0,0.05,9.72,7.87,-19.0,-6.31,1334.0,1387.0,1382.0,1416.0
-6.02,5.69,-13.23,1.0,-0.1,9.86,-5.87,9.5,-7.19,1338.0,1405.0,1376.0,1401.0
-6.09,4.0,-13.16,0.62,-0.1,9.95,61.5,-2.62,7.62,1383.0,1359.0,1342.0,1436.0
-6.09,0.37,-13.09,-0.5,-0.1,10.02,56.13,27.62,0.5,1385.0,1380.0,1332.0,1421.0
-6.09,-1.12,-13.02,-2.25,-0.1,10.11,15.75,45.56,-1.37,1374.0,1405.0,1350.0,1390.0
-6.23,-0.13,-13.02,-4.75,-0.1,10.2,-31.06,43.69,-0.31,1362.0,1425.0,1361.0,1374.0
-6.86,2.19,-12.88,-6.56,-0.1,10.28,-54.44,30.31,0.0,1345.0,1436.0,1378.0,1362.0
-7.7,5.06,-12.18,-7.19,0.05,10.32,-48.69,2.81,0.69,1333.0,1427.0,1388.0,1372.0
-8.61,6.69,-12.04,-6.44,-0.1,10.34,-23.75,-28.56,1.62,1327.0,1407.0,1395.0,1390.0
-8.75,7.12,-11.27,-4.62,-0.1,10.34,-2.0,-44.38,2.62,1327.0,1390.0,1397.0,1405.0
-10.08,6.56,-10.5,-2.19,-0.1,10.34,18.87,-48.81,0.94,1326.0,1377.0,1396.0,1420.0
-11.62,5.19,-8.4,0.37,-0.1,10.29,24.62,-34.88,-0.5,1335.0,1380.0,1385.0,1419.0
-15.68,3.87,-6.02,1.44,-0.1,10.21,27.81,-18.19,-1.25,1344.0,1391.0,1377.0,1409.0
-19.32,2.75,-3.92,1.19,-0.1,10.19,19.06,14.44,-2.25,1353.0,1409.0,1366.0,1393.0
-22.05,1.94,-3.15,-0.44,-0.1,10.22,13.69,31.87,-3.37,1357.0,1424.0,1361.0,1379.0
-22.26,1.5,-3.15,-2.06,-0.1,10.27,8.69,29.44,-2.5,1358.0,1427.0,1361.0,1375.0
-22.4,1.12,-3.01,-2.94,-0.1,10.37,9.5,10.38,-1.31,1352.0,1421.0,1368.0,1380.0
-23.73,0.31,-3.01,-2.25,-0.1,10.51,19.06,-24.75,0.62,1342.0,1405.0,1379.0,1394.0
-24.99,-0.81,-2.38,-0.5,-0.1,10.61,25.25,-44.63,1.25,1334.0,1388.0,1387.0,1410.0
-25.69,-2.25,-2.24,2.44,-0.1,10.67,25.62,-53.13,0.19,1327.0,1381.0,1394.0,1416.0
-26.46,-3.19,-2.1,4.94,-0.1,10.72,17.75,-50.0,0.5,1324.0,1384.0,1396.0,1414.0
-26.67,-3.81,-2.03,7.19,-0.1,10.74,9.44,-33.94,-0.5,1324.0,1391.0,1394.0,1409.0
-26.81,-4.19,-2.1,8.13,-0.1,10.77,7.81,-8.69,-1.37,1332.0,1404.0,1385.0,1399.0
-27.3,-4.5,-2.1,7.94,-0.1,10.82,7.69,12.94,-2.0,1342.0,1412.0,1375.0,1391.0
-27.23,-4.94,-2.24,7.0,-0.1,10.91,10.0,21.94,-2.0,1349.0,1417.0,1368.0,1386.0
-27.02,-5.44,-2.38,5.62,-0.1,11.02,9.63,24.62,-1.56,1351.0,1420.0,1365.0,1384.0
-26.39,-5.81,-3.15,4.81,-0.1,11.15,6.19,12.63,-0.94,1348.0,1415.0,1369.0,1388.0
-25.69,-5.94,-3.29,4.5,-0.1,11.28,-1.19,0.19,-0.69,1340.0,1412.0,1377.0,1391.0
-20.58,-5.44,-7.07,5.0,-0.1,11.4,-11.88,-12.81,0.25,1332.0,1404.0,1385.0,1398.0
-14.77,-4.75,-11.41,5.81,-0.1,11.5,-15.75,-17.44,1.06,1327.0,1395.0,1391.0,1406.0
-14.77,-3.75,-12.04,6.62,-0.1,11.52,-17.25,-13.81,1.25,1326.0,1397.0,1392.0,1404.0
-10.08,-2.94,-18.2,6.75,-0.1,11.51,-17.69,3.44,1.06,1331.0,1397.0,1387.0,1405.0
-6.65,-1.75,-23.45,5.69,-0.1,11.47,-22.62,23.31,0.62,1336.0,1401.0,1381.0,1401.0
-6.51,-0.5,-24.15,4.0,-0.1,11.41,-29.12,40.88,0.06,1341.0,1412.0,1376.0,1391.0
-6.51,1.37,-24.15,1.12,-0.1,11.35,-35.63,53.25,-0.81,1344.0,1426.0,1373.0,1378.0
-7.84,3.31,-24.15,-1.5,0.05,11.34,-39.88,51.56,-1.31,1342.0,1432.0,1375.0,1371.0
-9.17,5.37,-24.15,-3.75,-0.1,11.32,-41.06,40.63,-1.56,1335.0,1435.0,1380.0,1370.0
-9.73,7.5,-26.11,-5.44,-0.1,11.33,-34.44,24.37,-1.5,1329.0,1426.0,1387.0,1378.0
-9.87,8.69,-27.51,-5.94,-0.1,11.32,-18.94,5.06,-1.12,1324.0,1413.0,1391.0,1391.0
-10.08,9.13,-27.51,-5.75,-0.1,11.34,-1.06,-7.0,-1.31,1325.0,1401.0,1391.0,1403.0
-12.11,8.44,-27.44,-5.56,-0.1,11.38,18.25,-3.06,-1.19,1332.0,1395.0,1383.0,1409.0
-13.37,7.31,-26.74,-6.06,-0.1,11.37,25.19,15.69,-0.88,1344.0,1400.0,1373.0,1404.0
-14.91,6.25,-25.9,-7.37,-0.1,11.31,19.37,34.19,-0.37,1352.0,1409.0,1364.0,1394.0
-19.67,5.44,-23.17,-9.94,-0.1,11.23,9.56,47.38,0.5,1356.0,1426.0,1361.0,1377.0
-22.82,5.31,-20.86,-12.19,0.05,11.13,-0.88,40.94,0.56,1352.0,1434.0,1368.0,1367.0
-23.1,5.56,-20.23,-13.75,0.05,11.06,-2.56,20.56,1.0,1345.0,1429.0,1376.0,1371.0
-22.54,5.44,-20.23,-13.81,-0.1,10.98,4.81,-6.81,1.69,1336.0,1412.0,1385.0,1386.0
-22.4,4.56,-20.3,-12.38,0.05,10.94,19.25,-30.94,3.19,1332.0,1395.0,1391.0,1402.0
-21.7,3.31,-20.37,-10.44,-0.1,10.86,31.5,-43.19,3.94,1330.0,1380.0,1394.0,1415.0
-21.63,1.62,-20.37,-8.38,-0.1,10.74,36.56,-39.25,4.31,1335.0,1376.0,1390.0,1419.0
-21.63,-0.37,-20.37,-6.87,-0.1,10.54,35.19,-20.0,3.87,1343.0,1381.0,1382.0,1413.0
-21.63,-1.81,-20.3,-6.75,-0.1,10.33,26.31,6.25,3.37,1352.0,1394.0,1374.0,1401.0
-24.15,-2.94,-16.59,-7.62,-0.1,10.11,20.25,23.31,2.31,1358.0,1406.0,1368.0,1388.0
-33.25,-3.81,-5.53,-9.31,-0.1,9.92,12.75,31.44,0.88,1362.0,1430.0,1362.0,1367.0
-31.08,-4.31,-7.0,-10.63,-0.1,9.78,10.25,24.0,-0.31,1359.0,1427.0,1365.0,1371.0
-22.4,-5.12,-10.57,-10.81,-0.1,9.72,20.37,-6.25,-0.94,1356.0,1405.0,1366.0,1393.0
-17.08,-6.87,-10.01,-9.31,0.05,9.71,34.13,-35.13,-1.69,1353.0,1381.0,1370.0,1417.0
-7.21,-8.75,-5.67,-7.0,0.05,9.67,39.81,-53.88,-1.75,1357.0,1362.0,1366.0,1437.0
-4.13,-10.63,-0.07,-3.87,0.05,9.59,28.12,-54.38,-1.12,1358.0,1362.0,1366.0,1436.0
-0.14,-10.88,-0.07,-1.69,-0.1,9.49,-5.81,-37.31,-1.31,1352.0,1374.0,1371.0,1424.0
-0.07,-9.5,-0.07,-0.25,-0.1,9.39,-30.69,-20.31,-1.5,1349.0,1392.0,1374.0,1405.0
0.07,-7.19,-3.15,0.06,0.05,9.31,-53.06,-2.56,-0.56,1343.0,1408.0,1381.0,1387.0
0.07,-4.44,-4.55,0.25,-0.1,9.23,-55.38,-5.56,0.06,1339.0,1411.0,1385.0,1384.0
0.07,-2.12,-5.25,0.94,-0.1,9.14,-47.31,-22.44,-0.94,1333.0,1403.0,1391.0,1392.0
0.07,0.13,-5.46,2.69,-0.1,9.05,-33.44,-35.31,-1.19,1328.0,1393.0,1396.0,1402.0
0.07,1.56,-6.23,4.87,-0.1,8.98,-29.12,-49.19,-1.87,1323.0,1384.0,1401.0,1411.0
0.07,3.06,-6.23,7.0,-0.1,8.94,-28.37,-40.88,-3.37,1319.0,1385.0,1402.0,1413.0
0.07,3.75,-6.23,6.75,-0.1,8.9,-2.37,44.75,8.06,1368.0,1402.0,1370.0,1384.0
0.07,3.37,-6.65,3.37,0.05,8.76,7.81,74.12,5.87,1393.0,1416.0,1345.0,1370.0
0.07,3.12,-7.14,-0.37,0.05,8.56,4.5,74.69,4.12,1398.0,1426.0,1342.0,1366.0
0.07,3.37,-7.84,-3.44,0.05,8.37,-7.25,41.56,2.31,1385.0,1421.0,1353.0,1374.0
0.07,4.37,-9.17,-3.31,0.05,8.18,-27.12,-24.62,3.5,1349.0,1398.0,1391.0,1394.0
0.07,6.06,-9.17,0.31,0.05,8.01,-29.81,-76.0,3.25,1318.0,1376.0,1422.0,1416.0
0.07,7.5,-9.87,5.0,0.05,7.88,-30.5,-102.06,1.37,1301.0,1364.0,1437.0,1429.0
0.07,8.88,-10.57,9.69,0.05,7.81,-28.37,-87.69,-0.31,1297.0,1363.0,1439.0,1433.0
-0.63,9.94,-10.57,13.06,0.05,7.81,-16.25,-41.88,-2.87,1313.0,1374.0,1421.0,1424.0
-2.24,10.31,-10.5,12.94,0.05,7.87,-1.81,24.56,-8.13,1343.0,1404.0,1384.0,1400.0
-7.49,10.31,-11.27,9.31,-0.1,7.97,7.06,71.94,-8.81,1364.0,1431.0,1359.0,1379.0
-9.52,10.13,-11.83,4.94,0.05,8.11,2.25,91.06,-9.25,1379.0,1443.0,1347.0,1364.0
-11.62,10.06,-14.21,1.0,-0.1,8.23,0.81,68.0,-8.44,1369.0,1443.0,1354.0,1368.0
-12.95,9.81,-13.44,-1.0,-0.1,8.38,9.75,18.44,-8.0,1352.0,1422.0,1372.0,1385.0
-13.79,8.63,-13.72,0.06,-0.1,8.59,26.75,-34.56,-8.63,1331.0,1387.0,1391.0,1422.0
-14.63,6.75,-13.79,3.19,-0.1,8.92,45.44,-76.25,-10.0,1318.0,1364.0,1401.0,1450.0
-14.91,4.5,-13.86,6.87,-0.1,9.38,48.06,-74.5,-11.25,1315.0,1358.0,1400.0,1459.0
-17.5,2.44,-13.09,9.69,-0.1,9.96,33.81,-36.0,-11.94,1322.0,1375.0,1390.0,1444.0
-18.97,1.75,-13.09,9.44,-0.1,10.58,10.19,23.75,-13.63,1336.0,1414.0,1373.0,1409.0
-18.97,1.81,-13.09,6.94,-0.1,11.21,-3.0,65.12,-12.88,1349.0,1442.0,1357.0,1383.0
-18.97,2.31,-13.86,2.5,-0.1,11.89,-6.12,80.19,-11.38,1357.0,1456.0,1348.0,1372.0
-18.97,2.31,-14.49,-0.81,-0.1,12.53,9.06,56.94,-9.06,1357.0,1447.0,1350.0,1379.0
-18.2,1.06,-15.26,-2.69,-0.1,13.13,28.06,20.06,-7.12,1352.0,1421.0,1355.0,1403.0
-17.5,-0.81,-15.89,-2.25,-0.1,13.73,45.0,-22.5,-4.87,1342.0,1392.0,1366.0,1432.0
-16.73,-3.5,-16.03,-0.25,-0.1,14.28,46.0,-38.88,-4.0,1336.0,1378.0,1372.0,1447.0
-16.1,-5.12,-16.59,1.44,0.05,14.75,24.56,-27.06,-3.37,1332.0,1383.0,1375.0,1442.0
-16.03,-5.44,-16.59,1.94,-0.1,15.13,-5.12,1.75,-2.44,1331.0,1405.0,1376.0,1420.0
-13.37,-4.12,-17.29,0.5,-0.1,15.44,-30.5,34.44,-1.06,1337.0,1429.0,1370.0,1396.0
-12.18,-2.12,-17.85,-2.12,-0.1,15.69,-44.38,61.81,0.88,1344.0,1450.0,1364.0,1375.0
-8.19,0.0,-19.95,-5.12,-0.1,15.87,-39.69,62.06,3.12,1350.0,1450.0,1361.0,1372.0
-6.3,1.37,-20.72,-7.62,-0.1,15.97,-20.81,40.06,5.5,1353.0,1436.0,1361.0,1383.0
-5.6,1.5,-21.49,-8.75,-0.1,15.98,10.44,3.62,8.63,1352.0,1405.0,1366.0,1409.0
-4.83,0.56,-21.49,-8.38,-0.1,15.91,27.06,-17.31,10.38,1352.0,1386.0,1369.0,1425.0
-4.76,-0.94,-21.49,-6.81,-0.1,15.71,26.44,-28.87,11.0,1347.0,1377.0,1375.0,1434.0
-4.69,-1.5,-20.72,-5.62,-0.1,15.42,3.44,-22.69,11.44,1342.0,1383.0,1381.0,1426.0
-4.76,-0.62,-20.02,-5.0,-0.1,15.05,-23.56,-4.94,11.13,1339.0,1399.0,1385.0,1408.0
-4.76,1.37,-19.32,-5.56,-0.1,14.62,-49.88,20.31,11.5,1339.0,1423.0,1387.0,1383.0
-4.06,4.44,-18.06,-7.19,-0.1,14.14,-54.19,31.69,12.0,1343.0,1434.0,1385.0,1370.0
-2.66,6.62,-15.12,-8.69,-0.1,13.63,-37.81,28.75,12.56,1352.0,1431.0,1380.0,1370.0
-2.66,7.75,-13.3,-9.56,-0.1,13.1,-10.5,12.69,13.25,1358.0,1417.0,1377.0,1382.0
-2.59,7.56,-10.08,-9.5,-0.1,12.61,14.38,-8.81,14.06,1362.0,1399.0,1375.0,1396.0
-2.59,6.19,-8.75,-8.0,-0.1,12.06,30.94,-32.38,14.19,1362.0,1379.0,1378.0,1414.0
-2.66,4.75,-5.32,-6.0,-0.1,11.48,26.81,-43.13,14.13,1359.0,1372.0,1382.0,1419.0
-2.8,3.87,-1.82,-3.87,-0.1,10.86,11.06,-43.75,13.06,1354.0,1377.0,1387.0,1413.0
-2.8,4.06,-0.07,-1.75,-0.1,10.22,-10.5,-32.75,12.25,1351.0,1387.0,1392.0,1400.0
-2.03,5.12,-0.07,-0.5,-0.1,9.59,-27.44,-19.12,11.94,1349.0,1399.0,1396.0,1387.0
-1.89,6.75,-0.07,0.25,-0.1,8.95,-28.94,-9.88,11.69,1352.0,1404.0,1396.0,1380.0
-1.19,7.81,-0.07,0.56,-0.1,8.29,-17.75,-5.31,11.69,1358.0,1403.0,1391.0,1380.0
-0.63,8.13,-0.07,1.06,-0.1,7.64,-3.5,-5.94,12.0,1364.0,1395.0,1388.0,1384.0
0.07,7.69,-0.07,1.75,-0.1,7.0,12.38,-15.81,11.13,1369.0,1383.0,1385.0,1395.0
-3.78,6.81,-0.07,2.75,-0.1,6.45,19.0,-22.31,10.25,1364.0,1377.0,1387.0,1396.0
-8.26,5.81,-0.07,4.25,0.05,5.93,15.56,-25.81,10.0,1359.0,1376.0,1394.0,1395.0
-13.93,5.31,-0.14,5.56,-0.1,5.48,6.06,-26.75,8.81,1352.0,1383.0,1405.0,1392.0
-18.2,5.06,-0.14,6.75,-0.1,5.04,1.44,-21.25,7.75,1349.0,1389.0,1409.0,1385.0
-22.82,4.94,-0.14,7.62,-0.1,4.61,3.44,-14.06,7.44,1346.0,1392.0,1408.0,1378.0
-24.36,4.19,-0.77,8.06,-0.1,4.22,16.62,-5.75,5.5,1356.0,1393.0,1401.0,1382.0
-25.69,2.75,-1.61,7.87,-0.1,3.87,37.63,6.06,6.12,1367.0,1391.0,1391.0,1383.0
-27.09,0.5,-1.82,7.37,-0.1,3.56,50.63,12.94,5.75,1377.0,1387.0,1383.0,1385.0
-28.0,-2.19,-2.45,6.75,-0.1,3.31,59.5,13.81,5.12,1383.0,1383.0,1377.0,1390.0
-30.52,-5.0,-3.15,6.19,-0.1,3.14,58.56,9.69,4.87,1383.0,1381.0,1378.0,1390.0
-30.59,-8.06,-3.85,5.94,-0.1,3.03,48.63,3.25,5.31,1380.0,1378.0,1383.0,1393.0
-30.73,-9.94,-3.92,6.0,0.05,2.97,32.75,-2.94,5.37,1373.0,1379.0,1390.0,1390.0
-30.73,-11.19,-4.06,6.25,-0.1,2.89,19.44,-6.25,5.56,1364.0,1380.0,1394.0,1386.0
-29.26,-11.94,-5.53,6.62,-0.1,2.76,8.5,-7.94,5.69,1362.0,1382.0,1401.0,1387.0
-28.42,-12.13,-5.53,7.0,-0.1,2.59,1.12,-9.19,6.44,1359.0,1383.0,1405.0,1385.0
-27.79,-12.13,-6.23,7.44,-0.1,2.37,-2.19,-9.0,6.25,1356.0,1381.0,1405.0,1381.0
-27.51,-12.06,-6.86,7.81,-0.1,2.12,-3.81,-7.12,5.75,1355.0,1381.0,1406.0,1382.0
-25.34,-11.75,-9.1,8.06,-0.1,1.84,-7.44,-6.19,5.44,1357.0,1381.0,1409.0,1385.0
-24.57,-11.38,-10.57,8.0,-0.1,1.55,-11.5,2.37,5.0,1358.0,1384.0,1408.0,1382.0
-24.57,-10.75,-11.27,7.69,-0.1,1.26,-16.56,10.0,4.62,1359.0,1388.0,1408.0,1377.0
-23.87,-10.0,-11.34,7.0,-0.1,0.93,-17.62,13.19,2.75,1360.0,1393.0,1407.0,1373.0
-18.06,-8.88,-13.44,6.06,-0.1,0.66,-20.25,15.31,0.88,1362.0,1392.0,1404.0,1375.0
-7.84,-7.87,-14.56,5.31,-0.1,0.45,-21.75,16.19,-1.31,1364.0,1384.0,1394.0,1381.0
-0.28,-6.69,-17.99,4.5,-0.1,0.33,-25.94,18.31,-4.69,1367.0,1383.0,1392.0,1389.0
-0.07,-4.81,-18.06,3.19,-0.1,0.28,-33.63,24.94,-6.19,1365.0,1392.0,1391.0,1383.0
0.07,-2.5,-18.06,1.75,-0.1,0.3,-55.06,34.13,-10.13,1359.0,1408.0,1393.0,1373.0
0.07,0.56,-18.34,-0.19,-0.1,0.39,-71.94,42.31,-11.5,1354.0,1423.0,1395.0,1361.0
0.07,5.12,-18.34,-2.62,-0.1,0.56,-80.81,41.75,-12.06,1349.0,1435.0,1400.0,1352.0
0.07,8.88,-18.34,-4.5,0.05,0.79,-74.5,33.44,-13.19,1347.0,1439.0,1407.0,1355.0
0.07,12.25,-17.78,-6.12,-0.1,1.12,-49.0,19.5,-13.0,1350.0,1427.0,1405.0,1370.0
0.07,13.56,-16.94,-6.81,-0.1,1.49,-14.5,6.87,-12.63,1356.0,1415.0,1399.0,1385.0
-0.63,13.19,-15.47,-6.94,-0.1,1.94,14.25,-3.94,-12.81,1365.0,1401.0,1390.0,1403.0
-6.23,11.81,-10.99,-6.69,-0.1,2.41,33.31,-10.0,-14.13,1369.0,1396.0,1385.0,1410.0
-16.24,10.31,-3.36,-6.44,-0.1,2.97,24.94,-4.87,-15.56,1366.0,1413.0,1383.0,1398.0
-22.96,9.31,-0.14,-6.44,0.05,3.58,10.63,-1.37,-17.19,1356.0,1431.0,1389.0,1385.0
-26.18,9.19,0.49,-6.69,0.05,4.24,0.5,3.25,-16.81,1354.0,1442.0,1391.0,1379.0
-28.84,8.88,2.1,-6.94,-0.1,4.92,11.31,0.75,-15.94,1354.0,1441.0,1389.0,1381.0
-28.21,7.5,0.7,-6.69,-0.1,5.62,37.88,-12.75,-13.81,1358.0,1426.0,1385.0,1395.0
-28.07,4.12,0.7,-5.37,-0.1,6.32,65.12,-26.62,-11.69,1366.0,1404.0,1378.0,1416.0
-27.3,-0.06,0.63,-3.75,-0.1,7.01,92.31,-33.13,-11.0,1373.0,1385.0,1368.0,1439.0
-27.3,-4.69,0.63,-2.19,0.05,7.69,95.25,-28.75,-12.19,1378.0,1379.0,1359.0,1444.0
-27.3,-9.44,0.63,-1.06,-0.1,8.39,72.44,-11.94,-13.19,1379.0,1390.0,1354.0,1438.0
-28.21,-12.06,0.63,-0.62,0.05,9.09,42.44,-1.25,-13.63,1371.0,1409.0,1359.0,1425.0
-28.21,-13.25,0.63,-0.69,-0.1,9.86,7.31,8.31,-13.5,1361.0,1428.0,1366.0,1408.0
-28.21,-12.75,0.49,-0.94,-0.1,10.63,-16.06,6.19,-12.19,1350.0,1440.0,1376.0,1397.0
-24.43,-11.5,-0.21,-0.94,-0.1,11.39,-20.44,1.12,-11.81,1345.0,1439.0,1377.0,1400.0
-15.89,-11.31,-4.55,-0.37,-0.1,12.09,7.06,-14.19,-9.63,1351.0,1415.0,1373.0,1425.0
-9.52,-12.31,-7.28,0.75,-0.1,12.73,30.44,-25.19,-7.31,1359.0,1392.0,1365.0,1448.0
-7.35,-14.31,-8.61,2.25,-0.1,13.3,38.19,-21.75,-7.06,1365.0,1385.0,1358.0,1457.0
-2.87,-15.38,-9.8,2.75,0.05,13.81,9.75,2.12,-6.56,1368.0,1394.0,1355.0,1447.0
-1.47,-15.0,-10.57,2.37,-0.1,14.3,-22.19,16.25,-5.56,1362.0,1413.0,1359.0,1430.0
0.07,-12.38,-13.72,0.88,-0.1,14.78,-55.19,27.06,-2.69,1352.0,1432.0,1371.0,1409.0
6.65,-8.75,-20.58,-0.56,-0.1,15.23,-81.31,30.06,1.56,1345.0,1440.0,1387.0,1401.0
7.28,-4.87,-21.91,-1.69,-0.1,15.57,-79.0,17.5,2.44,1340.0,1438.0,1395.0,1407.0
7.91,-1.19,-23.66,-2.12,-0.1,15.78,-55.0,1.62,4.81,1343.0,1425.0,1398.0,1422.0
10.01,0.88,-24.36,-1.94,-0.1,15.87,-37.0,-6.0,4.87,1348.0,1419.0,1400.0,1433.0
9.87,2.62,-23.45,-1.81,-0.1,15.87,-27.87,1.25,7.06,1331.0,1392.0,1375.0,1414.0
10.71,3.69,-24.71,-2.5,-0.1,15.78,-21.69,22.94,8.63,1050.0,1102.0,1069.0,1114.0
5.88,5.19,-20.86,-4.75,-0.1,15.62,-29.81,43.63,-1.44,1000.0,1044.0,1000.0,1010.0
0.14,6.62,-16.45,-7.75,-0.1,15.53,-28.94,65.56,-2.44,1000.0,1073.0,1000.0,1000.0
0.14,8.75,-14.7,-11.0,-0.1,15.48,-53.94,70.19,-9.88,1000.0,1086.0,1000.0,1000.0
0.14,12.94,-10.01,-15.88,-0.1,15.58,-84.56,85.62,-18.19,1000.0,1118.0,1000.0,1000.0
0.14,3.56,-9.31,-6.56,-0.1,16.07,277.56,-362.87,-91.75,1000.0,1000.0,1000.0,1315.0
0.14,1.12,-9.17,5.75,-0.1,17.37,-207.0,-102.31,-47.31,1000.0,1028.0,1033.0,1133.0
0.14,15.56,-9.1,5.19,-0.1,18.8,-276.87,-7.56,-42.31,1000.0,1207.0,1066.0,1000.0
0.14,30.31,-8.4,1.5,-0.1,20.09,-174.62,115.44,-44.13,1000.0,1209.0,1003.0,1000.0
0.14,29.62,-7.0,-2.56,0.05,21.07,76.0,79.37,13.25,1007.0,1062.0,1000.0,1007.0
0.14,22.31,-6.86,-1.94,0.05,21.49,130.06,-27.37,38.88,1010.0,1000.0,1000.0,1057.0
0.07,9.88,-6.86,1.19,-0.1,21.42,292.19,-61.44,57.38,1077.0,1000.0,1000.0,1136.0
0.14,1.37,-6.23,-2.25,-0.1,20.86,26.12,77.44,31.5,1063.0,1032.0,1000.0,1000.0
0.14,8.0,-6.23,-7.37,-0.1,20.22,-79.56,45.13,-17.06,1000.0,1107.0,1000.0,1000.0
0.07,5.81,-6.23,-4.94,-0.1,20.08,70.81,-87.37,-44.75,1000.0,1020.0,1000.0,1118.0
0.14,3.5,-6.02,-0.94,-0.1,20.51,0.81,-53.13,-20.44,1000.0,1012.0,1000.0,1114.0
0.14,6.25,-6.02,-1.25,0.05,20.92,-83.62,25.56,15.44,1000.0,1069.0,1000.0,1000.0
0.14,5.06,-5.88,-0.88,0.05,21.03,60.25,-16.19,21.56,1000.0,1012.0,1000.0,1038.0
0.14,4.56,-5.67,-1.31,-0.1,21.1,-30.06,17.5,-7.12,1000.0,1064.0,1000.0,1025.0
0.14,4.12,-4.97,-0.94,0.05,21.35,16.31,4.56,2.62,1000.0,1031.0,1000.0,1053.0
0.14,4.44,-4.27,-1.06,0.05,21.58,1.19,-5.62,-2.25,1000.0,1044.0,1000.0,1038.0
0.14,4.31,-4.27,-1.06,0.05,21.79,-6.5,1.62,0.25,1000.0,1042.0,1000.0,1035.0
0.14,4.25,-3.57,-1.06,0.05,22.0,3.75,2.31,0.88,1000.0,1040.0,1000.0,1041.0
0.14,4.31,-3.57,-1.06,0.05,22.2,2.37,-0.5,-0.19,1000.0,1043.0,1000.0,1040.0
0.14,4.37,-3.43,-1.06,-0.1,22.41,-1.0,-0.62,-0.56,1000.0,1044.0,1000.0,1040.0
0.14,4.37,-2.8,-1.06,-0.1,22.62,-1.75,-1.25,-0.5,1000.0,1044.0,1000.0,1040.0
0.14,4.31,-2.94,-1.06,-0.1,22.83,-0.81,-0.75,-0.25,1000.0,1045.0,1000.0,1041.0
0.14,4.25,-2.8,-1.06,-0.1,23.04,0.5,0.0,-0.25,1000.0,1045.0,1000.0,1041.0
0.14,4.12,-2.8,-1.06,0.05,23.23,0.56,0.56,-0.13,1000.0,1045.0,1000.0,1041.0
0.14,3.94,-2.59,-1.0,0.05,23.39,0.44,0.44,0.5,1000.0,1045.0,1000.0,1042.0
0.14,3.75,-2.59,-0.94,0.05,23.52,-0.88,-0.44,0.5,1000.0,1045.0,1000.0,1042.0
0.14,3.69,-2.38,-0.94,0.05,23.63,-1.06,-0.25,0.31,1000.0,1045.0,1000.0,1042.0
0.14,3.56,-2.24,-0.94,0.05,23.71,-0.44,-0.37,0.19,1000.0,1046.0,1000.0,1043.0
0.14,3.44,-2.38,-0.94,0.05,23.78,0.13,0.56,-0.06,1000.0,1046.0,1000.0,1043.0
0.14,3.31,-0.98,-0.94,0.05,23.84,0.37,0.37,-0.25,1000.0,1047.0,1000.0,1042.0
0.14,3.19,-0.28,-0.94,0.05,23.91,-0.75,-0.25,0.0,1000.0,1047.0,1000.0,1042.0
0.14,3.06,-0.21,-1.0,0.05,23.97,-0.37,0.0,0.19,1000.0,1047.0,1000.0,1042.0
0.14,3.0,-0.14,-0.94,0.05,24.02,-0.44,-0.19,0.19,1000.0,1047.0,1000.0,1042.0
0.14,2.94,-0.07,-0.94,0.05,24.08,0.0,0.19,0.0,1000.0,1047.0,1000.0,1042.0
0.14,2.87,-0.07,-0.94,0.05,24.12,0.13,0.06,0.13,1000.0,1048.0,1000.0,1042.0
0.14,2.81,-0.07,-1.0,0.05,24.14,0.06,0.31,-0.13,1000.0,1048.0,1000.0,1043.0
0.14,2.75,-0.07,-0.94,0.05,24.15,0.06,0.25,-0.13,1000.0,1048.0,1000.0,1042.0
0.14,2.69,-0.07,-0.94,0.05,24.16,0.06,0.06,-0.13,1000.0,1047.0,1000.0,1042.0
0.14,2.62,-0.07,-0.94,0.05,24.17,-0.31,-0.19,0.0,1000.0,1047.0,1000.0,1043.0
0.14,2.56,-0.07,-0.94,0.05,24.17,0.06,0.06,0.06,1000.0,1047.0,1000.0,1043.0
0.14,2.56,-0.07,-0.94,0.05,24.18,0.06,0.19,0.0,1000.0,1047.0,1000.0,1042.0
0.14,2.56,-0.07,-0.94,0.05,24.18,-0.25,0.0,0.0,1000.0,1047.0,1000.0,1043.0
0.14,2.5,-0.07,-0.94,0.05,24.18,-0.37,0.0,0.13,1000.0,1047.0,1000.0,1043.0
0.14,2.5,-0.07,-0.94,0.05,24.18,-0.44,0.0,0.19,1000.0,1047.0,1000.0,1043.0
0.14,2.44,-0.07,-0.94,0.05,24.18,0.0,0.13,0.0,1000.0,1047.0,1000.0,1043.0
0.14,2.44,-0.07,-0.94,0.05,24.18,-0.25,-0.06,-0.06,1000.0,1047.0,1000.0,1043.0
0.14,2.44,-0.07,-0.94,0.05,24.18,0.0,-0.19,0.0,1000.0,1048.0,1000.0,1044.0
0.14,2.37,-0.07,-0.94,0.05,24.19,-0.13,-0.25,0.0,1000.0,1048.0,1000.0,1044.0
0.14,2.37,-0.07,-0.94,0.05,24.19,0.0,0.06,-0.06,1000.0,1049.0,1000.0,1045.0
0.14,2.31,-0.07,-0.94,0.05,24.19,-0.13,0.0,-0.13,1000.0,1049.0,1000.0,1045.0
0.14,2.31,-0.07,-0.94,0.05,24.19,0.13,0.06,-0.13,1000.0,1051.0,1000.0,1047.0
0.14,2.31,-0.07,-0.88,0.05,24.19,0.06,0.0,-0.13,1000.0,1055.0,1000.0,1051.0
0.14,2.25,-0.07,-0.88,0.05,24.19,-0.13,-0.06,-0.06,1000.0,1056.0,1000.0,1052.0
0.14,2.25,-0.07,-0.88,0.05,24.19,0.0,0.13,0.06,1000.0,1059.0,1000.0,1055.0
0.14,2.19,-0.07,-0.88,0.05,24.19,1.25,1.5,-2.69,1000.0,1061.0,1000.0,1056.0
0.14,2.19,-0.07,-0.88,0.05,24.19,0.31,0.5,-1.94,1000.0,1060.0,1000.0,1056.0
0.14,2.19,-0.07,-0.88,0.05,24.19,-0.56,0.69,-0.88,1000.0,1060.0,1000.0,1057.0
0.14,2.12,-0.07,-0.88,0.05,24.19,-1.44,0.19,-1.25,1000.0,1060.0,1000.0,1059.0
0.14,2.12,-0.07,-0.88,0.05,24.19,0.44,0.13,-0.25,1000.0,1061.0,1000.0,1057.0
0.14,2.12,-0.07,-0.88,-0.1,24.19,0.13,-0.19,-0.94,1000.0,1061.0,1000.0,1057.0
0.14,2.19,-0.07,-0.94,0.05,24.2,-1.62,2.12,0.88,1000.0,1062.0,1000.0,1055.0
0.14,2.75,-0.07,-1.31,0.05,24.21,-18.19,8.94,1.06,1000.0,1072.0,1000.0,1045.0
0.14,4.19,-0.07,-1.87,0.05,24.2,-31.87,10.69,-14.38,1000.0,1088.0,1000.0,1043.0
0.14,6.0,-0.07,-2.37,0.05,24.34,-40.75,13.56,-18.75,1000.0,1095.0,1000.0,1046.0
0.14,7.94,-0.07,-3.81,0.05,24.74,-38.44,36.56,-30.44,1000.0,1117.0,1000.0,1045.0
0.14,10.19,-0.07,-7.44,0.05,25.32,-37.19,69.25,-22.0,1000.0,1129.0,1000.0,1025.0
0.14,13.06,-0.07,-12.63,0.05,25.92,-73.44,108.19,-15.19,1000.0,1168.0,1000.0,1000.0
0.14,15.25,-0.07,-16.69,0.05,26.5,-41.88,64.25,-15.38,1000.0,1139.0,1000.0,1010.0
0.14,16.75,-0.07,-19.31,0.05,27.1,-10.63,12.5,-14.94,1000.0,1125.0,1000.0,1025.0
0.14,16.44,-0.07,-19.37,0.05,27.73,8.69,-9.75,-17.75,1000.0,1097.0,1000.0,1056.0
0.14,15.38,-0.07,-18.87,0.05,28.52,12.69,-13.0,-24.31,1000.0,1095.0,1000.0,1072.0
0.14,15.0,-0.07,-18.94,0.05,29.4,-0.37,-2.31,-18.44,1000.0,1104.0,1000.0,1060.0
0.14,15.0,-0.07,-19.25,0.05,30.31,-7.31,6.5,-14.31,1000.0,1109.0,1000.0,1052.0
0.14,15.06,-0.07,-20.19,0.05,31.17,-4.37,17.12,-20.5,1000.0,1118.0,1000.0,1051.0
0.14,14.69,-0.07,-21.44,0.05,32.08,6.69,18.75,-25.69,1000.0,1123.0,1000.0,1057.0
0.14,13.44,-0.07,-22.31,0.05,33.01,27.31,8.25,-27.37,1000.0,1115.0,1000.0,1074.0
0.14,10.56,-0.07,-22.5,0.05,33.94,50.0,-2.94,-25.19,1000.0,1097.0,1000.0,1092.0
0.14,6.87,-0.07,-22.25,0.05,34.84,73.12,-4.25,-30.81,1000.0,1088.0,1000.0,1112.0
0.14,3.56,-0.07,-22.37,0.05,35.7,59.31,6.31,-16.44,1000.0,1090.0,1000.0,1097.0
0.14,0.75,-0.07,-22.5,0.05,36.38,58.25,-1.12,-3.0,1000.0,1079.0,1000.0,1093.0
0.14,-2.06,-0.07,-22.06,0.05,36.71,53.13,-11.44,10.0,1000.0,1066.0,1000.0,1089.0
0.14,-3.94,-0.07,-21.0,0.05,36.7,41.44,-31.44,18.0,1000.0,1054.0,1000.0,1088.0
0.14,-5.25,-0.07,-19.06,0.05,36.32,28.37,-48.75,21.12,1000.0,1045.0,1000.0,1092.0
0.14,-5.56,-0.07,-16.31,0.05,35.65,0.75,-51.06,20.62,1000.0,1047.0,1000.0,1083.0
0.14,-5.12,-0.07,-13.81,0.05,34.86,-11.13,-54.63,12.56,1000.0,1056.0,1000.0,1084.0
0.14,-3.69,-0.07,-10.63,0.05,34.01,-29.12,-55.5,8.25,1000.0,1061.0,1000.0,1083.0
0.14,-1.19,-0.07,-8.25,0.05,33.23,-63.19,-46.06,5.5,1000.0,1080.0,1000.0,1065.0
0.14,3.44,-0.07,-5.12,0.05,32.51,-86.25,-58.56,10.06,1000.0,1081.0,1014.0,1056.0
0.14,9.31,-0.07,-2.37,0.05,31.83,-142.12,-54.19,14.38,1000.0,1101.0,1042.0,1029.0
0.14,16.81,-0.07,0.69,0.05,31.13,-161.87,-58.0,19.87,1000.0,1108.0,1069.0,1011.0
0.14,26.25,-0.07,4.5,0.05,30.32,-163.69,-47.19,22.25,1000.0,1117.0,1079.0,1000.0
0.14,32.75,-0.07,7.56,0.05,29.47,-127.87,-35.06,12.56,1000.0,1114.0,1065.0,1005.0
0.14,37.25,-0.07,10.44,0.05,28.65,-75.31,-40.94,9.56,1000.0,1098.0,1051.0,1024.0
0.14,39.38,-0.07,13.19,0.05,27.96,-34.13,-36.31,11.06,1000.0,1079.0,1038.0,1040.0
0.14,40.0,-0.07,15.56,0.05,27.3,-8.19,-21.81,12.56,1000.0,1069.0,1027.0,1044.0
0.14,39.31,-0.07,15.88,0.05,26.76,27.12,-3.62,-3.0,1000.0,1072.0,1000.0,1057.0
0.14,37.63,-0.07,14.88,0.05,26.44,46.31,8.31,-13.19,1000.0,1074.0,1000.0,1067.0
0.14,35.38,-0.07,12.56,0.05,26.41,44.69,22.19,-17.06,1000.0,1083.0,1000.0,1069.0
0.14,34.06,-0.07,10.56,0.05,26.42,23.94,37.0,1.56,1000.0,1088.0,1000.0,1040.0
0.14,31.87,-0.07,8.56,0.05,26.3,45.31,28.37,5.94,1000.0,1075.0,1000.0,1045.0
0.14,29.25,-0.07,7.37,0.05,26.0,55.75,25.75,20.19,1000.0,1058.0,1000.0,1043.0
0.14,26.19,-0.07,6.5,0.05,25.51,60.56,27.25,29.37,1000.0,1045.0,1000.0,1040.0
0.14,22.37,-0.07,5.12,0.05,24.73,62.0,33.5,26.69,1005.0,1044.0,1000.0,1039.0
0.14,19.62,-0.07,3.5,0.05,23.84,49.69,38.13,17.19,1002.0,1054.0,1000.0,1038.0
0.14,15.38,-0.07,-1.5,0.05,21.64,12.0,23.37,-11.31,1000.0,1079.0,1000.0,1043.0
0.14,15.25,-0.07,-2.5,0.05,21.31,-0.75,15.88,-10.56,1000.0,1081.0,1000.0,1041.0
0.14,15.56,-0.07,-3.25,0.05,21.14,-8.94,11.13,-15.25,1000.0,1084.0,1000.0,1043.0
0.14,16.62,-0.07,-4.19,0.05,21.14,-29.06,23.44,-12.94,1000.0,1096.0,1000.0,1028.0
0.14,17.94,-0.07,-5.69,0.05,21.3,-23.44,22.31,-20.56,1000.0,1104.0,1000.0,1030.0
0.14,19.06,-0.07,-7.19,0.05,21.62,-12.69,15.63,-16.69,1000.0,1099.0,1000.0,1032.0
0.14,19.25,-0.07,-7.94,0.05,22.01,-2.19,8.81,-6.56,1000.0,1086.0,1000.0,1036.0
0.14,18.94,-0.07,-8.0,0.05,22.35,9.63,-0.25,7.94,1000.0,1069.0,1000.0,1035.0
0.14,18.37,-0.07,-7.44,0.05,22.48,13.13,-6.81,22.69,1000.0,1052.0,1000.0,1031.0
0.14,17.87,-0.07,-6.5,0.05,22.29,8.31,-4.87,28.19,1000.0,1048.0,1000.0,1025.0
0.14,17.44,-0.07,-5.94,0.05,21.83,10.5,-2.69,22.0,1000.0,1050.0,1000.0,1028.0
0.14,17.06,-0.07,-5.75,0.05,21.24,5.19,2.37,13.25,1000.0,1058.0,1000.0,1030.0
0.14,17.37,-0.07,-6.12,0.05,20.63,-13.31,13.75,3.62,1000.0,1075.0,1000.0,1022.0
0.14,18.37,-0.07,-6.81,0.05,20.11,-24.5,15.13,-1.69,1000.0,1085.0,1000.0,1019.0
0.14,19.25,-0.07,-7.75,0.05,19.76,-9.94,14.31,-16.75,1000.0,1091.0,1000.0,1027.0
0.14,19.0,-0.07,-8.75,0.05,19.7,8.5,10.69,-25.25,1000.0,1091.0,1000.0,1046.0
0.14,18.62,-0.07,-9.25,0.05,19.88,4.19,3.19,-5.69,1000.0,1074.0,1000.0,1035.0
0.14,18.56,-0.07,-9.06,0.05,20.02,1.62,-3.44,7.56,1000.0,1064.0,1000.0,1029.0
0.14,18.31,-0.07,-8.81,0.05,20.09,7.56,-4.31,3.69,1000.0,1063.0,1000.0,1033.0
0.14,17.87,-0.07,-8.44,0.05,20.1,11.31,-7.25,2.62,1000.0,1061.0,1000.0,1038.0
0.14,17.19,-0.07,-7.94,0.05,20.09,11.69,-8.0,2.56,1000.0,1060.0,1000.0,1039.0
0.14,16.62,-0.07,-7.62,0.05,20.07,12.0,-6.0,0.56,1000.0,1060.0,1000.0,1042.0
0.14,16.12,-0.07,-7.5,0.05,20.06,13.13,-2.62,-2.19,1000.0,1063.0,1000.0,1040.0
0.14,15.44,-0.07,-7.75,0.05,20.08,8.0,8.06,-2.87,1000.0,1068.0,1000.0,1040.0
0.14,15.25,-0.07,-8.31,0.05,20.09,5.0,12.31,0.25,1000.0,1072.0,1000.0,1031.0
0.14,15.19,-0.07,-8.81,0.05,20.05,0.69,9.31,10.5,1000.0,1067.0,1000.0,1023.0
0.14,14.94,-0.07,-8.31,0.05,19.92,6.0,-5.56,18.81,1000.0,1051.0,1000.0,1029.0
0.14,14.56,-0.07,-7.69,0.05,19.63,13.0,-9.56,19.31,1000.0,1044.0,1000.0,1029.0
0.07,13.69,-0.07,-6.94,0.05,19.28,17.0,-7.62,13.69,1000.0,1045.0,1000.0,1036.0
0.14,13.69,-0.07,-6.69,0.05,18.84,-4.37,-1.62,23.0,1000.0,1050.0,1001.0,1018.0
0.14,13.81,-0.07,-5.94,0.05,18.31,-1.81,-12.31,27.0,1000.0,1040.0,1009.0,1022.0
0.14,14.13,-0.07,-5.19,0.05,17.58,-5.0,-7.75,34.5,1000.0,1039.0,1015.0,1012.0
0.14,14.13,-0.07,-4.44,0.05,16.59,0.06,1.31,43.0,1004.0,1027.0,1020.0,1006.0
0.14,9.88,-0.07,-2.37,0.05,15.42,115.0,-48.75,18.37,1014.0,1000.0,1000.0,1087.0
0.14,3.37,-0.07,-0.62,0.05,14.5,96.12,-3.94,10.69,1030.0,1000.0,1000.0,1088.0
0.14,0.5,-0.07,-1.69,0.05,13.8,27.12,45.25,15.31,1029.0,1025.0,1000.0,1035.0
0.14,1.75,-0.07,-1.31,0.05,13.14,-22.94,-38.31,-15.81,1000.0,1049.0,1008.0,1036.0
0.14,1.87,-0.07,-0.81,0.05,12.97,-7.19,29.94,-31.75,1000.0,1066.0,1000.0,1054.0
0.14,1.12,-0.07,-1.5,0.05,13.04,4.0,-10.13,6.81,1000.0,1030.0,1000.0,1036.0
0.14,1.62,-0.07,-1.37,0.05,13.1,-4.31,-1.0,0.88,1000.0,1043.0,1000.0,1032.0
0.14,1.37,-0.07,-1.25,0.05,13.17,-5.56,4.0,-0.06,1000.0,1041.0,1000.0,1037.0
0.14,1.37,-0.07,-1.25,0.05,13.24,4.37,-0.75,-1.25,1000.0,1039.0,1000.0,1038.0
0.14,1.44,-0.07,-1.25,0.05,13.3,1.56,-0.19,-0.62,1000.0,1041.0,1000.0,1036.0
0.14,1.44,-0.07,-1.25,0.05,13.38,-1.31,-0.56,0.0,1000.0,1041.0,1000.0,1035.0
0.14,1.44,-0.07,-1.25,0.05,13.46,-1.12,-0.06,0.0,1000.0,1040.0,1000.0,1036.0
0.14,1.44,-0.07,-1.25,0.05,13.71,0.25,0.0,0.37,1000.0,1041.0,1000.0,1038.0
0.14,1.44,-0.07,-1.25,0.05,13.77,-0.44,-0.62,-0.06,1000.0,1041.0,1000.0,1038.0
0.14,1.44,-0.07,-1.25,0.05,13.9,-0.13,-0.19,-0.13,1000.0,1041.0,1000.0,1038.0
0.14,1.44,-0.07,-1.25,0.05,13.99,0.0,0.37,0.31,1000.0,1042.0,1000.0,1038.0
0.14,1.44,-0.07,-1.25,0.05,14.09,0.19,0.31,0.13,1000.0,1042.0,1000.0,1038.0
0.14,1.44,-0.07,-1.25,0.05,14.17,0.13,0.25,-0.06,1000.0,1042.0,1000.0,1038.0
0.14,1.44,-0.07,-1.25,-0.1,14.23,-0.13,-0.25,-0.37,1000.0,1042.0,1000.0,1039.0
0.14,1.44,-0.07,-1.25,0.05,14.28,-0.19,-0.19,-0.19,1000.0,1042.0,1000.0,1038.0
0.14,1.44,-0.07,-1.25,0.05,14.33,0.06,0.0,-0.13,1000.0,1042.0,1000.0,1039.0
0.14,1.44,-0.07,-1.25,0.05,14.37,0.19,0.25,0.0,1000.0,1042.0,1000.0,1039.0
0.14,1.44,-0.07,-1.25,0.05,14.45,0.0,0.19,0.13,1000.0,1042.0,1000.0,1039.0
0.14,1.44,-0.07,-1.25,0.05,14.52,-0.13,0.19,0.06,1000.0,1043.0,1000.0,1039.0
0.14,1.44,-0.07,-1.25,0.05,14.59,-0.13,-0.06,-0.06,1000.0,1043.0,1000.0,1039.0
0.14,1.44,-0.07,-1.25,0.05,14.65,0.06,-0.13,0.0,1000.0,1043.0,1000.0,1039.0
0.14,1.37,-0.07,-1.25,0.05,14.7,0.06,0.0,0.0,1000.0,1043.0,1000.0,1039.0
0.14,1.37,-0.07,-1.25,-0.1,14.74,0.13,0.06,-0.06,1000.0,1043.0,1000.0,1040.0
0.14,1.37,-0.07,-1.25,0.05,14.77,0.06,0.13,0.0,1000.0,1043.0,1000.0,1039.0
0.14,1.37,-0.07,-1.25,0.05,14.8,0.0,0.0,0.06,1000.0,1043.0,1000.0,1040.0
0.14,1.37,-0.07,-1.25,-0.1,14.81,-0.25,0.0,0.13,1000.0,1043.0,1000.0,1040.0
0.14,1.37,-0.07,-1.25,-0.1,14.83,-0.06,0.06,0.06,1000.0,1043.0,1000.0,1040.0
0.14,1.37,-0.07,-1.25,0.05,14.84,-0.06,0.06,0.0,1000.0,1043.0,1000.0,1040.0
0.14,1.37,-0.07,-1.25,0.05,14.85,0.06,0.13,0.13,1000.0,1043.0,1000.0,1040.0
0.14,1.37,-0.07,-1.25,0.05,14.85,0.13,0.13,0.0,1000.0,1043.0,1000.0,1040.0
0.14,1.37,-0.07,-1.25,0.05,14.86,0.06,-0.06,0.06,1000.0,1043.0,1000.0,1040.0
0.14,1.37,-0.07,-1.25,-0.1,14.86,0.0,0.0,0.06,1000.0,1043.0,1000.0,1040.0
0.14,1.37,-0.07,-1.25,-0.1,14.86,-0.06,-0.06,0.19,1000.0,1043.0,1000.0,1040.0
0.14,1.37,-0.07,-1.25,-0.1,14.87,0.0,-0.13,-0.06,1000.0,1043.0,1000.0,1040.0
0.14,1.37,-0.07,-1.25,0.05,14.87,-0.19,-0.06,0.06,1000.0,1043.0,1000.0,1040.0
0.14,1.37,-0.07,-1.25,0.05,14.87,-0.06,0.0,0.0,1000.0,1043.0,1000.0,1040.0
0.14,1.37,-0.07,-1.25,-0.1,14.87,-0.13,-0.06,-0.13,1000.0,1043.0,1000.0,1040.0
0.14,1.37,-0.07,-1.25,-0.1,14.87,-0.19,0.06,0.13,1000.0,1044.0,1000.0,1040.0
0.14,1.37,-0.07,-1.25,0.05,14.87,-0.06,0.0,0.06,1000.0,1043.0,1000.0,1040.0
0.14,1.37,-0.07,-1.25,-0.1,14.87,0.06,0.0,0.0,1000.0,1043.0,1000.0,1040.0
0.14,1.37,-0.07,-1.25,-0.1,14.87,0.06,0.06,-0.06,1000.0,1043.0,1000.0,1040.0
0.14,1.37,-0.07,-1.25,0.05,14.87,-0.06,0.0,0.06,1000.0,1043.0,1000.0,1040.0
0.07,1.37,-0.07,-1.25,0.05,14.87,-0.06,0.0,-0.06,1000.0,1043.0,1000.0,1040.0
0.07,1.37,-0.07,-1.25,0.05,14.87,0.19,-0.19,0.0,1000.0,1043.0,1000.0,1040.0
0.07,1.37,-0.07,-1.25,0.05,14.87,0.0,-0.06,0.0,1000.0,1043.0,1000.0,1040.0
0.07,1.37,-0.07,-1.25,0.05,14.87,-0.13,0.0,0.0,1000.0,1043.0,1000.0,1040.0
0.07,1.37,-0.07,-1.25,0.05,14.87,0.06,0.06,-0.06,1000.0,1043.0,1000.0,1040.0
0.07,1.37,-0.07,-1.25,0.05,14.87,0.0,-0.13,0.06,1000.0,1043.0,1000.0,1040.0
0.07,1.37,-0.07,-1.25,0.05,14.87,0.25,-0.13,0.0,1000.0,1043.0,1000.0,1040.0
0.07,1.37,-0.07,-1.25,0.05,14.87,0.0,0.0,-0.06,1000.0,1043.0,1000.0,1040.0
0.07,1.37,-0.07,-1.25,-0.1,14.87,-0.19,0.0,0.0,1000.0,1043.0,1000.0,1040.0
0.07,1.37,-0.07,-1.25,-0.1,14.87,-0.06,-0.06,-0.06,1000.0,1044.0,1000.0,1040.0
0.07,1.37,-0.07,-1.25,0.05,14.87,0.25,-0.06,0.0,1000.0,1043.0,1000.0,1040.0
0.07,1.37,-0.07,-1.25,-0.1,14.87,0.0,-0.06,-0.06,1000.0,1043.0,1000.0,1040.0
0.07,1.37,-0.07,-1.25,-0.1,14.87,-0.06,-0.06,0.06,1000.0,1043.0,1000.0,1040.0
0.07,1.37,-0.07,-1.25,0.05,14.87,-0.06,0.0,0.0,1000.0,1043.0,1000.0,1040.0
0.07,1.37,-0.07,-1.25,0.05,14.87,0.0,0.0,-0.06,1000.0,1043.0,1000.0,1040.0
0.07,1.37,-0.07,-1.25,0.05,14.87,0.13,-0.13,0.06,1000.0,1043.0,1000.0,1040.0
0.07,1.37,-0.07,-1.25,0.05,14.87,0.19,-0.06,-0.13,1000.0,1043.0,1000.0,1040.0
0.07,1.37,-0.07,-1.25,0.05,14.87,0.0,0.06,0.06,1000.0,1043.0,1000.0,1040.0
0.07,1.37,-0.07,-1.25,0.05,14.87,0.13,-0.13,-0.13,1000.0,1043.0,1000.0,1040.0
0.07,1.37,-0.07,-1.25,0.05,14.87,0.0,0.06,-0.06,1000.0,1043.0,1000.0,1040.0
0.07,1.37,-0.07,-1.25,-0.1,14.87,0.13,0.0,0.06,1000.0,1043.0,1000.0,1040.0
0.07,1.37,-0.07,-1.25,-0.1,14.87,-0.13,0.06,-0.13,1000.0,1044.0,1000.0,1040.0
-0.14,1.37,-0.07,-1.25,-0.1,14.87,-0.19,0.0,-0.06,1000.0,1044.0,1000.0,1040.0
-0.14,1.37,-0.07,-1.25,-0.1,14.87,-0.06,0.0,0.0,1000.0,1044.0,1000.0,1040.0
-0.14,1.37,-0.07,-1.25,-0.1,14.87,-0.06,0.06,-0.19,1000.0,1044.0,1000.0,1040.0
-0.14,1.37,-0.07,-1.25,-0.1,14.87,0.06,0.13,-0.19,1000.0,1044.0,1000.0,1040.0
-0.14,1.37,-0.07,-1.25,0.05,14.87,-0.13,0.06,0.13,1000.0,1043.0,1000.0,1040.0
-0.14,1.37,-0.07,-1.25,0.05,14.87,0.13,0.0,-0.06,1000.0,1043.0,1000.0,1040.0
-0.14,1.37,-0.07,-1.25,0.05,14.87,0.0,0.0,0.0,1000.0,1043.0,1000.0,1040.0
-0.14,1.37,-0.07,-1.25,-0.1,14.87,-0.06,-0.13,-0.13,1000.0,1044.0,1000.0,1040.0
-0.14,1.37,-0.07,-1.25,0.05,14.87,-0.13,-0.06,0.0,1000.0,1043.0,1000.0,1040.0
-0.14,1.37,-0.07,-1.25,-0.1,14.87,0.0,0.0,-0.19,1000.0,1044.0,1000.0,1040.0
-0.28,1.37,-0.07,-1.25,0.05,14.87,0.0,0.0,-0.25,1000.0,1043.0,1000.0,1039.0
-0.28,1.37,-0.07,-1.25,-0.1,14.87,0.13,0.0,-0.06,1000.0,1044.0,1000.0,1040.0
-0.28,1.37,-0.07,-1.25,-0.1,14.87,0.0,-0.06,-0.06,1000.0,1044.0,1000.0,1040.0
-0.28,1.37,-0.07,-1.25,-0.1,14.87,-0.06,-0.06,0.06,1000.0,1044.0,1000.0,1040.0
-0.28,1.37,-0.07,-1.25,0.05,14.87,0.19,-0.06,0.0,1000.0,1044.0,1000.0,1040.0
-0.28,1.37,-0.07,-1.25,-0.1,14.87,0.06,0.06,-0.06,1000.0,1044.0,1000.0,1040.0
-0.28,1.37,-0.07,-1.25,0.05,14.87,-0.06,-0.06,0.0,1000.0,1043.0,1000.0,1039.0
-0.28,1.37,-0.07,-1.25,0.05,14.87,0.0,0.06,0.06,1000.0,1043.0,1000.0,1039.0
-0.35,1.37,-0.07,-1.25,-0.1,14.87,-0.25,0.06,0.13,1000.0,1044.0,1000.0,1040.0
-0.35,1.37,-0.07,-1.25,0.05,14.87,0.06,0.06,0.06,1000.0,1044.0,1000.0,1039.0
-0.35,1.37,-0.07,-1.25,0.05,14.87,-0.19,0.06,0.06,1000.0,1043.0,1000.0,1039.0
-0.35,1.37,-0.07,-1.25,0.05,14.87,-0.06,0.0,0.13,1000.0,1044.0,1000.0,1039.0
-0.35,1.37,-0.07,-1.25,0.05,14.87,0.0,-0.13,0.13,1000.0,1043.0,1000.0,1039.0
-0.35,1.37,-0.07,-1.25,0.05,14.87,-0.06,0.06,0.13,1000.0,1043.0,1000.0,1039.0
-0.35,1.37,-0.07,-1.25,-0.1,14.87,0.0,-0.13,0.06,1000.0,1044.0,1000.0,1040.0
-0.35,1.37,-0.07,-1.25,0.05,14.87,0.0,0.0,-0.06,1000.0,1044.0,1000.0,1039.0
-0.35,1.37,-0.07,-1.25,-0.1,14.87,-0.13,0.0,0.13,1000.0,1044.0,1000.0,1040.0
-0.35,1.37,-0.07,-1.25,0.05,14.87,0.0,0.0,-0.13,1000.0,1044.0,1000.0,1039.0
-0.35,1.37,-0.07,-1.25,0.05,14.87,-0.06,0.0,0.0,1000.0,1044.0,1000.0,1039.0
-0.35,1.37,-0.07,-1.25,-0.1,14.87,-0.13,0.0,0.06,1000.0,1044.0,1000.0,1040.0
-0.35,1.37,-0.07,-1.25,0.05,14.87,0.0,-0.06,-0.13,1000.0,1044.0,1000.0,1039.0
-0.35,1.37,-0.07,-1.25,-0.1,14.87,-0.06,-0.13,-0.06,1000.0,1044.0,1000.0,1040.0
-0.35,1.37,-0.07,-1.25,-0.1,14.87,0.0,-0.06,-0.13,1000.0,1044.0,1000.0,1040.0
-0.35,1.37,-0.07,-1.25,-0.1,14.87,0.06,0.06,-0.06,1000.0,1044.0,1000.0,1040.0
-0.35,1.37,-0.07,-1.25,-0.1,14.87,0.19,0.19,-0.06,1000.0,1044.0,1000.0,1040.0
-0.35,1.37,-0.07,-1.25,0.05,14.87,0.06,-0.06,0.0,1000.0,1044.0,1000.0,1039.0
-0.35,1.37,-0.07,-1.25,0.05,14.87,0.13,0.13,0.0,1000.0,1044.0,1000.0,1039.0
-0.35,1.37,-0.07,-1.25,0.05,14.87,-0.06,0.0,0.06,1000.0,1044.0,1000.0,1039.0
-0.35,1.37,-0.07,-1.25,0.05,14.87,0.06,-0.06,0.0,1000.0,1043.0,1000.0,1039.0
-0.35,1.37,-0.07,-1.25,-0.1,14.87,0.06,0.13,-0.19,1000.0,1044.0,1000.0,1040.0
-0.35,1.37,-0.07,-1.25,-0.1,14.87,0.0,0.06,-0.13,1000.0,1044.0,1000.0,1040.0
-0.35,1.37,-0.07,-1.25,-0.1,14.87,-0.13,0.06,-0.13,1000.0,1044.0,1000.0,1040.0
-0.35,1.37,-0.07,-1.25,0.05,14.87,0.0,-0.13,0.06,1000.0,1044.0,1000.0,1039.0
-0.35,1.37,-0.07,-1.25,-0.1,14.87,-0.06,0.0,0.06,1000.0,1044.0,1000.0,1040.0
-0.35,1.37,-0.07,-1.25,-0.1,14.87,-0.06,-0.13,0.0,1000.0,1044.0,1000.0,1040.0
-0.35,1.37,-0.07,-1.25,-0.1,14.87,-0.13,0.06,0.0,1000.0,1044.0,1000.0,1039.0
-0.35,1.37,-0.07,-1.25,-0.1,14.87,0.13,0.0,0.06,1000.0,1044.0,1000.0,1040.0
-0.35,1.37,-0.07,-1.25,-0.1,14.87,0.0,-0.19,0.06,1000.0,1044.0,1000.0,1040.0
-0.35,1.37,-0.07,-1.25,0.05,14.87,-0.06,0.0,-0.06,1000.0,1044.0,1000.0,1039.0
-0.35,1.37,-0.07,-1.25,0.05,14.87,-0.06,0.0,-0.06,1000.0,1044.0,1000.0,1039.0
-0.35,1.37,-0.07,-1.25,0.05,14.87,-0.06,-0.06,0.0,1000.0,1044.0,1000.0,1039.0
-0.35,1.37,-0.07,-1.25,0.05,14.87,-0.06,-0.06,0.0,1000.0,1044.0,1000.0,1039.0
-0.35,1.37,-0.07,-1.25,-0.1,14.87,-0.06,0.0,0.0,1000.0,1044.0,1000.0,1040.0
-0.35,1.37,-0.07,-1.25,-0.1,14.87,0.0,0.06,0.06,1000.0,1044.0,1000.0,1040.0
-0.35,1.37,-0.07,-1.25,-0.1,14.87,0.13,0.13,-0.19,1000.0,1044.0,1000.0,1040.0
-0.35,1.37,-0.07,-1.25,-0.1,14.87,0.13,-0.06,0.0,1000.0,1044.0,1000.0,1040.0
-0.35,1.37,-0.07,-1.25,0.05,14.87,0.0,0.0,0.06,1000.0,1044.0,1000.0,1039.0
-0.35,1.37,-0.07,-1.25,0.05,14.87,0.0,-0.06,0.0,1000.0,1044.0,1000.0,1039.0
-0.35,1.37,-0.07,-1.25,-0.1,14.87,0.06,0.0,0.0,1000.0,1044.0,1000.0,1040.0
-0.35,1.37,-0.07,-1.25,0.05,14.87,0.0,0.06,0.0,1000.0,1044.0,1000.0,1039.0
-0.35,1.37,-0.07,-1.25,-0.1,14.87,-0.06,0.0,0.06,1000.0,1044.0,1000.0,1040.0
-0.35,1.37,-0.07,-1.25,0.05,14.87,-0.13,0.0,-0.06,1000.0,1044.0,1000.0,1039.0
-0.35,1.37,-0.07,-1.25,0.05,14.87,0.19,-0.06,-0.06,1000.0,1043.0,1000.0,1039.0
-0.35,1.37,-0.07,-1.25,0.05,14.87,0.0,0.0,0.0,1000.0,1044.0,1000.0,1039.0
-0.35,1.37,-0.07,-1.25,0.05,14.87,0.06,-0.06,0.06,1000.0,1044.0,1000.0,1039.0
-0.35,1.37,-0.07,-1.25,0.05,14.87,0.06,-0.13,-0.06,1000.0,1044.0,1000.0,1039.0
-0.35,1.37,-0.07,-1.25,-0.1,14.87,0.0,0.0,0.0,1000.0,1044.0,1000.0,1040.0
-0.35,1.37,-0.07,-1.25,-0.1,14.87,0.06,0.0,0.06,1000.0,1044.0,1000.0,1040.0
-0.35,1.37,-0.07,-1.25,0.05,14.87,0.19,0.06,0.06,1033.0,1091.0,1034.0,1087.0
-0.35,1.37,-0.07,-1.25,-0.1,14.87,-0.5,-0.44,0.06,1046.0,1102.0,1046.0,1098.0
-0.35,1.37,-0.07,-1.25,-0.1,14.86,-0.31,-0.94,-2.25,1067.0,1128.0,1069.0,1124.0
-0.35,1.37,-0.07,-1.25,0.05,14.86,0.44,-0.44,-3.44,1084.0,1144.0,1084.0,1140.0
-0.35,1.37,0.14,-1.25,0.05,14.86,0.06,0.56,-0.81,1099.0,1153.0,1099.0,1149.0
-0.35,1.37,-0.07,-1.25,0.05,14.86,0.44,0.25,-1.12,1127.0,1183.0,1128.0,1179.0
-0.35,1.31,-0.07,-1.31,0.05,14.86,0.44,0.56,0.56,1150.0,1205.0,1152.0,1201.0
-0.35,1.31,-0.07,-1.31,0.05,14.86,0.19,-0.19,1.62,1183.0,1240.0,1185.0,1235.0
-0.35,1.31,-0.07,-1.31,-0.1,14.86,0.25,-0.06,1.12,1206.0,1264.0,1206.0,1260.0
-0.35,1.31,-0.07,-1.31,0.05,14.87,1.0,0.88,0.0,1231.0,1289.0,1234.0,1285.0
-0.35,1.31,-0.07,-1.25,-0.1,14.87,-2.87,-1.44,-0.37,1235.0,1291.0,1233.0,1289.0
-0.35,1.31,-0.07,-1.31,0.05,14.87,0.56,0.25,0.0,1236.0,1294.0,1237.0,1289.0
-0.35,1.31,-0.07,-1.31,-0.1,14.87,-2.25,0.19,-0.25,1259.0,1316.0,1259.0,1313.0
-0.35,1.31,-0.07,-1.31,-0.1,14.87,-0.69,0.75,0.44,1271.0,1327.0,1271.0,1324.0
-0.35,1.5,-0.07,-1.12,-0.1,14.87,-3.0,-2.44,0.25,1285.0,1346.0,1289.0,1340.0
-0.35,1.62,-0.07,-1.12,-0.1,14.87,-5.0,1.19,0.25,1287.0,1344.0,1288.0,1341.0
-0.35,1.69,-0.07,-1.12,-0.1,14.87,-0.81,-1.44,-0.44,1286.0,1349.0,12.0,1343.0
-0.35,1.56,-0.07,-1.06,-0.1,14.87,-2.81,1.44,-0.25,1288.0,1347.0,1290.0,1343.0
-0.35,1.5,-0.07,-1.12,-0.1,14.87,3.12,0.25,0.62,1302.0,1354.0,1299.0,1357.0
-0.35,1.5,-0.07,-1.12,-0.1,14.87,-5.0,1.62,-0.31,1313.0,1371.0,1313.0,1367.0
-0.35,1.44,-0.07,-1.06,0.05,14.87,-4.31,-0.44,-0.13,1359.0,1417.0,1362.0,1413.0
-0.35,1.69,-0.07,-0.94,0.05,14.87,-4.06,-3.06,-1.06,1358.0,1421.0,1368.0,1416.0
-0.35,2.25,-0.07,-1.06,-0.1,14.87,-0.25,-1.12,1.5,1378.0,1435.0,1378.0,1429.0
-0.35,1.81,-0.07,-0.5,-0.1,14.84,7.75,-15.69,4.56,1377.0,1424.0,1388.0,1439.0
-0.35,0.94,-0.07,3.5,-0.1,14.46,-4.81,-22.81,6.44,1370.0,1418.0,1401.0,1443.0
-0.35,1.19,-0.07,4.37,-0.1,14.23,-6.87,-13.5,6.25,1359.0,1412.0,1387.0,1423.0
-0.35,1.81,-0.07,4.69,-0.1,13.98,-18.87,-2.19,6.37,1344.0,1402.0,1368.0,1398.0
-0.35,3.94,-0.07,3.56,-0.1,13.06,-7.31,7.87,7.5,1312.0,1363.0,1321.0,1348.0
-0.35,4.0,-0.14,3.37,-0.1,12.7,-1.75,2.94,8.56,1314.0,1357.0,1323.0,1350.0
-0.35,2.81,-2.45,3.75,-0.1,11.54,8.13,-1.31,8.31,1311.0,1342.0,1319.0,1352.0
-0.35,2.5,-2.59,3.69,-0.1,11.14,2.87,3.0,7.69,1310.0,1344.0,1318.0,1347.0
-1.12,2.56,-2.59,3.31,-0.1,10.74,-4.5,9.75,6.87,1318.0,1357.0,1327.0,1350.0
-1.54,3.56,-3.15,0.88,-0.1,9.59,-1.44,18.25,4.94,1372.0,1412.0,1373.0,1392.0
-1.68,3.37,-4.69,0.19,-0.1,9.25,6.19,12.31,3.87,1377.0,1409.0,1376.0,1402.0
-2.59,1.75,-5.53,0.44,0.05,8.15,6.06,-13.13,0.44,1381.0,1411.0,1400.0,1428.0
-3.43,1.62,-4.83,1.06,0.05,7.91,-1.12,-12.75,-0.31,1380.0,1417.0,1407.0,1428.0
-4.97,2.62,-4.69,0.88,-0.1,7.21,-4.62,14.25,-3.19,1410.0,1457.0,1423.0,1438.0
-4.9,2.56,-5.32,0.37,-0.1,7.08,6.5,8.44,-2.12,1418.0,1455.0,1425.0,1446.0
-4.62,1.87,-6.23,0.13,-0.1,7.01,20.31,0.25,-2.37,1423.0,1449.0,1425.0,1458.0
-6.02,-1.94,-4.2,1.0,-0.1,7.01,21.69,-5.31,-2.62,1427.0,1445.0,1428.0,1468.0
-5.46,-2.81,-3.57,1.25,-0.1,7.02,12.81,-2.94,-2.37,1427.0,1448.0,1428.0,1465.0
-0.49,-1.94,-0.77,1.12,-0.1,7.01,-12.69,0.81,-0.75,1346.0,1380.0,1355.0,1375.0
-0.49,-1.37,-0.63,1.25,-0.1,6.97,-8.5,-5.0,0.62,1335.0,1367.0,1347.0,1367.0
-0.35,-1.06,-0.63,2.0,-0.1,6.79,-2.31,-0.94,2.19,1336.0,1359.0,1341.0,1364.0
-0.49,-0.94,-2.24,1.81,-0.1,6.69,-2.37,2.87,2.19,1337.0,1360.0,1341.0,1361.0
-1.89,-0.69,-4.97,1.37,-0.1,6.58,-5.44,8.06,3.62,1336.0,1361.0,1343.0,1357.0
-4.13,0.94,-8.75,-0.37,0.05,6.08,-14.13,13.56,4.31,1346.0,1382.0,1364.0,1364.0
-4.2,1.62,-9.38,-1.19,0.05,5.84,-10.25,12.5,5.12,1348.0,1380.0,1365.0,1364.0
-4.06,2.0,-9.38,-2.87,-0.1,5.05,-0.19,10.63,6.12,1354.0,1374.0,1363.0,1365.0
-4.76,2.0,-9.87,-3.31,-0.1,4.77,-1.5,9.88,4.69,1353.0,1374.0,1364.0,1365.0
-5.46,2.12,-9.94,-3.75,-0.1,4.51,-3.5,8.63,3.81,1351.0,1376.0,1365.0,1364.0
-6.09,2.37,-9.94,-4.19,0.05,4.24,-4.12,7.5,3.62,1351.0,1377.0,1366.0,1362.0
-6.02,2.44,-9.31,-4.44,0.05,4.0,0.19,4.56,2.87,1353.0,1376.0,1368.0,1366.0
-6.02,2.12,-5.88,-4.56,0.05,3.78,7.19,1.19,1.69,1358.0,1376.0,1366.0,1369.0
-6.09,1.62,-0.56,-4.62,0.05,3.59,12.5,0.25,-0.19,1379.0,1393.0,1375.0,1385.0
-6.09,0.94,-0.07,-4.62,0.05,3.44,14.81,-0.37,-0.94,1400.0,1412.0,1394.0,1407.0
-6.09,0.25,0.14,-4.5,0.05,3.34,14.56,-3.62,-2.69,1410.0,1422.0,1404.0,1420.0
-6.09,-0.31,0.14,-4.12,-0.1,3.29,9.69,-10.31,-3.37,1406.0,1422.0,1408.0,1424.0
-6.23,-0.56,0.14,-3.31,-0.1,3.3,3.0,-17.19,-4.69,1399.0,1423.0,1415.0,1427.0
-6.3,-0.44,0.14,-2.31,-0.1,3.37,-5.06,-21.62,-6.5,1396.0,1428.0,1422.0,1432.0
-6.44,-0.06,0.14,-1.31,-0.1,3.49,-9.06,-19.69,-8.31,1403.0,1442.0,1433.0,1441.0
-6.44,0.44,0.14,-0.56,-0.1,3.68,-10.63,-11.44,-8.44,1405.0,1448.0,1433.0,1440.0
-6.44,0.81,0.14,-0.31,-0.1,3.93,-6.81,-1.94,-8.81,1409.0,1452.0,1429.0,1438.0
-6.51,0.88,0.14,-0.44,-0.1,4.22,2.81,4.06,-9.19,1415.0,1454.0,1423.0,1440.0
-6.65,0.31,-0.07,-0.81,-0.1,4.55,18.81,8.44,-9.31,1424.0,1451.0,1415.0,1446.0
-7.49,-1.0,-1.26,-1.31,-0.1,4.93,25.87,8.0,-8.81,1427.0,1449.0,1411.0,1449.0
-7.63,-2.19,-1.4,-1.62,-0.1,5.34,24.0,3.75,-8.69,1427.0,1448.0,1409.0,1452.0
-9.38,-3.12,-1.26,-1.69,-0.1,5.76,15.5,0.62,-7.31,1422.0,1448.0,1415.0,1451.0
-10.22,-3.62,-0.49,-1.37,-0.1,6.17,3.56,-6.25,-5.37,1415.0,1450.0,1423.0,1448.0
-10.43,-3.62,-0.42,-0.94,-0.1,6.54,-2.81,-10.63,-4.06,1409.0,1451.0,1429.0,1447.0
-9.17,-3.37,-0.42,-0.19,-0.1,6.87,-4.0,-13.63,-3.37,1407.0,1448.0,1431.0,1449.0
-6.79,-3.25,-0.28,0.5,-0.1,7.16,-1.19,-13.44,-2.31,1410.0,1445.0,1429.0,1452.0
-3.92,-3.31,-0.28,1.06,-0.1,7.41,2.12,-9.75,-1.5,1400.0,1429.0,1410.0,1441.0
-2.52,-3.5,-0.28,1.31,-0.1,7.61,2.75,-3.06,-1.62,1387.0,1413.0,1389.0,1423.0
-1.19,-3.5,-0.21,1.31,-0.1,7.78,-0.37,2.0,-0.06,1367.0,1393.0,1364.0,1396.0
-0.49,-3.06,-0.21,1.12,-0.1,7.91,-13.06,3.56,0.25,1361.0,1395.0,1364.0,1388.0
-0.49,-2.19,-0.14,0.94,-0.1,8.0,-21.31,2.75,0.62,1331.0,1374.0,1344.0,1359.0
-0.49,-0.88,-0.14,0.81,-0.1,8.06,-29.19,2.56,0.88,1324.0,1374.0,1343.0,1352.0
-0.49,0.69,-0.07,0.69,-0.1,8.08,-27.81,3.06,1.25,1320.0,1373.0,1343.0,1348.0
-0.49,1.87,-0.07,0.69,-0.1,8.07,-23.31,1.44,1.75,1318.0,1369.0,1341.0,1347.0
-0.49,2.69,-0.07,0.62,-0.1,8.04,-13.5,2.69,1.87,1322.0,1366.0,1339.0,1349.0
-0.49,3.19,-0.07,0.31,-0.1,7.98,-5.69,4.62,2.75,1327.0,1364.0,1336.0,1350.0
-0.49,3.25,-0.07,-0.06,-0.1,7.89,-0.37,9.81,3.06,1330.0,1362.0,1330.0,1350.0
-0.49,3.19,-0.07,-0.56,-0.1,7.79,1.81,11.19,3.0,1333.0,1362.0,1328.0,1349.0
-0.49,3.19,-0.07,-1.19,-0.1,7.61,0.06,10.38,3.12,1335.0,1363.0,1330.0,1349.0
-0.84,3.25,-0.07,-1.5,-0.1,7.38,-2.81,7.12,3.5,1344.0,1374.0,1344.0,1358.0
-0.84,3.56,-0.07,-1.69,-0.1,7.1,-6.19,0.88,4.19,1341.0,1373.0,1348.0,1358.0
-1.68,3.94,-0.07,-1.62,0.05,6.83,-7.19,-3.75,4.12,1339.0,1373.0,1353.0,1359.0
-2.45,4.19,-0.07,-1.37,0.05,6.53,-3.75,-6.56,3.62,1338.0,1370.0,1356.0,1360.0
-3.71,4.25,-0.07,-1.0,-0.1,6.24,0.44,-7.81,3.81,1339.0,1369.0,1356.0,1361.0
-3.78,4.06,-0.07,-0.62,-0.1,5.93,7.12,-5.81,3.25,1341.0,1366.0,1353.0,1363.0
-3.78,3.44,-0.07,-0.37,-0.1,5.64,11.69,-3.25,2.44,1345.0,1364.0,1349.0,1365.0
-3.78,2.69,-0.07,-0.31,-0.1,5.31,16.19,0.06,1.94,1349.0,1362.0,1347.0,1366.0
-3.92,1.94,-0.07,-0.5,-0.1,5.04,14.88,3.75,0.88,1351.0,1365.0,1344.0,1365.0
-4.06,1.37,-0.07,-0.75,-0.1,4.81,9.81,5.56,-0.5,1350.0,1368.0,1344.0,1362.0
-4.13,1.12,-0.07,-1.06,-0.1,4.62,1.19,4.62,-1.62,1347.0,1371.0,1346.0,1360.0
-4.2,1.25,-0.07,-1.12,-0.1,4.48,-4.75,0.62,-2.5,1342.0,1372.0,1350.0,1360.0
-4.27,1.69,-0.07,-1.0,-0.1,4.38,-8.88,-3.5,-3.81,1337.0,1373.0,1354.0,1360.0
-4.48,2.25,-0.07,-0.62,-0.1,4.34,-10.44,-6.12,-4.0,1334.0,1373.0,1356.0,1360.0
-5.88,2.62,-0.07,-0.25,-0.1,4.35,-5.75,-7.37,-3.44,1334.0,1372.0,1357.0,1361.0
-6.79,2.62,-0.07,0.13,-0.1,4.41,1.81,-5.37,-4.19,1335.0,1371.0,1355.0,1363.0
-8.19,2.25,-0.07,0.31,-0.1,4.51,9.69,-1.94,-4.5,1339.0,1369.0,1351.0,1365.0
-9.1,1.56,-0.07,0.37,-0.1,4.64,17.37,0.56,-4.31,1343.0,1368.0,1347.0,1366.0
-10.85,0.44,-0.07,0.19,-0.1,4.77,22.12,3.81,-4.62,1346.0,1369.0,1343.0,1366.0
-14.0,-0.62,-0.14,-0.06,-0.1,4.92,22.62,4.56,-4.5,1345.0,1371.0,1344.0,1364.0
-16.1,-1.62,-0.07,-0.25,-0.1,5.09,18.87,3.94,-4.37,1343.0,1373.0,1345.0,1363.0
-16.24,-2.44,-0.14,-0.31,0.05,5.29,15.44,1.44,-4.06,1343.0,1375.0,1348.0,1366.0
-13.86,-3.25,-0.21,-0.19,0.05,5.5,14.69,-3.0,-4.25,1345.0,1374.0,1352.0,1373.0
-12.6,-3.87,-0.28,0.06,0.05,5.78,12.56,-6.69,-4.12,1375.0,1404.0,1383.0,1406.0
-9.31,-4.44,-0.49,0.44,-0.1,6.05,12.06,-7.44,-4.44,1376.0,1402.0,1382.0,1411.0
-8.61,-4.87,-0.49,0.75,0.05,6.3,9.19,-5.12,-3.94,1378.0,1405.0,1384.0,1413.0
-7.91,-5.19,-0.49,1.0,-0.1,6.55,3.94,-3.37,-4.87,1390.0,1421.0,1396.0,1426.0
-7.0,-5.0,-0.42,1.0,-0.1,6.82,-5.56,1.87,-4.75,1394.0,1431.0,1401.0,1426.0
-7.0,-4.31,-0.28,0.81,-0.1,7.03,-17.25,5.25,-5.12,1390.0,1439.0,1403.0,1420.0
-6.23,-3.25,-0.21,0.56,-0.1,7.2,-21.94,5.69,-4.69,1388.0,1444.0,1407.0,1417.0
-6.09,-1.87,-0.14,0.44,0.05,7.37,-22.44,1.12,-3.0,1388.0,1442.0,1411.0,1418.0
-6.02,-1.19,-0.07,0.75,-0.1,7.53,-10.25,-11.56,-0.62,1387.0,1433.0,1414.0,1426.0
-5.88,-1.12,-0.07,1.81,-0.1,7.65,3.56,-20.69,0.25,1389.0,1425.0,1415.0,1436.0
-5.74,-1.75,-0.07,3.0,-0.1,7.74,15.69,-26.06,0.13,1392.0,1415.0,1412.0,1446.0
-5.6,-2.87,-0.07,4.44,-0.1,7.81,19.56,-22.37,0.69,1372.0,1389.0,1386.0,1426.0
-5.6,-3.69,-0.07,5.06,-0.1,7.87,14.38,-8.06,-0.25,1363.0,1382.0,1370.0,1408.0
-5.6,-3.87,-0.07,5.0,-0.1,7.94,-0.81,8.25,-1.75,1365.0,1398.0,1370.0,1399.0
-5.53,-3.25,-0.07,4.12,-0.1,8.02,-21.19,24.62,-1.81,1402.0,1450.0,1405.0,1420.0
-5.53,-1.87,-0.07,2.69,-0.1,8.06,-32.63,29.81,-1.37,1401.0,1463.0,1409.0,1412.0
-5.53,-0.13,-0.07,1.06,-0.1,8.09,-27.0,26.5,0.44,1404.0,1462.0,1411.0,1413.0
-5.53,0.62,-0.07,0.37,-0.1,8.1,-10.69,8.13,0.88,1401.0,1450.0,1414.0,1423.0
-5.46,0.62,-0.07,0.62,-0.1,8.09,4.44,-10.31,1.94,1401.0,1435.0,1416.0,1436.0
-5.46,0.06,-0.07,1.5,-0.1,8.06,16.94,-22.44,2.5,1401.0,1423.0,1417.0,1447.0
-5.46,-1.0,-0.07,3.0,-0.1,8.01,19.12,-25.5,2.75,1402.0,1421.0,1420.0,1454.0
-5.46,-1.75,-0.07,4.0,-0.1,7.95,13.56,-20.0,3.12,1403.0,1423.0,1420.0,1452.0
-5.53,-2.06,-0.07,4.56,-0.1,7.88,1.56,-7.06,2.75,1403.0,1431.0,1420.0,1442.0
-5.6,-1.69,-0.07,4.44,-0.1,7.79,-8.56,5.37,2.31,1403.0,1441.0,1419.0,1433.0
-5.67,-1.0,-0.07,3.75,-0.1,7.68,-15.19,16.12,1.87,1406.0,1450.0,1417.0,1424.0
-5.74,-0.19,-0.07,2.69,-0.1,7.56,-14.81,19.69,1.5,1407.0,1454.0,1414.0,1422.0
-7.21,0.19,-1.54,1.94,-0.1,7.45,-2.0,12.69,1.44,1407.0,1448.0,1415.0,1426.0
-9.38,-0.06,-3.64,1.56,-0.1,7.33,11.06,3.12,1.87,1406.0,1439.0,1417.0,1433.0
-9.52,-1.06,-6.51,1.69,-0.1,7.23,20.62,-4.81,0.81,1406.0,1429.0,1417.0,1445.0
-9.73,-2.37,-6.72,2.0,-0.1,7.21,27.56,-7.0,0.94,1408.0,1424.0,1415.0,1451.0
-10.22,-3.62,-7.91,2.19,-0.1,7.2,25.12,1.12,1.12,1409.0,1424.0,1414.0,1449.0
-10.22,-4.5,-7.91,1.69,-0.1,7.19,13.06,14.94,1.5,1413.0,1433.0,1411.0,1439.0
-9.52,-4.69,-6.58,0.31,-0.1,7.19,-2.0,27.44,1.25,1374.0,1405.0,1367.0,1386.0
-6.79,-4.0,-4.69,-1.31,-0.1,7.22,-18.81,34.5,0.5,1318.0,1363.0,1312.0,1320.0
-2.94,-3.0,-3.22,-2.62,-0.1,7.24,-20.25,23.12,-0.88,1304.0,1347.0,1298.0,1312.0
-1.33,-2.25,-2.45,-3.37,-0.1,7.27,-12.69,8.81,0.44,1301.0,1338.0,1300.0,1317.0
-1.33,-1.69,-2.59,-3.5,-0.1,7.28,-9.69,0.44,1.25,1297.0,1328.0,1302.0,1320.0
-0.63,-1.25,-2.59,-3.25,-0.1,7.27,-8.81,-5.25,1.69,1295.0,1324.0,1303.0,1322.0
-0.63,-0.62,-2.59,-3.0,-0.1,7.24,-13.63,-3.75,1.81,1290.0,1324.0,1304.0,1318.0
-0.63,0.44,-2.45,-3.0,-0.1,7.18,-20.31,2.12,2.94,1290.0,1329.0,1304.0,1312.0
-0.63,1.5,-2.45,-3.44,-0.1,7.11,-25.81,11.19,3.12,1292.0,1337.0,1304.0,1305.0
-0.84,3.06,-2.45,-4.37,-0.1,7.01,-26.81,18.75,3.81,1294.0,1340.0,1303.0,1300.0
-0.84,4.31,-2.24,-5.25,-0.1,6.87,-24.94,16.44,4.62,1321.0,1369.0,1327.0,1320.0
-0.84,5.31,-2.24,-5.94,-0.1,6.72,-16.44,10.75,5.19,1320.0,1362.0,1331.0,1324.0
-0.98,6.06,-2.1,-6.19,0.05,6.52,-10.25,0.06,5.19,1333.0,1366.0,1342.0,1343.0
-1.05,6.25,-2.1,-5.75,-0.1,6.32,-1.37,-12.88,6.62,1335.0,1362.0,1350.0,1353.0
-1.19,6.06,-1.89,-4.75,0.05,6.09,3.62,-22.31,6.25,1335.0,1355.0,1356.0,1362.0
-1.19,5.87,-1.82,-3.5,0.05,5.86,3.25,-26.69,6.62,1335.0,1355.0,1362.0,1367.0
-1.19,5.87,-0.98,-2.06,0.05,5.59,-1.62,-22.31,5.69,1335.0,1359.0,1363.0,1365.0
-1.19,6.19,-0.98,-1.19,-0.1,5.24,-9.88,-11.56,4.37,1340.0,1370.0,1368.0,1365.0
-1.19,6.81,-0.98,-0.88,-0.1,4.92,-14.44,-3.0,3.12,1343.0,1379.0,1369.0,1362.0
-1.19,7.56,-0.98,-0.94,-0.1,4.56,-14.31,3.87,2.25,1346.0,1384.0,1368.0,1358.0
-1.19,8.13,-0.98,-1.31,0.05,4.24,-7.94,8.63,1.0,1351.0,1385.0,1364.0,1357.0
-1.19,8.0,-0.98,-2.0,0.05,3.98,6.62,12.94,0.25,1358.0,1382.0,1356.0,1360.0
-1.19,7.31,-0.98,-2.75,-0.1,3.75,15.88,18.5,-1.56,1366.0,1382.0,1350.0,1366.0
-1.19,6.37,-0.84,-3.62,-0.1,3.54,19.06,16.44,-2.81,1367.0,1382.0,1347.0,1367.0
-1.19,0.88,-0.84,0.13,0.05,3.36,126.44,-130.5,27.25,1402.0,1226.0,1333.0,1503.0
-1.05,-1.81,-0.77,3.75,0.05,3.12,-4.44,-6.5,-1.37,1352.0,1331.0,1380.0,1400.0
-0.98,-0.13,-0.77,5.62,0.05,2.93,-54.94,-14.88,3.44,1329.0,1378.0,1391.0,1366.0
-0.91,3.94,-0.7,4.94,0.05,2.74,-105.0,30.56,0.06,1325.0,1416.0,1395.0,1327.0
-0.91,7.94,-0.7,2.94,-0.1,2.5,-75.12,49.19,0.5,1340.0,1426.0,1384.0,1315.0
-0.91,10.38,-0.7,0.44,-0.1,2.23,-24.75,39.81,0.31,1356.0,1411.0,1368.0,1329.0
-0.91,9.63,-0.63,-0.75,-0.1,1.99,36.88,15.44,-0.25,1356.0,1360.0,1336.0,1348.0
-0.91,7.0,-0.56,-0.81,-0.1,1.8,64.06,-9.31,0.75,1269.0,1240.0,1236.0,1278.0
-0.91,3.56,-0.56,0.13,-0.1,1.72,67.06,-25.5,-4.12,1251.0,1217.0,1225.0,1284.0
-0.84,0.56,-0.49,1.87,-0.1,1.73,41.06,-30.19,-3.25,1235.0,1217.0,1235.0,1274.0
-0.84,-0.31,-0.49,3.19,-0.1,1.79,6.5,-24.56,-3.62,1225.0,1227.0,1241.0,1263.0
-0.84,0.19,-0.49,3.87,-0.1,1.88,-17.5,-9.81,-4.12,1218.0,1242.0,1246.0,1245.0
-0.84,1.37,-0.49,3.94,-0.1,1.97,-30.06,4.25,-4.31,1217.0,1253.0,1244.0,1234.0
-0.84,2.75,-0.49,3.37,-0.1,2.07,-26.81,14.31,-5.25,1221.0,1261.0,1238.0,1228.0
-0.84,3.75,-0.49,2.37,-0.1,2.2,-13.56,16.25,-5.81,1226.0,1261.0,1233.0,1230.0
-0.84,3.75,-0.49,1.62,-0.1,2.35,6.5,14.69,-5.25,1232.0,1252.0,1226.0,1237.0
-0.63,3.0,-0.49,1.0,-0.1,2.53,15.5,8.06,-5.31,1235.0,1244.0,1223.0,1245.0
-0.63,0.88,-0.49,-1.06,-0.1,2.78,11.69,65.31,-4.0,1284.0,1275.0,1147.0,1240.0
-0.49,0.0,-0.49,-3.69,-0.1,2.98,79.12,15.56,5.62,1246.0,1264.0,1201.0,1237.0
-0.49,0.44,-0.49,-4.25,-0.1,3.04,14.31,2.37,2.5,1240.0,1265.0,1220.0,1222.0
-0.49,1.5,-0.49,-3.56,-0.1,3.06,-9.88,-22.75,-5.69,1214.0,1258.0,1238.0,1238.0
-0.49,2.87,-0.28,-0.94,-0.1,3.07,-18.06,-47.88,-4.19,1194.0,1235.0,1266.0,1252.0
-0.49,0.88,-0.21,-0.37,-0.1,3.07,43.69,30.37,-8.56,1248.0,1239.0,1202.0,1258.0
-0.49,0.31,-0.21,-3.37,-0.1,3.07,4.69,56.13,-0.94,1259.0,1270.0,1198.0,1221.0
-0.49,1.0,-0.14,-4.31,-0.1,3.03,-31.75,-17.69,-17.06,1215.0,1260.0,1230.0,1243.0
-0.49,1.75,-0.14,-0.06,-0.1,3.26,-8.56,-92.94,-19.19,1173.0,1222.0,1262.0,1290.0
-0.49,2.37,-0.14,0.13,-0.1,3.55,-4.25,62.5,8.81,1237.0,1257.0,1232.0,1223.0
-0.49,1.12,-0.07,-1.0,-0.1,3.53,40.0,-2.12,22.25,1265.0,1218.0,1227.0,1237.0
-0.49,1.62,-0.07,-0.31,-0.1,3.37,-39.0,-5.06,-0.44,1209.0,1252.0,1250.0,1237.0
-0.49,1.81,-0.07,0.06,-0.1,3.26,19.69,-11.38,0.62,1229.0,1236.0,1234.0,1249.0
-0.49,1.75,-0.07,-0.37,-0.1,3.17,-0.75,9.38,1.31,1235.0,1248.0,1230.0,1236.0
-0.49,1.69,-0.07,-0.13,-0.1,3.06,-5.87,-3.94,1.12,1227.0,1238.0,1237.0,1245.0
-0.49,1.81,-0.07,-0.19,-0.1,2.91,4.37,1.94,0.25,1232.0,1244.0,1233.0,1239.0
-0.49,1.69,-0.07,-0.31,-0.1,2.77,-7.0,3.0,1.75,1233.0,1246.0,1232.0,1237.0
-0.49,1.75,-0.07,-0.19,-0.1,2.62,-1.69,-5.94,-0.88,1228.0,1242.0,1235.0,1243.0
-0.49,1.75,-0.07,-0.25,-0.1,2.5,-1.5,2.75,1.44,1237.0,1248.0,1236.0,1240.0
-0.35,1.69,-0.07,-0.25,0.05,2.38,0.06,0.06,0.88,1236.0,1249.0,1243.0,1244.0
-0.35,1.75,-0.07,-0.19,-0.1,2.29,4.62,-3.5,-0.69,1238.0,1252.0,1245.0,1249.0
-0.35,1.75,-0.07,-0.25,0.05,2.21,-2.56,3.0,0.0,1242.0,1252.0,1243.0,1247.0
-0.35,1.69,-0.07,-0.25,0.05,2.15,1.62,0.25,0.5,1243.0,1249.0,1244.0,1251.0
-0.35,1.75,0.14,-0.25,0.05,2.09,-0.69,1.44,-0.69,1241.0,1254.0,1246.0,1248.0
-0.35,1.75,0.14,-0.19,0.05,2.04,3.75,-1.25,0.5,1242.0,1251.0,1246.0,1249.0
-0.35,1.75,0.14,-0.25,0.05,1.97,-0.13,0.31,0.13,1244.0,1253.0,1246.0,1249.0
-0.35,1.75,0.14,-0.19,0.05,1.89,1.81,0.37,0.56,1244.0,1252.0,1247.0,1249.0
-0.49,1.75,0.14,-0.19,0.05,1.83,3.31,-0.62,0.06,1242.0,1253.0,1248.0,1249.0
-0.35,1.75,0.14,-0.19,0.05,1.77,-0.37,-0.31,0.44,1243.0,1255.0,1246.0,1248.0
-0.35,1.75,0.14,-0.19,0.05,1.71,3.94,-0.94,-0.56,1242.0,1253.0,1247.0,1249.0
-0.35,1.75,0.14,-0.19,0.05,1.67,3.5,0.25,0.0,1243.0,1254.0,1248.0,1248.0
-0.35,1.69,0.14,-0.25,0.05,1.64,-1.0,-1.25,0.94,1245.0,1253.0,1246.0,1248.0
-0.35,1.75,0.14,-0.13,0.05,1.64,1.19,-1.62,-0.94,1241.0,1254.0,1248.0,1249.0
-0.35,1.75,0.14,-0.19,-0.1,1.65,0.88,0.06,-0.31,1244.0,1253.0,1246.0,1248.0
-0.35,1.69,0.14,-0.19,-0.1,1.66,-3.12,1.12,0.37,1245.0,1253.0,1246.0,1249.0
-0.35,1.75,-0.07,-0.19,-0.1,1.63,-0.44,-0.62,-0.19,1195.0,1207.0,1200.0,1202.0
-0.35,1.75,-0.07,-0.19,-0.1,1.6,-2.0,-1.87,0.81,1166.0,1175.0,1167.0,1172.0
-0.35,1.69,-0.07,-0.19,-0.1,1.56,2.94,1.0,0.19,1163.0,1172.0,1165.0,1168.0
-0.35,1.75,-0.07,-0.19,-0.1,1.52,-2.19,-1.19,-0.31,1161.0,1169.0,1163.0,1167.0
-0.35,1.75,-0.07,-0.19,-0.1,1.49,0.94,0.06,-0.56,1160.0,1168.0,1163.0,1165.0
-0.35,1.75,-0.07,-0.19,-0.1,1.46,2.69,0.88,0.37,1159.0,1170.0,1164.0,1164.0
-0.35,1.75,-0.07,-0.19,-0.1,1.44,-0.56,0.06,-0.56,1132.0,1140.0,1135.0,1137.0
-0.35,1.69,-0.07,-0.19,-0.1,1.43,2.87,0.37,-0.25,1000.0,1005.0,1000.0,1001.0
-0.35,1.75,-0.07,-0.19,-0.1,1.41,1.25,0.0,2.25,1000.0,1002.0,1001.0,1000.0
-0.35,1.75,-0.07,-0.19,-0.1,1.4,3.19,-0.31,3.31,1000.0,1004.0,1000.0,1001.0
-0.35,1.75,-0.07,-0.19,-0.1,1.39,-1.69,-0.5,1.69,1000.0,1004.0,1000.0,1001.0
-0.35,1.75,-0.07,-0.19,-0.1,1.39,-1.0,-0.13,-0.56,1000.0,1004.0,1000.0,1003.0
-0.35,1.75,-0.07,-0.19,-0.1,1.39,0.13,0.06,-0.62,1000.0,1005.0,1000.0,1002.0
-0.35,1.75,-0.07,-0.19,0.05,1.38,-0.81,-0.19,-1.19,1000.0,1004.0,1000.0,1000.0
-0.35,1.75,-0.07,-0.19,-0.1,1.38,-0.37,-0.06,-0.37,1000.0,1003.0,1000.0,1001.0
-0.35,1.75,-0.07,-0.19,0.05,1.38,0.0,-0.25,-0.19,1000.0,1004.0,1000.0,1000.0
-0.35,1.75,-0.07,-0.19,0.05,1.38,-0.37,-0.37,0.5,1000.0,1003.0,1000.0,1000.0
-0.35,1.75,-0.07,-0.19,0.05,1.38,0.13,-0.06,0.5,1000.0,1003.0,1000.0,1000.0
-0.35,1.75,-0.07,-0.19,0.05,1.38,0.25,0.5,0.31,1000.0,1004.0,1000.0,1000.0
-0.35,1.75,-0.07,-0.19,-0.1,1.38,0.25,-0.06,-0.06,1000.0,1004.0,1000.0,1001.0
-0.35,1.75,-0.07,-0.19,-0.1,1.38,0.37,-0.31,-0.37,1000.0,1004.0,1000.0,1001.0
-0.35,1.75,-0.07,-0.19,0.05,1.38,0.06,-0.06,-0.31,1000.0,1004.0,1000.0,1001.0
-0.35,1.75,-0.07,-0.19,-0.1,1.38,-0.25,-0.37,-0.06,1000.0,1004.0,1000.0,1001.0
-0.35,1.75,-0.07,-0.19,0.05,1.38,0.25,-0.31,0.0,1000.0,1004.0,1000.0,1000.0
-0.35,1.75,-0.07,-0.19,-0.1,1.38,-0.13,0.19,-0.19,1000.0,1004.0,1000.0,1001.0
-0.35,1.75,-0.07,-0.19,0.05,1.38,-0.06,-0.31,-0.06,1000.0,1004.0,1000.0,1000.0
-0.35,1.75,-0.07,-0.19,-0.1,1.38,0.37,-0.13,-0.25,1000.0,1004.0,1000.0,1001.0
-0.35,1.75,-0.07,-0.25,-0.1,1.38,-0.19,-0.19,-0.37,1000.0,1004.0,1000.0,1001.0
-0.35,1.75,-0.07,-0.25,0.05,1.38,-0.25,-0.13,-0.37,1000.0,1004.0,1000.0,1001.0
-0.35,1.75,-0.07,-0.25,-0.1,1.38,0.0,0.0,-0.37,1000.0,1004.0,1000.0,1001.0
-0.35,1.75,-0.07,-0.25,-0.1,1.38,0.37,0.19,-0.44,1000.0,1004.0,1000.0,1001.0
-0.35,1.75,-0.07,-0.25,-0.1,1.38,0.37,0.0,0.06,1000.0,1004.0,1000.0,1000.0
-0.35,1.81,-0.07,-0.25,-0.1,1.38,-0.31,-0.06,0.31,1000.0,1004.0,1000.0,1001.0
-0.35,1.81,-0.07,-0.25,0.05,1.38,-0.31,-0.25,0.13,1000.0,1004.0,1000.0,1000.0
-0.35,1.81,-0.07,-0.25,-0.1,1.38,0.13,-0.37,0.0,1000.0,1004.0,1000.0,1001.0
-0.35,1.81,-0.07,-0.19,-0.1,1.38,0.31,0.19,0.0,1000.0,1004.0,1000.0,1001.0
-0.35,1.81,-0.07,-0.19,-0.1,1.38,0.0,0.06,-0.31,1000.0,1004.0,1000.0,1001.0
-0.35,1.81,-0.07,-0.25,-0.1,1.38,0.06,0.13,-0.25,1000.0,1004.0,1000.0,1000.0
-0.35,1.81,-0.07,-0.19,-0.1,1.38,0.0,-0.19,-0.06,1000.0,1004.0,1000.0,1001.0
-0.35,1.81,-0.07,-0.19,-0.1,1.38,-0.06,0.0,0.0,1000.0,1004.0,1000.0,1001.0
-0.35,1.81,-0.07,-0.19,-0.1,1.38,-0.13,0.06,0.06,1000.0,1004.0,1000.0,1001.0
-0.35,1.87,-0.07,-0.19,-0.1,1.38,0.19,-0.19,0.13,1000.0,1004.0,1000.0,1001.0
-0.35,1.87,-0.07,-0.19,-0.1,1.38,0.06,-0.06,0.13,1000.0,1004.0,1000.0,1001.0
-0.35,1.87,-0.07,-0.19,-0.1,1.38,0.0,-0.06,-0.06,1000.0,1004.0,1000.0,1001.0
-0.35,1.87,-0.07,-0.19,-0.1,1.38,0.06,-0.06,0.06,1000.0,1004.0,1000.0,1001.0
-0.35,1.87,-0.07,-0.19,0.05,1.38,0.19,-0.06,0.19,1000.0,1004.0,1000.0,1000.0
-0.35,1.87,-0.07,-0.19,-0.1,1.38,0.13,0.06,0.06,1000.0,1004.0,1000.0,1001.0
-0.35,1.87,-0.07,-0.19,0.05,1.38,0.06,-0.06,-0.13,1000.0,1004.0,1000.0,1000.0
-0.35,1.87,-0.07,-0.19,-0.1,1.38,0.0,-0.25,0.0,1000.0,1004.0,1000.0,1001.0
-0.35,1.87,-0.07,-0.19,-0.1,1.38,0.0,-0.13,0.0,1000.0,1004.0,1000.0,1000.0
-0.35,1.94,-0.07,-0.19,-0.1,1.38,0.25,-0.13,0.0,1000.0,1004.0,1000.0,1001.0
-0.35,1.94,-0.07,-0.19,-0.1,1.38,0.19,0.13,0.06,1000.0,1004.0,1000.0,1001.0
-0.49,1.94,-0.07,-0.19,-0.1,1.38,-0.06,0.13,0.13,1000.0,1004.0,1000.0,1000.0
-0.35,1.94,-0.07,-0.25,-0.1,1.38,0.13,0.0,-0.06,1000.0,1004.0,1000.0,1000.0
-0.35,1.94,-0.07,-0.19,-0.1,1.38,0.31,0.0,-0.13,1000.0,1004.0,1000.0,1001.0
-0.35,1.94,-0.07,-0.19,0.05,1.38,0.25,-0.06,0.0,1000.0,1004.0,1000.0,1000.0
-0.35,1.94,-0.07,-0.19,-0.1,1.38,0.13,-0.06,-0.06,1000.0,1004.0,1000.0,1000.0
-0.35,1.94,-0.07,-0.19,0.05,1.38,0.19,-0.19,0.0,1000.0,1004.0,1000.0,1000.0
-0.35,1.94,-0.07,-0.19,-0.1,1.38,0.06,-0.19,0.13,1000.0,1004.0,1000.0,1000.0
-0.35,1.94,-0.07,-0.25,0.05,1.38,-0.13,0.06,0.13,1000.0,1004.0,1000.0,1000.0
-0.35,1.94,-0.07,-0.25,0.05,1.38,-0.13,-0.19,0.25,1000.0,1004.0,1000.0,1000.0
-0.35,1.94,-0.07,-0.25,0.05,1.38,-0.06,-0.13,0.13,1000.0,1004.0,1000.0,1000.0
-0.35,1.94,-0.07,-0.25,0.05,1.38,0.06,-0.06,0.0,1000.0,1004.0,1000.0,1000.0
-0.35,1.94,-0.07,-0.25,0.05,1.38,-0.19,-0.06,-0.13,1000.0,1004.0,1000.0,1000.0
-0.35,1.94,-0.07,-0.25,0.05,1.38,-0.06,0.06,0.13,1000.0,1004.0,1000.0,1000.0
-0.35,1.94,-0.07,-0.25,0.05,1.38,-0.06,0.06,0.06,1000.0,1004.0,1000.0,1000.0
-0.35,1.94,-0.07,-0.25,-0.1,1.38,-0.06,-0.06,-0.13,1000.0,1004.0,1000.0,1001.0
-0.35,1.94,-0.07,-0.25,0.05,1.38,0.06,0.0,-0.31,1000.0,1004.0,1000.0,1000.0
-0.35,1.94,-0.07,-0.25,-0.1,1.38,0.19,0.06,-0.31,1000.0,1004.0,1000.0,1000.0
-0.35,1.94,-0.07,-0.25,-0.1,1.38,0.06,0.0,-0.25,1000.0,1004.0,1000.0,1000.0
-0.35,1.94,-0.07,-0.25,0.05,1.38,0.06,0.0,-0.19,1000.0,1004.0,1000.0,1000.0
-0.35,1.94,-0.07,-0.25,-0.1,1.38,0.13,0.13,-0.19,1000.0,1004.0,1000.0,1000.0
-0.35,1.94,-0.07,-0.25,-0.1,1.38,0.13,0.0,0.0,1000.0,1004.0,1000.0,1000.0
-0.35,1.94,-0.07,-0.25,-0.1,1.38,0.0,0.06,0.06,1000.0,1004.0,1000.0,1000.0
-0.35,1.94,-0.07,-0.25,-0.1,1.38,0.0,0.06,0.0,1000.0,1004.0,1000.0,1000.0
-0.35,1.94,-0.07,-0.25,-0.1,1.38,-0.19,0.0,0.19,1000.0,1004.0,1000.0,1000.0
-0.35,1.94,-0.07,-0.25,0.05,1.38,0.13,0.06,-0.06,1000.0,1004.0,1000.0,1000.0
-0.35,1.94,-0.07,-0.25,0.05,1.38,-0.06,0.13,-0.06,1000.0,1004.0,1000.0,1000.0
-0.35,1.94,-0.07,-0.25,0.05,1.38,0.0,0.0,0.0,1000.0,1004.0,1000.0,1000.0
-0.35,1.94,-0.07,-0.25,0.05,1.38,0.06,0.13,-0.13,1000.0,1004.0,1000.0,1000.0
-0.35,1.94,-0.07,-0.25,0.05,1.38,0.0,0.0,0.06,1000.0,1004.0,1000.0,1000.0
-0.35,1.94,-0.07,-0.25,-0.1,1.38,-0.06,0.0,0.0,1000.0,1004.0,1000.0,1001.0
-0.35,1.94,-0.07,-0.25,-0.1,1.38,-0.06,0.0,0.0,1000.0,1004.0,1000.0,1000.0
-0.35,1.94,-0.07,-0.25,0.05,1.38,-0.19,0.13,0.0,1000.0,1004.0,1000.0,1000.0
-0.35,1.94,-0.07,-0.25,0.05,1.38,-0.13,0.0,0.06,1000.0,1004.0,1000.0,1000.0
-0.35,1.94,-0.07,-0.25,0.05,1.38,0.0,0.06,-0.06,1000.0,1004.0,1000.0,1000.0
-0.35,1.94,-0.07,-0.25,0.05,1.38,0.06,0.06,-0.06,1000.0,1004.0,1000.0,1000.0
-0.35,1.94,-0.07,-0.25,-0.1,1.38,0.06,-0.19,0.0,1000.0,1004.0,1000.0,1001.0
-0.35,1.94,-0.07,-0.25,0.05,1.38,0.06,0.0,0.0,1000.0,1004.0,1000.0,1000.0
-0.35,1.94,-0.07,-0.25,0.05,1.38,0.13,-0.06,0.06,1000.0,1004.0,1000.0,1000.0
-0.35,1.94,-0.07,-0.25,0.05,1.38,-0.06,0.0,0.0,1000.0,1004.0,1000.0,1000.0
-0.35,1.94,-0.07,-0.25,-0.1,1.38,0.0,-0.06,0.0,1000.0,1004.0,1000.0,1000.0
-0.35,1.94,-0.07,-0.25,0.05,1.38,-0.19,-0.13,0.13,1000.0,1004.0,1000.0,1000.0
-0.35,1.94,-0.07,-0.25,-0.1,1.38,0.06,0.0,-0.13,1000.0,1004.0,1000.0,1000.0
-0.35,1.94,-0.07,-0.25,-0.1,1.38,0.06,-0.19,-0.06,1000.0,1004.0,1000.0,1001.0
-0.35,1.94,-0.07,-0.25,-0.1,1.38,0.06,0.0,-0.06,1000.0,1004.0,1000.0,1000.0
-0.35,1.94,-0.07,-0.25,-0.1,1.38,0.13,-0.13,-0.06,1000.0,1004.0,1000.0,1001.0
-0.35,1.94,-0.07,-0.25,-0.1,1.38,-0.06,0.19,-0.06,1000.0,1004.0,1000.0,1000.0
-0.35,1.94,-0.07,-0.25,-0.1,1.38,-0.13,0.0,-0.06,1000.0,1004.0,1000.0,1000.0
-0.35,1.94,-0.07,-0.25,0.05,1.38,0.0,0.0,-0.06,1000.0,1004.0,1000.0,1000.0
-0.35,1.94,-0.07,-0.25,0.05,1.38,-0.13,0.13,0.13,1000.0,1004.0,1000.0,1000.0
-0.35,1.94,-0.07,-0.25,0.05,1.38,0.06,0.0,-0.06,1000.0,1004.0,1000.0,1000.0
-0.35,1.94,-0.07,-0.25,0.05,1.38,-0.06,0.06,0.0,1000.0,1004.0,1000.0,1000.0
-0.35,1.94,-0.07,-0.25,-0.1,1.38,0.0,0.0,-0.13,1000.0,1004.0,1000.0,1000.0
-0.35,1.94,-0.07,-0.25,-0.1,1.38,0.06,-0.06,0.0,1000.0,1004.0,1000.0,1000.0
-0.35,1.94,-0.07,-0.25,0.05,1.38,0.0,0.06,-0.06,1000.0,1004.0,1000.0,1000.0
-0.35,1.94,-0.07,-0.25,0.05,1.38,-0.13,0.06,0.19,1000.0,1004.0,1000.0,1000.0
-0.35,1.94,-0.07,-0.25,0.05,1.38,-0.06,0.06,0.0,1000.0,1004.0,1000.0,1000.0
-0.35,1.94,-0.07,-0.25,0.05,1.38,0.19,-0.06,0.06,1000.0,1004.0,1000.0,1000.0
-0.35,1.94,-0.07,-0.25,0.05,1.38,0.0,0.06,0.06,1000.0,1004.0,1000.0,1000.0
-0.35,1.94,-0.07,-0.25,0.05,1.38,0.13,0.06,0.06,1000.0,1004.0,1000.0,1000.0
-0.35,1.94,-0.07,-0.25,0.05,1.38,0.06,-0.06,0.0,1000.0,1004.0,1000.0,1000.0
-0.35,1.94,-0.07,-0.25,0.05,1.38,0.0,0.0,0.0,1000.0,1004.0,1000.0,1000.0
-0.35,1.94,-0.07,-0.25,0.05,1.38,-0.13,0.0,-0.06,1000.0,1004.0,1000.0,1000.0
-0.35,1.94,-0.07,-0.25,0.05,1.38,0.06,0.06,-0.13,1000.0,1004.0,1000.0,1000.0
-0.35,1.94,-0.07,-0.25,-0.1,1.38,0.0,-0.06,0.06,1000.0,1004.0,1000.0,1001.0
-0.35,1.94,-0.07,-0.25,0.05,1.38,-0.19,0.19,0.06,1000.0,1004.0,1000.0,1000.0
-0.35,1.94,-0.07,-0.25,0.05,1.38,0.0,0.0,0.06,1000.0,1004.0,1000.0,1000.0
-0.35,1.94,-0.07,-0.25,0.05,1.38,0.13,0.0,-0.06,1000.0,1004.0,1000.0,1000.0
-0.35,1.94,-0.07,-0.25,0.05,1.38,0.06,0.0,0.13,1000.0,1004.0,1000.0,1000.0
-0.35,1.94,-0.07,-0.25,0.05,1.38,-0.06,-0.13,-0.06,1000.0,1004.0,1000.0,1000.0
-0.35,1.94,-0.07,-0.25,-0.1,1.38,-0.19,0.0,0.0,1000.0,1004.0,1000.0,1000.0
-0.35,1.94,-0.07,-0.25,-0.1,1.38,0.06,-0.06,0.06,1000.0,1004.0,1000.0,1000.0
-0.35,1.94,-0.07,-0.25,-0.1,1.38,0.0,-0.06,0.06,1000.0,1004.0,1000.0,1000.0
-0.35,1.94,-0.07,-0.25,0.05,1.38,0.0,-0.06,0.13,1000.0,1004.0,1000.0,1000.0
-0.35,1.94,-0.07,-0.25,0.05,1.38,-0.19,0.06,0.0,1000.0,1004.0,1000.0,1000.0
-0.35,1.94,-0.07,-0.25,0.05,1.38,-0.06,0.0,-0.06,1000.0,1004.0,1000.0,1000.0
-0.35,1.94,-0.07,-0.25,0.05,1.38,0.06,0.0,-0.06,1000.0,1004.0,1000.0,1000.0
-0.35,1.94,-0.07,-0.25,-0.1,1.38,0.0,-0.06,0.0,1000.0,1004.0,1000.0,1001.0
-0.35,1.94,-0.07,-0.25,-0.1,1.38,0.0,0.06,0.0,1000.0,1004.0,1000.0,1001.0
-0.35,1.94,-0.07,-0.25,-0.1,1.38,-0.13,-0.06,0.13,1000.0,1004.0,1000.0,1001.0
-0.35,1.94,-0.07,-0.25,0.05,1.38,0.0,0.06,-0.06,1000.0,1004.0,1000.0,1000.0
-0.35,1.94,-0.07,-0.25,-0.1,1.38,0.06,0.06,0.0,1000.0,1004.0,1000.0,1000.0
-0.35,1.94,-0.07,-0.25,-0.1,1.38,0.13,0.0,0.0,1000.0,1004.0,1000.0,1000.0
-0.35,1.94,-0.07,-0.25,0.05,1.38,-0.06,-0.06,-0.13,1000.0,1004.0,1000.0,1000.0
-0.49,1.94,-0.07,-0.25,0.05,1.38,-0.06,0.13,0.06,1000.0,1004.0,1000.0,1000.0
-0.35,1.94,-0.07,-0.25,0.05,1.38,-0.13,0.06,-0.06,1000.0,1004.0,1000.0,1000.0
-0.35,1.94,-0.14,-0.25,-0.1,1.38,0.0,-0.06,0.0,1000.0,1004.0,1000.0,1001.0
-0.35,1.94,-0.21,-0.25,0.05,1.38,-0.06,-0.13,0.06,1000.0,1004.0,1000.0,1000.0
-0.35,1.94,-0.14,-0.25,0.05,1.38,-0.13,0.06,0.06,1000.0,1004.0,1000.0,1000.0
-0.35,1.94,-0.21,-0.25,0.05,1.38,-0.06,0.0,-0.06,1000.0,1004.0,1000.0,1000.0
-0.35,1.94,-0.14,-0.25,0.05,1.38,0.0,-0.06,0.0,1000.0,1004.0,1000.0,1000.0
-0.35,1.94,-0.21,-0.25,0.05,1.38,-0.06,-0.06,0.06,1000.0,1004.0,1000.0,1000.0
-0.35,1.94,-0.14,-0.25,0.05,1.38,0.13,0.0,-0.06,1000.0,1004.0,1000.0,1000.0
-0.35,1.94,-0.21,-0.25,0.05,1.38,0.0,0.0,0.0,1000.0,1004.0,1000.0,1000.0
-0.35,1.94,-0.14,-0.25,0.05,1.38,0.13,-0.06,-0.06,1000.0,1004.0,1000.0,1000.0
-0.35,1.94,-0.14,-0.25,0.05,1.38,0.0,0.0,0.13,1000.0,1004.0,1000.0,1000.0
-0.35,1.94,-0.14,-0.25,-0.1,1.38,0.0,0.0,0.0,1000.0,1004.0,1000.0,1001.0
-0.35,1.94,-0.14,-0.25,0.05,1.38,0.13,-0.13,0.06,1000.0,1004.0,1000.0,1000.0
-0.35,1.94,-0.14,-0.25,-0.1,1.38,0.0,0.0,0.13,1000.0,1004.0,1000.0,1001.0
-0.35,1.94,-0.14,-0.25,0.05,1.38,0.06,0.0,-0.06,1000.0,1004.0,1000.0,1000.0
-0.35,1.94,-0.14,-0.25,-0.1,1.38,0.13,0.06,0.0,1000.0,1004.0,1000.0,1001.0
-0.35,1.94,-0.14,-0.25,0.05,1.38,-0.13,0.0,0.0,1000.0,1004.0,1000.0,1000.0
-0.35,1.94,-0.21,-0.25,0.05,1.38,0.06,-0.06,0.0,1000.0,1004.0,1000.0,1000.0
-0.35,1.94,-0.21,-0.25,0.05,1.38,0.0,0.06,0.06,1000.0,1004.0,1000.0,1000.0
-0.35,1.94,-0.21,-0.25,0.05,1.38,0.0,0.0,0.0,1000.0,1004.0,1000.0,1000.0
-0.35,1.94,-0.21,-0.25,-0.1,1.38,-0.13,0.06,0.0,1000.0,1004.0,1000.0,1001.0
-0.35,1.94,-0.21,-0.25,-0.1,1.38,-0.06,0.06,0.06,1000.0,1004.0,1000.0,1001.0
-0.35,1.94,-0.21,-0.25,-0.1,1.38,0.0,0.13,-0.06,1000.0,1004.0,1000.0,1001.0
-0.35,1.94,-0.21,-0.25,-0.1,1.38,0.0,0.06,0.06,1000.0,1004.0,1000.0,1001.0
-0.35,1.94,-0.21,-0.25,-0.1,1.38,0.0,-0.06,0.06,1000.0,1004.0,1000.0,1001.0
-0.35,1.94,-0.21,-0.25,-0.1,1.38,0.0,0.0,0.13,1000.0,1004.0,1000.0,1001.0
-0.35,1.94,-0.14,-0.25,-0.1,1.38,0.13,0.06,0.06,1000.0,1004.0,1000.0,1001.0
-0.35,1.94,-0.14,-0.25,0.05,1.38,0.0,0.06,-0.06,1000.0,1004.0,1000.0,1000.0
-0.35,1.94,-0.21,-0.25,0.05,1.38,-0.25,0.0,-0.13,1000.0,1004.0,1000.0,1000.0
-0.35,1.94,-0.21,-0.25,0.05,1.38,-0.06,0.06,-0.06,1000.0,1004.0,1000.0,1000.0
-0.35,1.94,-0.21,-0.25,0.05,1.38,0.06,0.06,0.0,1000.0,1004.0,1000.0,1000.0
-0.35,1.94,-0.21,-0.25,-0.1,1.38,0.0,0.0,0.06,1000.0,1004.0,1000.0,1001.0
-0.35,1.94,-0.21,-0.25,0.05,1.38,0.0,-0.13,-0.13,1000.0,1004.0,1000.0,1000.0
-0.35,1.94,-0.14,-0.25,-0.1,1.38,0.0,0.06,0.06,1000.0,1004.0,1000.0,1000.0
-0.35,1.94,-0.21,-0.25,0.05,1.38,0.19,-0.13,-0.06,1000.0,1004.0,1000.0,1000.0
-0.35,1.94,-0.14,-0.25,-0.1,1.38,0.13,0.13,-0.06,1000.0,1004.0,1000.0,1001.0
-0.35,1.94,-0.21,-0.25,0.05,1.38,0.13,0.06,0.0,1000.0,1004.0,1000.0,1000.0
-0.35,1.94,-0.21,-0.25,-0.1,1.38,-0.06,0.0,0.06,1000.0,1004.0,1000.0,1001.0
-0.35,1.94,-0.21,-0.25,-0.1,1.38,0.0,0.06,-0.13,1000.0,1004.0,1000.0,1000.0
-0.35,1.94,-0.14,-0.25,-0.1,1.38,0.13,0.13,-0.06,1000.0,1004.0,1000.0,1000.0
-0.35,1.94,-0.21,-0.25,-0.1,1.38,0.06,0.06,0.0,1000.0,1004.0,1000.0,1001.0
-0.35,1.94,-0.14,-0.25,-0.1,1.38,-0.13,0.13,0.0,1000.0,1004.0,1000.0,1000.0
-0.35,1.94,-0.14,-0.25,0.05,1.38,0.06,0.06,0.0,1000.0,1004.0,1000.0,1000.0
-0.35,1.94,-0.21,-0.25,0.05,1.38,0.06,0.06,0.0,1000.0,1004.0,1000.0,1000.0
-0.35,1.94,-0.21,-0.25,-0.1,1.38,0.0,0.0,0.13,1000.0,1004.0,1000.0,1001.0
-0.35,1.94,-0.21,-0.25,0.05,1.38,-0.06,0.0,-0.13,1008.0,1016.0,1012.0,1012.0
-0.35,1.94,-0.14,-0.25,0.05,1.38,0.0,-0.06,-0.06,1008.0,1016.0,1012.0,1012.0
-0.35,1.94,-0.14,-0.25,0.05,1.38,-0.25,0.0,0.13,1029.0,1037.0,1033.0,1033.0
-0.35,1.94,-0.14,-0.25,0.05,1.38,-0.13,0.06,-0.13,1065.0,1073.0,1069.0,1069.0
-0.35,1.94,-0.14,-0.25,0.05,1.38,0.37,0.25,-0.75,1066.0,1076.0,1070.0,1072.0
-0.35,1.94,-0.14,-0.25,0.05,1.38,0.44,-0.19,-2.94,1078.0,1090.0,1082.0,1086.0
-0.35,1.94,-0.14,-0.25,0.05,1.38,0.0,0.37,-2.19,1092.0,1102.0,1095.0,1099.0
-0.35,1.94,-0.14,-0.25,0.05,1.38,0.19,0.06,-0.88,1104.0,1110.0,1107.0,1107.0
-0.35,1.94,-0.14,-0.19,0.05,1.38,-0.5,-0.31,0.88,1127.0,1131.0,1129.0,1129.0
-0.35,1.94,-0.14,-0.19,0.05,1.38,0.62,-0.13,-0.06,1181.0,1187.0,1184.0,1184.0
-0.35,1.94,-0.14,-0.25,0.05,1.38,-0.56,0.75,-0.56,1225.0,1233.0,1229.0,1229.0
-0.35,1.94,-0.14,-0.25,0.05,1.38,0.69,-0.19,0.13,1235.0,1242.0,1238.0,1240.0
-0.35,1.94,-0.14,-0.25,0.05,1.38,0.44,0.0,-0.56,1237.0,1244.0,1239.0,1240.0
-0.35,1.94,-0.14,-0.19,0.05,1.38,-0.37,-0.31,0.19,1237.0,1243.0,1240.0,1240.0
-0.35,1.94,-0.14,-0.25,0.05,1.38,0.69,0.88,0.69,1237.0,1243.0,1240.0,1241.0
-0.35,1.94,-0.14,-0.19,0.05,1.38,-1.19,-0.5,0.0,1236.0,1244.0,1239.0,1241.0
-0.35,1.94,-0.14,-0.25,0.05,1.38,-1.0,-0.13,-0.13,1239.0,1245.0,1241.0,1243.0
-0.35,1.94,-0.14,-0.25,0.05,1.38,0.44,0.5,-0.25,1252.0,1259.0,1253.0,1255.0
-0.35,1.94,-0.14,-0.25,0.05,1.38,0.31,-0.06,-0.62,1265.0,1272.0,1267.0,1269.0
-0.35,1.87,-0.14,-0.25,0.05,1.38,0.62,0.19,-0.31,1287.0,1292.0,1288.0,1289.0
-0.35,1.94,-0.14,-0.25,0.05,1.38,-1.0,-0.31,-0.37,1286.0,1295.0,1291.0,1291.0
-0.35,1.94,-0.14,-0.25,0.05,1.38,2.0,1.37,-0.44,1298.0,1307.0,1303.0,1303.0
-0.35,1.94,-0.14,-0.25,0.05,1.38,-0.62,-1.44,0.5,1303.0,1308.0,1303.0,1305.0
-0.35,1.87,-0.21,-0.31,0.05,1.38,2.75,2.31,0.0,1302.0,1308.0,1305.0,1306.0
-0.35,1.81,-0.14,-0.37,0.05,1.38,-1.06,3.5,0.06,1305.0,1310.0,1305.0,1307.0
-0.35,1.75,-0.14,-0.44,0.05,1.38,-0.19,-0.69,0.25,1317.0,1323.0,1319.0,1322.0
-0.35,1.87,-0.21,-0.25,0.05,1.37,-3.62,-1.94,-0.75,1323.0,1331.0,1333.0,1332.0
-0.35,2.06,-0.14,-0.19,0.05,1.37,-2.19,0.62,0.88,1335.0,1349.0,1345.0,1343.0
-0.35,2.12,-0.14,-0.06,0.05,1.36,-1.0,0.5,-1.25,1337.0,1347.0,1344.0,1343.0
-0.35,2.19,-0.14,0.06,0.05,1.37,0.81,-1.19,0.94,1340.0,1345.0,1344.0,1346.0
-0.35,2.19,-0.14,0.0,0.05,1.37,-1.31,2.06,-3.0,1338.0,1352.0,1342.0,1344.0
-0.35,2.0,-0.14,-0.13,0.05,1.41,6.12,0.81,-3.69,1343.0,1350.0,1340.0,1351.0
-0.35,1.94,-0.14,-0.25,0.05,1.49,-0.75,4.19,-5.19,1345.0,1355.0,1342.0,1350.0
-0.35,1.81,-0.14,-0.37,0.05,1.61,1.87,1.81,-4.25,1345.0,1355.0,1340.0,1352.0
-0.35,1.69,-0.14,-0.37,0.05,1.77,6.12,2.25,-6.37,1341.0,1355.0,1343.0,1357.0
-0.35,1.62,-0.14,-0.5,0.05,1.97,0.75,-1.44,-8.5,1344.0,1363.0,1342.0,1358.0
-0.35,2.06,-0.14,-0.37,0.05,2.22,-14.25,-3.31,-10.25,1342.0,1369.0,1352.0,1361.0
-0.35,2.44,-0.14,0.31,0.05,2.54,-4.19,-12.06,-10.13,1338.0,1369.0,1358.0,1371.0
-0.35,3.0,-0.14,0.69,0.05,2.91,-9.75,-6.25,-9.31,1340.0,1374.0,1359.0,1371.0
-0.35,2.69,-0.14,0.5,0.05,3.31,14.0,5.62,-11.25,1354.0,1375.0,1346.0,1377.0
-0.35,1.56,-0.14,-0.25,0.05,3.77,23.06,14.31,-14.13,1362.0,1377.0,1335.0,1382.0
-0.35,0.75,-0.14,-1.12,0.05,4.33,12.5,18.94,-17.5,1361.0,1389.0,1332.0,1381.0
-0.35,0.5,-0.14,-1.19,0.05,4.96,4.06,-5.44,-16.31,1344.0,1387.0,1348.0,1386.0
-0.35,0.37,-0.14,-0.62,0.05,5.65,7.19,-17.44,-17.0,1341.0,1383.0,1349.0,1395.0
-0.35,-0.06,-0.14,0.94,0.05,6.38,12.69,-31.81,-14.44,1337.0,1371.0,1355.0,1405.0
-0.35,-0.62,-0.14,2.31,0.05,7.09,12.19,-22.25,-9.44,1340.0,1367.0,1356.0,1405.0
-0.35,-1.31,-0.14,2.87,0.05,7.75,16.44,-1.5,-8.56,1352.0,1374.0,1347.0,1403.0
-0.35,-2.12,-0.14,2.75,0.05,8.35,16.31,10.25,-7.87,1359.0,1385.0,1341.0,1395.0
-0.35,-2.81,-0.21,2.19,0.05,8.93,14.31,11.31,-5.94,1363.0,1389.0,1339.0,1397.0
-0.35,-3.62,-0.21,1.56,0.05,9.46,12.44,9.81,-5.94,1362.0,1389.0,1341.0,1396.0
-0.35,-3.75,-0.21,1.44,0.05,9.93,-0.25,1.31,-4.0,1357.0,1391.0,1349.0,1399.0
-0.35,-3.69,-0.21,1.69,0.05,10.34,-1.31,-8.5,-3.06,1351.0,1391.0,1355.0,1399.0
-0.35,-3.94,-0.21,2.31,0.05,10.69,7.87,-12.88,-3.25,1349.0,1386.0,1355.0,1406.0
-0.35,-4.75,-0.21,3.12,0.05,11.0,23.25,-16.37,-3.37,1354.0,1377.0,1350.0,1416.0
-0.35,-6.25,-0.21,4.44,-0.1,11.29,29.06,-23.12,-1.94,1353.0,1370.0,1351.0,1423.0
-0.35,-7.31,-1.54,5.37,0.05,11.54,18.06,-15.06,-0.62,1354.0,1372.0,1351.0,1421.0
-0.35,-7.81,-4.83,5.56,0.05,11.74,3.5,-0.25,-0.62,1353.0,1379.0,1351.0,1412.0
-0.35,-7.25,-6.51,5.06,0.05,11.91,-18.37,15.75,-0.37,1349.0,1393.0,1355.0,1399.0
-0.35,-6.0,-6.51,4.06,0.05,12.05,-31.25,20.31,-0.19,1346.0,1406.0,1357.0,1388.0
-0.35,-4.25,-0.28,2.94,0.05,12.14,-38.75,24.56,-0.13,1324.0,1392.0,1332.0,1352.0
-0.35,-2.37,-0.28,1.75,-0.1,12.19,-29.12,19.0,-0.13,1208.0,1274.0,1215.0,1239.0
-0.35,-1.25,-0.21,1.44,-0.1,12.23,-18.44,0.06,-1.81,1068.0,1132.0,1085.0,1116.0
-0.35,-0.31,-0.21,1.94,-0.1,12.26,-23.56,-17.56,-0.88,1050.0,1111.0,1078.0,1113.0
-0.35,0.31,-0.21,3.06,-0.1,12.27,-9.81,-21.5,4.0,1039.0,1090.0,1071.0,1104.0
-0.35,0.69,-0.21,4.19,-0.1,12.23,-6.44,-19.94,3.69,1036.0,1085.0,1067.0,1100.0
-0.35,1.56,-0.21,2.69,-0.1,12.17,-60.5,199.5,-0.31,1034.0,1083.0,1062.0,1101.0
-0.35,1.87,-0.21,-5.19,-0.1,11.92,40.38,184.12,14.5,1123.0,1171.0,1000.0,1000.0
-0.35,-0.31,-0.14,-8.0,-0.1,11.5,37.75,43.38,18.87,1132.0,1078.0,1000.0,1073.0
-0.35,-1.94,-0.14,-9.63,-0.1,11.01,-32.81,-17.62,12.38,1093.0,1073.0,1016.0,1081.0
-0.35,2.69,-0.14,-2.37,-0.1,10.51,-84.0,-175.19,11.5,1000.0,1076.0,1157.0,1090.0
-0.35,2.25,-0.14,1.87,-0.1,10.17,76.56,-4.31,-7.31,1029.0,1067.0,1046.0,1123.0
-0.35,0.37,-0.14,-3.19,-0.1,10.08,0.56,69.69,-16.19,1096.0,1116.0,1000.0,1069.0
-0.35,2.06,-0.14,0.25,0.05,10.19,-53.63,-99.25,-10.31,1000.0,1063.0,1093.0,1122.0
-0.35,2.75,-0.14,0.5,0.05,10.35,16.87,40.06,11.0,1054.0,1096.0,1039.0,1067.0
-0.35,1.81,-0.14,-0.13,-0.1,10.37,-8.25,7.5,-0.62,1000.0,1003.0,1000.0,1022.0
-0.35,2.19,-0.14,0.13,-0.1,10.38,2.44,-5.5,3.62,1000.0,1015.0,1000.0,1018.0
-0.35,2.12,-0.14,0.13,-0.1,10.24,-5.19,1.19,-0.13,1000.0,1023.0,1000.0,1018.0
-0.35,2.06,-0.14,0.13,0.05,9.96,2.31,-0.19,-3.37,1000.0,1020.0,1000.0,1020.0
-0.35,2.12,-0.14,0.13,0.05,9.59,1.44,-1.12,-1.87,1000.0,1019.0,1000.0,1016.0
-0.35,2.12,-0.14,0.13,0.05,9.13,-0.75,-0.06,1.06,1000.0,1017.0,1000.0,1013.0
-0.35,2.12,-0.14,0.13,-0.1,8.65,-0.56,-0.62,1.12,1000.0,1017.0,1000.0,1014.0
-0.35,2.12,-0.14,0.13,-0.1,8.17,1.12,0.06,0.94,1000.0,1017.0,1000.0,1014.0
-0.35,2.12,-0.21,0.13,-0.1,7.73,1.62,-0.25,0.62,1000.0,1016.0,1000.0,1013.0
-0.35,2.12,-0.21,0.13,-0.1,7.32,-0.44,-0.13,-0.06,1000.0,1016.0,1000.0,1012.0
-0.35,2.06,-0.14,0.13,0.05,6.96,-0.75,-0.31,0.19,1000.0,1014.0,1000.0,1011.0
-0.35,2.06,-0.14,0.13,0.05,6.63,0.06,-0.06,-0.31,1000.0,1014.0,1000.0,1010.0
-0.28,2.06,-0.14,0.13,0.05,6.36,-0.06,0.56,-0.31,1000.0,1013.0,1000.0,1010.0
-0.28,2.06,-0.14,0.13,0.05,6.05,-0.19,-0.06,0.25,1000.0,1012.0,1000.0,1009.0
-0.28,2.06,-0.14,0.13,-0.1,5.8,-0.25,-0.06,0.19,1000.0,1012.0,1000.0,1009.0
-0.28,2.0,-0.14,0.13,0.05,5.55,0.13,0.06,-0.06,1000.0,1012.0,1000.0,1008.0
-0.28,2.0,-0.14,0.13,-0.1,5.3,0.13,-0.25,-0.06,1000.0,1011.0,1000.0,1008.0
-0.28,2.0,-0.14,0.13,-0.1,5.08,-0.19,0.31,-0.06,1000.0,1011.0,1000.0,1008.0
-0.28,2.0,-0.14,0.13,0.05,4.88,0.0,0.06,-0.06,1012.0,1033.0,1016.0,1030.0
-0.28,2.0,-0.14,0.13,0.05,4.71,-0.06,0.19,0.06,1048.0,1068.0,1052.0,1065.0
-0.28,2.0,-0.14,0.06,0.05,4.55,-0.13,-0.31,1.06,1072.0,1090.0,1075.0,1087.0
-0.28,1.94,-0.14,0.06,0.05,4.43,0.0,-0.06,1.56,1093.0,1111.0,1096.0,1108.0
-0.28,1.94,-0.14,0.13,0.05,4.33,-0.31,0.06,1.31,1093.0,1111.0,1097.0,1108.0
-0.28,1.94,-0.14,0.06,0.05,4.24,0.13,0.19,0.31,1092.0,1111.0,1097.0,1108.0
-0.28,1.94,-0.14,0.06,0.05,4.15,1.12,-0.31,-0.5,1095.0,1115.0,1099.0,1111.0
-0.28,1.94,-0.14,0.06,0.05,4.07,-0.5,-0.37,-0.31,1120.0,1138.0,1123.0,1135.0
-0.28,1.94,-0.14,0.06,0.05,3.97,0.37,-0.06,-0.94,1145.0,1162.0,1148.0,1160.0
-0.28,1.94,-0.14,0.13,0.05,3.87,0.75,-0.25,-1.06,1149.0,1167.0,1153.0,1163.0
-0.28,1.94,-0.14,0.13,0.05,3.75,-1.81,0.0,-0.37,1161.0,1175.0,1163.0,1173.0
-0.28,1.94,-0.14,0.13,0.05,3.66,1.31,1.31,-0.31,1163.0,1180.0,1169.0,1176.0
-0.28,1.94,-0.14,0.13,0.05,3.6,0.56,1.19,-0.25,1187.0,1202.0,1192.0,1199.0
-0.28,1.94,-0.14,0.13,0.05,3.56,0.69,0.06,-0.56,1188.0,1204.0,1193.0,1199.0
-0.28,1.94,-0.14,0.13,0.05,3.54,-1.69,-0.13,0.25,1202.0,1218.0,1205.0,1215.0
-0.28,2.0,-0.14,0.13,0.05,3.53,-0.81,0.31,-1.12,1206.0,1220.0,1208.0,1218.0
-0.28,2.0,-0.14,0.13,0.05,3.52,0.62,0.69,0.19,1208.0,1225.0,1214.0,1221.0
-0.28,2.0,-0.14,0.13,0.05,3.52,-1.5,-0.31,0.5,1224.0,1237.0,1226.0,1236.0
-0.28,1.94,-0.14,0.13,0.05,3.51,-0.06,-0.13,0.37,1226.0,1242.0,1230.0,1238.0
-0.28,2.0,-0.14,0.13,0.05,3.51,-1.25,-0.19,0.06,1228.0,1241.0,1230.0,1240.0
-0.28,2.0,-0.14,0.13,0.05,3.51,-2.81,0.69,0.0,1231.0,1244.0,1233.0,1244.0
-0.28,1.94,-0.14,0.13,0.05,3.51,2.0,0.81,-0.44,1256.0,1269.0,1258.0,1269.0
-0.28,1.94,-0.14,0.06,0.05,3.5,3.12,0.69,-0.13,1265.0,1282.0,1269.0,1276.0
-0.28,1.94,-0.14,0.06,0.05,3.5,-0.19,0.25,0.62,1280.0,1294.0,1283.0,1291.0
-0.28,1.94,-0.14,0.06,0.05,3.5,-1.0,0.94,0.37,1294.0,1310.0,1298.0,1306.0
-0.28,1.94,-0.14,0.13,0.05,3.51,-1.06,-0.13,-1.81,1295.0,1311.0,1297.0,1309.0
-0.28,1.87,-0.14,-0.06,0.05,3.52,0.56,2.06,-1.25,1299.0,1313.0,1297.0,1311.0
-0.28,1.81,-0.14,-0.06,0.05,3.54,-0.62,0.31,1.37,1299.0,1313.0,1301.0,1307.0
-0.28,1.87,-0.14,-0.06,0.05,3.56,0.0,-2.62,-1.44,1293.0,1313.0,1303.0,1311.0
-0.28,2.0,-0.14,0.13,0.05,3.57,-3.37,-4.06,0.94,1296.0,1310.0,1304.0,1310.0
-0.28,2.12,-0.14,0.25,0.05,3.58,-3.06,0.25,-0.37,1295.0,1313.0,1301.0,1311.0
-0.28,2.12,-0.14,0.19,0.05,3.59,3.0,1.87,-1.19,1297.0,1315.0,1300.0,1308.0
-0.28,2.0,-0.14,0.0,0.05,3.6,1.31,2.69,1.37,1301.0,1313.0,1297.0,1309.0
-0.28,1.94,-0.14,-0.13,0.05,3.6,-0.62,1.19,-1.69,1298.0,1314.0,1298.0,1309.0
-0.28,1.94,-0.14,-0.19,0.05,3.62,1.31,-0.94,0.56,1311.0,1329.0,1314.0,1322.0
-0.28,2.0,-0.14,-0.06,0.05,3.62,-1.44,-4.37,-0.25,1310.0,1327.0,1317.0,1326.0
-0.28,2.31,-0.14,0.19,0.05,3.62,-4.31,-5.81,0.06,1313.0,1333.0,1325.0,1330.0
-0.28,2.44,-0.14,0.44,0.05,3.62,-5.69,-1.25,-1.94,1313.0,1333.0,1324.0,1331.0
-0.28,2.31,-0.14,0.31,0.05,3.63,5.75,3.31,1.44,1318.0,1333.0,1321.0,1327.0
-0.28,2.06,-0.14,0.06,0.05,3.63,8.88,9.5,-2.25,1321.0,1337.0,1317.0,1329.0
-0.28,1.75,-0.14,-0.31,0.05,3.65,7.19,5.87,-0.25,1325.0,1335.0,1317.0,1331.0
-0.28,1.69,-0.14,-0.31,0.05,3.65,-0.13,-3.44,1.06,1320.0,1335.0,1325.0,1332.0
-0.28,1.94,-0.14,-0.06,0.05,3.63,-5.44,-7.44,1.37,1319.0,1334.0,1330.0,1336.0
-0.28,2.25,-0.14,0.19,0.05,3.6,-8.94,-6.06,0.69,1321.0,1342.0,1334.0,1339.0
-0.28,2.56,-0.14,0.75,0.05,3.58,-2.69,-9.25,0.13,1332.0,1352.0,1352.0,1355.0
-0.28,2.69,-0.07,0.75,0.05,3.57,1.81,3.19,-1.5,1349.0,1368.0,1354.0,1364.0
-0.28,2.31,-0.07,0.37,0.05,3.59,12.88,11.44,-4.87,1360.0,1374.0,1350.0,1372.0
-0.28,1.62,-0.07,-0.13,0.05,3.67,14.44,8.38,-7.81,1363.0,1377.0,1348.0,1376.0
-0.28,0.88,-0.07,-0.13,0.05,3.82,12.31,-3.06,-6.56,1358.0,1373.0,1352.0,1381.0
-0.28,0.31,-0.07,0.5,0.05,4.01,9.13,-15.63,-6.69,1356.0,1368.0,1355.0,1389.0
-0.28,-0.31,-0.07,1.56,0.05,4.24,16.5,-25.81,-6.19,1348.0,1365.0,1361.0,1395.0
-0.28,-1.0,-0.07,2.69,0.05,4.49,15.88,-25.37,-4.94,1350.0,1360.0,1362.0,1397.0
-0.28,-1.62,-0.07,3.87,0.05,4.75,16.37,-23.25,-4.25,1349.0,1359.0,1362.0,1398.0
-0.28,-2.75,-0.07,5.19,0.05,5.0,20.5,-20.37,-4.44,1352.0,1359.0,1357.0,1401.0
-0.28,-4.0,-0.14,5.69,0.05,5.27,29.75,-3.62,-3.56,1362.0,1360.0,1349.0,1398.0
1.4,-5.31,-1.68,5.56,-0.1,5.54,27.44,9.44,-2.56,1367.0,1362.0,1341.0,1398.0
2.1,-6.31,-2.45,4.5,-0.1,5.82,14.38,18.87,-2.75,1370.0,1372.0,1337.0,1388.0
0.07,-6.12,-0.14,3.62,-0.1,6.08,-7.37,19.56,-2.06,1292.0,1315.0,1278.0,1306.0
0.07,-5.56,-0.14,3.12,-0.1,6.38,-14.88,7.94,-1.69,1223.0,1250.0,1222.0,1245.0
-0.07,-4.5,-0.14,3.31,-0.1,6.68,-19.69,-13.81,-2.0,1183.0,1219.0,1210.0,1228.0
-0.14,-3.19,-0.14,4.25,-0.1,6.92,-29.12,-22.81,-0.81,1165.0,1208.0,1205.0,1216.0
-0.14,1.81,-0.14,2.31,-0.1,7.04,-134.25,64.19,8.69,1164.0,1263.0,1215.0,1154.0
-0.14,3.37,-0.14,-1.0,-0.1,6.9,104.12,-15.81,35.94,1227.0,1203.0,1183.0,1179.0
-0.14,-0.5,-0.14,1.06,-0.1,6.62,22.56,-13.0,-0.62,1118.0,1099.0,1121.0,1191.0
-0.14,-0.81,-0.14,1.37,-0.1,6.34,4.94,4.94,10.19,1019.0,1025.0,1017.0,1035.0
-0.14,2.81,-0.14,-0.44,-0.1,5.94,-92.19,60.5,15.88,1000.0,1070.0,1016.0,1000.0
-0.14,2.62,-0.14,0.25,-0.1,5.53,50.81,-23.5,-5.5,1000.0,1000.0,1000.0,1048.0
-0.14,2.94,-0.14,-0.31,-0.1,5.31,-32.56,19.5,-9.44,1000.0,1051.0,1000.0,1000.0
-0.28,2.87,-0.14,0.13,-0.1,5.2,19.62,-15.44,1.56,1000.0,1000.0,1000.0,1023.0
-0.28,3.06,-0.14,-0.19,-0.1,5.11,-5.75,3.69,2.12,1000.0,1023.0,1000.0,1000.0
-0.28,3.0,-0.14,-0.19,-0.1,5.05,-5.12,1.69,2.19,1000.0,1014.0,1000.0,1004.0
-0.28,2.94,-0.14,-0.13,0.05,5.05,2.69,1.75,-0.31,1000.0,1010.0,1000.0,1010.0
-0.14,3.0,-0.14,-0.13,0.05,5.16,3.31,-0.56,-2.0,1000.0,1012.0,1000.0,1007.0
-0.28,3.0,-0.14,-0.13,0.05,5.42,-1.06,-1.19,-2.0,1000.0,1012.0,1000.0,1005.0
-0.28,3.0,-0.14,-0.13,0.05,5.74,-2.31,-0.5,0.06,1000.0,1012.0,1000.0,1006.0
-0.14,2.94,-0.14,-0.13,0.05,6.14,0.81,0.62,1.0,1000.0,1012.0,1000.0,1008.0
-0.14,2.94,-0.14,-0.13,0.05,6.56,0.88,0.62,1.19,1000.0,1014.0,1000.0,1009.0
-0.14,3.0,-0.14,-0.13,0.05,6.99,0.25,0.19,0.5,1000.0,1014.0,1000.0,1011.0
-0.14,2.94,-0.14,-0.13,0.05,7.37,0.13,-0.25,0.44,1000.0,1016.0,1000.0,1011.0
-0.14,2.94,-0.14,-0.13,-0.1,7.78,-0.19,-0.31,-0.25,1000.0,1017.0,1000.0,1012.0
-0.14,2.94,-0.14,-0.19,-0.1,8.11,0.31,0.06,-0.13,1000.0,1017.0,1000.0,1013.0
-0.14,2.94,-0.14,-0.19,-0.1,8.47,0.37,0.44,-0.25,1000.0,1018.0,1000.0,1013.0
-0.14,2.94,-0.14,-0.19,0.05,8.74,-0.13,0.13,-0.37,1000.0,1018.0,1000.0,1013.0
-0.14,2.94,-0.14,-0.19,0.05,8.96,-0.44,0.0,-0.13,1000.0,1018.0,1000.0,1014.0
-0.14,2.94,-0.14,-0.19,0.05,9.16,-0.37,-0.19,0.06,1000.0,1019.0,1000.0,1014.0
-0.14,2.94,-0.14,-0.19,0.05,9.34,0.13,-0.37,-0.06,1000.0,1019.0,1000.0,1014.0
-0.14,2.94,-0.14,-0.19,0.05,9.51,0.06,0.25,0.25,1000.0,1020.0,1000.0,1015.0
-0.14,2.94,-0.14,-0.19,0.05,9.68,-0.13,0.37,0.31,1000.0,1020.0,1000.0,1015.0
-0.14,2.94,-0.14,-0.19,0.05,9.82,0.06,0.06,0.31,1000.0,1020.0,1000.0,1016.0
-0.14,2.87,-0.14,-0.19,0.05,9.97,0.13,-0.19,-0.13,1000.0,1021.0,1000.0,1016.0
-0.14,2.87,-0.21,-0.19,0.05,10.1,-0.13,-0.13,-0.06,1000.0,1021.0,1000.0,1016.0
-0.14,2.87,-0.14,-0.19,0.05,10.24,-0.13,0.13,-0.06,1000.0,1021.0,1000.0,1017.0
-0.14,2.87,-0.14,-0.19,0.05,10.36,0.31,-0.06,0.0,1000.0,1022.0,1000.0,1018.0
-0.14,2.87,-0.14,-0.19,0.05,10.45,0.37,0.06,-0.19,1000.0,1022.0,1000.0,1018.0
-0.28,2.87,-0.14,-0.19,0.05,10.51,0.13,0.19,0.0,1000.0,1023.0,1000.0,1019.0
-0.14,2.87,-0.14,-0.19,0.05,10.57,-0.06,0.06,-0.06,1000.0,1024.0,1000.0,1019.0
-0.14,2.87,-0.14,-0.19,0.05,10.64,-0.06,-0.13,-0.06,1000.0,1024.0,1000.0,1019.0
-0.14,2.87,-0.14,-0.19,0.05,10.7,-0.25,-0.19,0.0,1000.0,1026.0,1000.0,1021.0
-0.14,2.87,-0.21,-0.19,0.05,10.8,0.06,0.0,0.0,1000.0,1026.0,1000.0,1022.0
-0.14,2.87,-0.21,-0.19,0.05,10.88,0.06,0.0,0.06,1000.0,1028.0,1000.0,1024.0
-0.14,2.87,-0.21,-0.19,0.05,10.94,0.0,-0.06,-0.06,1000.0,1028.0,1000.0,1024.0
-0.14,2.87,-0.21,-0.19,0.05,10.99,0.06,-0.13,0.06,1000.0,1028.0,1000.0,1024.0
-0.14,2.87,-0.21,-0.19,0.05,11.03,-0.13,0.0,0.0,1000.0,1029.0,1000.0,1024.0
-0.14,2.87,-0.14,-0.19,0.05,11.08,0.13,0.0,-0.19,1000.0,1029.0,1000.0,1024.0
-0.14,2.87,-0.21,-0.19,0.05,11.12,-0.13,0.25,-0.06,1000.0,1029.0,1000.0,1024.0
-0.14,2.87,-0.21,-0.19,0.05,11.15,0.56,-0.37,-0.75,1000.0,1028.0,1000.0,1025.0
-0.14,2.87,-0.21,-0.19,0.05,11.17,0.13,1.06,-0.81,1000.0,1029.0,1000.0,1024.0
-0.14,2.81,-0.21,-0.25,0.05,11.19,-0.19,0.81,-0.56,1000.0,1029.0,1000.0,1024.0
-0.14,2.81,-0.21,-0.25,0.05,11.2,4.25,0.88,-4.75,1000.0,1029.0,1000.0,1023.0
-0.14,2.87,-0.14,-0.25,0.05,11.2,-2.5,0.5,1.94,1000.0,1026.0,1000.0,1020.0
-0.14,2.87,-0.14,-0.25,0.05,11.21,-1.37,0.13,4.0,1000.0,1028.0,1000.0,1023.0
-0.14,2.87,-0.14,-0.25,0.05,11.23,0.37,-0.94,-0.44,1000.0,1029.0,1000.0,1025.0
-0.14,2.87,-0.21,-0.19,0.05,11.23,0.44,-1.25,-1.19,1000.0,1030.0,1000.0,1027.0
-0.14,2.81,-0.14,-0.19,0.05,11.23,0.88,-0.62,-2.5,1000.0,1029.0,1000.0,1025.0
-0.14,2.81,-0.21,-0.19,0.05,11.23,-0.62,0.88,0.37,1000.0,1028.0,1000.0,1023.0
-0.14,2.87,-0.14,-0.25,0.05,11.24,-0.88,2.12,-2.19,1000.0,1030.0,1000.0,1025.0
-0.14,3.06,-0.14,-0.44,0.05,11.26,-7.25,6.56,-5.62,1000.0,1035.0,1000.0,1022.0
-0.14,4.19,-0.21,-1.69,0.05,11.4,-22.44,23.5,-18.87,1000.0,1062.0,1000.0,1017.0
-0.14,6.25,-0.21,-3.69,0.05,11.76,-45.69,44.19,-27.44,1000.0,1085.0,1000.0,1004.0
-0.14,9.88,-0.21,-7.12,0.05,12.36,-68.31,59.75,-26.94,1000.0,1107.0,1000.0,1000.0
-0.14,13.44,-0.14,-10.69,0.05,13.14,-83.25,70.81,-32.31,1000.0,1127.0,1000.0,1000.0
-0.14,18.69,-0.14,-16.44,0.05,14.17,-107.0,85.94,-49.31,1000.0,1164.0,1000.0,1000.0
-0.14,22.75,-0.21,-21.62,0.05,15.57,-91.0,65.25,-62.13,1000.0,1169.0,1000.0,1000.0
-0.14,25.56,-0.14,-27.25,0.05,17.45,-81.56,71.06,-78.25,1000.0,1193.0,1000.0,1000.0
-0.14,26.06,-0.14,-34.13,0.05,19.89,-44.19,64.81,-98.37,1000.0,1196.0,1000.0,1015.0
-0.14,23.94,-0.14,-39.13,0.05,22.83,0.0,50.19,-110.56,1000.0,1191.0,1000.0,1051.0
-0.14,20.25,-0.21,-43.13,0.05,26.21,8.06,51.81,-115.0,1000.0,1194.0,1000.0,1069.0
-0.14,15.75,-0.21,-47.19,0.05,30.19,6.5,40.88,-108.81,1000.0,1196.0,1000.0,1075.0
-0.14,12.5,-0.14,-49.44,0.05,34.34,-3.44,24.31,-89.19,1000.0,1187.0,1000.0,1075.0
-0.14,9.75,-0.21,-50.75,0.05,38.47,-2.69,8.44,-76.62,1000.0,1178.0,1000.0,1082.0
-0.14,6.5,-0.21,-50.56,0.05,42.62,20.12,-20.56,-68.94,1000.0,1161.0,1000.0,1099.0
-0.14,-0.69,-0.21,-46.63,0.05,53.35,-5.44,-28.69,-14.44,1000.0,1139.0,1000.0,1098.0
-0.14,-0.37,-0.14,-44.75,0.05,55.97,-9.31,-35.13,4.19,1000.0,1128.0,1000.0,1090.0
-0.14,0.5,-0.14,-43.06,0.05,57.91,-11.25,-34.0,20.56,1000.0,1120.0,1000.0,1084.0
-0.14,1.94,-0.14,-41.63,0.05,59.17,-14.38,-30.19,37.31,1000.0,1118.0,1000.0,1070.0
-0.14,3.81,-0.21,-39.0,0.05,59.77,2.19,-50.63,58.13,1000.0,1085.0,1000.0,1072.0
-0.14,5.12,-0.14,-35.63,0.05,59.6,14.75,-68.87,70.56,1000.0,1064.0,1000.0,1077.0
-0.28,6.5,-0.14,-32.06,0.05,58.68,4.31,-63.56,77.75,1000.0,1060.0,1000.0,1070.0
-0.28,8.75,-0.21,-28.94,0.05,57.1,-19.44,-49.56,90.19,1000.0,1063.0,1000.0,1045.0
-0.14,11.88,-0.21,-25.62,0.05,54.92,-16.5,-44.44,90.5,1000.0,1064.0,1000.0,1033.0
-0.14,13.81,-0.21,-22.56,0.05,52.36,-4.12,-44.69,92.56,1000.0,1051.0,1000.0,1033.0
-0.14,14.56,-0.21,-17.94,0.05,49.39,20.12,-62.75,90.25,1000.0,1030.0,1000.0,1047.0
-0.14,14.63,-0.21,-13.13,0.05,46.07,13.69,-80.69,99.06,1000.0,1008.0,1012.0,1047.0
-0.14,15.0,-0.21,-6.37,0.05,42.4,0.06,-92.87,103.87,1000.0,1000.0,1039.0,1042.0
-0.14,15.38,-0.21,-0.62,0.05,38.51,-12.06,-93.56,97.56,1000.0,1000.0,1055.0,1036.0
-0.14,15.38,-0.21,5.0,0.05,34.63,-5.69,-90.12,79.37,1000.0,1000.0,1052.0,1044.0
-0.14,15.0,-0.21,10.81,0.05,30.82,-9.25,-76.0,62.0,1000.0,1000.0,1046.0,1047.0
-0.14,14.63,-0.21,14.75,0.05,27.39,-7.62,-59.81,48.75,1000.0,1001.0,1039.0,1046.0
-0.14,14.25,-0.14,17.19,0.05,24.28,-4.12,-26.62,26.62,1000.0,1016.0,1020.0,1045.0
-0.14,14.13,-0.21,17.44,0.05,21.76,-3.19,9.75,9.0,1000.0,1045.0,1000.0,1037.0
-0.14,14.56,-0.14,15.81,0.05,19.72,-12.06,43.5,-0.37,1000.0,1064.0,1000.0,1021.0
-0.14,14.81,-0.14,13.63,0.05,18.13,4.25,41.25,-9.81,1000.0,1065.0,1000.0,1025.0
-0.14,14.31,-0.14,11.63,0.05,17.03,23.19,34.0,-23.62,1000.0,1062.0,1000.0,1042.0
-0.14,13.06,-0.14,8.88,0.05,16.54,32.25,44.25,-41.44,1000.0,1071.0,1000.0,1055.0
-0.14,12.25,-0.14,5.56,0.05,16.63,25.62,65.75,-56.31,1000.0,1094.0,1000.0,1051.0
-0.14,11.38,-0.14,1.56,0.05,17.39,26.75,69.56,-69.31,1000.0,1110.0,1000.0,1056.0
-0.14,10.38,-0.21,-3.06,0.05,18.88,15.25,61.13,-76.0,1000.0,1121.0,1000.0,1062.0
-0.14,10.38,-0.21,-6.44,0.05,20.86,-13.81,58.5,-73.81,1000.0,1134.0,1000.0,1055.0
-0.28,11.94,-0.14,-10.31,0.05,23.28,-40.44,46.0,-60.44,1000.0,1142.0,1000.0,1039.0
-0.28,13.94,-0.21,-12.81,0.05,25.84,-51.5,31.94,-51.5,1000.0,1143.0,1000.0,1036.0
-0.14,16.0,-0.21,-14.94,0.05,28.5,-37.25,16.06,-45.63,1000.0,1135.0,1000.0,1045.0
-0.14,16.75,-0.21,-16.25,-0.1,31.07,-13.38,11.63,-39.13,1000.0,1128.0,1000.0,1054.0
-0.14,16.19,-0.14,-16.94,0.05,33.5,13.44,4.19,-26.62,1000.0,1109.0,1000.0,1067.0
-0.14,14.75,-0.14,-17.37,0.05,35.58,28.69,5.0,-3.25,1000.0,1091.0,1000.0,1062.0
-0.28,13.38,-0.14,-17.44,0.05,37.15,31.31,4.06,13.44,1000.0,1079.0,1000.0,1056.0
-0.14,12.25,-0.14,-17.5,0.05,38.17,25.31,6.12,18.31,1000.0,1078.0,1000.0,1052.0
-0.28,11.44,-0.14,-17.37,0.05,38.71,18.5,1.19,21.69,1000.0,1077.0,1000.0,1051.0
-0.14,11.44,-0.14,-17.5,0.05,38.87,-2.62,10.56,20.75,1000.0,1087.0,1000.0,1042.0
-0.14,12.19,-0.21,-18.06,0.05,38.81,-11.06,15.06,13.06,1000.0,1100.0,1000.0,1037.0
-0.14,12.38,-0.21,-18.81,0.05,38.67,5.06,17.12,2.12,1000.0,1105.0,1000.0,1048.0
-0.14,11.88,-0.21,-19.87,0.05,38.51,11.88,21.0,12.56,1000.0,1098.0,1000.0,1046.0
-0.14,11.63,-0.14,-20.56,0.05,38.23,11.88,15.13,20.44,1000.0,1091.0,1000.0,1040.0
-0.14,11.19,-0.21,-20.62,0.05,37.69,16.0,0.5,22.56,1000.0,1078.0,1000.0,1044.0
-0.14,10.69,-0.21,-20.25,0.05,37.02,17.81,-5.87,21.12,1000.0,1073.0,1000.0,1049.0
-0.14,10.25,-0.21,-19.81,0.05,36.22,9.56,0.31,20.44,1000.0,1076.0,1000.0,1045.0
-0.14,10.25,-0.21,-19.94,0.05,35.36,4.69,10.69,16.62,1000.0,1083.0,1000.0,1037.0
-0.14,10.0,-0.21,-20.5,0.05,34.51,10.75,14.13,13.19,1000.0,1086.0,1000.0,1039.0
-0.14,9.69,-0.21,-21.25,0.05,33.63,11.88,17.37,20.0,1000.0,1080.0,1000.0,1031.0
-0.14,8.81,-0.21,-21.56,0.05,32.75,30.62,6.75,19.87,1000.0,1068.0,1000.0,1041.0
-0.14,7.75,-0.14,-21.62,0.05,31.77,28.81,7.25,30.31,1000.0,1058.0,1000.0,1035.0
-0.14,7.25,-0.14,-21.62,0.05,30.57,22.44,3.19,40.88,1000.0,1049.0,1000.0,1022.0
-0.14,6.75,-0.14,-21.12,0.05,29.17,20.87,-11.0,37.94,1000.0,1043.0,1000.0,1028.0
-0.14,6.37,-0.21,-19.81,0.05,27.63,14.69,-23.31,31.37,1000.0,1038.0,1000.0,1033.0
-0.28,6.0,-0.21,-18.25,0.05,26.11,13.25,-33.56,19.94,1000.0,1038.0,1000.0,1043.0
-0.28,5.37,-0.21,-15.75,0.05,24.74,16.06,-47.0,6.5,1000.0,1040.0,1000.0,1057.0
-0.28,4.94,-0.21,-13.31,0.05,23.59,2.56,-43.06,9.56,1000.0,1037.0,1000.0,1056.0
-0.28,4.87,-0.21,-11.38,0.05,22.62,4.69,-37.44,11.44,1000.0,1036.0,1000.0,1051.0
-0.28,1.12,-0.21,-7.0,0.05,17.55,-5.06,-51.19,9.38,1000.0,1028.0,1000.0,1035.0
-0.28,2.31,-0.21,-1.81,0.05,16.81,-35.44,-118.0,-13.44,1000.0,1008.0,1033.0,1090.0
-0.28,1.69,-0.21,-0.44,0.05,14.27,-0.56,0.56,0.31,1000.0,1036.0,1000.0,1033.0
-0.28,1.69,-0.14,-0.44,0.05,14.13,0.5,0.5,-0.19,1000.0,1035.0,1000.0,1033.0
-0.28,1.69,-0.21,-0.44,0.05,14.02,1.0,-0.13,-0.19,1000.0,1035.0,1000.0,1032.0
-0.28,1.69,-0.14,-0.44,0.05,13.91,-0.69,-0.44,0.06,1000.0,1036.0,1000.0,1032.0
-0.28,1.62,-0.14,-0.44,0.05,13.78,-0.69,-0.5,0.19,1000.0,1035.0,1000.0,1032.0
-0.28,1.62,-0.21,-0.44,0.05,13.66,-0.37,0.0,0.06,1000.0,1035.0,1000.0,1032.0
-0.28,1.62,-0.21,-0.44,0.05,13.53,-0.06,0.19,-0.06,1000.0,1035.0,1000.0,1031.0
-0.28,1.5,-0.21,-0.44,0.05,13.12,-0.06,0.06,0.06,1000.0,1034.0,1000.0,1031.0
-0.28,1.5,-0.21,-0.44,0.05,13.08,-0.13,-0.06,0.06,1000.0,1033.0,1000.0,1031.0
-0.28,1.5,-0.21,-0.44,0.05,13.04,-0.13,-0.13,0.0,1000.0,1033.0,1000.0,1031.0
-0.28,1.44,-0.21,-0.44,0.05,12.92,-0.13,0.06,0.0,1000.0,1033.0,1000.0,1030.0
-0.28,1.44,-0.21,-0.44,0.05,12.91,-0.19,-0.13,0.06,1000.0,1033.0,1000.0,1030.0
-0.28,1.44,-0.21,-0.44,0.05,12.9,-0.06,-0.06,0.0,1000.0,1033.0,1000.0,1030.0
-0.28,1.44,-0.21,-0.44,0.05,12.9,-0.06,-0.13,0.0,1000.0,1033.0,1000.0,1030.0
-0.28,1.44,-0.21,-0.44,0.05,12.88,-0.25,0.0,0.0,1000.0,1033.0,1000.0,1030.0
-0.28,1.44,-0.21,-0.44,0.05,12.88,-0.13,-0.06,0.0,1000.0,1033.0,1000.0,1030.0
-0.28,1.44,-0.21,-0.44,0.05,12.88,0.13,-0.06,0.06,1000.0,1033.0,1000.0,1030.0
-0.28,1.44,-0.21,-0.44,0.05,12.88,-0.06,0.19,0.0,1000.0,1033.0,1000.0,1030.0
-0.28,1.44,-0.21,-0.44,0.05,12.88,0.06,0.06,0.0,1000.0,1033.0,1000.0,1030.0
-0.28,1.44,-0.21,-0.44,-0.1,12.88,0.13,0.13,0.06,1000.0,1033.0,1000.0,1031.0
-0.28,1.44,-0.21,-0.44,-0.1,12.88,0.06,0.06,0.0,1000.0,1033.0,1000.0,1031.0
-0.28,1.44,-0.14,-0.44,0.05,12.88,-0.06,0.0,0.13,1000.0,1033.0,1000.0,1030.0
-0.28,1.44,-0.21,-0.44,0.05,12.88,-0.06,-0.06,-0.06,1000.0,1033.0,1000.0,1030.0
-0.28,1.44,-0.21,-0.44,0.05,12.88,-0.06,0.0,0.0,1000.0,1033.0,1000.0,1030.0
-0.28,1.44,-0.21,-0.44,0.05,12.88,0.06,0.0,0.0,1000.0,1033.0,1000.0,1030.0
-0.28,1.44,-0.21,-0.44,0.05,12.88,0.0,0.0,-0.06,1000.0,1033.0,1000.0,1030.0
-0.28,1.44,-0.21,-0.44,0.05,12.88,0.0,0.13,0.06,1000.0,1033.0,1000.0,1030.0
-0.28,1.44,-0.21,-0.44,0.05,12.88,0.19,0.06,-0.13,1000.0,1033.0,1000.0,1030.0
-0.28,1.44,-0.21,-0.44,0.05,12.88,0.0,0.06,0.0,1000.0,1033.0,1000.0,1030.0
-0.28,1.44,-0.21,-0.44,0.05,12.88,-0.06,0.0,0.06,1000.0,1033.0,1000.0,1030.0
-0.28,1.44,-0.21,-0.44,0.05,12.88,-0.06,0.0,0.19,1000.0,1033.0,1000.0,1030.0
-0.28,1.44,-0.21,-0.44,0.05,12.88,0.06,0.06,0.0,1000.0,1033.0,1000.0,1030.0
-0.28,1.44,-0.21,-0.44,0.05,12.88,-0.13,-0.06,0.13,1000.0,1033.0,1000.0,1030.0
-0.28,1.44,-0.21,-0.44,0.05,12.88,0.06,-0.06,0.13,1000.0,1033.0,1000.0,1030.0
-0.28,1.44,-0.21,-0.44,0.05,12.88,-0.13,-0.06,0.0,1000.0,1033.0,1000.0,1030.0
-0.28,1.44,-0.21,-0.44,0.05,12.88,0.13,-0.06,0.06,1000.0,1033.0,1000.0,1030.0
-0.28,1.44,-0.21,-0.44,0.05,12.88,-0.13,0.0,-0.06,1000.0,1033.0,1000.0,1030.0
-0.28,1.44,-0.21,-0.44,0.05,12.88,-0.06,0.0,0.13,1000.0,1033.0,1000.0,1030.0
-0.28,1.44,-0.21,-0.44,0.05,12.88,-0.06,-0.13,-0.06,1000.0,1033.0,1000.0,1030.0
-0.28,1.44,-0.21,-0.44,0.05,12.88,0.0,-0.13,0.06,1000.0,1033.0,1000.0,1030.0
-0.28,1.44,-0.21,-0.44,0.05,12.88,0.0,-0.19,0.13,1000.0,1033.0,1000.0,1030.0
-0.28,1.44,-0.21,-0.44,0.05,12.88,-0.13,-0.06,0.06,1000.0,1033.0,1000.0,1030.0
-0.28,1.44,-0.21,-0.44,0.05,12.88,0.0,-0.06,0.06,1000.0,1033.0,1000.0,1030.0
-0.28,1.44,-0.14,-0.44,0.05,12.88,-0.19,0.0,0.0,1000.0,1033.0,1000.0,1030.0
-0.28,1.44,-0.21,-0.44,0.05,12.88,-0.31,0.06,0.13,1000.0,1033.0,1000.0,1030.0
-0.28,1.44,-0.14,-0.44,0.05,12.88,-0.06,-0.06,0.06,1000.0,1033.0,1000.0,1030.0
-0.28,1.44,-0.14,-0.44,0.05,12.88,-0.06,0.0,0.06,1000.0,1033.0,1000.0,1030.0
-0.28,1.44,-0.14,-0.44,0.05,12.88,-0.06,-0.06,0.06,1000.0,1033.0,1000.0,1030.0
-0.28,1.44,-0.14,-0.44,0.05,12.88,0.0,-0.19,-0.06,1000.0,1033.0,1000.0,1030.0
-0.28,1.44,-0.21,-0.44,0.05,12.88,0.06,-0.13,-0.13,1000.0,1033.0,1000.0,1030.0
-0.28,1.44,-0.21,-0.44,0.05,12.88,-0.06,-0.06,0.0,1000.0,1033.0,1000.0,1030.0
-0.28,1.44,-0.21,-0.44,0.05,12.88,0.06,-0.13,0.0,1000.0,1033.0,1000.0,1030.0
-0.28,1.44,-0.21,-0.44,0.05,12.88,0.19,-0.19,0.0,1000.0,1033.0,1000.0,1030.0
-0.28,1.44,-0.21,-0.44,0.05,12.88,0.06,-0.06,-0.06,1000.0,1033.0,1000.0,1030.0
-0.28,1.44,-0.21,-0.44,0.05,12.88,-0.06,0.0,0.13,1000.0,1033.0,1000.0,1030.0
-0.28,1.44,-0.14,-0.44,0.05,12.88,0.13,0.0,-0.13,1000.0,1033.0,1000.0,1030.0
-0.28,1.44,-0.21,-0.44,0.05,12.88,0.06,-0.13,0.06,1000.0,1033.0,1000.0,1030.0
-0.28,1.44,-0.21,-0.44,0.05,12.88,-0.06,0.0,0.06,1000.0,1033.0,1000.0,1030.0
-0.28,1.44,-0.21,-0.44,0.05,12.88,0.06,0.13,0.06,1000.0,1033.0,1000.0,1030.0
-0.28,1.44,-0.21,-0.44,0.05,12.88,-0.13,0.0,0.0,1000.0,1033.0,1000.0,1030.0
-0.28,1.44,-0.21,-0.44,0.05,12.88,0.13,0.0,0.0,1000.0,1033.0,1000.0,1030.0
-0.28,1.44,-0.21,-0.44,0.05,12.88,0.06,-0.06,0.0,1000.0,1033.0,1000.0,1030.0
-0.28,1.44,-0.21,-0.44,0.05,12.88,0.0,0.0,0.0,1000.0,1033.0,1000.0,1030.0
-0.28,1.44,-0.21,-0.44,0.05,12.88,-0.06,-0.06,0.0,1000.0,1033.0,1000.0,1030.0
-0.28,1.44,-0.21,-0.44,0.05,12.88,0.13,0.13,0.0,1000.0,1033.0,1000.0,1030.0
-0.28,1.44,-0.21,-0.44,0.05,12.88,0.0,0.0,0.06,1000.0,1033.0,1000.0,1030.0
-0.28,1.44,-0.21,-0.44,0.05,12.88,0.0,0.06,0.0,1000.0,1033.0,1000.0,1030.0
-0.28,1.44,-0.21,-0.44,0.05,12.88,-0.06,0.13,0.06,1000.0,1033.0,1000.0,1030.0
-0.28,1.44,-0.21,-0.44,0.05,12.88,-0.13,0.0,0.06,1000.0,1033.0,1000.0,1030.0
-0.28,1.44,-0.21,-0.44,0.05,12.88,0.0,0.13,0.06,1000.0,1033.0,1000.0,1030.0
-0.28,1.44,-0.14,-0.44,0.05,12.88,-0.13,0.06,0.06,1000.0,1033.0,1000.0,1030.0
-0.28,1.44,-0.21,-0.44,0.05,12.88,0.19,0.13,0.0,1000.0,1033.0,1000.0,1030.0
-0.28,1.44,-0.21,-0.44,0.05,12.88,0.06,0.0,0.06,1000.0,1033.0,1000.0,1030.0
-0.28,1.44,-0.21,-0.44,0.05,12.88,-0.06,0.13,0.06,1000.0,1033.0,1000.0,1030.0
-0.28,1.44,-0.14,-0.44,0.05,12.88,0.13,0.06,-0.06,1000.0,1033.0,1000.0,1030.0
-0.28,1.44,-0.14,-0.44,0.05,12.88,0.0,0.06,-0.06,1000.0,1033.0,1000.0,1030.0
-0.28,1.44,-0.21,-0.44,0.05,12.88,0.13,0.0,0.0,1000.0,1033.0,1000.0,1030.0
-0.28,1.44,-0.21,-0.44,0.05,12.88,0.06,0.0,-0.06,1000.0,1033.0,1000.0,1030.0
-0.28,1.44,-0.21,-0.44,0.05,12.88,0.06,-0.06,0.06,1000.0,1033.0,1000.0,1030.0
-0.28,1.44,-0.14,-0.44,0.05,12.88,0.06,0.13,-0.13,1000.0,1033.0,1000.0,1030.0
-0.28,1.44,-0.21,-0.44,0.05,12.88,0.31,0.0,-0.06,1000.0,1033.0,1000.0,1030.0
-0.28,1.44,-0.14,-0.44,0.05,12.88,0.19,0.0,-0.13,1000.0,1033.0,1000.0,1030.0
-0.28,1.44,-0.14,-0.44,0.05,12.88,-0.06,0.13,0.06,1000.0,1033.0,1000.0,1030.0
-0.28,1.44,-0.21,-0.44,0.05,12.88,0.0,0.06,0.06,1000.0,1033.0,1000.0,1030.0
-0.28,1.44,-0.14,-0.44,0.05,12.88,-0.06,0.0,-0.13,1000.0,1033.0,1000.0,1030.0
-0.28,1.44,-0.21,-0.44,0.05,12.88,-0.06,-0.06,0.0,1000.0,1033.0,1000.0,1030.0
-0.28,1.44,-0.21,-0.44,0.05,12.88,-0.06,0.06,0.0,1000.0,1033.0,1000.0,1030.0
-0.28,1.44,-0.14,-0.44,-0.1,12.88,-0.06,-0.13,0.19,1000.0,1033.0,1000.0,1031.0
-0.28,1.44,-0.21,-0.44,0.05,12.88,-0.19,0.06,-0.13,1000.0,1033.0,1000.0,1030.0
-0.28,1.44,-0.21,-0.44,-0.1,12.88,-0.06,0.06,-0.13,1000.0,1033.0,1000.0,1031.0
-0.28,1.44,-0.21,-0.44,0.05,12.88,-0.06,0.0,0.06,1000.0,1033.0,1000.0,1030.0
-0.28,1.44,-0.21,-0.44,-0.1,12.88,-0.06,0.06,-0.06,1000.0,1033.0,1000.0,1031.0
-0.28,1.44,-0.14,-0.44,-0.1,12.88,0.0,0.06,0.0,1000.0,1033.0,1000.0,1030.0
-0.28,1.44,-0.14,-0.44,0.05,12.88,-0.06,-0.06,0.06,1000.0,1033.0,1000.0,1030.0
-0.28,1.44,-0.14,-0.44,0.05,12.88,-0.25,0.0,0.06,1000.0,1033.0,1000.0,1030.0
-0.28,1.44,-0.14,-0.44,-0.1,12.88,0.13,-0.06,0.0,1000.0,1034.0,1000.0,1031.0
-0.28,1.44,-0.14,-0.44,-0.1,12.88,-0.06,0.19,0.13,1000.0,1033.0,1000.0,1031.0
-0.28,1.44,-0.21,-0.44,-0.1,12.88,-0.06,-0.06,0.06,1000.0,1033.0,1000.0,1030.0
-0.28,1.44,-0.21,-0.44,-0.1,12.88,0.13,0.13,0.06,1000.0,1042.0,1000.0,1039.0
-0.28,1.44,-0.21,-0.44,0.05,12.88,0.13,-0.06,0.06,1026.0,1076.0,1028.0,1073.0
-0.28,1.44,-0.28,-0.44,0.05,12.88,0.0,-0.5,1.44,1068.0,1117.0,1070.0,1114.0
-0.28,1.44,-0.28,-0.44,0.05,12.87,-0.75,-0.81,0.94,1124.0,1175.0,1126.0,1171.0
-0.28,1.37,-0.49,-0.44,-0.1,12.87,-0.13,-0.19,1.12,1134.0,1186.0,1135.0,1185.0
-0.28,1.37,-0.49,-0.44,-0.1,12.87,0.44,-0.25,1.62,1147.0,1197.0,1149.0,1195.0
-0.28,1.44,-0.42,-0.44,-0.1,12.87,0.0,0.06,0.0,1156.0,1208.0,1159.0,1205.0
-0.28,1.44,-0.49,-0.44,-0.1,12.87,-1.56,-0.44,-0.69,1168.0,1219.0,1170.0,1216.0
-0.28,1.44,-0.63,-0.44,0.05,12.87,-2.69,-0.44,-0.94,1181.0,1229.0,1182.0,1228.0
-0.28,1.44,-1.4,-0.5,0.05,12.87,2.81,1.25,-0.56,1179.0,1233.0,1187.0,1228.0
-0.28,1.44,-3.01,-0.5,0.05,12.87,2.25,-0.19,0.19,1215.0,1267.0,1223.0,1266.0
-0.28,1.44,-3.85,-0.5,0.05,12.87,-1.5,0.19,0.56,1220.0,1268.0,1226.0,1271.0
-0.28,1.44,-3.99,-0.5,0.05,12.87,2.19,-0.06,0.37,1243.0,1294.0,1252.0,1295.0
-0.28,1.44,-4.13,-0.5,0.05,12.87,-2.56,-0.5,0.13,1246.0,1295.0,1252.0,1299.0
-0.28,1.44,-4.2,-0.5,0.05,12.87,-2.5,0.13,-0.56,1259.0,1308.0,1265.0,1312.0
-0.28,1.37,-4.06,-0.5,-0.1,12.87,-0.37,-0.19,-0.75,1272.0,1321.0,1278.0,1325.0
-0.28,1.44,-3.43,-0.5,0.05,12.87,-1.56,-0.31,0.06,1285.0,1335.0,1291.0,1336.0
-0.28,1.37,-3.43,-0.56,0.05,12.87,-0.5,1.87,0.56,1301.0,1348.0,1305.0,1350.0
-0.28,1.44,-3.43,-0.5,-0.1,12.87,-1.44,-2.56,0.94,1309.0,1359.0,1315.0,1361.0
-0.28,1.62,-3.57,-0.44,-0.1,12.87,-4.56,-3.62,-0.69,1307.0,1364.0,1321.0,1360.0
-0.28,1.75,-3.64,-0.25,-0.1,12.88,-0.13,-1.37,1.75,1323.0,1374.0,1331.0,1377.0
-0.28,1.69,-4.2,-0.31,-0.1,12.88,-0.69,3.31,1.94,1338.0,1387.0,1344.0,1386.0
-0.28,1.5,-4.97,-0.31,-0.1,12.86,4.5,0.56,0.44,1338.0,1388.0,1346.0,1392.0
-0.28,1.44,-5.67,-0.37,-0.1,12.86,2.81,1.69,0.06,1339.0,1390.0,1346.0,1393.0
-0.28,1.06,-5.88,-0.25,-0.1,12.86,6.06,-4.19,1.31,1343.0,1386.0,1351.0,1400.0
-0.28,0.62,-7.56,-0.25,0.05,12.85,9.63,2.94,-0.94,1347.0,1391.0,1353.0,1405.0
-0.28,-1.94,-7.56,2.56,-0.1,12.78,4.94,-4.19,3.19,1361.0,1397.0,1374.0,1424.0
-0.28,-2.0,-6.23,2.37,0.05,12.69,1.62,8.06,2.81,1366.0,1405.0,1371.0,1418.0
-0.28,-2.5,-10.85,-1.25,0.05,12.38,9.25,22.44,2.87,1393.0,1426.0,1374.0,1426.0
-0.28,-3.12,-14.21,-2.06,0.05,12.27,14.81,13.0,3.12,1391.0,1417.0,1378.0,1433.0
-0.28,-4.25,-14.7,-3.0,-0.1,11.96,-3.0,9.31,0.81,1383.0,1422.0,1388.0,1435.0
-0.28,-4.06,-10.15,-3.75,-0.1,12.01,-6.06,18.56,0.62,1363.0,1405.0,1355.0,1401.0
-0.14,-1.12,-5.25,-5.44,-0.1,12.73,-22.69,-18.12,4.25,1299.0,1356.0,1327.0,1353.0
-0.14,0.25,-3.57,-4.06,-0.1,12.76,-24.81,-27.5,5.87,1295.0,1354.0,1333.0,1353.0
-0.28,3.94,-6.58,-1.25,0.05,11.29,10.56,1.12,6.37,1374.0,1405.0,1377.0,1412.0
-0.28,3.56,-6.79,-1.19,-0.1,11.04,3.94,-3.06,6.06,1370.0,1404.0,1381.0,1413.0
-0.28,5.44,-6.58,0.44,0.05,10.07,-16.25,-6.37,6.56,1360.0,1411.0,1395.0,1404.0
-0.28,6.12,-7.35,0.75,0.05,9.82,-12.31,-4.87,6.87,1361.0,1409.0,1397.0,1404.0
-0.98,6.25,-6.44,1.44,0.05,9.22,6.5,0.94,6.31,1372.0,1403.0,1389.0,1408.0
-3.92,5.87,-5.74,1.12,0.05,9.03,8.06,10.31,6.0,1377.0,1409.0,1385.0,1401.0
-8.33,5.44,-4.41,0.56,0.05,8.85,8.06,12.56,7.25,1376.0,1414.0,1387.0,1395.0
-9.31,4.44,-5.11,-0.44,-0.1,8.5,10.63,2.5,7.25,1374.0,1408.0,1391.0,1399.0
-7.91,4.0,-5.11,-0.37,0.05,8.3,9.25,-4.81,7.19,1373.0,1404.0,1392.0,1403.0
-7.21,3.5,-4.97,0.31,-0.1,8.08,7.12,-13.38,7.62,1370.0,1398.0,1395.0,1408.0
-2.59,2.06,-4.97,2.56,0.05,7.34,9.19,-5.0,5.25,1376.0,1394.0,1391.0,1411.0
-0.35,1.62,-4.97,2.5,0.05,7.1,7.31,4.56,4.81,1381.0,1398.0,1386.0,1407.0
-0.28,2.19,-5.11,0.88,-0.1,6.52,-11.88,9.5,1.19,1376.0,1411.0,1387.0,1398.0
-0.28,2.75,-5.11,0.69,-0.1,6.42,-11.0,-0.44,0.94,1370.0,1406.0,1389.0,1399.0
-0.28,2.19,-6.23,2.56,-0.1,6.17,14.94,-3.19,0.5,1359.0,1375.0,1369.0,1398.0
-0.28,1.37,-6.3,2.31,-0.1,6.15,18.0,9.31,0.37,1367.0,1379.0,1361.0,1394.0
-0.28,-0.69,-7.07,-0.88,0.05,6.16,6.75,18.81,-0.75,1372.0,1388.0,1355.0,1385.0
-0.28,-0.88,-7.28,-1.5,0.05,6.18,1.87,8.44,-0.81,1365.0,1385.0,1361.0,1388.0
-0.28,0.0,-7.63,-0.44,-0.1,6.3,-6.5,-12.19,-1.62,1348.0,1380.0,1374.0,1394.0
-0.28,0.25,-7.63,-0.06,-0.1,6.35,-3.31,-4.31,-1.19,1353.0,1382.0,1372.0,1392.0
-0.28,-0.19,-7.35,-2.81,-0.1,6.6,4.37,21.37,-2.56,1368.0,1391.0,1353.0,1384.0
-0.28,-0.37,-7.07,-3.69,0.05,6.69,2.44,15.19,-3.37,1366.0,1392.0,1354.0,1384.0
-0.28,0.5,-6.79,-3.75,0.05,7.08,-12.13,-9.69,-4.44,1349.0,1390.0,1370.0,1392.0
-0.35,1.06,-6.23,-3.12,-0.1,7.25,-13.31,-13.0,-4.19,1346.0,1390.0,1374.0,1394.0
-0.35,2.69,-5.32,-2.44,0.05,7.82,-6.0,5.19,-4.31,1361.0,1404.0,1371.0,1396.0
-0.35,2.87,-5.32,-2.87,0.05,8.03,-1.81,9.63,-4.56,1365.0,1407.0,1367.0,1397.0
-0.49,2.94,-5.32,-3.37,0.05,8.23,-0.94,10.5,-3.87,1372.0,1411.0,1369.0,1399.0
-0.49,2.75,-5.11,-3.62,0.05,8.67,-1.44,-5.37,-1.94,1372.0,1411.0,1384.0,1413.0
-0.63,2.87,-5.11,-3.25,0.05,8.81,-2.56,-10.63,-2.0,1379.0,1420.0,1396.0,1424.0
-0.63,3.69,-4.97,-2.31,-0.1,9.04,-4.56,0.69,-2.56,1379.0,1427.0,1394.0,1420.0
-0.63,3.87,-4.83,-2.44,-0.1,9.1,-2.44,2.94,-3.0,1384.0,1430.0,1393.0,1422.0
-5.39,3.37,-3.92,-2.37,0.05,9.37,7.87,-8.38,-2.94,1381.0,1426.0,1397.0,1427.0
-7.42,2.81,-2.59,-1.75,0.05,9.47,14.56,-16.31,-3.19,1379.0,1423.0,1398.0,1431.0
-8.82,1.81,-1.89,-0.56,0.05,9.59,19.31,-21.25,-3.62,1378.0,1419.0,1399.0,1437.0
-13.93,-1.69,-0.28,2.0,-0.1,10.05,19.44,-5.69,-4.56,1381.0,1426.0,1392.0,1433.0
-14.98,-2.44,-0.14,2.12,0.05,10.22,15.25,-1.37,-4.69,1380.0,1432.0,1392.0,1428.0
-4.06,-4.31,-1.82,2.25,0.05,10.84,16.25,-8.13,-3.62,1386.0,1418.0,1385.0,1442.0
-2.94,-5.0,-1.89,2.81,0.05,11.07,12.19,-13.88,-3.87,1383.0,1415.0,1387.0,1446.0
-0.35,-3.87,-2.59,4.5,-0.1,11.65,-28.31,-1.19,-3.56,1371.0,1434.0,1397.0,1431.0
-0.35,-1.81,-3.99,4.19,-0.1,11.79,-36.56,7.44,-3.37,1363.0,1437.0,1394.0,1418.0
-0.28,-0.13,-4.06,3.81,-0.1,11.89,-34.44,8.06,-3.31,1360.0,1437.0,1391.0,1412.0
-0.28,1.12,-5.25,4.0,0.05,12.06,10.19,-9.88,-1.19,1357.0,1397.0,1372.0,1422.0
-0.28,0.37,-5.11,4.62,0.05,12.13,17.25,-10.88,-0.81,1346.0,1380.0,1358.0,1416.0
-0.28,0.69,-4.41,4.12,-0.1,12.36,-19.81,15.81,-0.81,1345.0,1407.0,1358.0,1389.0
-0.28,1.94,-4.41,3.25,-0.1,12.4,-29.0,18.56,-0.13,1342.0,1413.0,1362.0,1383.0
-0.28,4.87,-4.69,1.94,-0.1,12.36,-4.25,1.56,1.94,1342.0,1400.0,1362.0,1392.0
-0.28,4.5,-4.69,1.94,-0.1,12.3,9.44,-1.12,3.12,1346.0,1388.0,1356.0,1398.0
-0.28,3.75,-4.83,2.0,-0.1,12.22,17.31,3.37,3.06,1351.0,1385.0,1352.0,1401.0
-0.28,2.37,-4.83,1.06,-0.1,11.91,-4.44,7.81,3.5,1347.0,1393.0,1355.0,1388.0
-0.28,2.94,-4.97,0.81,-0.1,11.75,-13.75,5.06,3.19,1342.0,1396.0,1360.0,1385.0
-0.28,4.62,-5.11,1.06,-0.1,11.23,-0.44,-4.87,2.94,1341.0,1389.0,1363.0,1391.0
-0.28,4.31,-5.25,1.31,-0.1,11.04,10.0,-2.19,2.62,1346.0,1384.0,1359.0,1395.0
-0.28,3.37,-5.46,1.19,-0.1,10.87,18.56,4.0,1.69,1352.0,1382.0,1352.0,1398.0
-3.22,1.31,-6.86,-0.75,-0.1,10.52,-0.31,13.56,-0.94,1351.0,1396.0,1351.0,1386.0
-3.15,1.69,-7.98,-1.25,-0.1,10.46,-11.0,10.19,-2.12,1343.0,1399.0,1358.0,1385.0
-2.66,3.94,-12.46,-0.88,-0.1,10.47,-9.69,-10.63,-1.69,1330.0,1389.0,1371.0,1394.0
-2.59,4.06,-13.72,-0.44,-0.1,10.51,0.0,-7.37,-0.88,1333.0,1383.0,1369.0,1399.0
-2.66,3.69,-15.75,-0.31,-0.1,10.55,10.69,1.62,-0.75,1338.0,1381.0,1363.0,1401.0
-2.66,2.94,-16.45,-0.75,-0.1,10.59,16.94,12.38,-0.62,1346.0,1383.0,1356.0,1399.0
-4.2,2.06,-19.74,-1.75,0.05,10.62,18.0,23.94,0.31,1352.0,1385.0,1352.0,1396.0
-4.41,1.12,-20.02,-3.31,-0.1,10.65,15.63,26.5,0.75,1353.0,1388.0,1350.0,1393.0
-5.18,0.62,-20.02,-4.5,-0.1,10.65,8.19,25.5,1.19,1364.0,1404.0,1364.0,1400.0
-5.39,0.37,-18.69,-5.75,-0.1,10.63,3.19,18.0,2.5,1364.0,1404.0,1368.0,1400.0
-6.09,0.31,-15.47,-6.25,-0.1,10.59,1.5,6.81,2.87,1360.0,1404.0,1373.0,1400.0
-6.09,0.25,-9.59,-6.31,-0.1,10.52,0.75,-2.69,3.75,1361.0,1404.0,1375.0,1400.0
-6.3,0.19,-6.79,-5.81,0.05,10.42,2.5,-11.44,4.87,1360.0,1400.0,1378.0,1402.0
-6.09,0.06,-1.05,-5.12,0.05,10.28,4.69,-16.56,5.56,1364.0,1401.0,1378.0,1401.0
-6.02,-0.19,-0.14,-4.25,0.05,10.1,5.31,-18.19,6.31,1367.0,1400.0,1382.0,1407.0
-5.95,-0.56,-0.14,-3.31,0.05,9.88,7.44,-22.62,6.25,1369.0,1398.0,1385.0,1411.0
-5.88,-1.0,-0.14,-2.06,0.05,9.64,7.06,-21.37,6.56,1370.0,1398.0,1387.0,1412.0
-5.88,-1.19,-0.21,-1.06,0.05,9.37,3.0,-19.31,6.5,1370.0,1400.0,1391.0,1412.0
-5.74,-1.25,-0.28,-0.25,0.05,9.09,-1.5,-15.88,6.25,1372.0,1404.0,1393.0,1411.0
-5.67,-1.06,-0.42,0.37,0.05,8.79,-5.94,-10.56,5.94,1372.0,1407.0,1394.0,1407.0
-5.53,-0.75,-0.49,0.81,0.05,8.49,-4.87,-8.94,5.31,1374.0,1411.0,1396.0,1407.0
-4.27,-0.5,-1.26,1.12,0.05,8.2,-5.37,-4.25,5.31,1377.0,1409.0,1394.0,1407.0
-4.2,-0.31,-2.03,1.25,0.05,7.91,-3.37,-3.62,4.87,1377.0,1409.0,1394.0,1408.0
-4.27,-0.25,-2.8,1.31,0.05,7.64,-1.5,0.37,3.75,1379.0,1409.0,1392.0,1407.0
-4.27,-0.13,-2.8,1.25,0.05,7.38,-1.31,1.5,3.06,1381.0,1412.0,1394.0,1408.0
-4.34,-0.06,-3.43,1.06,0.05,7.15,-2.69,4.37,1.62,1382.0,1414.0,1393.0,1407.0
-4.34,0.19,-3.36,0.81,0.05,6.95,-3.94,4.62,1.31,1382.0,1416.0,1394.0,1408.0
-4.34,0.44,-3.43,0.5,0.05,6.78,-5.69,6.75,0.37,1386.0,1420.0,1396.0,1410.0
-4.34,0.62,-3.57,0.25,0.05,6.65,-6.31,6.12,0.13,1387.0,1422.0,1399.0,1411.0
-4.34,1.0,-3.57,-0.13,0.05,6.54,-6.31,7.5,-0.75,1389.0,1426.0,1401.0,1412.0
-4.27,1.37,-3.85,-0.69,0.05,6.47,-8.31,13.0,-1.25,1391.0,1431.0,1400.0,1409.0
-4.2,1.81,-5.25,-1.44,0.05,6.42,-9.94,15.44,-0.56,1392.0,1432.0,1400.0,1408.0
-4.06,2.31,-8.75,-2.12,0.05,6.38,-9.06,13.19,0.44,1390.0,1430.0,1403.0,1409.0
-4.2,2.69,-11.83,-2.69,0.05,6.34,-6.06,7.69,1.12,1387.0,1423.0,1408.0,1414.0
-5.46,1.31,-14.21,-2.5,0.05,6.15,19.31,-0.75,3.31,1394.0,1409.0,1408.0,1430.0
-5.67,0.5,-13.58,-2.69,0.05,6.06,17.44,8.5,3.06,1399.0,1411.0,1404.0,1426.0
-5.88,-0.44,-13.65,-3.44,0.05,6.0,14.44,16.87,3.06,1401.0,1414.0,1398.0,1419.0
-6.02,-0.81,-14.35,-4.56,0.05,5.98,5.69,26.94,2.87,1404.0,1424.0,1398.0,1414.0
-6.09,-1.0,-14.21,-6.0,0.05,5.94,3.19,29.87,3.12,1406.0,1428.0,1398.0,1409.0
-6.09,-1.06,-12.74,-7.56,0.05,5.89,0.81,25.0,3.12,1406.0,1430.0,1397.0,1408.0
-5.46,-1.19,-10.71,-8.38,0.05,5.84,4.31,13.31,3.06,1405.0,1427.0,1398.0,1410.0
-2.17,-1.5,-4.69,-8.69,0.05,5.79,9.19,1.31,3.12,1409.0,1420.0,1395.0,1416.0
-0.7,-2.06,-0.84,-8.25,0.05,5.71,10.63,-12.38,2.87,1405.0,1412.0,1394.0,1420.0
-0.49,-2.5,-0.14,-7.12,0.05,5.59,7.94,-27.87,2.81,1398.0,1406.0,1402.0,1427.0
-0.35,-2.5,-0.14,-5.25,-0.1,5.43,-3.06,-34.13,2.31,1392.0,1407.0,1410.0,1431.0
-0.35,-1.87,-0.14,-3.69,0.05,5.29,-19.06,-31.12,2.25,1386.0,1411.0,1417.0,1424.0
-0.28,-0.62,-0.14,-2.44,0.05,5.15,-29.31,-22.87,1.37,1382.0,1420.0,1421.0,1416.0
-0.28,0.94,-0.14,-1.62,0.05,5.03,-34.19,-12.25,0.44,1382.0,1428.0,1420.0,1410.0
-0.28,2.69,-0.14,-1.37,0.05,4.91,-28.0,-0.75,-0.13,1389.0,1432.0,1413.0,1406.0
-0.28,3.56,-0.14,-1.56,0.05,4.82,-12.44,4.19,-0.81,1393.0,1429.0,1405.0,1406.0
-0.28,3.62,-0.14,-1.69,0.05,4.75,5.37,1.94,-0.44,1399.0,1422.0,1399.0,1412.0
-0.28,2.87,-0.14,-1.56,-0.1,4.71,21.06,-5.37,-1.0,1404.0,1414.0,1397.0,1424.0
-0.28,1.69,-0.14,-1.12,-0.1,4.7,27.37,-12.31,-1.44,1405.0,1408.0,1396.0,1432.0
-0.28,0.25,-0.14,-0.25,-0.1,4.73,24.94,-15.13,-1.87,1404.0,1405.0,1397.0,1436.0
-0.28,-0.56,-0.21,0.44,0.05,4.77,10.81,-15.06,-2.5,1397.0,1406.0,1399.0,1431.0
-0.28,1.25,-0.21,1.87,0.05,5.01,-23.69,-2.12,-4.94,1383.0,1428.0,1408.0,1413.0
-0.28,2.56,-0.21,1.87,0.05,5.15,-21.87,0.5,-5.0,1384.0,1430.0,1407.0,1411.0
-0.28,3.19,-0.21,1.81,-0.1,5.31,-8.81,1.0,-4.94,1387.0,1427.0,1403.0,1415.0
-0.28,3.37,-0.21,1.87,-0.1,5.49,0.56,-1.62,-4.31,1391.0,1422.0,1400.0,1420.0
-0.28,3.06,-0.21,2.31,-0.1,5.67,7.62,-10.5,-3.94,1387.0,1412.0,1397.0,1424.0
-0.28,2.69,-0.21,3.06,0.05,5.88,7.75,-17.5,-4.06,1381.0,1406.0,1398.0,1426.0
-0.28,2.5,-0.21,3.87,0.05,6.09,0.94,-17.81,-4.25,1375.0,1405.0,1398.0,1423.0
-0.28,2.69,-0.21,4.62,-0.1,6.31,-7.06,-13.25,-3.94,1369.0,1406.0,1397.0,1416.0
-0.28,3.37,-0.21,5.06,-0.1,6.52,-14.25,-5.62,-4.0,1369.0,1412.0,1396.0,1411.0
-0.28,4.19,-0.21,5.12,-0.1,6.72,-17.12,2.06,-3.56,1367.0,1416.0,1393.0,1404.0
-0.28,5.0,-0.21,4.81,-0.1,6.89,-15.13,7.31,-2.94,1370.0,1419.0,1391.0,1400.0
-0.28,5.56,-0.21,4.5,-0.1,7.04,-8.81,6.31,-2.12,1371.0,1418.0,1390.0,1401.0
-0.28,5.69,-0.21,4.25,-0.1,7.17,-2.06,3.25,-1.44,1373.0,1411.0,1384.0,1404.0
-0.28,5.37,-0.21,4.12,-0.1,7.29,8.88,0.69,-1.56,1372.0,1403.0,1379.0,1406.0
-0.28,4.81,-0.28,4.12,-0.1,7.41,13.31,-1.87,-2.0,1370.0,1397.0,1374.0,1407.0
-0.28,4.19,-0.28,4.19,-0.1,7.54,12.44,-1.06,-1.94,1368.0,1395.0,1371.0,1405.0
-0.28,3.69,-0.28,4.19,-0.1,7.67,6.81,-1.37,-2.69,1364.0,1395.0,1370.0,1403.0
-0.28,3.56,-0.28,4.12,-0.1,7.81,0.69,2.81,-2.56,1363.0,1399.0,1371.0,1399.0
-0.28,3.75,-0.28,3.87,-0.1,7.95,-4.25,6.62,-2.25,1360.0,1401.0,1369.0,1393.0
-0.28,4.06,-0.28,3.31,-0.1,8.07,-4.62,12.0,-1.75,1360.0,1403.0,1366.0,1387.0
-0.28,4.25,-0.28,2.69,-0.1,8.18,-0.88,13.69,-0.62,1360.0,1400.0,1361.0,1383.0
-0.28,4.06,-0.28,1.94,-0.1,8.26,5.19,11.63,-0.06,1362.0,1396.0,1357.0,1385.0
-0.28,3.56,-0.28,1.5,-0.1,8.31,10.75,6.06,1.19,1365.0,1390.0,1357.0,1388.0
-0.28,2.94,-0.28,1.31,-0.1,8.35,13.69,3.06,2.31,1363.0,1384.0,1357.0,1391.0
-0.28,2.37,-0.28,1.37,-0.1,8.36,8.81,-1.56,1.5,1359.0,1382.0,1357.0,1390.0
-0.28,2.0,-0.28,1.5,-0.1,8.34,3.5,-1.56,4.0,1357.0,1381.0,1359.0,1387.0
-0.28,2.06,-0.28,1.56,-0.1,8.29,-4.19,0.31,3.12,1353.0,1386.0,1362.0,1382.0
-0.28,2.44,-0.28,1.25,-0.1,8.21,-10.13,7.87,3.12,1353.0,1392.0,1361.0,1375.0
-0.28,3.06,-0.49,0.75,-0.1,8.11,-13.56,11.44,3.87,1353.0,1394.0,1362.0,1371.0
-0.28,3.62,-0.56,0.13,-0.1,7.98,-11.5,14.06,3.75,1355.0,1395.0,1360.0,1370.0
-0.28,4.06,-0.56,-0.88,-0.1,7.77,-4.5,17.5,4.19,1360.0,1394.0,1357.0,1370.0
-0.28,4.0,-0.56,-1.62,-0.1,7.52,5.5,15.56,5.81,1366.0,1390.0,1353.0,1371.0
-0.28,3.56,-0.49,-2.25,-0.1,7.25,12.25,10.38,5.81,1367.0,1385.0,1353.0,1375.0
-0.28,2.75,-0.42,-2.62,-0.1,6.96,13.88,5.06,5.62,1369.0,1379.0,1354.0,1379.0
-0.28,2.12,-0.28,-2.69,-0.1,6.66,11.81,0.13,6.81,1367.0,1377.0,1357.0,1379.0
-0.28,1.75,-0.28,-2.62,0.05,6.37,5.62,-4.06,6.69,1365.0,1376.0,1361.0,1378.0
-0.28,1.56,-0.28,-2.37,-0.1,6.04,-0.06,-2.25,6.75,1363.0,1378.0,1364.0,1375.0
-0.28,1.81,-0.28,-2.19,-0.1,5.68,-6.5,-2.94,7.62,1361.0,1379.0,1368.0,1372.0
-0.28,2.19,-0.28,-2.12,-0.1,5.26,-8.63,-0.88,7.31,1360.0,1380.0,1368.0,1369.0
-0.28,2.69,-0.28,-2.12,-0.1,4.8,-9.88,1.56,7.5,1362.0,1381.0,1370.0,1368.0
-0.28,3.0,-0.28,-2.19,-0.1,4.35,-6.5,2.0,7.75,1365.0,1380.0,1370.0,1367.0
-0.28,3.19,-0.28,-2.31,-0.1,3.85,-2.19,4.06,8.19,1367.0,1379.0,1370.0,1366.0
-0.28,3.19,-0.28,-2.5,-0.1,3.36,2.06,3.44,8.0,1370.0,1376.0,1368.0,1367.0
-0.28,2.87,-0.28,-2.62,-0.1,2.89,6.0,1.5,7.94,1371.0,1372.0,1368.0,1369.0
-0.28,2.44,-0.28,-2.56,-0.1,2.43,9.88,-0.88,7.44,1372.0,1369.0,1367.0,1369.0
-0.28,2.0,-0.21,-2.5,-0.1,1.99,9.63,-2.25,6.62,1373.0,1368.0,1368.0,1370.0
-1.05,1.5,-0.21,-2.37,-0.1,1.57,9.25,-1.44,6.62,1373.0,1368.0,1369.0,1370.0
-3.22,1.06,-0.14,-2.31,-0.1,1.16,7.5,-0.13,5.75,1372.0,1370.0,1370.0,1368.0
-5.74,0.75,-0.14,-2.37,-0.1,0.78,3.94,1.31,4.94,1370.0,1372.0,1372.0,1364.0
-9.38,0.69,-0.14,-2.5,0.05,0.43,0.81,3.75,4.06,1369.0,1377.0,1375.0,1359.0
-12.04,0.62,-0.14,-2.75,0.05,0.1,2.12,5.19,3.69,1370.0,1382.0,1379.0,1358.0
-14.56,0.44,-0.14,-3.06,0.05,-0.2,5.81,5.94,3.19,1372.0,1385.0,1381.0,1358.0
-16.38,-0.19,-0.14,-3.25,0.05,-0.46,16.5,2.75,3.37,1375.0,1382.0,1381.0,1362.0
-18.76,-1.62,-0.14,-3.25,0.05,-0.67,27.87,-1.25,2.5,1376.0,1376.0,1379.0,1368.0
-18.83,-3.37,-0.14,-3.12,0.05,-0.88,40.25,-2.31,3.06,1386.0,1372.0,1377.0,1378.0
-19.67,-5.56,-0.14,-3.06,0.05,-1.07,45.63,-0.19,3.0,1392.0,1371.0,1376.0,1381.0
-20.37,-8.13,-0.14,-3.12,0.05,-1.25,43.19,1.56,3.44,1398.0,1374.0,1377.0,1383.0
-18.83,-10.06,-0.14,-3.19,0.05,-1.43,35.5,-0.25,3.25,1399.0,1374.0,1379.0,1384.0
-15.33,-11.44,-0.14,-3.06,0.05,-1.61,23.87,-4.44,3.69,1398.0,1373.0,1383.0,1386.0
-8.82,-12.19,-0.14,-2.75,0.05,-1.8,9.06,-8.19,5.0,1399.0,1374.0,1390.0,1388.0
-6.3,-12.13,-0.14,-2.31,0.05,-2.02,-8.56,-11.69,5.31,1408.0,1391.0,1410.0,1400.0
-3.92,-11.31,-0.21,-1.75,0.05,-2.26,-21.56,-12.38,6.62,1415.0,1402.0,1427.0,1407.0
-2.59,-9.75,-0.21,-1.12,0.05,-2.54,-29.87,-12.31,6.75,1413.0,1406.0,1433.0,1404.0
-2.38,-8.13,-0.21,-0.62,0.05,-2.84,-35.63,-10.06,6.19,1412.0,1412.0,1439.0,1402.0
-0.84,-6.31,-0.21,-0.31,0.05,-3.15,-38.0,-7.31,5.19,1413.0,1414.0,1439.0,1400.0
-0.7,-4.25,-0.21,-0.06,0.05,-3.47,-36.38,-2.31,3.44,1413.0,1416.0,1437.0,1398.0
-0.63,-2.69,-0.21,-0.19,0.05,-3.73,-28.87,4.44,2.44,1418.0,1421.0,1435.0,1398.0
-0.49,-1.31,-0.21,-0.69,0.05,-3.95,-22.37,9.56,2.12,1422.0,1421.0,1431.0,1397.0
-0.35,-0.5,-0.28,-1.31,0.05,-4.13,-13.69,11.94,0.75,1426.0,1421.0,1426.0,1398.0
-0.35,0.19,-0.28,-1.94,0.05,-4.28,-11.94,10.5,0.19,1426.0,1420.0,1425.0,1399.0
-0.35,0.75,-0.28,-2.31,0.05,-4.42,-13.44,5.5,-0.56,1411.0,1406.0,1414.0,1388.0
-0.35,1.56,-0.28,-2.37,0.05,-4.53,-18.56,-0.06,-1.87,1404.0,1405.0,1416.0,1386.0
-0.35,2.69,-0.28,-2.25,-0.1,-4.7,-26.81,-3.62,-3.44,1397.0,1407.0,1420.0,1384.0
-0.35,4.5,-0.28,-1.94,-0.1,-4.75,-34.13,-6.19,-4.19,1388.0,1409.0,1424.0,1379.0
-0.35,6.25,-0.28,-1.5,0.05,-4.75,-35.81,-8.94,-4.81,1385.0,1409.0,1427.0,1379.0
-0.35,7.87,-0.28,-1.12,-0.1,-4.7,-30.25,-8.06,-6.06,1383.0,1409.0,1424.0,1379.0
-0.35,9.0,-0.21,-0.88,-0.1,-4.65,-18.37,-5.06,-6.81,1372.0,1393.0,1406.0,1369.0
-0.35,9.63,-0.21,-0.75,0.05,-4.53,-6.37,-2.56,-7.19,1376.0,1389.0,1398.0,1369.0
-0.49,9.5,-0.21,-0.69,-0.1,-4.4,7.19,-1.37,-7.75,1378.0,1382.0,1389.0,1372.0
-0.49,9.06,-0.21,-0.75,-0.1,-4.26,12.31,0.25,-8.19,1378.0,1378.0,1382.0,1373.0
-2.59,8.38,-0.14,-1.0,-0.1,-4.1,11.75,4.06,-8.69,1377.0,1380.0,1380.0,1370.0
-13.23,7.94,-0.14,-1.37,-0.1,-3.89,6.56,9.88,-8.81,1371.0,1393.0,1386.0,1359.0
-19.11,7.75,-0.14,-2.06,-0.1,-3.62,3.5,9.69,-9.19,1364.0,1399.0,1389.0,1352.0
-22.4,7.37,-0.14,-2.56,-0.1,-3.29,11.19,8.5,-9.0,1363.0,1399.0,1389.0,1352.0
-23.8,6.25,-0.14,-2.94,-0.1,-2.92,24.69,5.0,-8.81,1366.0,1395.0,1384.0,1359.0
-23.8,4.37,-0.14,-3.12,-0.1,-2.53,45.75,2.06,-8.38,1374.0,1384.0,1376.0,1370.0
-25.48,1.69,-0.07,-3.19,0.05,-2.15,62.13,0.06,-7.56,1380.0,1376.0,1370.0,1377.0
-26.25,-1.44,-0.07,-3.19,0.05,-1.75,68.56,1.12,-7.31,1385.0,1372.0,1365.0,1383.0
-26.25,-5.37,-0.07,-3.31,0.05,-1.38,65.44,4.56,-6.87,1402.0,1386.0,1374.0,1398.0
-25.48,-8.25,-0.07,-3.56,0.05,-1.02,54.81,8.0,-6.56,1404.0,1390.0,1375.0,1398.0
-20.72,-10.44,-0.07,-4.0,0.05,-0.65,38.63,11.38,-6.25,1418.0,1406.0,1387.0,1409.0
-17.78,-12.0,-0.14,-4.62,0.05,-0.26,21.87,12.19,-5.56,1425.0,1421.0,1399.0,1415.0
-12.67,-12.44,-0.14,-5.12,0.05,0.12,3.5,10.0,-4.5,1432.0,1434.0,1413.0,1424.0
-9.38,-12.25,-0.21,-5.37,0.05,0.5,-8.94,3.81,-2.31,1431.0,1437.0,1422.0,1426.0
-6.3,-11.44,-0.21,-5.31,0.05,0.82,-16.25,-3.44,-0.13,1428.0,1435.0,1427.0,1427.0
-4.76,-10.44,-0.21,-4.75,0.05,1.08,-21.44,-14.63,3.44,1424.0,1431.0,1436.0,1429.0
-2.94,-9.06,-0.21,-3.69,0.05,1.22,-23.81,-23.06,6.5,1422.0,1427.0,1443.0,1431.0
-1.54,-7.94,-0.21,-2.44,0.05,1.26,-24.06,-28.12,9.0,1420.0,1422.0,1449.0,1433.0
-0.91,-6.81,-0.14,-1.25,0.05,1.16,-21.75,-25.44,9.5,1421.0,1421.0,1450.0,1432.0
-0.28,-5.69,-0.14,-0.06,-0.1,0.94,-19.06,-17.25,10.0,1424.0,1423.0,1447.0,1431.0
-0.28,-4.69,-0.14,0.44,-0.1,0.62,-23.0,-8.63,10.25,1428.0,1426.0,1445.0,1426.0
-0.28,-3.56,-0.14,0.62,-0.1,0.23,-27.12,-1.69,10.19,1428.0,1431.0,1446.0,1419.0
-0.28,-1.81,-0.14,0.5,-0.1,-0.21,-33.31,2.25,10.63,1428.0,1435.0,1449.0,1413.0
-0.28,-0.13,-0.14,0.37,-0.1,-0.7,-36.81,0.75,10.88,1426.0,1437.0,1453.0,1409.0
-1.05,1.56,-0.14,0.56,0.05,-1.22,-35.44,-6.0,11.19,1423.0,1435.0,1459.0,1408.0
-5.46,3.06,-0.14,1.06,0.05,-1.82,-30.75,-14.06,10.5,1417.0,1432.0,1466.0,1408.0
-8.68,4.12,-0.14,2.06,0.05,-2.39,-18.56,-22.62,8.88,1399.0,1412.0,1454.0,1399.0
-9.38,4.5,-0.21,3.62,0.05,-2.94,-4.06,-29.06,7.12,1379.0,1383.0,1432.0,1387.0
-9.38,4.19,-0.21,5.19,0.05,-3.43,7.62,-30.5,5.12,1382.0,1375.0,1428.0,1395.0
-9.31,3.69,-0.21,6.37,0.05,-3.85,10.81,-21.5,3.5,1382.0,1372.0,1421.0,1391.0
-9.17,3.25,-0.28,7.12,-0.1,-4.2,5.44,-8.06,1.56,1381.0,1376.0,1413.0,1383.0
-9.31,3.19,-0.28,7.0,-0.1,-4.48,-0.19,4.87,-0.25,1382.0,1383.0,1406.0,1374.0
-10.57,3.37,-0.28,6.44,0.05,-4.69,-5.69,14.0,-1.37,1382.0,1390.0,1404.0,1364.0
-10.64,4.0,-0.49,5.5,-0.1,-4.84,-11.44,16.56,-2.94,1379.0,1394.0,1401.0,1358.0
-10.71,4.62,-0.7,4.81,0.05,-4.91,-13.0,11.88,-4.0,1373.0,1391.0,1401.0,1355.0
-10.78,5.31,-1.26,4.44,-0.1,-4.96,-9.94,0.88,-4.75,1355.0,1374.0,1391.0,1348.0
-10.92,5.62,-1.12,4.56,0.05,-4.92,-2.37,-6.37,-6.0,1350.0,1366.0,1389.0,1351.0
-10.92,5.5,-1.05,4.94,0.05,-4.82,8.69,-8.56,-6.12,1352.0,1362.0,1386.0,1357.0
-11.69,4.87,-0.98,5.19,0.05,-4.65,18.87,-3.06,-6.06,1357.0,1358.0,1379.0,1359.0
-11.76,3.56,-0.84,5.0,0.05,-4.45,26.25,5.56,-6.06,1342.0,1337.0,1348.0,1337.0
-12.25,2.19,-0.21,4.31,0.05,-4.21,29.25,16.69,-6.44,1327.0,1319.0,1320.0,1314.0
-12.46,1.0,-0.28,3.31,-0.1,-3.96,24.0,22.44,-7.12,1318.0,1313.0,1305.0,1300.0
-12.46,0.19,-0.28,2.25,-0.1,-3.66,16.12,22.62,-7.31,1315.0,1315.0,1304.0,1294.0
-12.6,-0.31,-0.56,1.12,-0.1,-3.34,5.56,18.69,-6.44,1310.0,1316.0,1307.0,1294.0
-12.6,-0.5,-0.7,0.56,-0.1,-3.01,4.44,10.25,-6.44,1303.0,1314.0,1310.0,1293.0
-12.6,-0.69,-1.89,0.44,-0.1,-2.7,3.81,-0.19,-5.81,1299.0,1310.0,1313.0,1298.0
-12.67,-1.25,-2.03,0.75,-0.1,-2.37,11.0,-4.19,-5.94,1298.0,1305.0,1314.0,1303.0
-12.81,-2.0,-2.1,1.12,0.05,-2.05,17.87,-8.31,-5.56,1321.0,1323.0,1333.0,1331.0
-12.95,-3.25,-1.89,1.5,0.05,-1.72,24.75,-7.37,-4.5,1346.0,1343.0,1352.0,1355.0
-13.02,-4.37,-1.82,1.56,0.05,-1.39,23.69,1.87,-3.81,1352.0,1347.0,1352.0,1357.0
-13.16,-5.37,-1.82,1.37,0.05,-1.09,17.75,7.12,-3.0,1356.0,1352.0,1352.0,1355.0
-13.16,-6.0,-1.68,0.75,0.05,-0.8,6.69,15.0,-2.87,1358.0,1361.0,1353.0,1352.0
-13.16,-5.94,-1.68,0.06,0.05,-0.54,-7.87,15.88,-2.81,1369.0,1383.0,1372.0,1360.0
-13.16,-5.31,-1.54,-0.56,0.05,-0.3,-15.75,9.75,-2.25,1363.0,1386.0,1377.0,1357.0
-13.02,-4.19,-1.4,-0.75,0.05,-0.11,-21.0,1.25,-0.19,1362.0,1389.0,1386.0,1359.0
-13.02,-3.19,-1.26,-0.13,0.05,0.04,-19.31,-19.19,0.69,1353.0,1381.0,1398.0,1368.0
-12.95,-2.44,-1.26,1.19,0.05,0.13,-11.25,-34.19,1.0,1349.0,1375.0,1406.0,1378.0
-12.95,-2.31,-1.12,3.06,0.05,0.15,2.62,-39.19,0.62,1352.0,1367.0,1407.0,1390.0
-12.95,-3.25,-0.98,5.12,0.05,0.09,22.31,-32.5,-0.81,1361.0,1361.0,1398.0,1399.0
-12.81,-4.19,-0.84,4.69,0.05,0.08,36.88,-2.5,-2.37,1377.0,1367.0,1380.0,1397.0
-12.81,4.81,-0.84,-4.87,0.05,0.44,-148.31,172.44,-45.5,1317.0,1602.0,1357.0,1249.0
-12.67,6.87,-0.77,-8.19,0.05,1.07,-12.81,39.5,-7.81,1366.0,1434.0,1373.0,1351.0
-12.67,5.12,-0.77,-7.5,0.05,1.65,63.0,-38.38,-3.75,1378.0,1373.0,1371.0,1403.0
-12.6,0.94,-0.7,-4.69,-0.1,2.14,97.44,-66.0,-4.19,1378.0,1337.0,1372.0,1438.0
-12.46,-4.37,-0.63,-0.69,0.05,2.57,81.0,-66.81,-6.81,1370.0,1334.0,1374.0,1447.0
-12.25,-6.87,-0.56,1.87,-0.1,2.98,32.75,-40.31,-8.31,1361.0,1358.0,1380.0,1426.0
-12.25,-6.31,-0.42,2.81,0.05,3.38,-35.13,2.69,-9.94,1351.0,1403.0,1386.0,1383.0
-12.25,-3.56,-0.49,1.94,-0.1,3.79,-67.37,26.44,-10.63,1345.0,1434.0,1388.0,1357.0
-12.25,-0.19,-0.63,0.56,-0.1,4.2,-65.06,25.37,-10.0,1342.0,1442.0,1391.0,1350.0
-12.18,2.62,-1.26,-0.25,0.05,4.6,-39.75,8.38,-9.81,1343.0,1425.0,1389.0,1367.0
-12.04,3.06,-1.4,0.19,-0.1,5.01,7.12,-16.81,-8.94,1348.0,1401.0,1383.0,1391.0
-11.9,1.62,-1.4,1.5,-0.1,5.43,44.81,-30.37,-8.25,1355.0,1377.0,1375.0,1415.0
-11.76,-1.06,-1.4,3.06,0.05,5.89,63.81,-32.5,-8.25,1361.0,1361.0,1363.0,1427.0
-11.69,-4.5,-1.4,4.44,0.05,6.39,58.56,-18.5,-9.0,1365.0,1364.0,1355.0,1426.0
-11.62,-6.44,-1.4,4.62,0.05,6.91,30.62,5.37,-9.56,1355.0,1371.0,1340.0,1398.0
-11.62,-6.87,-1.4,4.0,0.05,7.49,-2.5,19.56,-9.88,1336.0,1380.0,1332.0,1368.0
-11.55,-5.5,-1.54,2.62,0.05,8.12,-28.62,25.0,-9.25,1313.0,1382.0,1326.0,1340.0
-11.48,-3.5,-2.8,1.5,0.05,8.72,-43.38,20.19,-8.13,1300.0,1387.0,1328.0,1329.0
-11.48,-1.56,-4.27,0.81,-0.1,9.26,-36.0,9.69,-5.94,1293.0,1380.0,1332.0,1332.0
-11.48,-0.31,-4.97,0.69,-0.1,9.74,-11.25,-2.75,-4.06,1295.0,1365.0,1331.0,1345.0
-11.62,-0.5,-5.74,0.94,-0.1,10.13,13.81,-5.25,-2.87,1301.0,1354.0,1325.0,1356.0
-11.69,-2.06,-5.88,1.06,0.05,10.47,34.19,-1.75,-1.0,1312.0,1345.0,1316.0,1363.0
-11.83,-3.94,-6.58,0.69,0.05,10.74,38.94,13.38,0.37,1322.0,1341.0,1303.0,1361.0
-12.6,-5.69,-10.57,-0.25,0.05,10.96,30.75,22.87,1.5,1323.0,1347.0,1303.0,1356.0
-13.37,-6.62,-11.34,-1.5,0.05,11.14,12.0,27.0,2.25,1320.0,1355.0,1307.0,1346.0
-13.65,-6.37,-13.3,-3.19,0.05,11.25,-14.63,27.62,3.81,1311.0,1366.0,1321.0,1338.0
-13.72,-5.12,-14.42,-4.37,0.05,11.33,-30.56,21.75,4.19,1323.0,1395.0,1352.0,1354.0
-13.72,-3.44,-13.65,-5.19,0.05,11.34,-34.81,13.0,5.0,1351.0,1427.0,1391.0,1387.0
-12.95,-1.81,-12.88,-5.56,0.05,11.33,-22.87,3.44,5.87,1352.0,1424.0,1395.0,1392.0
-12.18,-1.37,-10.29,-5.56,0.05,11.29,-2.94,-1.25,6.12,1363.0,1415.0,1390.0,1404.0
-12.04,-1.81,-10.29,-5.31,0.05,11.18,11.69,-2.81,5.37,1368.0,1408.0,1385.0,1412.0
-11.27,-2.56,-8.96,-5.12,0.05,10.99,14.94,-4.06,5.75,1372.0,1406.0,1381.0,1413.0
-10.64,-3.19,-8.26,-5.0,0.05,10.74,7.94,-3.44,6.19,1372.0,1407.0,1383.0,1410.0
-9.38,-3.0,-7.49,-4.81,0.05,10.44,-10.5,-4.31,7.12,1369.0,1414.0,1391.0,1406.0
-8.75,-2.0,-6.86,-4.56,0.05,10.11,-28.87,-7.31,6.56,1363.0,1419.0,1398.0,1399.0
-7.49,0.0,-6.23,-4.0,0.05,9.76,-36.5,-10.69,7.5,1357.0,1422.0,1406.0,1395.0
0.28,1.62,-0.07,-3.37,0.05,9.41,-34.25,-15.81,7.31,1364.0,1418.0,1400.0,1397.0
0.07,2.94,-0.07,-2.56,0.05,9.05,-21.31,-18.31,7.31,1366.0,1412.0,1400.0,1401.0
0.07,3.69,-0.07,-1.25,0.05,8.68,-9.88,-23.69,8.13,1369.0,1403.0,1400.0,1408.0
-0.14,4.06,-0.07,0.13,0.05,8.31,-7.25,-29.69,7.94,1366.0,1398.0,1403.0,1412.0
-0.14,4.44,-0.14,1.87,0.05,7.95,-11.69,-36.69,8.31,1362.0,1396.0,1409.0,1413.0
-0.14,5.19,-0.14,3.81,0.05,7.59,-20.12,-39.44,6.81,1355.0,1396.0,1415.0,1413.0
-0.28,6.44,-0.14,5.56,0.05,7.23,-32.56,-29.5,6.37,1353.0,1403.0,1419.0,1404.0
-0.28,8.63,-0.14,6.81,0.05,6.86,-44.0,-17.0,4.56,1350.0,1415.0,1421.0,1395.0
-0.28,10.88,-0.14,6.81,0.05,6.49,-47.81,7.56,1.0,1354.0,1431.0,1414.0,1381.0
-0.28,12.75,-0.14,6.19,0.05,6.12,-34.5,19.06,-0.56,1363.0,1433.0,1405.0,1379.0
-0.28,13.69,-0.14,5.0,-0.1,5.79,-8.06,20.37,-1.62,1374.0,1428.0,1392.0,1387.0
-0.28,12.44,-0.14,3.56,0.05,5.54,41.44,37.0,5.0,1403.0,1407.0,1371.0,1398.0
-0.28,9.44,-0.14,1.94,-0.1,5.28,67.44,28.0,4.19,1368.0,1345.0,1307.0,1356.0
-0.28,5.37,-0.14,1.25,-0.1,5.03,57.5,-1.31,1.12,1331.0,1307.0,1290.0,1348.0
-0.28,3.62,-0.14,2.19,-0.1,4.85,19.37,-31.06,2.56,1293.0,1293.0,1303.0,1333.0
-0.28,3.81,-0.14,4.56,-0.1,4.72,-11.25,-44.25,2.31,1257.0,1284.0,1309.0,1314.0
-0.28,5.37,-0.14,6.62,-0.1,4.59,-41.13,-36.94,1.62,1228.0,1279.0,1308.0,1288.0
-0.28,6.06,-0.14,6.44,-0.1,4.46,20.56,50.0,3.25,1272.0,1290.0,1260.0,1270.0
-0.28,4.06,-0.14,1.25,-0.1,4.35,42.75,124.19,-8.19,1334.0,1327.0,1179.0,1245.0
-0.28,2.0,-0.14,-6.44,0.05,4.41,28.19,121.19,-18.19,1323.0,1344.0,1171.0,1235.0
-0.28,1.06,-0.14,-4.5,0.05,4.58,14.38,-90.5,1.19,1230.0,1236.0,1291.0,1315.0
-0.28,2.19,-0.14,3.0,0.05,4.77,-44.56,-139.0,-14.0,1169.0,1225.0,1333.0,1342.0
-0.28,4.37,-0.14,7.5,0.05,5.1,-39.81,-49.63,-21.87,1185.0,1270.0,1302.0,1310.0
-0.28,7.06,-0.14,8.75,0.05,5.57,-52.63,-8.06,-22.69,1201.0,1306.0,1277.0,1278.0
-0.28,9.38,-0.14,6.62,0.05,6.1,-29.56,55.75,-16.75,1234.0,1321.0,1254.0,1255.0
-0.28,9.94,-0.14,2.44,0.05,6.59,8.44,93.31,-17.31,1272.0,1340.0,1214.0,1239.0
-0.28,8.5,-0.14,-1.5,-0.1,7.1,75.75,26.31,-15.31,1286.0,1305.0,1187.0,1276.0
-0.28,3.0,-0.14,-2.37,0.05,7.53,91.25,-14.0,5.31,1300.0,1226.0,1210.0,1319.0
-0.28,-0.88,-0.14,-2.25,0.05,7.83,37.56,12.25,3.25,1285.0,1247.0,1218.0,1306.0
-0.28,1.0,-0.14,-3.06,-0.1,8.0,-66.12,20.06,6.25,1245.0,1309.0,1262.0,1241.0
-0.28,4.25,-0.14,-3.62,-0.1,8.07,-36.31,-5.44,-3.75,1233.0,1303.0,1266.0,1255.0
-0.28,3.12,-0.14,-2.06,0.05,8.15,39.81,-22.56,-17.69,1241.0,1264.0,1236.0,1316.0
-0.28,1.44,-0.14,-2.12,0.05,8.29,28.62,25.94,-15.69,1255.0,1282.0,1222.0,1297.0
-0.28,1.87,-0.14,-2.75,0.05,8.4,-27.25,-6.87,-0.06,1240.0,1294.0,1250.0,1272.0
-0.28,3.19,-0.14,-2.19,0.05,8.4,-24.19,-4.25,-4.56,1232.0,1291.0,1262.0,1271.0
-0.28,3.81,-0.14,-2.0,-0.1,8.44,1.19,-4.06,-7.44,1235.0,1291.0,1249.0,1281.0
-0.28,2.94,-0.14,-2.12,0.05,8.37,24.37,12.75,4.87,1263.0,1274.0,1240.0,1279.0
-0.28,1.62,-0.14,-2.94,0.05,8.2,16.81,10.13,4.12,1270.0,1274.0,1238.0,1273.0
-0.28,2.0,-0.14,-2.87,0.05,8.02,-19.62,1.44,-3.81,1240.0,1289.0,1255.0,1273.0
-0.28,2.37,-0.14,-2.94,0.05,7.9,10.88,-1.12,-5.62,1244.0,1289.0,1246.0,1278.0
-0.28,1.81,-0.14,-3.12,0.05,7.81,3.31,4.31,1.5,1256.0,1280.0,1244.0,1276.0
-0.28,2.12,-0.14,-3.06,0.05,7.7,-5.06,-4.31,-4.94,1243.0,1286.0,1253.0,1274.0
-0.28,2.06,-0.14,-2.87,0.05,7.64,4.87,-4.5,0.0,1248.0,1281.0,1249.0,1278.0
-0.28,1.94,-0.14,-2.87,0.05,7.56,0.0,2.56,2.44,1255.0,1278.0,1250.0,1272.0
-0.28,2.06,-0.14,-2.94,0.05,7.44,-3.19,1.31,-3.62,1247.0,1285.0,1249.0,1275.0
-0.28,2.12,-0.14,-3.0,-0.1,7.31,0.75,-0.56,1.31,1251.0,1279.0,1249.0,1274.0
-0.28,2.0,-0.14,-2.94,-0.1,7.18,3.81,-0.69,0.62,1238.0,1266.0,1238.0,1258.0
-0.28,2.06,-0.14,-2.94,0.05,7.05,-2.44,0.25,-1.44,1235.0,1268.0,1236.0,1257.0
-0.28,2.0,-0.14,-2.94,-0.1,6.94,3.87,-1.56,1.75,1236.0,1261.0,1235.0,1256.0
-0.28,2.0,-0.14,-2.81,0.05,6.79,-0.88,-1.31,-1.06,1231.0,1257.0,1233.0,1255.0
-0.28,2.06,-0.14,-2.81,-0.1,6.68,0.37,-0.19,-1.12,1229.0,1259.0,1229.0,1251.0
-0.28,2.0,-0.14,-2.75,0.05,6.51,1.37,-0.5,1.75,1230.0,1252.0,1229.0,1248.0
-0.28,2.0,-0.14,-2.62,0.05,6.39,1.5,-1.5,-2.06,1223.0,1251.0,1226.0,1247.0
-0.28,2.0,-0.14,-2.62,0.05,6.26,-0.13,1.94,0.69,1216.0,1241.0,1214.0,1233.0
-0.28,2.0,-0.14,-2.62,0.05,6.17,-0.75,-2.19,-0.19,1211.0,1238.0,1212.0,1231.0
-0.28,2.0,-0.14,-2.56,0.05,6.07,0.56,-0.44,0.69,1208.0,1234.0,1211.0,1227.0
-0.28,2.0,-0.14,-2.5,-0.1,5.98,-1.81,-0.25,-0.5,1194.0,1222.0,1197.0,1214.0
-0.28,1.94,-0.14,-2.44,0.05,5.87,-0.44,-3.31,0.56,1195.0,1219.0,1196.0,1214.0
-0.28,1.94,-0.14,-2.25,-0.1,5.75,5.06,-2.75,0.06,1191.0,1218.0,1196.0,1211.0
-0.28,1.94,-0.14,-2.19,0.05,5.64,-0.56,-0.75,-0.81,1190.0,1215.0,1192.0,1208.0
-0.28,1.94,-0.14,-2.19,0.05,5.57,2.25,1.0,0.25,1187.0,1211.0,1190.0,1204.0
-0.28,1.94,-0.14,-2.25,0.05,5.49,3.0,1.12,0.0,1174.0,1199.0,1177.0,1191.0
-0.28,1.94,-0.14,-2.19,0.05,5.43,-4.56,-1.12,-0.31,1175.0,1196.0,1173.0,1192.0
-0.28,1.94,-0.14,-2.19,0.05,5.36,-2.69,-1.69,0.88,1171.0,1194.0,1174.0,1189.0
-0.28,1.94,-0.14,-2.19,0.05,5.32,1.44,0.13,-0.62,1167.0,1191.0,1170.0,1185.0
-0.28,1.94,-0.14,-2.12,0.05,5.29,0.75,-0.62,0.13,1165.0,1187.0,1166.0,1181.0
-0.28,1.94,-0.14,-2.12,-0.1,5.24,-1.37,-1.12,0.25,1147.0,1168.0,1146.0,1163.0
-0.28,1.94,-0.14,-2.12,-0.1,5.22,-1.5,0.06,-0.37,1134.0,1156.0,1135.0,1150.0
-0.28,1.94,-0.14,-2.06,-0.1,5.2,1.94,-0.5,0.31,1125.0,1147.0,1126.0,1142.0
-0.28,1.94,-0.14,-2.06,-0.1,5.2,-1.37,0.0,0.37,1122.0,1143.0,1121.0,1138.0
-0.28,1.94,-0.14,-2.06,-0.1,5.2,0.81,-0.19,0.44,1118.0,1140.0,1117.0,1134.0
-0.28,1.94,-0.14,-2.06,0.05,5.2,0.0,0.5,0.37,1113.0,1135.0,1114.0,1129.0
-0.28,1.94,-0.14,-2.06,-0.1,5.19,0.37,-0.31,-0.19,1111.0,1133.0,1112.0,1128.0
-0.28,1.94,-0.14,-2.06,-0.1,5.19,-1.25,0.25,0.13,1101.0,1122.0,1100.0,1117.0
-0.28,1.94,-0.14,-2.06,-0.1,5.19,-1.37,-0.19,-0.06,1000.0,1014.0,1000.0,1008.0
-0.28,1.94,-0.07,-2.06,-0.1,5.19,-0.31,-0.06,0.75,1000.0,1014.0,1000.0,1008.0
-0.28,1.94,-0.07,-2.06,-0.1,5.19,-0.37,-0.06,0.06,1000.0,1014.0,1000.0,1008.0
-0.28,1.94,-0.07,-2.06,-0.1,5.19,0.25,0.31,-0.06,1000.0,1013.0,1000.0,1007.0
-0.28,1.94,-0.14,-2.0,-0.1,5.19,0.0,-0.19,-0.25,1000.0,1012.0,1000.0,1007.0
-0.28,1.94,-0.14,-1.87,0.05,5.19,0.13,0.0,0.19,1000.0,1012.0,1000.0,1006.0
-0.28,1.94,-0.14,-1.81,0.05,5.19,0.37,-0.06,0.13,1000.0,1012.0,1000.0,1007.0
-0.28,1.94,-0.14,-1.75,0.05,5.19,0.0,0.06,0.06,1000.0,1012.0,1000.0,1007.0
-0.28,1.94,-0.14,-1.75,0.05,5.19,0.06,0.13,-0.13,1000.0,1012.0,1000.0,1006.0
-0.28,1.94,-0.14,-1.75,0.05,5.19,0.06,-0.06,0.06,1000.0,1012.0,1000.0,1006.0
-0.28,1.94,-0.14,-1.75,0.05,5.19,-0.13,0.0,0.06,1000.0,1012.0,1000.0,1006.0
-0.28,1.94,-0.14,-1.75,0.05,5.19,0.13,-0.06,0.06,1000.0,1012.0,1000.0,1006.0
-0.28,1.94,-0.14,-1.75,0.05,5.19,0.25,0.0,0.13,1000.0,1012.0,1000.0,1006.0
-0.28,1.94,-0.14,-1.75,0.05,5.19,0.13,0.19,-0.13,1000.0,1012.0,1000.0,1007.0
-0.28,1.94,-0.14,-1.69,0.05,5.19,0.13,0.06,-0.13,1000.0,1012.0,1000.0,1006.0
-0.28,1.94,-0.14,-1.62,0.05,5.19,-0.13,0.0,-0.25,1000.0,1012.0,1000.0,1006.0
-0.28,1.94,-0.14,-1.62,0.05,5.19,0.06,0.06,-0.13,1000.0,1012.0,1000.0,1007.0
-0.28,1.94,-0.14,-1.62,0.05,5.19,0.0,-0.06,-0.13,1000.0,1012.0,1000.0,1006.0
-0.28,1.94,-0.14,-1.62,0.05,5.19,0.06,0.0,0.19,1000.0,1012.0,1000.0,1006.0
-0.28,1.94,-0.14,-1.62,0.05,5.19,0.06,0.0,0.06,1000.0,1012.0,1000.0,1007.0
-0.28,1.94,-0.14,-1.62,0.05,5.19,0.0,0.06,-0.44,1000.0,1012.0,1000.0,1007.0
-0.28,1.94,-0.14,-1.62,0.05,5.19,0.06,0.0,-0.25,1000.0,1012.0,1000.0,1007.0
-0.28,1.94,-0.14,-1.62,0.05,5.19,-0.06,0.06,0.13,1000.0,1012.0,1000.0,1006.0
-0.28,1.94,-0.14,-1.62,0.05,5.19,0.06,-0.06,0.13,1000.0,1012.0,1000.0,1007.0
-0.28,1.94,-0.14,-1.62,0.05,5.19,0.13,0.0,0.0,1000.0,1012.0,1000.0,1007.0
-0.28,1.94,-0.14,-1.62,0.05,5.19,0.0,0.0,-0.19,1000.0,1012.0,1000.0,1007.0
-0.28,1.94,-0.14,-1.62,0.05,5.19,0.13,0.0,-0.19,1000.0,1012.0,1000.0,1007.0
-0.28,1.94,-0.14,-1.62,0.05,5.19,0.0,0.13,0.06,1000.0,1012.0,1000.0,1006.0
-0.28,1.94,-0.14,-1.62,0.05,5.19,0.0,0.06,0.0,1000.0,1012.0,1000.0,1007.0
-0.28,1.94,-0.14,-1.62,0.05,5.19,-0.13,0.06,0.19,1000.0,1012.0,1000.0,1007.0
-0.28,1.94,-0.14,-1.62,0.05,5.19,0.13,0.0,0.06,1000.0,1012.0,1000.0,1007.0
-0.28,1.94,-0.14,-1.62,0.05,5.19,-0.13,0.0,0.06,1000.0,1012.0,1000.0,1006.0
-0.28,1.94,-0.14,-1.62,0.05,5.19,-0.06,0.0,0.19,1000.0,1012.0,1000.0,1007.0
-0.28,1.94,-0.14,-1.62,0.05,5.19,0.13,0.0,0.0,1000.0,1012.0,1000.0,1007.0
-0.28,1.94,-0.14,-1.62,0.05,5.19,0.13,0.0,0.0,1000.0,1012.0,1000.0,1007.0
-0.28,1.94,-0.14,-1.62,0.05,5.19,-0.06,0.06,-0.06,1000.0,1013.0,1000.0,1007.0
-0.28,1.94,-0.14,-1.62,0.05,5.19,0.13,0.0,-0.13,1000.0,1013.0,1000.0,1008.0
-0.28,1.94,-0.14,-1.62,-0.1,5.19,0.06,0.13,-0.06,1000.0,1013.0,1000.0,1008.0
-0.28,1.94,-0.14,-1.62,-0.1,5.19,0.0,0.0,0.0,1000.0,1013.0,1000.0,1008.0
-0.28,1.94,-0.14,-1.62,0.05,5.19,0.13,0.06,-0.06,1000.0,1014.0,1000.0,1009.0
-0.28,1.94,-0.14,-1.62,0.05,5.19,0.0,0.0,0.0,1000.0,1016.0,1000.0,1011.0
-0.28,1.94,-0.14,-1.62,0.05,5.19,0.13,0.25,-1.44,1000.0,1019.0,1000.0,1013.0
-0.28,2.37,-0.14,-1.81,0.05,5.2,-21.19,11.0,-6.0,1000.0,1031.0,1001.0,1009.0
-0.28,3.87,-0.14,-3.69,0.05,5.31,-28.0,39.44,-13.5,1000.0,1058.0,1000.0,1000.0
-0.28,6.94,-0.14,-7.25,0.05,5.58,-78.62,83.25,-28.19,1000.0,1111.0,1000.0,1000.0
-0.28,11.0,-0.14,-11.31,0.05,6.06,-95.56,74.5,-35.69,1000.0,1129.0,1000.0,1000.0
-0.28,16.5,-0.14,-16.31,0.05,6.88,-138.0,99.25,-42.31,1000.0,1167.0,1000.0,1000.0
-0.28,22.94,-0.14,-22.56,0.05,8.07,-118.25,63.69,-48.81,1000.0,1160.0,1000.0,1000.0
-0.28,27.06,-0.14,-27.75,-0.1,9.64,-79.94,44.56,-64.69,1000.0,1170.0,1000.0,1000.0
-0.28,26.87,-0.14,-31.25,0.05,11.72,-1.81,30.31,-77.75,1000.0,1144.0,1000.0,1024.0
-0.28,22.69,-0.14,-34.31,0.05,14.21,50.31,24.62,-86.62,1000.0,1129.0,1000.0,1062.0
-0.28,18.56,-0.14,-36.56,0.05,16.86,47.19,27.69,-77.12,1000.0,1130.0,1000.0,1064.0
-0.28,14.56,-0.14,-38.0,0.05,19.58,40.06,9.75,-58.0,1000.0,1116.0,1000.0,1061.0
-0.28,11.94,-0.14,-38.13,-0.1,22.16,31.06,-3.12,-40.63,1000.0,1102.0,1000.0,1059.0
-0.28,9.56,-0.14,-38.25,-0.1,24.54,19.62,0.69,-36.13,1000.0,1106.0,1000.0,1060.0
-0.28,8.5,-0.14,-38.44,-0.1,26.71,7.62,-3.25,-21.31,1000.0,1107.0,1000.0,1048.0
-0.28,7.69,-0.14,-37.75,0.05,28.58,8.0,-15.69,-9.38,1000.0,1094.0,1000.0,1050.0
-0.28,6.94,-0.14,-36.63,0.05,30.11,13.44,-24.37,-7.25,1000.0,1087.0,1000.0,1058.0
-0.28,6.25,-0.14,-35.38,0.05,31.33,13.69,-27.37,-2.69,1000.0,1084.0,1000.0,1061.0
-0.28,6.12,-0.14,-32.56,0.05,32.25,9.69,-31.94,5.44,1000.0,1079.0,1000.0,1059.0
-0.28,8.13,-0.21,-28.19,0.05,33.46,-40.81,-17.37,28.81,1000.0,1087.0,1000.0,1026.0
-0.28,10.69,-0.14,-26.62,0.05,33.43,-24.87,-30.31,38.06,1000.0,1079.0,1000.0,1022.0
-0.28,11.56,-0.14,-23.94,0.05,33.03,6.12,-49.25,55.75,1000.0,1040.0,1000.0,1035.0
-0.28,11.88,-0.21,-21.06,-0.1,32.19,16.56,-43.31,62.25,1000.0,1029.0,1001.0,1034.0
-0.28,11.81,-0.21,-18.06,-0.1,30.79,21.69,-36.63,65.75,1000.0,1024.0,1002.0,1029.0
-0.28,11.38,-0.14,-15.63,0.05,29.01,23.37,-34.0,67.5,1000.0,1015.0,1007.0,1026.0
-0.28,10.88,-0.14,-13.13,0.05,26.82,21.44,-29.75,63.75,1001.0,1015.0,1009.0,1023.0
-0.28,10.06,-0.14,-11.13,0.05,24.47,25.44,-30.19,53.38,1000.0,1013.0,1007.0,1029.0
-0.28,9.25,-0.14,-9.25,0.05,22.06,15.44,-23.62,42.69,1000.0,1019.0,1004.0,1029.0
-0.28,9.38,-0.14,-7.75,0.05,19.71,-3.81,-25.5,40.88,1000.0,1023.0,1015.0,1019.0
-0.28,9.81,-0.14,-6.25,0.05,17.48,-9.44,-26.25,32.63,1000.0,1026.0,1018.0,1018.0
-0.28,10.25,-0.14,-4.25,0.05,15.39,-7.06,-44.63,34.63,1000.0,1015.0,1030.0,1023.0
-0.28,11.06,-0.14,-0.75,0.05,13.4,-18.62,-56.75,42.38,1000.0,1001.0,1054.0,1017.0
-0.28,11.69,-0.14,2.81,0.05,11.51,-17.44,-65.37,40.63,1000.0,1000.0,1063.0,1020.0
-0.28,12.19,-0.14,6.06,0.05,9.66,-15.5,-54.06,31.87,1000.0,1000.0,1060.0,1021.0
-0.28,12.75,-0.14,8.56,0.05,8.04,-12.81,-30.12,17.44,1000.0,1009.0,1045.0,1019.0
-0.28,13.06,-0.21,-7.5,0.05,7.93,45.88,45.94,-6.37,1024.0,1048.0,1000.0,1015.0
-0.28,11.06,-0.21,-9.75,-0.1,8.4,39.38,46.06,4.06,1031.0,1045.0,1000.0,1008.0
-0.28,9.25,-0.14,-12.0,-0.1,8.63,28.62,38.06,9.19,1031.0,1043.0,1000.0,1002.0
-0.28,8.0,-0.14,-13.13,-0.1,8.73,26.25,21.12,4.75,1020.0,1039.0,1000.0,1012.0
-0.28,1.94,-0.21,-0.13,0.05,23.43,0.25,-0.13,-0.06,1000.0,1057.0,1000.0,1054.0
-0.28,1.94,-0.21,-0.13,0.05,23.52,-0.06,0.19,-0.06,1000.0,1057.0,1000.0,1054.0
-0.28,1.94,-0.14,-0.13,0.05,23.62,-0.13,0.25,0.13,1000.0,1058.0,1000.0,1054.0
-0.28,1.94,-0.14,-0.13,0.05,23.71,-0.13,0.0,0.0,1000.0,1058.0,1000.0,1054.0
-0.28,1.87,-0.21,-0.13,0.05,23.8,-0.06,0.19,0.13,1000.0,1058.0,1000.0,1055.0
-0.28,1.87,-0.21,-0.13,0.05,23.88,0.0,-0.06,-0.06,1000.0,1058.0,1000.0,1055.0
-0.28,1.87,-0.21,-0.13,0.05,23.93,0.06,-0.13,-0.06,1000.0,1058.0,1000.0,1055.0
-0.28,1.87,-0.21,-0.13,0.05,23.98,0.0,-0.13,0.06,1000.0,1058.0,1000.0,1055.0
-0.28,1.87,-0.21,-0.13,-0.1,24.07,-0.06,0.0,0.13,1000.0,1059.0,1000.0,1055.0
-0.28,1.87,-0.21,-0.13,-0.1,24.08,0.06,-0.06,0.13,1000.0,1059.0,1000.0,1056.0
-0.28,1.87,-0.14,-0.13,-0.1,24.09,0.06,-0.13,0.0,1000.0,1059.0,1000.0,1056.0
-0.28,1.87,-0.14,-0.13,0.05,24.1,0.06,-0.19,0.0,1000.0,1058.0,1000.0,1055.0
-0.28,1.87,-0.14,-0.13,0.05,24.11,-0.13,-0.13,0.13,1000.0,1058.0,1000.0,1055.0
-0.28,1.87,-0.14,-0.13,0.05,24.12,0.0,-0.13,0.06,1000.0,1059.0,1000.0,1055.0
-0.28,1.87,-0.14,-0.13,0.05,24.12,-0.06,-0.13,0.0,1000.0,1058.0,1000.0,1055.0
-0.28,1.87,-0.14,-0.13,0.05,24.12,0.06,0.06,-0.19,1000.0,1059.0,1000.0,1055.0
-0.28,1.87,-0.14,-0.13,0.05,24.12,-0.13,0.0,-0.06,1000.0,1059.0,1000.0,1055.0
-0.28,1.87,-0.14,-0.13,0.05,24.12,0.0,0.0,-0.06,1000.0,1059.0,1000.0,1055.0
-0.28,1.87,-0.14,-0.13,0.05,24.12,-0.06,-0.06,-0.06,1000.0,1059.0,1000.0,1055.0
-0.28,1.87,-0.14,-0.13,0.05,24.12,0.13,0.06,0.06,1000.0,1058.0,1000.0,1055.0
-0.28,1.87,-0.14,-0.13,0.05,24.12,-0.06,0.19,0.06,1000.0,1059.0,1000.0,1055.0
-0.28,1.87,-0.14,-0.13,0.05,24.12,0.0,0.06,-0.06,1000.0,1058.0,1000.0,1055.0
-0.28,1.87,-0.14,-0.13,0.05,24.12,-0.19,0.0,0.0,1000.0,1058.0,1000.0,1055.0
-0.28,1.87,-0.14,-0.13,0.05,24.12,0.0,-0.06,0.13,1000.0,1058.0,1000.0,1055.0
-0.28,1.87,-0.28,-0.13,0.05,24.12,0.06,0.13,-0.06,1000.0,1058.0,1000.0,1055.0
-0.28,1.87,-0.28,-0.13,0.05,24.12,0.0,-0.13,0.06,1000.0,1058.0,1000.0,1055.0
-0.28,1.87,-0.28,-0.13,0.05,24.12,0.0,0.0,-0.06,1000.0,1058.0,1000.0,1055.0
-0.28,1.87,-0.28,-0.13,0.05,24.12,-0.19,-0.06,-0.19,1000.0,1058.0,1000.0,1055.0
-0.28,1.87,-0.28,-0.13,0.05,24.12,0.06,0.06,0.0,1000.0,1058.0,1000.0,1055.0
-0.28,1.87,-0.28,-0.13,0.05,24.12,0.0,-0.06,0.13,1000.0,1058.0,1000.0,1055.0
-0.28,1.87,-0.28,-0.13,0.05,24.12,0.06,0.0,0.0,1000.0,1058.0,1000.0,1055.0
-0.28,1.87,-0.28,-0.13,0.05,24.12,-0.06,-0.06,0.0,1000.0,1058.0,1000.0,1055.0
-0.28,1.87,-0.28,-0.13,0.05,24.12,0.13,0.13,-0.06,1000.0,1058.0,1000.0,1055.0
-0.28,1.87,-0.28,-0.13,0.05,24.12,-0.06,-0.13,-0.06,1000.0,1058.0,1000.0,1055.0
-0.28,1.87,-0.28,-0.13,0.05,24.12,0.0,0.0,0.0,1000.0,1058.0,1000.0,1055.0
-0.28,1.87,-0.42,-0.13,0.05,24.12,-0.13,0.13,0.06,1000.0,1058.0,1000.0,1055.0
-0.28,1.87,-0.42,-0.13,0.05,24.12,-0.13,0.0,0.0,1000.0,1058.0,1000.0,1056.0
-0.28,1.87,-0.42,-0.13,0.05,24.12,0.13,0.13,-0.06,1000.0,1058.0,1000.0,1055.0
-0.28,1.87,-0.28,-0.13,0.05,24.12,0.0,0.06,0.0,1000.0,1058.0,1000.0,1055.0
-0.28,1.87,-0.42,-0.13,0.05,24.12,0.06,0.0,0.0,1000.0,1058.0,1000.0,1055.0
-0.28,1.87,-0.42,-0.13,0.05,24.12,-0.19,-0.06,0.0,1000.0,1058.0,1000.0,1056.0
-0.28,1.87,-0.42,-0.13,0.05,24.12,0.0,0.0,0.0,1000.0,1058.0,1000.0,1055.0
-0.28,1.87,-0.42,-0.13,0.05,24.12,-0.19,0.0,0.13,1000.0,1058.0,1000.0,1055.0
-0.28,1.87,-0.28,-0.13,0.05,24.12,-0.13,-0.06,0.06,1000.0,1058.0,1000.0,1055.0
-0.28,1.87,-0.28,-0.13,0.05,24.12,0.0,-0.13,0.06,1000.0,1058.0,1000.0,1055.0
-0.28,1.87,-0.28,-0.13,0.05,24.12,-0.25,0.19,-0.06,1000.0,1058.0,1000.0,1056.0
-0.28,1.87,-0.49,-0.13,0.05,24.12,0.06,-0.13,0.13,1000.0,1058.0,1000.0,1055.0
-0.28,1.87,-0.49,-0.13,0.05,24.12,0.06,0.0,0.06,1000.0,1058.0,1000.0,1056.0
-0.28,1.87,-0.49,-0.13,0.05,24.12,0.13,0.13,0.06,1000.0,1058.0,1000.0,1056.0
-0.28,1.87,-0.49,-0.13,0.05,24.12,0.06,0.13,-0.06,1000.0,1058.0,1000.0,1056.0
-0.28,1.87,-0.49,-0.13,0.05,24.12,0.19,0.0,-0.13,1000.0,1058.0,1000.0,1055.0
-0.28,1.87,-0.49,-0.13,0.05,24.12,0.06,0.0,0.06,1000.0,1058.0,1000.0,1056.0
-0.28,1.94,-0.49,-0.19,0.05,24.11,-0.06,0.13,-0.62,1000.0,1058.0,1000.0,1054.0
-0.28,1.94,-0.49,-0.19,0.05,24.11,-0.19,0.31,-0.69,1000.0,1058.0,1000.0,1055.0
-0.28,1.94,-0.49,-0.25,0.05,24.12,-0.88,0.06,0.06,1000.0,1058.0,1000.0,1055.0
-0.28,1.94,-0.49,-0.25,-0.1,24.12,-0.5,-0.13,-0.25,1000.0,1047.0,1000.0,1045.0
-0.28,1.87,-0.49,-0.25,-0.1,24.12,-0.13,0.5,0.13,1000.0,1046.0,1000.0,1043.0
-0.28,1.87,-0.49,-0.25,-0.1,24.12,0.13,-0.06,0.13,1000.0,1046.0,1000.0,1044.0
-0.28,1.81,-0.49,-0.31,0.05,24.12,0.06,-0.06,0.13,1000.0,1046.0,1000.0,1044.0
-0.28,1.81,-0.49,-0.31,0.05,24.12,-0.19,-0.06,0.06,1000.0,1047.0,1000.0,1043.0
-0.28,1.81,-0.49,-0.31,0.05,24.12,0.06,0.37,-0.06,1000.0,1046.0,1000.0,1043.0
-0.28,1.81,-0.49,-0.31,0.05,24.11,-0.56,0.37,-2.12,1130.0,1225.0,1134.0,1223.0
-0.28,1.81,-0.49,-0.31,0.05,24.11,0.81,-0.31,-1.0,1135.0,1226.0,1137.0,1222.0
-0.28,1.81,-0.49,-0.31,-0.1,24.11,-0.62,-0.19,0.19,1129.0,1223.0,1133.0,1219.0
-0.28,1.81,-1.68,-0.31,0.05,24.12,0.62,0.69,-0.06,1128.0,1222.0,1134.0,1220.0
-0.28,1.81,-1.12,-0.31,0.05,24.12,0.94,0.44,-0.69,1180.0,1274.0,1185.0,1270.0
-0.28,1.81,-1.12,-0.31,0.05,24.12,-1.0,-0.69,0.75,1200.0,1295.0,1206.0,1291.0
-0.28,1.81,-0.7,-0.31,0.05,24.12,2.12,-0.88,-0.37,1229.0,1322.0,1234.0,1319.0
-0.28,1.81,-0.7,-0.31,0.05,24.12,-2.12,0.44,0.19,1242.0,1333.0,1243.0,1331.0
-0.28,1.81,-0.56,-0.44,-0.1,24.12,-3.94,3.19,0.25,1268.0,1365.0,1269.0,1354.0
-0.28,1.87,-0.49,-0.44,0.05,24.12,-2.94,-2.62,0.37,1279.0,1369.0,1281.0,1371.0
-0.28,2.31,-0.42,-0.25,0.05,24.12,-4.62,1.87,0.81,1304.0,1401.0,1312.0,1392.0
-0.28,2.12,-0.42,-0.37,-0.1,24.09,7.69,3.69,4.87,1321.0,1406.0,1320.0,1405.0
-0.28,2.31,-0.42,-1.81,0.05,23.72,-6.25,14.5,5.5,1327.0,1418.0,1326.0,1397.0
-0.28,2.94,-0.42,-2.44,-0.1,23.5,-11.44,10.88,9.13,1329.0,1422.0,1333.0,1396.0
-0.28,5.56,-0.49,-1.81,-0.1,21.86,-21.62,-9.81,15.69,1300.0,1387.0,1332.0,1365.0
-0.28,6.87,-0.49,-1.5,-0.1,21.25,-26.31,-3.25,18.5,1289.0,1377.0,1324.0,1346.0
-7.07,10.0,-0.42,0.44,-0.1,18.95,-4.87,-25.69,20.75,1280.0,1355.0,1329.0,1342.0
-11.13,9.06,-0.42,1.62,-0.1,18.07,26.56,-13.56,18.12,1281.0,1346.0,1329.0,1347.0
-17.08,0.06,-0.49,-0.5,-0.1,16.34,-60.44,-70.62,43.19,1270.0,1328.0,1374.0,1328.0
-16.87,3.69,-0.49,2.06,-0.1,15.43,-74.69,-16.37,15.75,1256.0,1362.0,1371.0,1311.0
-16.1,5.12,-0.49,0.37,-0.1,14.7,-9.56,43.94,-18.12,1283.0,1388.0,1279.0,1341.0
-14.14,1.87,-0.49,-3.62,-0.1,14.07,53.69,28.56,-2.56,1325.0,1364.0,1278.0,1353.0
-13.93,-0.81,-0.49,-4.56,-0.1,13.91,55.25,10.69,2.87,1329.0,1356.0,1283.0,1357.0
-12.6,-0.31,-0.49,-1.94,-0.1,13.59,-46.69,-89.94,39.69,1277.0,1326.0,1391.0,1341.0
-12.25,2.0,-0.42,-4.94,-0.1,12.4,29.69,76.0,-16.44,1372.0,1445.0,1300.0,1371.0
-12.11,0.06,-0.42,-8.63,-0.1,12.49,36.69,55.56,-8.0,1381.0,1430.0,1309.0,1376.0
-11.83,-0.88,-0.28,1.19,-0.1,12.27,-0.75,-111.12,7.5,1300.0,1355.0,1414.0,1434.0
-11.69,-1.06,-0.28,6.0,-0.1,12.0,2.94,-88.69,5.94,1307.0,1357.0,1410.0,1433.0
-11.62,-0.62,-0.28,7.06,-0.1,11.21,-7.62,55.81,4.81,1365.0,1426.0,1357.0,1366.0
-11.48,-0.25,-0.42,3.81,0.05,10.94,-4.94,68.44,5.06,1376.0,1432.0,1346.0,1358.0
-10.64,-0.25,-0.42,0.75,-0.1,10.67,6.5,55.0,4.94,1380.0,1427.0,1342.0,1364.0
-10.22,-4.62,-0.56,0.5,0.05,9.84,27.87,-45.88,7.81,1355.0,1366.0,1375.0,1416.0
-10.22,-5.25,-2.1,3.31,0.05,9.49,6.25,-62.63,6.69,1334.0,1362.0,1396.0,1420.0
-8.19,-3.62,-11.27,9.5,0.05,8.27,-18.37,-0.56,4.62,1338.0,1383.0,1393.0,1397.0
-6.79,-2.75,-14.49,8.13,0.05,7.87,-13.75,32.38,4.12,1353.0,1394.0,1379.0,1384.0
-6.09,1.69,-19.18,0.0,-0.1,5.98,-24.37,-6.37,3.31,1288.0,1337.0,1353.0,1341.0
-6.3,2.69,-20.02,-0.44,-0.1,5.8,-18.94,18.44,2.94,1313.0,1360.0,1354.0,1344.0
-7.91,2.94,-14.7,-8.0,0.05,5.29,8.75,62.81,0.69,1379.0,1409.0,1343.0,1352.0
-7.77,2.56,-9.17,-11.19,0.05,5.15,4.75,49.94,-0.37,1384.0,1415.0,1347.0,1354.0
-4.2,-0.13,-0.7,-3.62,0.05,4.92,79.87,-198.37,-5.12,1321.0,1297.0,1414.0,1488.0
-3.01,-0.75,-0.56,2.75,0.05,4.92,-27.5,-90.44,3.25,1312.0,1369.0,1437.0,1415.0
-2.94,4.94,-0.56,2.75,0.05,4.84,-135.69,12.69,1.44,1316.0,1463.0,1430.0,1323.0
-2.66,22.87,-0.49,-8.75,0.05,3.75,-5.0,47.75,-1.0,1382.0,1454.0,1378.0,1331.0
-2.59,20.19,-0.49,-9.0,0.05,3.32,93.69,-18.69,0.69,1396.0,1383.0,1365.0,1403.0
-10.92,-0.06,-0.49,3.12,-0.1,2.75,65.5,-64.25,-4.75,1333.0,1301.0,1353.0,1417.0
-18.2,-0.5,-0.49,4.81,-0.1,2.79,-22.31,-10.56,-8.25,1308.0,1361.0,1370.0,1356.0
-22.54,7.81,-0.77,-1.56,-0.1,3.01,-1.12,40.63,-5.37,1330.0,1405.0,1347.0,1310.0
-25.48,5.0,-0.84,-2.56,-0.1,3.11,87.37,10.19,-6.06,1350.0,1359.0,1327.0,1355.0
-29.4,-2.12,-0.77,-1.94,-0.1,3.26,137.37,-15.69,-5.19,1363.0,1323.0,1313.0,1392.0
-30.38,-21.06,-1.82,3.37,-0.1,3.67,75.87,-23.12,-7.44,1348.0,1321.0,1324.0,1399.0
-20.09,-22.69,-5.25,4.0,-0.1,3.91,12.81,0.06,-9.13,1338.0,1343.0,1331.0,1380.0
2.94,-15.31,-6.58,1.37,-0.1,4.88,-66.75,24.56,-6.69,1414.0,1464.0,1428.0,1431.0
3.57,-12.81,-6.51,0.75,-0.1,5.22,-41.19,8.63,-7.25,1415.0,1456.0,1428.0,1445.0
-0.14,-4.31,-1.26,-0.81,-0.1,6.07,-70.87,13.06,1.81,1412.0,1484.0,1447.0,1417.0
-0.14,-1.31,-1.89,-0.88,0.05,6.2,-54.13,-4.69,0.31,1407.0,1471.0,1454.0,1437.0
-0.14,0.5,-1.26,0.56,-0.1,6.28,-23.87,-26.0,0.31,1407.0,1453.0,1453.0,1454.0
-0.14,0.31,-5.11,4.44,-0.1,6.36,0.06,-4.44,0.75,1421.0,1443.0,1441.0,1463.0
-0.84,0.5,-9.45,4.12,-0.1,6.36,-8.63,13.63,-0.44,1375.0,1406.0,1392.0,1407.0
-1.89,4.06,-16.59,-0.31,-0.1,6.38,-29.31,22.81,-3.94,1260.0,1319.0,1289.0,1289.0
-2.59,5.37,-17.99,-1.12,-0.1,6.43,-26.25,11.31,-3.06,1242.0,1304.0,1286.0,1279.0
-2.59,6.62,-18.06,-1.44,-0.1,6.49,-17.44,2.19,-2.75,1238.0,1295.0,1285.0,1285.0
-3.36,6.94,-18.76,-1.44,-0.1,6.56,-1.81,1.06,-2.12,1240.0,1282.0,1278.0,1290.0
-5.46,6.44,-18.69,-1.5,-0.1,6.64,12.31,2.31,-2.12,1243.0,1280.0,1275.0,1293.0
-8.19,5.62,-19.74,-1.94,0.05,6.73,16.31,11.81,-3.87,1246.0,1280.0,1267.0,1291.0
-10.71,4.62,-19.88,-3.0,0.05,6.85,17.56,20.31,-4.31,1250.0,1289.0,1265.0,1288.0
-13.93,3.94,-20.58,-4.19,0.05,6.99,12.56,27.62,-5.12,1270.0,1317.0,1282.0,1299.0
-16.24,3.31,-21.77,-5.94,0.05,7.15,8.31,31.44,-5.56,1295.0,1347.0,1310.0,1324.0
-17.08,2.81,-21.77,-7.44,0.05,7.27,9.19,29.37,-6.37,1322.0,1376.0,1335.0,1351.0
-16.24,2.12,-20.37,-8.63,0.05,7.33,19.56,19.44,-2.94,1361.0,1409.0,1374.0,1388.0
-15.47,0.88,-17.01,-9.13,0.05,7.39,32.75,5.69,-2.0,1368.0,1398.0,1373.0,1401.0
-13.23,-1.56,-14.07,-9.0,0.05,7.45,46.69,-5.31,-3.87,1376.0,1390.0,1368.0,1417.0
-11.2,-4.0,-10.08,-8.38,0.05,7.52,47.75,-13.56,-5.69,1379.0,1388.0,1366.0,1428.0
-9.94,-5.94,-7.56,-7.62,0.05,7.62,33.25,-15.25,-6.0,1379.0,1392.0,1369.0,1428.0
-7.91,-6.94,-5.25,-6.94,0.05,7.75,11.44,-11.63,-6.19,1376.0,1402.0,1374.0,1421.0
-6.65,-6.5,-3.92,-6.19,0.05,7.87,-15.31,-12.13,-6.37,1367.0,1412.0,1382.0,1411.0
-4.62,-4.94,-3.15,-5.37,0.05,7.94,-40.06,-19.56,-5.56,1356.0,1418.0,1393.0,1404.0
-2.59,-2.81,-0.98,-4.06,0.05,7.97,-46.06,-31.75,-3.75,1348.0,1418.0,1402.0,1403.0
-0.63,-0.06,-0.84,-1.87,0.05,7.91,-52.56,-34.25,-1.06,1342.0,1410.0,1410.0,1408.0
-0.49,2.06,-0.7,-1.44,0.05,7.75,-59.38,-1.94,2.5,1366.0,1416.0,1391.0,1399.0
-0.49,1.69,-0.7,-1.06,0.05,7.46,13.81,-2.31,2.5,1386.0,1399.0,1376.0,1411.0
-0.35,0.62,-0.63,-0.75,0.05,7.1,28.37,-10.63,4.12,1387.0,1392.0,1375.0,1419.0
-0.35,-0.44,-0.56,-0.13,0.05,6.74,16.94,-9.44,1.5,1385.0,1393.0,1377.0,1419.0
-0.35,-0.69,-0.56,0.37,0.05,6.39,-0.62,-13.0,-0.25,1378.0,1396.0,1385.0,1413.0
-0.35,-0.19,-0.56,0.94,0.05,6.1,-16.06,-10.19,-1.25,1370.0,1404.0,1392.0,1407.0
-0.28,0.94,-0.49,1.37,0.05,5.89,-27.62,-8.5,-2.87,1365.0,1412.0,1395.0,1399.0
-0.28,2.44,-0.56,1.81,0.05,5.73,-31.25,-9.88,-3.62,1360.0,1414.0,1400.0,1396.0
-0.35,4.25,-3.15,2.44,0.05,5.66,-29.75,-12.38,-4.06,1356.0,1412.0,1403.0,1400.0
-1.05,5.44,-6.86,3.0,0.05,5.64,-21.31,-10.56,-4.5,1355.0,1409.0,1404.0,1404.0
-2.45,6.12,-9.45,3.56,0.05,5.66,-10.69,-12.94,-5.31,1344.0,1394.0,1393.0,1400.0
-2.59,6.37,-9.45,4.06,0.05,5.73,-1.37,-11.13,-6.44,1316.0,1359.0,1356.0,1371.0
-2.59,6.25,-9.45,4.44,0.05,5.87,7.0,-4.75,-7.94,1247.0,1287.0,1280.0,1302.0
-2.66,5.94,-9.38,4.56,-0.1,6.05,8.31,-1.94,-8.25,1247.0,1288.0,1274.0,1302.0
-2.66,5.62,-9.38,4.31,-0.1,6.27,7.69,7.37,-6.25,1250.0,1289.0,1270.0,1295.0
-4.06,5.19,-10.01,3.56,-0.1,6.52,9.44,13.13,-5.62,1252.0,1293.0,1268.0,1290.0
-5.39,4.87,-13.51,2.62,-0.1,6.78,8.06,21.06,-6.12,1248.0,1294.0,1264.0,1286.0
-7.63,4.5,-17.64,1.56,-0.1,7.06,7.25,19.81,-6.5,1246.0,1292.0,1265.0,1289.0
-9.17,3.94,-20.09,0.44,-0.1,7.34,10.44,17.44,-5.75,1248.0,1292.0,1269.0,1295.0
-9.31,3.19,-19.46,-0.25,-0.1,7.62,16.19,13.75,-4.5,1283.0,1322.0,1300.0,1330.0
-9.31,1.94,-17.29,-1.25,0.05,7.89,24.06,19.44,-4.0,1303.0,1333.0,1308.0,1344.0
-9.38,0.56,-17.15,-2.31,0.05,8.15,28.19,24.37,-2.44,1322.0,1345.0,1314.0,1355.0
-9.38,-0.81,-16.45,-3.5,0.05,8.37,34.13,24.06,-1.5,1336.0,1360.0,1324.0,1364.0
-9.38,-2.5,-15.68,-4.5,0.05,8.55,36.44,19.75,-0.5,1344.0,1358.0,1321.0,1373.0
-9.31,-4.69,-15.12,-5.37,0.05,8.72,37.56,10.38,-0.81,1348.0,1357.0,1327.0,1383.0
-9.17,-6.12,-14.21,-5.19,0.05,8.85,29.25,-9.13,-0.5,1338.0,1353.0,1340.0,1390.0
-9.03,0.88,-13.65,-0.75,0.05,8.93,-307.0,-156.44,-5.81,1172.0,1407.0,1509.0,1336.0
-8.82,11.69,-12.88,4.19,0.05,8.96,-117.44,-42.13,-12.81,1190.0,1403.0,1487.0,1351.0
-8.68,16.12,-12.88,6.31,0.05,9.03,-44.81,-30.62,-3.25,1263.0,1399.0,1413.0,1359.0
-7.91,14.94,-12.18,5.62,0.05,9.13,55.44,36.06,-6.37,1338.0,1374.0,1340.0,1384.0
-7.21,9.81,-11.48,2.31,-0.1,9.31,131.69,80.19,-8.25,1392.0,1367.0,1281.0,1395.0
-0.28,-1.69,-0.49,-3.0,0.05,8.17,-22.44,-25.69,9.0,1192.0,1219.0,1214.0,1222.0
-0.28,-3.81,-0.49,-6.25,-0.1,6.78,39.63,78.31,-7.37,1173.0,1147.0,1038.0,1133.0
-0.28,-8.38,-0.49,-10.25,-0.1,7.02,57.31,68.06,-12.63,1152.0,1103.0,1000.0,1108.0
-0.28,-0.75,-0.49,-1.37,0.05,7.78,31.69,75.31,-13.5,1094.0,1100.0,1016.0,1096.0
-0.28,1.0,-1.68,-0.37,0.05,9.96,-0.69,0.0,-0.75,1284.0,1324.0,1289.0,1323.0
-0.28,1.0,-1.61,-0.37,0.05,9.91,1.37,-0.06,-0.5,1300.0,1337.0,1302.0,1338.0
-0.28,1.06,-1.4,-0.37,0.05,9.77,0.31,-3.12,0.13,1310.0,1350.0,1317.0,1347.0
-0.28,1.19,-1.26,-0.19,0.05,9.57,-3.5,-1.94,-1.06,1313.0,1351.0,1319.0,1354.0
-0.28,1.25,-1.12,-0.19,0.05,9.37,1.06,1.19,-0.31,1318.0,1358.0,1324.0,1353.0
-0.28,1.19,-0.49,-0.25,0.05,9.12,4.0,-0.44,-0.31,1333.0,1366.0,1332.0,1366.0
-0.28,1.12,-0.49,-0.25,0.05,8.91,0.62,0.13,-0.5,1332.0,1366.0,1333.0,1366.0
-0.28,1.31,-0.49,-0.06,0.05,8.67,-2.56,-4.0,0.37,1329.0,1365.0,1337.0,1365.0
-0.28,1.56,-0.49,0.06,0.05,8.47,-6.25,-1.06,0.69,1329.0,1367.0,1339.0,1361.0
-0.28,1.69,-0.49,-0.06,0.05,8.26,-1.5,4.5,1.44,1333.0,1366.0,1336.0,1360.0
-0.28,1.62,-0.49,0.06,0.05,8.02,5.25,-4.37,0.56,1331.0,1363.0,1340.0,1362.0
-0.28,1.44,-0.49,0.0,0.05,7.77,6.0,0.25,-1.31,1335.0,1362.0,1334.0,1365.0
-0.28,1.44,-0.49,0.0,-0.1,7.58,-1.81,-1.5,0.81,1332.0,1364.0,1337.0,1363.0
-18.97,-7.31,-17.85,2.0,0.05,9.48,31.44,12.13,-5.75,1347.0,1380.0,1355.0,1406.0
-17.64,-8.56,-19.18,1.0,-0.1,9.88,18.12,21.19,-4.62,1346.0,1388.0,1355.0,1400.0
-15.75,-8.94,-21.07,-0.44,-0.1,10.32,5.44,32.0,-2.87,1347.0,1396.0,1355.0,1390.0
-14.63,-8.5,-22.47,-2.69,0.05,10.75,-8.63,37.88,-2.0,1347.0,1405.0,1357.0,1380.0
-13.37,-7.69,-24.92,-4.37,0.05,11.21,-14.25,36.75,-1.37,1342.0,1408.0,1359.0,1379.0
-13.3,-6.81,-25.62,-5.69,0.05,11.63,-20.56,24.94,-0.62,1336.0,1403.0,1364.0,1385.0
-12.25,-4.19,-20.3,-8.81,0.05,12.54,-20.37,20.5,3.81,1338.0,1408.0,1365.0,1378.0
-12.25,-3.31,-20.3,-9.88,0.05,12.66,-17.19,23.0,3.12,1340.0,1411.0,1361.0,1376.0
-12.18,-2.25,-19.67,-10.94,0.05,12.72,-18.12,15.81,2.81,1337.0,1410.0,1365.0,1376.0
-10.64,-1.37,-13.44,-11.56,0.05,12.73,-13.44,10.06,3.62,1342.0,1410.0,1361.0,1376.0
-7.91,-0.81,-7.84,-11.75,0.05,12.69,-5.0,-1.31,4.56,1346.0,1404.0,1357.0,1381.0
-5.11,-0.75,-1.4,-10.94,0.05,12.54,-1.37,-22.31,4.87,1347.0,1393.0,1357.0,1391.0
-1.82,-0.37,0.14,-9.25,0.05,12.35,-6.12,-32.13,3.94,1343.0,1389.0,1362.0,1394.0
-0.35,0.25,5.25,-7.25,0.05,12.08,-13.06,-47.25,2.87,1336.0,1388.0,1368.0,1396.0
-0.28,1.25,7.42,-4.25,0.05,11.81,-23.06,-51.88,2.37,1329.0,1386.0,1373.0,1398.0
-0.28,2.62,8.96,-1.56,0.05,11.52,-31.25,-56.06,1.37,1320.0,1390.0,1382.0,1395.0
-0.28,4.19,7.0,1.06,0.05,11.23,-33.25,-51.56,1.31,1318.0,1390.0,1385.0,1394.0
-0.28,5.62,4.27,3.19,0.05,10.97,-29.37,-36.69,0.5,1319.0,1389.0,1385.0,1394.0
-1.05,6.75,1.33,4.44,0.05,10.68,-22.06,-15.44,-0.37,1325.0,1395.0,1379.0,1388.0
-1.75,7.62,0.14,4.75,0.05,10.44,-7.56,0.69,-1.69,1339.0,1399.0,1364.0,1385.0
-3.15,7.87,-0.07,4.19,0.05,10.25,-4.37,16.75,-3.31,1344.0,1405.0,1359.0,1381.0
-6.65,7.94,-0.14,3.31,0.05,10.15,0.31,20.75,-3.5,1346.0,1410.0,1356.0,1376.0
-11.76,7.69,-0.28,2.5,0.05,10.09,11.19,15.25,-3.19,1344.0,1409.0,1359.0,1376.0
-19.11,7.0,-1.54,2.0,0.05,10.1,15.13,6.56,-2.56,1339.0,1407.0,1364.0,1378.0
-20.23,5.87,-1.54,2.0,0.05,10.14,20.37,-3.44,-2.56,1337.0,1403.0,1367.0,1381.0
-20.37,4.75,-1.54,2.56,0.05,10.23,26.25,-15.38,-2.12,1335.0,1392.0,1369.0,1392.0
-20.3,3.25,-1.4,3.37,0.05,10.33,30.56,-19.06,-1.06,1336.0,1386.0,1369.0,1397.0
-20.09,-2.0,-2.24,4.0,-0.1,10.87,25.31,10.5,-4.56,1346.0,1396.0,1352.0,1394.0
-22.96,-3.0,-4.2,3.25,-0.1,11.14,17.37,18.81,-3.75,1345.0,1404.0,1353.0,1387.0
-21.07,-5.06,-5.53,0.88,0.05,12.07,15.63,5.12,-0.94,1342.0,1399.0,1356.0,1391.0
-17.5,-6.06,-5.53,0.88,0.05,12.32,22.5,-0.31,-0.13,1345.0,1390.0,1354.0,1400.0
-0.49,-9.31,-7.7,2.25,0.05,12.89,8.25,-8.31,1.62,1350.0,1372.0,1350.0,1416.0
1.89,-9.31,-10.15,2.56,-0.1,12.95,-9.06,-4.19,1.94,1345.0,1378.0,1354.0,1411.0
-0.28,0.0,-9.73,-1.5,-0.1,12.85,-54.56,27.0,3.62,1336.0,1421.0,1366.0,1366.0
-0.28,2.62,-9.59,-2.75,-0.1,12.76,-42.5,23.06,4.44,1335.0,1418.0,1367.0,1369.0
-4.97,4.94,-6.23,-2.37,-0.1,12.32,-4.37,-17.44,4.37,1334.0,1390.0,1371.0,1393.0
-6.51,5.0,-6.23,-1.19,-0.1,12.12,-0.25,-25.12,5.0,1330.0,1387.0,1374.0,1396.0
-8.54,5.62,-6.02,0.69,-0.1,11.64,-3.19,5.44,2.31,1337.0,1400.0,1368.0,1383.0
-8.47,5.75,-6.23,0.19,-0.1,11.51,-2.5,12.19,2.37,1341.0,1405.0,1363.0,1379.0
-8.47,6.0,-6.23,-0.5,-0.1,11.48,-3.87,11.06,2.31,1341.0,1405.0,1364.0,1379.0
-10.78,5.81,-6.51,0.19,0.05,11.29,7.87,-17.62,1.5,1331.0,1389.0,1373.0,1394.0
-10.92,5.31,-6.72,1.56,-0.1,11.22,10.44,-23.0,2.81,1328.0,1385.0,1376.0,1398.0
-11.13,3.69,-7.0,2.87,0.05,11.09,8.56,5.94,2.06,1341.0,1394.0,1365.0,1388.0
-11.13,3.44,-7.14,2.0,-0.1,11.08,3.81,22.19,2.31,1345.0,1400.0,1362.0,1382.0
-12.95,2.44,-10.71,-1.25,-0.1,11.08,14.56,9.31,4.37,1347.0,1396.0,1362.0,1383.0
-14.49,1.44,-12.6,-1.31,-0.1,11.04,16.94,-1.75,4.19,1342.0,1388.0,1367.0,1392.0
-14.63,0.5,-13.86,-0.56,-0.1,10.97,20.37,-19.94,4.56,1335.0,1377.0,1373.0,1402.0
-16.1,-2.0,-21.84,3.19,-0.1,10.61,4.94,-8.63,3.56,1325.0,1375.0,1383.0,1403.0
-16.24,-2.12,-23.17,3.0,0.05,10.47,2.06,13.56,3.19,1330.0,1384.0,1379.0,1394.0
-16.1,-4.25,-25.34,-3.19,0.05,10.08,21.5,50.94,3.25,1362.0,1398.0,1349.0,1379.0
-15.89,-5.19,-25.48,-5.44,-0.1,10.0,16.81,45.81,3.25,1362.0,1396.0,1350.0,1381.0
-11.48,-6.0,-16.66,-8.81,-0.1,9.92,0.56,-3.37,3.5,1346.0,1387.0,1365.0,1390.0
-5.04,-5.87,-5.11,-8.13,-0.1,9.86,-3.25,-17.87,4.0,1352.0,1382.0,1361.0,1392.0
-0.28,-5.62,-0.49,-6.75,-0.1,9.77,-4.0,-29.31,3.87,1352.0,1378.0,1361.0,1397.0
-0.28,-2.25,0.14,-0.69,-0.1,9.35,-37.38,-48.44,3.25,1325.0,1382.0,1391.0,1397.0
-0.28,0.0,0.14,2.12,0.05,9.17,-37.13,-49.25,3.19,1324.0,1382.0,1397.0,1396.0
-0.14,4.12,0.14,6.75,0.05,8.61,-19.06,-13.88,2.37,1344.0,1394.0,1389.0,1396.0
-0.14,4.81,-0.07,6.87,0.05,8.46,-14.56,4.19,1.0,1354.0,1404.0,1382.0,1392.0
-0.28,5.37,-0.28,6.12,0.05,8.33,-9.56,18.25,-0.75,1363.0,1409.0,1374.0,1380.0
-0.28,6.0,-4.97,3.31,0.05,8.19,-8.19,33.94,-2.12,1385.0,1434.0,1382.0,1400.0
-0.28,6.56,-6.65,1.62,0.05,8.18,-7.94,25.37,-2.5,1381.0,1432.0,1385.0,1402.0
-0.98,7.0,-7.21,0.69,0.05,8.23,-5.44,16.0,-1.37,1380.0,1430.0,1394.0,1408.0
-1.26,7.37,-6.58,1.25,0.05,8.43,-0.75,-12.56,-1.25,1375.0,1420.0,1408.0,1429.0
-2.03,7.31,-6.44,2.12,0.05,8.51,1.5,-15.44,-1.0,1374.0,1420.0,1413.0,1432.0
-4.06,7.31,-6.44,2.62,0.05,8.57,-4.62,-6.75,-2.06,1363.0,1412.0,1397.0,1416.0
-7.49,7.69,-7.21,2.56,-0.1,8.6,-9.19,7.06,-0.5,1348.0,1410.0,1386.0,1391.0
-10.71,8.19,-8.61,1.87,-0.1,8.61,-11.19,17.19,0.13,1347.0,1414.0,1383.0,1380.0
-12.11,8.5,-8.61,0.5,-0.1,8.59,-5.37,28.06,2.19,1352.0,1416.0,1376.0,1373.0
-12.81,8.13,-8.75,-0.94,-0.1,8.54,11.56,29.06,3.25,1349.0,1398.0,1356.0,1362.0
-12.95,6.87,-8.96,-2.31,-0.1,8.43,32.38,26.31,4.44,1356.0,1386.0,1347.0,1366.0
-13.16,4.87,-9.1,-3.5,-0.1,8.29,45.25,23.94,5.62,1350.0,1364.0,1328.0,1359.0
-14.07,2.25,-9.17,-4.25,-0.1,8.11,56.19,15.25,6.0,1350.0,1354.0,1325.0,1366.0
-14.77,-1.0,-9.1,-4.87,-0.1,7.91,56.63,7.81,5.56,1349.0,1348.0,1325.0,1370.0
-15.33,-3.37,-8.96,-5.19,-0.1,7.67,43.63,7.69,5.62,1345.0,1347.0,1326.0,1365.0
-15.33,-5.06,-8.75,-5.5,-0.1,7.4,28.12,6.56,6.25,1341.0,1352.0,1331.0,1360.0
-15.19,-6.0,-8.26,-5.94,-0.1,7.12,14.56,6.62,6.87,1338.0,1356.0,1336.0,1353.0
-13.93,-6.31,-8.19,-6.44,-0.1,6.82,0.94,8.63,6.44,1336.0,1360.0,1340.0,1348.0
-13.16,-6.25,-8.05,-6.87,-0.1,6.51,-1.0,9.25,5.75,1348.0,1374.0,1353.0,1358.0
-11.83,-6.5,-8.05,-7.31,0.05,6.19,5.12,5.75,6.69,1354.0,1372.0,1354.0,1364.0
-10.99,-7.12,-7.91,-7.5,0.05,5.86,16.25,3.56,6.5,1362.0,1369.0,1353.0,1372.0
-10.85,-8.19,-7.84,-7.75,-0.1,5.53,19.37,1.62,7.19,1367.0,1367.0,1355.0,1377.0
-10.08,-8.81,-7.14,-7.87,-0.1,5.18,10.44,0.19,7.94,1378.0,1379.0,1369.0,1385.0
-9.94,-9.0,-7.14,-7.87,-0.1,4.83,0.06,-2.31,8.56,1380.0,1385.0,1380.0,1387.0
-9.87,-8.75,-7.07,-7.69,0.05,4.42,-8.0,-6.5,8.25,1388.0,1399.0,1397.0,1396.0
-9.59,-8.19,-6.44,-7.25,0.05,4.0,-13.13,-11.88,8.44,1387.0,1402.0,1407.0,1399.0
-9.03,-7.25,-6.51,-6.44,0.05,3.57,-16.12,-16.81,8.94,1387.0,1403.0,1416.0,1402.0
-8.82,-6.56,-6.44,-5.44,0.05,3.12,-13.13,-25.5,9.06,1386.0,1398.0,1420.0,1407.0
-8.82,-6.06,-6.3,-4.06,0.05,2.67,-10.25,-32.94,9.19,1386.0,1395.0,1426.0,1412.0
-8.68,-5.56,-6.3,-2.37,0.05,2.19,-12.13,-38.56,9.31,1382.0,1391.0,1431.0,1415.0
-8.61,-4.87,-6.23,-0.37,0.05,1.7,-13.25,-34.31,8.63,1383.0,1394.0,1436.0,1415.0
-8.47,-4.37,-6.23,0.81,-0.1,1.25,-11.81,-21.06,7.19,1388.0,1395.0,1431.0,1414.0
-8.19,-3.19,-6.23,0.81,-0.1,0.51,-13.44,10.81,3.31,1399.0,1414.0,1417.0,1397.0
-8.19,-2.5,-7.56,-0.25,0.05,0.21,-9.88,19.81,3.69,1404.0,1417.0,1415.0,1393.0
-8.19,-1.94,-8.96,-0.88,0.05,-0.06,-9.31,10.0,3.0,1401.0,1414.0,1420.0,1397.0
-9.73,-0.31,-10.99,0.75,0.05,-0.73,-10.75,-21.81,-0.31,1383.0,1401.0,1435.0,1413.0
-9.87,0.06,-10.22,2.0,-0.1,-0.88,-3.25,-26.87,-1.56,1379.0,1399.0,1437.0,1413.0
-9.94,0.44,-9.87,4.0,-0.1,-0.99,2.06,-2.06,-5.12,1351.0,1368.0,1384.0,1374.0
-9.87,0.5,-9.87,4.0,-0.1,-0.91,-2.44,2.19,-5.37,1337.0,1356.0,1370.0,1360.0
-9.87,1.69,-10.57,3.87,-0.1,-0.47,-10.94,1.06,-4.56,1318.0,1347.0,1362.0,1342.0
-9.87,2.12,-10.78,3.75,-0.1,-0.29,-8.19,4.12,-4.81,1307.0,1336.0,1347.0,1330.0
-9.87,2.44,-10.85,3.56,-0.1,-0.11,-5.0,5.44,-5.0,1308.0,1335.0,1345.0,1330.0
-9.87,2.5,-10.99,3.25,-0.1,0.08,0.37,6.56,-4.19,1311.0,1335.0,1343.0,1331.0
-9.87,2.37,-11.06,2.87,-0.1,0.28,4.81,7.44,-3.94,1313.0,1335.0,1339.0,1331.0
-9.87,2.06,-11.06,2.37,-0.1,0.49,5.31,9.56,-3.81,1339.0,1360.0,1361.0,1355.0
-9.73,1.87,-11.13,1.87,-0.1,0.71,3.5,10.38,-2.62,1361.0,1381.0,1382.0,1375.0
-9.73,1.87,-11.13,1.37,0.05,0.91,0.0,8.0,-2.37,1370.0,1392.0,1395.0,1386.0
-9.73,1.75,-11.13,1.0,-0.1,1.09,4.06,3.19,-2.69,1371.0,1392.0,1397.0,1391.0
-9.73,1.56,-11.13,1.0,0.05,1.25,3.75,-2.87,-4.0,1371.0,1393.0,1401.0,1397.0
-9.73,1.56,-11.13,1.25,-0.1,1.42,-1.37,-5.81,-5.06,1367.0,1395.0,1405.0,1400.0
-9.59,1.75,-11.06,1.62,0.05,1.62,-6.0,-6.06,-6.5,1364.0,1398.0,1407.0,1401.0
-9.52,2.12,-10.99,1.75,0.05,1.76,-6.0,0.62,-7.12,1368.0,1405.0,1406.0,1400.0
-9.52,2.37,-10.99,1.5,0.05,2.0,-3.5,7.06,-8.0,1370.0,1408.0,1402.0,1399.0
-9.52,2.56,-10.85,0.94,0.05,2.27,-3.62,12.31,-8.81,1373.0,1412.0,1397.0,1397.0
-9.38,2.87,-10.78,0.25,0.05,2.59,-7.19,15.69,-8.81,1373.0,1416.0,1395.0,1395.0
-9.38,3.31,-10.71,-0.5,0.05,2.92,-10.88,12.63,-8.56,1370.0,1418.0,1397.0,1395.0
-9.31,3.81,-10.57,-1.12,-0.1,3.28,-7.25,7.81,-9.31,1368.0,1417.0,1397.0,1397.0
-9.17,3.94,-10.43,-1.5,0.05,3.64,0.75,6.81,-10.0,1370.0,1414.0,1395.0,1402.0
-9.1,3.62,-10.36,-1.81,-0.1,4.01,8.0,8.0,-11.0,1372.0,1414.0,1389.0,1406.0
-9.03,3.12,-10.29,-2.44,0.05,4.41,9.13,10.06,-11.56,1373.0,1415.0,1387.0,1405.0
-8.96,2.81,-10.29,-3.12,-0.1,4.84,5.87,14.69,-10.44,1374.0,1419.0,1384.0,1403.0
-8.82,2.56,-10.08,-3.87,-0.1,5.27,3.06,10.13,-10.06,1373.0,1419.0,1384.0,1404.0
-8.82,2.5,-10.08,-4.12,0.05,5.69,-1.94,4.94,-9.56,1369.0,1418.0,1388.0,1404.0
-8.82,2.87,-10.08,-4.06,0.05,6.11,-11.0,-5.62,-8.19,1360.0,1418.0,1396.0,1405.0
-8.82,3.81,-10.85,-3.5,-0.1,6.56,-20.37,-16.69,-7.94,1351.0,1417.0,1404.0,1407.0
-8.82,5.0,-12.88,-2.69,0.05,6.93,-26.87,-16.25,-7.94,1343.0,1419.0,1411.0,1407.0
-9.52,6.25,-16.45,-2.0,0.05,7.33,-25.19,-13.44,-9.25,1338.0,1420.0,1412.0,1408.0
-9.59,7.44,-17.57,-1.62,0.05,7.69,-15.56,-3.25,-10.06,1343.0,1422.0,1405.0,1409.0
-9.73,7.69,-16.87,-1.81,0.05,8.07,2.87,5.31,-10.56,1352.0,1423.0,1395.0,1410.0
-9.87,7.0,-16.03,-2.37,0.05,8.48,21.69,13.06,-11.06,1363.0,1418.0,1382.0,1417.0
-9.73,5.12,-14.77,-3.56,0.05,8.93,35.25,20.31,-11.31,1373.0,1418.0,1369.0,1420.0
-10.36,3.37,-14.77,-4.69,0.05,9.41,37.63,23.81,-11.25,1378.0,1419.0,1363.0,1420.0
-12.95,1.81,-14.7,-5.81,-0.1,9.9,28.56,21.69,-11.31,1373.0,1424.0,1365.0,1418.0
-13.79,0.56,-14.0,-6.69,-0.1,10.43,17.69,10.69,-11.44,1366.0,1426.0,1370.0,1418.0
-13.79,0.13,-13.86,-6.69,-0.1,11.03,7.62,-5.37,-11.81,1354.0,1423.0,1379.0,1423.0
-12.6,-0.13,-12.6,-5.81,-0.1,11.66,3.19,-18.12,-12.06,1346.0,1421.0,1385.0,1428.0
-9.87,-0.25,-10.22,-4.69,0.05,12.34,1.06,-25.69,-12.5,1344.0,1417.0,1385.0,1434.0
-8.68,-0.31,-8.4,-3.31,0.05,13.02,1.56,-22.69,-12.44,1344.0,1419.0,1382.0,1434.0
-7.07,-0.37,-7.0,-2.44,-0.1,13.68,0.44,-15.06,-12.25,1347.0,1422.0,1376.0,1435.0
-6.44,-0.44,-6.3,-1.69,-0.1,14.3,1.94,-12.31,-12.13,1348.0,1425.0,1373.0,1435.0
-5.88,-0.5,-6.23,-1.06,-0.1,14.93,1.0,-10.38,-11.81,1348.0,1425.0,1370.0,1436.0
-5.67,-0.56,-6.02,-0.56,-0.1,15.57,1.62,-11.0,-10.81,1348.0,1426.0,1370.0,1436.0
-5.53,-0.5,-6.02,-0.06,-0.1,16.17,-0.44,-10.81,-9.06,1346.0,1428.0,1372.0,1435.0
-5.46,-0.37,-5.74,0.5,-0.1,16.76,-2.19,-10.31,-7.25,1343.0,1425.0,1370.0,1433.0
-5.39,-0.13,-5.74,1.12,-0.1,17.3,-3.25,-10.69,-5.56,1341.0,1424.0,1370.0,1432.0
-5.32,0.06,-5.74,1.44,-0.1,17.76,-3.37,-6.81,-3.56,1342.0,1424.0,1369.0,1429.0
-5.32,0.25,-5.88,1.62,-0.1,18.14,-1.19,-4.12,-2.06,1345.0,1425.0,1367.0,1427.0
-5.32,0.19,-5.74,1.56,-0.1,18.44,3.56,2.81,0.19,1348.0,1424.0,1363.0,1425.0
-5.18,-0.13,-5.67,1.37,0.05,18.66,7.19,6.62,1.5,1353.0,1422.0,1359.0,1425.0
-5.11,-0.88,-5.53,0.94,-0.1,18.81,12.69,8.38,3.81,1358.0,1420.0,1357.0,1426.0
-4.97,-1.56,-4.69,0.62,-0.1,18.89,13.56,7.56,5.31,1360.0,1418.0,1356.0,1426.0
-4.9,-2.25,-4.62,0.31,0.05,18.93,11.69,3.0,6.56,1359.0,1415.0,1360.0,1426.0
-4.69,-2.62,-4.41,0.25,0.05,18.88,3.44,-1.19,8.5,1360.0,1415.0,1361.0,1424.0
-4.48,-2.81,-3.78,0.5,0.05,18.79,1.31,-4.62,10.63,1358.0,1413.0,1367.0,1423.0
-3.92,-2.75,-3.92,0.81,-0.1,18.58,-3.62,-11.25,11.75,1353.0,1414.0,1372.0,1421.0
-3.92,-2.5,-3.78,1.31,-0.1,18.33,-6.44,-9.5,12.0,1354.0,1413.0,1374.0,1419.0
-3.92,-2.12,-3.78,1.62,-0.1,17.98,-8.06,-5.25,12.88,1355.0,1413.0,1375.0,1417.0
-3.78,-1.75,-3.64,1.81,-0.1,17.57,-9.44,-2.94,13.31,1355.0,1414.0,1376.0,1414.0
-3.71,-1.37,-3.57,1.81,-0.1,17.08,-8.5,-0.81,12.88,1358.0,1414.0,1375.0,1413.0
-3.57,-1.12,-3.5,1.81,-0.1,16.57,-5.5,1.56,13.25,1360.0,1414.0,1376.0,1411.0
-3.36,-0.94,-2.8,1.69,-0.1,16.0,-4.12,1.56,13.13,1363.0,1412.0,1375.0,1410.0
-2.66,-0.94,-1.4,1.62,-0.1,15.41,0.25,0.81,12.0,1367.0,1411.0,1373.0,1410.0
-0.49,-1.06,-0.7,1.5,-0.1,14.82,0.0,0.88,12.94,1372.0,1407.0,1370.0,1411.0
-0.35,-1.06,-0.63,1.44,-0.1,14.21,-3.0,0.5,12.63,1370.0,1406.0,1371.0,1408.0
-0.35,-0.81,-0.49,1.37,-0.1,13.59,-7.31,-0.13,11.31,1368.0,1408.0,1375.0,1405.0
-0.28,-0.13,-0.49,1.37,0.05,12.97,-14.25,0.31,9.94,1367.0,1411.0,1379.0,1403.0
-0.28,0.62,-0.49,1.37,0.05,12.37,-18.94,-2.25,8.88,1363.0,1413.0,1383.0,1401.0
-0.28,1.69,-0.49,1.44,-0.1,11.79,-18.94,0.31,8.38,1364.0,1414.0,1384.0,1399.0
-0.28,2.37,-0.49,1.37,-0.1,11.23,-13.75,1.81,6.5,1365.0,1414.0,1382.0,1399.0
-0.28,2.87,-0.49,1.25,0.05,10.72,-7.12,3.37,5.19,1369.0,1412.0,1379.0,1400.0
-0.28,3.0,-0.49,1.06,0.05,10.27,-0.5,5.12,4.31,1372.0,1411.0,1376.0,1402.0
-0.28,2.87,-0.49,0.81,-0.1,9.87,3.19,5.62,2.5,1374.0,1409.0,1373.0,1404.0
-0.28,2.56,-0.49,0.44,-0.1,9.54,4.69,7.12,1.87,1376.0,1409.0,1371.0,1404.0
-0.28,2.5,-0.49,0.13,0.05,9.28,0.13,6.62,0.37,1374.0,1411.0,1373.0,1402.0
-0.28,2.62,-0.49,-0.13,-0.1,9.07,-5.44,5.25,-0.56,1369.0,1414.0,1374.0,1399.0
-0.28,3.0,-0.42,-0.25,-0.1,8.91,-9.63,1.94,-0.13,1368.0,1414.0,1378.0,1399.0
-0.28,3.56,-0.49,-0.44,-0.1,8.79,-13.06,2.0,-0.88,1367.0,1415.0,1379.0,1399.0
-0.28,4.31,-0.49,-0.44,0.05,8.71,-12.31,2.06,-1.5,1365.0,1415.0,1381.0,1399.0
-0.28,4.81,-0.49,-0.44,-0.1,8.66,-8.19,-1.87,-2.31,1364.0,1415.0,1380.0,1401.0
-0.28,5.0,-0.49,-0.44,-0.1,8.65,-1.56,-0.88,-3.31,1367.0,1413.0,1377.0,1403.0
-0.28,4.81,-0.49,-0.37,-0.1,8.68,3.87,-0.19,-3.75,1369.0,1409.0,1374.0,1408.0
-0.28,4.37,-0.49,-0.37,-0.1,8.75,11.0,-1.25,-4.0,1372.0,1408.0,1371.0,1410.0
-0.28,3.69,-0.49,-0.37,-0.1,8.86,11.25,-0.25,-3.69,1372.0,1408.0,1370.0,1410.0
-0.28,3.25,-0.49,-0.25,0.05,8.99,8.38,-2.81,-3.69,1371.0,1407.0,1372.0,1411.0
-0.28,2.94,-0.49,-0.13,-0.1,9.14,4.0,-3.37,-4.5,1369.0,1408.0,1372.0,1411.0
-0.28,2.87,-0.49,0.13,-0.1,9.31,1.62,-3.94,-3.81,1366.0,1410.0,1374.0,1410.0
-0.28,2.94,-0.49,0.31,-0.1,9.49,-2.81,-5.31,-4.06,1364.0,1410.0,1375.0,1410.0
-0.28,3.19,-0.49,0.56,-0.1,9.67,-4.37,-4.62,-3.94,1363.0,1412.0,1377.0,1409.0
-0.28,3.37,-0.49,0.81,-0.1,9.87,-4.19,-5.81,-4.5,1361.0,1412.0,1377.0,1410.0
-0.28,3.5,-0.49,1.12,-0.1,10.06,0.19,-5.31,-3.94,1363.0,1411.0,1375.0,1411.0
-0.28,3.31,-0.49,1.44,-0.1,10.26,5.81,-6.06,-2.81,1364.0,1407.0,1374.0,1415.0
-0.28,2.87,-0.49,1.75,-0.1,10.44,10.81,-7.0,-2.87,1367.0,1405.0,1371.0,1417.0
-0.28,2.19,-0.49,1.94,-0.1,10.62,16.5,-3.87,-1.69,1369.0,1403.0,1368.0,1416.0
-3.15,1.5,-0.49,2.12,0.05,10.79,15.0,-2.81,-1.37,1369.0,1405.0,1370.0,1417.0
-11.13,0.69,-0.56,2.31,-0.1,10.95,14.19,-3.12,-0.69,1363.0,1411.0,1374.0,1411.0
-12.46,0.13,-1.82,2.37,0.05,11.08,11.13,-1.19,-1.0,1360.0,1411.0,1376.0,1409.0
-14.63,-0.44,-1.89,2.5,0.05,11.21,12.0,-1.62,-1.0,1359.0,1413.0,1379.0,1409.0
-12.95,-1.19,-1.89,2.44,0.05,11.32,14.31,1.81,-1.25,1362.0,1412.0,1374.0,1408.0
-10.92,-2.0,-2.1,2.25,-0.1,11.44,19.44,6.0,-1.0,1368.0,1411.0,1369.0,1413.0
-10.78,-3.31,-1.4,1.94,-0.1,11.56,25.0,5.44,-0.62,1372.0,1409.0,1365.0,1415.0
-8.82,-4.44,-0.56,1.62,0.05,11.66,23.5,5.94,0.25,1376.0,1407.0,1362.0,1416.0
-7.49,-5.44,-0.7,1.44,-0.1,11.76,17.94,3.31,0.56,1375.0,1406.0,1362.0,1417.0
-2.66,-6.19,-0.63,1.25,0.05,11.84,8.06,0.81,1.19,1375.0,1404.0,1363.0,1418.0
-1.82,-6.31,-0.56,1.31,0.05,11.89,-1.12,-2.19,1.12,1370.0,1404.0,1367.0,1415.0
-0.49,-5.87,-0.49,1.44,-0.1,11.9,-14.13,-5.06,1.06,1365.0,1409.0,1372.0,1414.0
-0.35,-4.87,-0.49,1.75,-0.1,11.89,-25.25,-5.87,1.56,1359.0,1413.0,1379.0,1409.0
-0.35,-3.06,-0.49,2.12,0.05,11.84,-34.0,-7.62,2.0,1353.0,1416.0,1386.0,1404.0
-0.35,-1.37,-0.49,2.31,0.05,11.75,-34.44,-3.87,2.75,1353.0,1419.0,1387.0,1400.0
-0.35,0.19,-0.42,2.5,-0.1,11.63,-29.87,-1.75,3.56,1354.0,1418.0,1385.0,1399.0
-0.28,1.19,-0.49,2.5,-0.1,11.48,-19.06,-0.31,3.19,1359.0,1415.0,1380.0,1402.0
-0.28,1.75,-0.49,2.31,-0.1,11.32,-8.25,4.06,2.81,1366.0,1413.0,1375.0,1403.0
-0.28,1.87,-0.49,2.06,-0.1,11.15,0.13,4.87,3.12,1369.0,1411.0,1374.0,1406.0
-0.28,1.69,-0.49,1.87,-0.1,10.99,4.44,3.06,2.56,1371.0,1409.0,1371.0,1409.0
-0.28,1.5,-0.49,1.75,-0.1,10.83,2.62,2.19,2.5,1371.0,1408.0,1372.0,1409.0
-0.28,1.44,-0.49,1.69,-0.1,10.68,-1.44,1.0,2.81,1369.0,1408.0,1375.0,1408.0
-0.28,1.69,-0.49,1.69,0.05,10.53,-5.5,-1.44,2.94,1367.0,1411.0,1377.0,1405.0
-0.28,2.19,-0.49,1.69,0.05,10.37,-10.13,-0.31,3.94,1365.0,1411.0,1380.0,1401.0
-0.28,2.81,-0.49,1.69,-0.1,10.21,-12.88,-0.13,3.0,1364.0,1413.0,1382.0,1401.0
-0.28,3.31,-0.49,1.62,-0.1,10.04,-8.63,0.69,2.44,1365.0,1413.0,1381.0,1401.0
-0.28,3.62,-0.49,1.69,-0.1,9.88,-1.19,0.31,2.31,1367.0,1409.0,1379.0,1405.0
-0.28,3.5,-0.49,1.75,-0.1,9.74,3.87,-1.81,1.56,1369.0,1407.0,1377.0,1407.0
-1.05,3.19,-0.49,1.81,0.05,9.61,8.19,-1.5,1.37,1371.0,1405.0,1375.0,1409.0
-1.75,2.81,-0.49,1.94,-0.1,9.51,7.0,-3.06,1.0,1368.0,1404.0,1375.0,1408.0
-1.82,2.56,-0.49,2.06,0.05,9.43,4.87,-2.94,0.31,1369.0,1406.0,1377.0,1408.0
-1.89,2.44,-0.49,2.19,-0.1,9.37,1.81,-4.06,0.37,1366.0,1405.0,1378.0,1407.0
-2.03,2.37,-0.49,2.44,0.05,9.33,1.44,-4.5,-0.56,1366.0,1407.0,1379.0,1408.0
-2.03,2.31,-0.49,2.62,-0.1,9.3,2.19,-2.69,0.0,1367.0,1406.0,1379.0,1408.0
-2.03,2.19,-0.49,2.81,-0.1,9.28,1.5,-3.87,-0.31,1365.0,1405.0,1377.0,1408.0
-2.03,1.87,-0.49,2.87,-0.1,9.28,6.62,-0.75,-0.88,1369.0,1406.0,1376.0,1409.0
-2.03,1.44,-0.49,2.94,-0.1,9.29,11.13,0.0,-1.19,1371.0,1404.0,1373.0,1412.0
-1.89,0.81,-0.49,2.94,-0.1,9.33,13.13,-0.75,-1.94,1372.0,1403.0,1371.0,1414.0
-1.89,0.25,-0.49,2.87,-0.1,9.39,10.56,1.12,-2.19,1372.0,1404.0,1370.0,1414.0
-1.89,0.0,-0.49,2.81,0.05,9.47,2.19,2.44,-3.0,1369.0,1408.0,1372.0,1411.0
-1.89,0.19,-0.49,2.56,-0.1,9.58,-5.0,5.19,-3.37,1367.0,1412.0,1373.0,1407.0
-1.82,0.56,-0.49,2.31,-0.1,9.69,-9.81,5.5,-3.19,1365.0,1416.0,1375.0,1404.0
-1.75,1.06,-0.49,2.06,-0.1,9.81,-9.88,3.94,-3.12,1364.0,1416.0,1376.0,1404.0
-1.75,1.5,-0.49,1.94,-0.1,9.93,-4.87,2.87,-2.69,1365.0,1415.0,1375.0,1406.0
-1.61,1.5,-0.49,1.94,-0.1,10.05,3.56,-0.69,-2.69,1367.0,1411.0,1374.0,1412.0
-1.54,1.12,-0.49,2.0,-0.1,10.18,11.19,-0.56,-2.81,1369.0,1408.0,1370.0,1414.0
-1.54,0.56,-0.49,2.0,-0.1,10.32,11.25,-0.25,-2.19,1371.0,1406.0,1369.0,1417.0
-1.54,-0.06,-0.49,2.0,-0.1,10.46,13.06,-0.37,-2.06,1372.0,1407.0,1369.0,1417.0
-1.54,-0.56,-0.63,1.94,-0.1,10.59,9.94,3.87,-0.88,1407.0,1441.0,1401.0,1447.0
-1.54,-0.75,-0.7,1.81,-0.1,10.71,2.44,0.75,-0.44,1407.0,1446.0,1404.0,1447.0
-1.61,-0.62,-0.63,1.69,0.05,10.8,-5.19,1.19,0.56,1405.0,1448.0,1411.0,1447.0
-1.54,-0.31,-0.56,1.69,-0.1,10.86,-7.0,-2.56,1.75,1405.0,1448.0,1415.0,1448.0
-1.54,-0.06,-0.56,2.06,-0.1,10.89,-4.37,-6.81,1.44,1403.0,1446.0,1417.0,1450.0
-1.47,-0.19,-0.56,2.62,-0.1,10.89,3.62,-10.81,1.56,1404.0,1443.0,1418.0,1456.0
-1.4,-0.5,-0.49,3.06,0.05,10.88,10.25,-8.94,0.44,1406.0,1441.0,1415.0,1458.0
-1.4,-0.88,-0.49,3.37,-0.1,10.88,6.69,-2.69,-0.31,1408.0,1445.0,1411.0,1456.0
-1.33,-1.12,-0.49,3.31,-0.1,10.88,3.75,3.25,-0.06,1410.0,1448.0,1410.0,1453.0
-1.33,-1.25,-0.49,3.06,0.05,10.88,3.69,4.69,0.19,1411.0,1448.0,1409.0,1451.0
-1.33,-1.5,-0.49,2.81,-0.1,10.88,4.44,4.12,0.69,1392.0,1429.0,1388.0,1431.0
-1.33,-1.75,-0.49,2.81,-0.1,10.88,4.56,-1.37,0.75,1348.0,1381.0,1347.0,1392.0
-1.26,-1.81,-0.49,3.19,-0.1,10.88,0.31,-8.63,-0.44,1338.0,1378.0,1349.0,1391.0
-1.19,-1.56,-0.49,3.56,-0.1,10.88,-8.44,-7.12,-0.44,1334.0,1380.0,1351.0,1387.0
-1.12,-1.0,-0.49,3.62,-0.1,10.87,-13.31,4.06,-0.5,1333.0,1384.0,1348.0,1379.0
-1.05,-0.31,-0.49,3.12,-0.1,10.86,-15.06,15.25,-0.25,1337.0,1391.0,1344.0,1372.0
-1.05,0.5,-0.49,1.75,-0.1,10.84,-12.56,26.69,-0.19,1343.0,1395.0,1335.0,1363.0
-1.05,0.94,-0.49,0.19,-0.1,10.82,-7.87,31.5,0.69,1348.0,1396.0,1331.0,1361.0
-1.05,1.19,-0.49,-1.25,-0.1,10.79,-3.25,25.06,1.81,1336.0,1381.0,1318.0,1349.0
-0.98,1.25,-0.49,-2.12,0.05,10.75,-1.37,14.75,1.87,1331.0,1373.0,1320.0,1352.0
-0.98,1.31,-0.49,-2.37,-0.1,10.68,-1.0,0.75,3.0,1324.0,1365.0,1324.0,1355.0
-0.98,1.31,-0.49,-1.94,-0.1,10.59,-1.37,-10.06,3.62,1319.0,1358.0,1329.0,1359.0
-0.91,1.44,-0.49,-1.19,0.05,10.47,-3.12,-13.75,4.19,1315.0,1353.0,1332.0,1360.0
-0.84,1.69,-0.49,-0.62,-0.1,10.33,-6.31,-8.63,3.87,1314.0,1355.0,1333.0,1357.0
-0.84,2.19,-0.49,-0.31,0.05,10.17,-9.19,-0.13,4.12,1316.0,1359.0,1332.0,1353.0
-0.84,2.62,-0.49,-0.5,-0.1,10.0,-9.31,8.19,3.87,1286.0,1330.0,1293.0,1312.0
-0.84,3.06,-0.49,-1.0,-0.1,9.81,-9.38,10.75,3.69,1285.0,1330.0,1289.0,1307.0
-0.91,3.37,-0.49,-1.37,0.05,9.61,-2.19,4.75,6.5,1288.0,1328.0,1289.0,1307.0
-1.05,3.37,-0.49,-1.62,0.05,9.39,2.5,2.94,7.12,1289.0,1319.0,1291.0,1309.0
-1.12,3.19,-0.42,-1.5,-0.1,9.11,4.44,-7.75,8.75,1287.0,1315.0,1294.0,1312.0
-0.35,2.94,-0.42,-0.94,-0.1,8.81,6.19,-12.81,9.0,1286.0,1306.0,1298.0,1318.0
-0.35,2.81,-0.42,-0.25,-0.1,8.46,-0.56,-13.44,9.31,1285.0,1308.0,1300.0,1315.0
-0.35,2.87,-0.42,0.56,-0.1,8.09,-1.37,-13.88,9.69,1283.0,1309.0,1302.0,1313.0
-0.28,3.25,-0.42,0.94,-0.1,7.69,-9.75,-6.31,9.19,1217.0,1246.0,1236.0,1240.0
-0.28,2.5,-0.42,1.0,-0.1,7.29,123.56,8.0,8.13,1121.0,1155.0,1139.0,1140.0
-0.28,-0.81,-0.42,-0.62,-0.1,6.84,94.31,46.31,11.31,1184.0,1140.0,1000.0,1134.0
-0.28,-2.25,-0.42,-4.31,-0.1,6.53,20.56,77.62,1.12,1139.0,1078.0,1000.0,1103.0
-0.28,-4.0,-0.42,-7.94,-0.1,6.33,65.56,60.88,-6.44,1037.0,1046.0,1000.0,1000.0
-0.28,-1.5,-0.42,-6.0,-0.1,6.27,-93.62,-84.37,-15.56,1000.0,1019.0,1004.0,1022.0
-0.28,3.12,-0.42,1.69,-0.1,6.45,-14.31,-105.0,-27.31,1000.0,1000.0,1082.0,1085.0
-0.28,-0.19,-0.49,-1.25,0.05,6.8,85.37,100.31,-10.75,1056.0,1043.0,1000.0,1000.0
-0.28,0.25,-0.49,-1.81,0.05,7.24,-64.31,-66.19,-11.38,1000.0,1021.0,1004.0,1025.0
-0.28,3.5,-0.49,1.75,0.05,7.64,-35.75,-45.81,-3.5,1000.0,1013.0,1053.0,1017.0
-0.28,2.06,-0.49,0.44,0.05,7.98,22.69,18.44,-2.0,1002.0,1017.0,1000.0,1014.0
-0.28,2.19,-0.49,0.25,0.05,8.27,-6.5,-10.38,-2.56,1000.0,1026.0,1000.0,1007.0
-0.28,2.25,-0.49,0.37,0.05,8.66,4.81,5.62,-1.31,1000.0,1019.0,1000.0,1014.0
-0.28,2.25,-0.49,0.37,0.05,9.07,-2.25,-3.5,-0.56,1000.0,1015.0,1000.0,1015.0
-0.28,2.25,-0.49,0.37,0.05,9.51,0.81,1.56,1.75,1000.0,1018.0,1000.0,1014.0
-0.28,2.25,-0.49,0.37,0.05,9.91,-0.94,-0.13,1.5,1000.0,1020.0,1000.0,1016.0
-0.28,2.25,-0.49,0.37,0.05,10.34,-0.37,-0.37,-0.06,1000.0,1020.0,1000.0,1018.0
-0.28,2.25,-0.49,0.37,0.05,10.76,0.37,-0.37,-0.5,1000.0,1021.0,1000.0,1018.0
-0.28,2.25,-0.49,0.37,0.05,11.14,0.37,-0.19,-0.25,1000.0,1022.0,1000.0,1019.0
-0.28,2.25,-0.49,0.37,0.05,11.52,-0.31,-0.37,-0.37,1000.0,1022.0,1000.0,1020.0
-0.28,2.25,-0.49,0.37,0.05,11.84,-0.44,-0.19,-0.19,1000.0,1022.0,1000.0,1020.0
-0.28,2.25,-0.49,0.31,0.05,12.14,-0.25,-0.13,0.25,1000.0,1023.0,1000.0,1021.0
-0.28,2.25,-0.49,0.31,0.05,12.44,-0.06,-0.06,0.06,1000.0,1024.0,1000.0,1021.0
-0.28,2.25,-0.49,0.31,0.05,12.7,0.31,-0.19,0.37,1000.0,1025.0,1000.0,1022.0
-0.28,2.25,-0.49,0.31,0.05,12.94,0.19,-0.13,0.19,1000.0,1025.0,1000.0,1022.0
-0.28,2.25,-0.49,0.31,0.05,13.15,0.13,-0.13,0.44,1000.0,1026.0,1000.0,1023.0
-0.28,2.25,-0.49,0.25,0.05,13.32,0.0,-0.19,0.13,1000.0,1026.0,1000.0,1023.0
-0.28,2.25,-0.49,0.25,0.05,13.53,-0.13,-0.13,-0.25,1000.0,1027.0,1000.0,1024.0
-0.28,2.25,-0.49,0.25,0.05,13.7,-0.06,0.0,-0.31,1000.0,1027.0,1000.0,1024.0
-0.28,2.25,-0.49,0.25,0.05,13.87,0.44,0.13,-0.31,1000.0,1027.0,1000.0,1024.0
-0.28,2.25,-0.49,0.25,0.05,14.0,-0.13,-0.06,-0.06,1000.0,1027.0,1000.0,1024.0
-0.28,2.25,-0.49,0.25,0.05,14.13,-0.56,0.0,0.06,1000.0,1027.0,1000.0,1025.0
-0.28,2.25,-0.49,0.25,0.05,14.25,-0.06,0.0,-0.06,1000.0,1027.0,1000.0,1025.0
-0.28,2.25,-0.49,0.25,0.05,14.42,0.06,-0.13,0.06,1000.0,1028.0,1000.0,1025.0
-0.28,2.25,-0.49,0.19,0.05,14.55,0.31,0.0,-0.31,1000.0,1028.0,1000.0,1026.0
-0.28,2.25,-0.49,0.19,0.05,14.67,0.25,-0.13,-0.06,1000.0,1028.0,1000.0,1025.0
-0.28,2.25,-0.49,0.19,0.05,14.75,0.0,-0.06,0.0,1000.0,1029.0,1000.0,1026.0
-0.28,2.25,-0.49,0.19,0.05,14.81,-0.13,0.19,0.06,1000.0,1029.0,1000.0,1026.0
-0.28,2.19,-0.49,0.19,0.05,14.87,2.56,-2.81,0.88,1000.0,1029.0,1000.0,1026.0
-0.28,2.12,-0.49,0.13,0.05,14.97,-1.37,-4.31,8.06,1000.0,1025.0,1000.0,1023.0
-0.28,2.19,-0.49,0.19,0.05,15.06,0.75,2.81,0.62,1000.0,1031.0,1000.0,1030.0
-0.28,2.19,-0.49,0.19,0.05,15.15,1.25,-1.25,-0.69,1000.0,1033.0,1000.0,1030.0
-0.28,2.19,-0.49,0.19,0.05,15.22,-0.13,-0.31,-2.81,1000.0,1033.0,1000.0,1030.0
-0.28,2.19,-0.49,0.13,0.05,15.27,-0.13,-0.56,-2.12,1000.0,1033.0,1000.0,1029.0
-0.28,2.19,-0.49,0.13,0.05,15.31,-0.56,0.37,-0.88,1000.0,1031.0,1000.0,1028.0
-0.28,2.19,-0.49,0.13,0.05,15.34,-0.25,0.37,0.62,1000.0,1031.0,1000.0,1028.0
-0.28,2.19,-0.49,0.13,0.05,15.36,-0.25,-0.19,0.88,1000.0,1031.0,1000.0,1029.0
-0.28,2.19,-0.49,0.13,0.05,15.38,0.5,-0.44,0.62,1000.0,1031.0,1000.0,1029.0
-0.28,2.19,-0.49,0.19,0.05,15.38,-3.31,-5.06,0.75,1000.0,1028.0,1000.0,1025.0
-0.28,2.31,-0.49,0.37,0.05,15.39,-4.25,-3.06,1.37,1000.0,1031.0,1000.0,1030.0
-0.28,2.12,-0.49,0.06,0.05,15.4,-6.37,12.69,0.06,1000.0,1029.0,1000.0,1034.0
-0.28,2.19,-0.49,0.19,0.05,15.41,-0.44,3.44,-0.19,1000.0,1031.0,1000.0,1029.0
-0.28,2.19,-0.49,0.13,0.05,15.42,-0.94,1.06,0.75,1000.0,1031.0,1000.0,1029.0
-0.28,2.12,-0.49,0.13,0.05,15.42,1.25,0.13,0.06,1000.0,1032.0,1000.0,1030.0
-0.28,2.19,-0.49,0.13,0.05,15.43,1.12,-0.44,-0.56,1000.0,1032.0,1000.0,1030.0
-0.28,2.19,-0.49,0.13,0.05,15.43,-0.13,0.62,0.19,1000.0,1032.0,1000.0,1028.0
-0.28,2.19,-0.49,0.13,0.05,15.43,-0.81,0.56,0.06,1000.0,1032.0,1000.0,1029.0
-0.28,2.19,-0.49,0.13,0.05,15.43,-0.19,0.62,0.06,1000.0,1032.0,1000.0,1029.0
-0.28,2.19,-0.49,0.13,0.05,15.43,0.5,0.0,-0.31,1000.0,1032.0,1000.0,1030.0
-0.28,2.19,-0.49,0.13,0.05,15.43,0.37,-0.44,-0.06,1000.0,1032.0,1000.0,1029.0
-0.28,2.19,-0.49,0.06,0.05,15.43,-0.37,1.12,0.13,1000.0,1032.0,1000.0,1028.0
-0.28,2.25,-0.49,-0.13,0.05,15.44,-1.69,3.37,-1.0,1000.0,1035.0,1000.0,1027.0
-0.28,2.19,-0.49,0.0,0.05,15.44,1.87,-1.81,1.81,1000.0,1029.0,1000.0,1030.0
-0.28,2.19,-0.49,0.0,0.05,15.44,0.31,-1.5,-0.06,1000.0,1033.0,1000.0,1030.0
-0.28,2.19,-0.49,0.0,0.05,15.44,-0.13,0.37,-0.81,1000.0,1033.0,1000.0,1030.0
-0.28,2.19,-0.49,-0.13,0.05,15.44,-1.5,4.12,-1.19,1000.0,1034.0,1000.0,1027.0
