Roll,SP_Roll,Pitch,SP_Pitch,Yaw,SP_Yaw,Roll_rate,Pitch_rate,Yaw_rate,m1,m2,m3,m4
0.14,1.19,0.14,-0.75,0.05,-0.06,-0.06,0.0,0.0,1011.0,1012.0,1011.0,1010.0
0.14,1.19,0.14,-0.75,0.05,-0.06,-0.13,0.06,0.0,1011.0,1012.0,1011.0,1010.0
0.14,1.19,0.14,-0.75,0.05,-0.06,-0.13,0.06,0.0,1012.0,1013.0,1012.0,1011.0
0.07,1.19,0.14,-0.75,0.05,-0.06,-0.06,0.06,0.0,1012.0,1013.0,1012.0,1011.0
0.14,1.19,0.14,-0.75,0.05,-0.06,-0.13,-0.06,0.0,1012.0,1012.0,1012.0,1011.0
0.14,1.19,0.14,-0.75,0.05,-0.06,-0.06,-0.06,0.06,1012.0,1013.0,1012.0,1011.0
0.14,1.19,0.14,-0.75,0.05,-0.06,-0.19,0.0,-0.06,1012.0,1013.0,1012.0,1011.0
0.14,1.19,0.14,-0.75,0.05,-0.06,0.0,0.0,0.0,1011.0,1012.0,1011.0,1010.0
0.14,1.19,0.14,-0.75,0.05,-0.06,0.13,-0.06,0.0,1011.0,1012.0,1011.0,1010.0
0.14,1.19,0.14,-0.75,0.05,-0.06,0.06,0.06,0.06,1011.0,1012.0,1011.0,1010.0
0.14,1.19,0.14,-0.75,0.05,-0.06,0.0,-0.06,0.0,1012.0,1013.0,1012.0,1011.0
0.07,1.19,0.14,-0.75,0.05,-0.06,-0.06,-0.13,-0.13,1012.0,1013.0,1012.0,1011.0
0.14,1.19,0.14,-0.75,0.05,-0.06,0.25,-0.06,-0.13,1012.0,1013.0,1012.0,1011.0
0.07,1.19,0.14,-0.75,0.05,-0.06,0.0,0.0,0.06,1012.0,1013.0,1012.0,1011.0
0.14,1.19,0.14,-0.75,0.05,-0.06,-0.13,0.13,-0.06,1011.0,1012.0,1011.0,1010.0
0.14,1.19,0.14,-0.75,0.05,-0.06,-0.06,-0.06,0.0,1012.0,1013.0,1012.0,1011.0
0.14,1.19,0.14,-0.75,0.05,-0.06,-0.06,-0.06,0.0,1011.0,1012.0,1011.0,1010.0
0.14,1.19,0.14,-0.75,0.05,-0.06,0.0,0.0,-0.19,1012.0,1013.0,1012.0,1011.0
0.14,1.19,0.14,-0.75,0.05,-0.06,0.0,0.0,0.0,1011.0,1012.0,1011.0,1010.0
0.14,1.19,0.14,-0.75,0.05,-0.06,0.13,0.13,0.0,1012.0,1013.0,1012.0,1011.0
0.14,1.19,0.14,-0.75,0.05,-0.06,0.13,0.0,-0.13,1011.0,1012.0,1011.0,1010.0
0.14,1.19,0.14,-0.75,0.05,-0.06,0.06,0.06,0.06,1012.0,1012.0,1012.0,1011.0
0.14,1.19,0.14,-0.75,0.05,-0.06,-0.06,0.06,0.0,1011.0,1012.0,1011.0,1010.0
0.14,1.19,0.14,-0.75,0.05,-0.06,0.06,0.0,0.0,1011.0,1012.0,1011.0,1010.0
0.14,1.19,0.14,-0.75,0.05,-0.06,-0.13,0.13,0.06,1011.0,1012.0,1011.0,1010.0
0.14,1.19,0.14,-0.75,0.05,-0.06,0.0,-0.06,0.0,1011.0,1012.0,1011.0,1010.0
0.07,1.19,0.14,-0.75,0.05,-0.06,0.0,0.19,-0.06,1011.0,1012.0,1011.0,1010.0
0.14,1.19,0.14,-0.75,0.05,-0.06,0.13,-0.06,-0.13,1011.0,1012.0,1011.0,1010.0
0.14,1.19,0.14,-0.75,0.05,-0.06,-0.13,-0.06,-0.06,1011.0,1011.0,1011.0,1010.0
0.14,1.19,0.14,-0.75,0.05,-0.06,0.06,0.0,0.0,1012.0,1013.0,1012.0,1011.0
0.14,1.19,0.14,-0.75,0.05,-0.06,-0.13,0.13,-0.13,1011.0,1012.0,1011.0,1010.0
0.14,1.19,0.14,-0.75,0.05,-0.06,0.06,0.0,-0.06,1012.0,1012.0,1012.0,1011.0
0.14,1.19,0.14,-0.75,0.05,-0.06,-0.19,0.0,0.06,1012.0,1013.0,1012.0,1011.0
0.14,1.19,0.14,-0.75,0.05,-0.06,0.06,0.0,0.0,1012.0,1013.0,1012.0,1011.0
0.14,1.19,0.14,-0.75,0.05,-0.06,0.06,0.0,0.06,1012.0,1013.0,1012.0,1011.0
0.14,1.19,0.14,-0.75,0.05,-0.06,-0.06,0.13,0.13,1011.0,1012.0,1011.0,1010.0
0.14,1.19,0.14,-0.75,0.05,-0.06,-0.19,0.06,0.06,1012.0,1013.0,1012.0,1011.0
0.14,1.19,0.14,-0.75,0.05,-0.06,0.0,-0.13,0.0,1012.0,1013.0,1012.0,1011.0
0.14,1.19,0.14,-0.75,0.05,-0.06,0.0,0.06,-0.06,1011.0,1012.0,1011.0,1010.0
0.14,1.19,0.14,-0.75,0.05,-0.06,0.0,-0.06,-0.06,1011.0,1012.0,1011.0,1010.0
0.14,1.19,0.14,-0.75,0.05,-0.06,-0.06,0.0,-0.13,1011.0,1012.0,1011.0,1010.0
0.14,1.19,0.14,-0.75,0.05,-0.06,0.06,-0.13,-0.06,1012.0,1013.0,1012.0,1011.0
0.07,1.19,0.14,-0.75,0.05,-0.06,0.13,-0.19,0.0,1011.0,1012.0,1011.0,1010.0
0.14,1.19,0.14,-0.75,0.05,-0.06,0.0,-0.13,0.0,1012.0,1013.0,1012.0,1011.0
0.14,1.19,0.14,-0.75,0.05,-0.06,0.19,-0.06,-0.06,1012.0,1013.0,1012.0,1011.0
0.14,1.19,0.14,-0.75,0.05,-0.06,0.0,-0.06,0.0,1011.0,1012.0,1011.0,1010.0
0.14,1.19,0.14,-0.75,0.05,-0.06,-0.06,0.06,0.0,1011.0,1012.0,1011.0,1010.0
0.14,1.19,0.14,-0.75,0.05,-0.06,0.06,0.0,-0.06,1011.0,1012.0,1011.0,1010.0
0.14,1.19,0.14,-0.75,0.05,-0.06,-0.06,0.0,0.06,1011.0,1012.0,1011.0,1010.0
0.14,1.19,0.14,-0.75,0.05,-0.06,0.0,0.0,0.06,1011.0,1012.0,1011.0,1010.0
0.14,1.19,0.14,-0.75,0.05,-0.06,0.06,0.06,-0.06,1011.0,1012.0,1011.0,1010.0
0.14,1.19,0.14,-0.75,0.05,-0.06,0.06,0.0,0.0,1011.0,1012.0,1011.0,1010.0
0.14,1.19,0.14,-0.75,0.05,-0.06,0.0,-0.13,0.06,1011.0,1012.0,1011.0,1010.0
0.14,1.19,0.14,-0.75,0.05,-0.06,0.06,-0.06,0.06,1011.0,1012.0,1011.0,1010.0
0.14,1.19,0.14,-0.75,0.05,-0.06,0.0,-0.06,0.0,1012.0,1013.0,1012.0,1011.0
0.14,1.19,0.14,-0.75,0.05,-0.06,0.13,0.0,-0.13,1011.0,1012.0,1011.0,1010.0
0.14,1.19,0.14,-0.75,0.05,-0.06,-0.06,-0.06,0.0,1012.0,1013.0,1012.0,1011.0
0.14,1.19,0.14,-0.75,0.05,-0.06,0.0,0.0,0.06,1011.0,1012.0,1011.0,1010.0
0.14,1.19,0.14,-0.75,0.05,-0.06,-0.06,0.0,0.0,1012.0,1013.0,1012.0,1011.0
0.14,1.19,0.14,-0.75,0.05,-0.06,0.0,0.0,0.0,1011.0,1012.0,1011.0,1010.0
0.14,1.19,0.14,-0.75,0.05,-0.06,-0.06,-0.06,0.13,1011.0,1012.0,1011.0,1010.0
0.14,1.19,0.14,-0.75,0.05,-0.06,0.06,0.13,-0.06,1012.0,1013.0,1012.0,1011.0
0.14,1.19,0.14,-0.75,0.05,-0.06,-0.06,0.0,0.13,1011.0,1012.0,1011.0,1010.0
0.14,1.19,0.14,-0.75,0.05,-0.06,0.06,0.0,-0.06,1011.0,1012.0,1011.0,1010.0
0.14,1.19,0.14,-0.75,0.05,-0.06,0.06,0.0,0.06,1011.0,1012.0,1011.0,1010.0
0.14,1.19,0.14,-0.75,0.05,-0.06,0.13,0.0,0.0,1011.0,1012.0,1011.0,1010.0
0.14,1.19,0.14,-0.75,0.05,-0.06,-0.06,0.06,0.0,1011.0,1012.0,1011.0,1010.0
0.14,1.19,0.14,-0.75,0.05,-0.06,-0.13,-0.06,0.0,1011.0,1012.0,1011.0,1010.0
0.14,1.19,0.14,-0.75,0.05,-0.06,0.06,0.0,-0.13,1011.0,1012.0,1011.0,1010.0
0.14,1.19,0.14,-0.75,0.05,-0.06,-0.25,0.0,-0.13,1011.0,1012.0,1011.0,1010.0
0.14,1.19,0.14,-0.75,0.05,-0.06,0.06,0.06,-0.06,1011.0,1012.0,1011.0,1010.0
0.14,1.19,0.14,-0.75,0.05,-0.06,-0.06,0.0,-0.13,1012.0,1013.0,1012.0,1011.0
0.14,1.19,0.14,-0.75,0.05,-0.06,-0.25,0.06,-0.06,1012.0,1013.0,1012.0,1011.0
0.07,1.19,0.14,-0.75,0.05,-0.06,0.06,0.0,-0.13,1012.0,1013.0,1012.0,1011.0
0.07,1.19,0.14,-0.75,0.05,-0.06,0.13,0.0,-0.13,1011.0,1012.0,1011.0,1010.0
0.14,1.19,0.14,-0.75,0.05,-0.06,0.06,0.0,-0.06,1011.0,1012.0,1011.0,1010.0
0.14,1.19,0.14,-0.75,0.05,-0.06,-0.06,0.06,0.0,1012.0,1013.0,1012.0,1011.0
0.14,1.19,0.14,-0.75,0.05,-0.06,0.0,0.0,0.0,1011.0,1012.0,1011.0,1010.0
0.07,1.19,0.14,-0.75,0.05,-0.06,0.0,0.0,0.06,1011.0,1012.0,1011.0,1010.0
0.14,1.19,0.14,-0.75,0.05,-0.06,0.0,0.0,0.19,1011.0,1012.0,1011.0,1010.0
0.14,1.19,0.14,-0.75,0.05,-0.06,-0.06,-0.13,0.13,1012.0,1013.0,1012.0,1011.0
0.14,1.19,0.14,-0.75,0.05,-0.06,0.13,0.0,0.0,1011.0,1012.0,1011.0,1010.0
0.14,1.19,0.14,-0.75,0.05,-0.06,0.0,0.0,0.06,1011.0,1012.0,1011.0,1010.0
0.14,1.19,0.14,-0.75,0.05,-0.06,0.06,0.06,0.06,1012.0,1013.0,1012.0,1011.0
0.14,1.19,0.14,-0.75,0.05,-0.06,-0.06,0.0,0.06,1012.0,1013.0,1012.0,1011.0
0.14,1.19,0.14,-0.75,0.05,-0.06,0.06,0.13,0.0,1012.0,1013.0,1012.0,1011.0
0.14,1.19,0.14,-0.75,0.05,-0.06,-0.06,-0.13,-0.13,1012.0,1013.0,1012.0,1011.0
0.14,1.19,0.14,-0.75,0.05,-0.06,-0.13,0.0,0.19,1012.0,1013.0,1012.0,1011.0
0.14,1.19,0.14,-0.75,0.05,-0.06,0.06,0.0,-0.06,1012.0,1013.0,1012.0,1011.0
0.14,1.19,0.14,-0.75,0.05,-0.06,0.06,0.0,0.06,1012.0,1013.0,1012.0,1011.0
0.14,1.19,0.14,-0.75,0.05,-0.06,-0.19,0.0,0.0,1012.0,1013.0,1012.0,1011.0
0.07,1.19,0.14,-0.75,0.05,-0.06,0.06,-0.06,0.0,1012.0,1013.0,1012.0,1011.0
0.07,1.19,0.14,-0.75,0.05,-0.06,0.0,0.06,0.0,1012.0,1013.0,1012.0,1011.0
0.14,1.19,0.14,-0.75,0.05,-0.06,0.0,0.0,0.0,1012.0,1013.0,1012.0,1011.0
0.14,1.19,0.14,-0.75,0.05,-0.06,0.19,-0.06,0.13,1012.0,1013.0,1012.0,1011.0
0.14,1.19,0.14,-0.75,0.05,-0.06,0.19,-0.13,-0.06,1012.0,1013.0,1012.0,1011.0
0.14,1.19,0.14,-0.75,0.05,-0.06,0.06,0.06,-0.13,1012.0,1013.0,1012.0,1011.0
0.14,1.19,0.14,-0.75,0.05,-0.06,0.13,-0.06,0.0,1012.0,1013.0,1012.0,1011.0
0.14,1.19,0.14,-0.75,0.05,-0.06,0.06,-0.06,-0.06,1012.0,1013.0,1012.0,1011.0
0.14,1.19,0.14,-0.75,0.05,-0.06,0.25,-0.06,-0.06,1012.0,1013.0,1012.0,1011.0
0.14,1.19,0.14,-0.75,0.05,-0.06,-0.06,0.06,-0.06,1012.0,1013.0,1012.0,1011.0
0.14,1.19,0.14,-0.75,0.05,-0.06,-0.13,-0.13,0.06,1012.0,1013.0,1012.0,1011.0
0.14,1.19,0.14,-0.75,0.05,-0.06,0.06,0.06,0.06,1012.0,1013.0,1012.0,1011.0
0.14,1.19,0.14,-0.75,0.05,-0.06,0.13,0.0,0.13,1012.0,1013.0,1012.0,1011.0
0.14,1.19,0.14,-0.75,0.05,-0.06,0.19,0.06,-0.06,1012.0,1013.0,1012.0,1011.0
0.14,1.19,0.14,-0.75,0.05,-0.06,0.06,-0.06,-0.06,1012.0,1013.0,1012.0,1011.0
0.14,1.19,0.14,-0.75,0.05,-0.06,0.0,0.13,0.0,1012.0,1013.0,1012.0,1011.0
0.14,1.19,0.14,-0.75,0.05,-0.06,-0.06,0.0,0.0,1012.0,1013.0,1012.0,1011.0
0.14,1.19,0.14,-0.75,0.05,-0.06,0.0,0.0,0.0,1012.0,1013.0,1012.0,1011.0
0.07,1.19,0.14,-0.75,0.05,-0.06,0.0,-0.19,0.0,1012.0,1013.0,1012.0,1011.0
0.07,1.19,0.14,-0.75,0.05,-0.06,0.0,0.0,-0.13,1012.0,1013.0,1012.0,1011.0
0.07,1.19,0.14,-0.75,0.05,-0.06,0.06,0.06,0.13,1012.0,1013.0,1012.0,1011.0
0.14,1.19,0.14,-0.75,0.05,-0.06,0.13,-0.06,0.0,1012.0,1013.0,1012.0,1011.0
0.14,1.19,0.14,-0.75,0.05,-0.06,0.06,0.0,-0.13,1012.0,1013.0,1012.0,1011.0
0.14,1.19,0.14,-0.75,0.05,-0.06,0.13,0.0,0.0,1012.0,1013.0,1012.0,1011.0
0.14,1.19,0.14,-0.75,0.05,-0.06,0.0,-0.06,0.0,1012.0,1013.0,1012.0,1011.0
0.14,1.19,0.14,-0.75,0.05,-0.06,-0.06,-0.06,0.0,1012.0,1013.0,1012.0,1011.0
0.14,1.19,0.14,-0.75,0.05,-0.06,-0.13,0.06,0.06,1012.0,1013.0,1012.0,1011.0
0.14,1.19,0.14,-0.75,0.05,-0.06,-0.13,0.0,0.0,1012.0,1013.0,1012.0,1011.0
0.14,1.19,0.14,-0.75,0.05,-0.06,-0.06,0.0,0.0,1012.0,1013.0,1012.0,1011.0
0.14,1.19,0.14,-0.75,0.05,-0.06,0.25,-0.13,-0.06,1025.0,1026.0,1025.0,1024.0
0.14,1.19,0.14,-0.75,0.05,-0.06,0.0,0.0,0.06,1028.0,1029.0,1028.0,1027.0
0.07,1.19,0.14,-0.75,0.05,-0.06,0.06,0.06,0.06,1053.0,1054.0,1053.0,1052.0
0.07,1.19,0.14,-0.75,0.05,-0.06,0.06,0.0,0.75,1089.0,1090.0,1089.0,1088.0
0.14,1.19,0.14,-0.75,0.05,-0.06,-0.19,0.69,-1.37,1126.0,1129.0,1126.0,1127.0
0.14,1.25,0.14,-0.75,0.05,-0.06,-2.0,-0.56,0.37,1139.0,1140.0,1139.0,1137.0
0.14,1.19,0.14,-0.75,0.05,-0.06,1.12,-0.94,-0.06,1139.0,1139.0,1139.0,1138.0
0.14,1.19,0.14,-0.75,0.05,-0.06,-0.31,-0.94,-0.06,1143.0,1143.0,1143.0,1142.0
0.07,1.19,-0.07,-0.75,0.05,-0.06,-0.81,-0.88,-0.44,1152.0,1153.0,1152.0,1151.0
0.07,1.19,0.14,-0.75,0.05,-0.06,1.0,1.0,0.25,1164.0,1166.0,1165.0,1165.0
0.14,1.19,0.14,-0.75,0.05,-0.05,1.12,1.19,0.44,1167.0,1168.0,1167.0,1166.0
0.14,1.25,0.14,-0.75,0.05,-0.04,-0.81,0.37,-0.31,1168.0,1167.0,1167.0,1166.0
0.14,1.19,0.14,-0.75,0.05,-0.02,0.69,0.56,-0.25,1168.0,1169.0,1168.0,1166.0
0.07,1.19,0.14,-0.69,0.05,-0.01,0.19,-1.19,-0.37,1168.0,1169.0,1168.0,1167.0
0.14,1.19,0.14,-0.69,0.05,-0.01,-0.06,-0.31,0.94,1180.0,1182.0,1180.0,1179.0
0.07,1.19,0.14,-0.69,0.05,-0.01,-0.5,0.06,0.81,1217.0,1218.0,1217.0,1217.0
0.14,1.19,-0.07,-0.69,0.05,-0.01,0.75,0.06,-1.31,1231.0,1232.0,1231.0,1230.0
0.14,1.19,-0.07,-0.69,0.05,-0.0,-0.37,0.56,-0.25,1242.0,1242.0,1242.0,1241.0
0.07,1.25,-1.4,-0.69,0.05,-0.0,0.0,-0.37,0.5,1266.0,1265.0,1267.0,1266.0
0.07,1.25,-0.7,-0.69,0.05,-0.0,-0.56,-0.25,0.0,1267.0,1269.0,1269.0,1267.0
0.07,1.31,-0.49,-0.69,0.05,-0.0,0.44,0.81,0.13,1269.0,1272.0,1273.0,1270.0
0.07,1.37,0.14,-0.62,0.05,-0.0,-1.12,-2.06,0.06,1269.0,1273.0,1272.0,1270.0
0.07,1.37,0.14,-0.56,0.05,-0.0,-1.94,-1.19,-0.5,1273.0,1274.0,1273.0,1273.0
0.07,1.31,0.14,-0.62,0.05,-0.0,1.94,0.31,0.75,1273.0,1274.0,1274.0,1271.0
0.14,1.37,0.14,-0.62,0.05,-0.0,-4.81,-1.06,-0.31,1272.0,1274.0,1273.0,1272.0
0.07,1.44,0.14,-0.56,0.05,-0.0,1.56,-1.37,-0.31,1271.0,1275.0,1274.0,1272.0
0.14,1.31,0.14,-0.62,0.05,-0.0,-1.37,1.12,0.31,1273.0,1274.0,1274.0,1271.0
0.14,1.37,0.14,-0.56,0.05,-0.0,1.5,0.37,-0.37,1275.0,1276.0,1277.0,1275.0
0.14,1.37,0.14,-0.56,0.05,-0.0,-4.25,0.69,0.31,1300.0,1300.0,1300.0,1299.0
0.14,1.31,0.14,-0.56,0.05,-0.0,3.94,0.19,-0.13,1312.0,1312.0,1312.0,1312.0
0.14,1.44,0.14,-0.56,0.05,-0.0,-3.5,0.37,0.19,1313.0,1315.0,1314.0,1314.0
0.14,1.44,0.14,-0.44,0.05,-0.0,-2.56,-2.75,-1.06,1323.0,1326.0,1325.0,1325.0
0.14,1.56,0.14,-0.44,0.05,0.01,-4.62,-1.69,0.5,1323.0,1328.0,1326.0,1323.0
0.14,1.62,0.14,-0.37,0.05,0.03,-3.12,-1.87,-0.31,1325.0,1328.0,1329.0,1326.0
0.14,1.62,0.14,-0.31,0.05,0.03,-0.81,-0.81,0.44,1329.0,1331.0,1332.0,1328.0
0.14,1.75,0.14,-0.25,0.05,0.04,-3.12,-3.62,-0.44,1327.0,1333.0,1331.0,1329.0
0.14,1.75,0.14,-0.13,0.05,0.06,-2.0,-0.19,-2.37,1327.0,1330.0,1330.0,1331.0
0.14,1.81,0.14,-0.19,0.05,0.09,0.62,1.81,-0.5,1328.0,1332.0,1331.0,1329.0
0.14,1.75,0.14,-0.25,0.05,0.11,2.75,1.0,-0.25,1332.0,1331.0,1329.0,1331.0
0.14,1.75,-0.07,-0.25,0.05,0.14,-0.88,0.37,-0.75,1332.0,1335.0,1331.0,1331.0
0.14,1.75,0.14,-0.25,0.05,0.17,1.31,-2.0,0.06,1345.0,1346.0,1347.0,1346.0
0.14,1.81,-0.07,-0.19,0.05,0.19,-4.94,0.37,-2.12,1347.0,1353.0,1350.0,1350.0
0.07,2.06,-0.07,-0.13,0.05,0.23,-6.06,-0.31,-0.94,1357.0,1364.0,1364.0,1359.0
0.14,2.56,0.14,-0.06,0.05,0.27,-9.75,-0.37,-2.81,1366.0,1379.0,1378.0,1373.0
0.14,3.12,0.14,0.19,0.05,0.33,-15.56,-8.75,-3.69,1361.0,1380.0,1381.0,1374.0
0.14,4.25,0.14,0.69,0.05,0.42,-26.31,-11.56,-6.31,1353.0,1385.0,1387.0,1374.0
0.14,6.37,0.14,1.56,0.05,0.56,-41.31,-16.06,-7.69,1342.0,1395.0,1395.0,1367.0
0.14,9.19,0.14,2.12,0.05,0.74,-61.81,-10.44,-9.31,1333.0,1406.0,1403.0,1358.0
-3.01,12.25,0.14,2.37,0.05,0.96,-62.25,-2.25,-10.25,1328.0,1414.0,1404.0,1354.0
-4.55,14.75,0.14,2.44,0.05,1.23,-38.69,-3.06,-12.69,1307.0,1393.0,1377.0,1331.0
-6.09,16.31,0.14,2.44,-3.05,1.57,-16.37,-5.31,-13.44,1149.0,1234.0,1206.0,1191.0
-6.79,16.31,0.14,2.62,-2.3,2.0,7.06,-8.25,-18.44,1000.0,1033.0,1004.0,1015.0
-4.97,15.5,0.14,2.94,-5.85,2.61,23.5,-14.06,-25.37,1000.0,1033.0,1000.0,1040.0
-4.27,15.0,-0.07,3.37,-1.85,3.36,11.69,-13.75,-19.56,1000.0,1021.0,1000.0,1022.0
-4.13,8.69,-0.07,0.25,-2.95,4.32,217.19,78.62,-32.06,1042.0,1007.0,1000.0,1074.0
-3.57,-0.94,-0.07,-2.44,-3.55,5.37,65.81,6.19,-14.44,1046.0,1000.0,1000.0,1069.0
-3.57,7.37,-0.07,1.62,-1.55,6.22,-160.19,-78.12,-0.25,1000.0,1061.0,1124.0,1000.0
-3.36,8.13,-0.07,2.56,-0.1,6.96,12.94,-7.5,-15.5,1000.0,1017.0,1000.0,1030.0
-3.22,5.06,-0.07,0.69,-0.1,7.75,83.87,41.81,-24.87,1003.0,1043.0,1000.0,1022.0
-5.46,1.19,-0.07,-1.12,0.05,8.61,-20.44,7.94,-3.25,1017.0,1045.0,1000.0,1037.0
-8.47,3.5,0.14,0.31,0.05,9.34,3.12,-45.69,-13.69,1000.0,1072.0,1053.0,1053.0
-12.18,2.12,0.14,-0.69,0.05,10.1,-4.31,46.31,-10.94,1039.0,1101.0,1015.0,1057.0
-12.95,2.62,0.14,0.06,0.05,10.79,3.56,-25.56,-2.87,1016.0,1080.0,1068.0,1091.0
-13.65,2.5,0.14,-0.37,0.05,11.35,2.87,-3.56,3.06,1052.0,1112.0,1067.0,1080.0
-13.65,2.56,0.14,-0.19,0.05,11.78,-2.37,3.75,-0.44,1064.0,1136.0,1089.0,1110.0
-13.65,2.5,0.14,-0.19,0.05,12.11,0.0,-0.81,-2.69,1096.0,1165.0,1119.0,1144.0
-13.51,2.5,0.14,-0.19,0.05,12.36,0.81,-1.94,-0.75,1121.0,1187.0,1144.0,1165.0
-13.51,2.5,0.14,-0.19,0.05,12.56,-0.44,-0.25,0.13,1130.0,1200.0,1154.0,1176.0
-13.37,2.56,0.14,-0.19,0.05,12.71,-1.19,-0.13,-0.06,1154.0,1224.0,1176.0,1199.0
-13.16,2.5,0.14,-0.19,0.05,12.84,-0.81,1.06,0.0,1165.0,1237.0,1188.0,1213.0
-12.95,2.5,0.14,-0.19,0.05,12.93,1.5,1.25,-0.37,1175.0,1248.0,1201.0,1224.0
-12.81,2.5,0.14,-0.19,0.05,13.0,0.69,0.62,0.37,1189.0,1260.0,1210.0,1238.0
-12.67,2.5,0.14,-0.19,0.05,13.06,-3.12,-1.62,0.0,1217.0,1285.0,1235.0,1263.0
-12.6,2.5,0.14,-0.19,0.05,13.1,-0.62,0.13,0.25,1241.0,1311.0,1262.0,1290.0
-12.6,2.5,0.14,-0.13,0.05,13.14,-2.69,0.06,-0.56,1261.0,1331.0,1282.0,1310.0
-12.6,2.5,0.14,-0.13,0.05,13.16,-1.12,0.19,0.25,1265.0,1334.0,1285.0,1312.0
-12.46,2.5,0.14,-0.13,0.05,13.18,2.94,-1.31,0.44,1284.0,1356.0,1308.0,1332.0
-12.46,2.56,0.14,-0.13,0.05,13.2,-2.44,1.0,0.06,1286.0,1360.0,1309.0,1333.0
-12.25,2.69,0.14,-0.13,0.05,13.21,-7.5,-0.31,-0.13,1290.0,1361.0,1314.0,1339.0
-12.18,2.75,0.14,0.0,0.05,13.22,2.25,-3.44,-1.94,1292.0,1368.0,1317.0,1344.0
-11.48,2.69,0.14,-0.06,0.05,13.26,3.19,4.44,-0.31,1297.0,1365.0,1315.0,1347.0
-11.48,2.69,0.14,-0.13,0.05,13.28,1.87,0.0,-0.69,1300.0,1369.0,1320.0,1348.0
-11.41,2.56,0.14,-0.19,0.05,13.32,1.69,1.87,-2.69,1301.0,1373.0,1318.0,1352.0
-11.34,2.5,0.14,-0.25,0.05,13.37,6.75,-1.19,-3.0,1303.0,1373.0,1320.0,1355.0
-11.2,2.37,0.14,-0.25,0.05,13.46,-0.19,3.62,-6.19,1304.0,1379.0,1322.0,1362.0
-10.99,2.44,0.14,-0.56,0.05,13.6,1.87,3.44,-4.56,1310.0,1386.0,1321.0,1360.0
-10.92,2.12,0.14,-0.44,0.05,13.76,3.75,-7.94,-2.62,1310.0,1379.0,1327.0,1368.0
-10.78,2.19,0.14,-0.19,0.05,13.91,-1.0,-2.69,-1.31,1310.0,1384.0,1333.0,1365.0
-10.08,1.87,0.14,0.13,0.05,14.03,9.69,-6.31,-2.62,1313.0,1382.0,1334.0,1371.0
-9.94,1.56,0.14,0.56,0.05,14.17,6.5,-10.25,-4.56,1311.0,1383.0,1332.0,1378.0
-9.87,1.12,0.14,1.44,0.05,14.33,4.37,-21.25,-2.37,1314.0,1380.0,1338.0,1384.0
-9.94,0.81,0.14,2.06,0.05,14.48,9.81,-12.19,0.5,1325.0,1389.0,1349.0,1393.0
-10.08,0.19,0.14,2.81,0.05,14.61,15.56,-16.81,0.81,1327.0,1390.0,1351.0,1396.0
-9.94,-0.31,0.14,3.62,0.05,14.7,8.69,-14.63,2.44,1327.0,1388.0,1354.0,1399.0
-9.31,-1.0,-0.07,4.31,-0.1,14.75,15.94,-15.25,3.37,1335.0,1385.0,1353.0,1403.0
-9.17,-2.0,-2.59,5.0,0.05,14.74,19.31,-11.19,3.94,1336.0,1383.0,1356.0,1405.0
-9.31,-3.0,-7.35,5.19,-0.1,14.71,22.94,-3.87,3.5,1339.0,1383.0,1354.0,1408.0
-9.87,-4.19,-11.48,4.87,0.05,14.65,22.87,14.63,4.44,1345.0,1383.0,1348.0,1408.0
-9.87,-5.25,-12.04,3.75,0.05,14.59,20.81,30.37,4.25,1352.0,1392.0,1342.0,1397.0
-9.17,-6.56,-12.18,1.56,-0.1,14.52,24.31,37.0,6.69,1362.0,1393.0,1334.0,1395.0
-4.97,-7.44,-8.26,-0.81,-0.1,14.44,10.06,55.69,6.5,1372.0,1402.0,1323.0,1386.0
-0.35,-7.5,-3.64,-3.81,-0.1,14.34,-6.87,64.0,7.12,1380.0,1416.0,1320.0,1372.0
0.07,-6.69,0.28,-6.56,-0.1,14.22,-21.56,48.88,7.75,1376.0,1426.0,1329.0,1365.0
0.14,-5.37,0.28,-8.38,-0.1,14.08,-29.62,27.31,7.69,1367.0,1423.0,1341.0,1370.0
0.14,-3.75,0.35,-8.69,-0.1,13.91,-26.12,-2.56,6.37,1335.0,1394.0,1334.0,1361.0
0.14,-2.69,0.35,-7.44,-0.1,13.7,-18.94,-35.31,7.0,1257.0,1311.0,1285.0,1316.0
0.14,-1.69,2.66,-5.06,-0.1,13.47,-21.56,-58.88,6.44,1244.0,1297.0,1293.0,1322.0
0.14,-0.19,2.59,-1.56,-0.1,13.17,-23.37,-57.69,9.75,1235.0,1291.0,1302.0,1320.0
0.14,0.81,2.45,0.75,0.05,12.82,-24.62,-36.94,10.31,1244.0,1293.0,1294.0,1312.0
0.14,1.87,0.49,1.87,0.05,12.41,-16.75,-11.06,9.75,1251.0,1304.0,1286.0,1301.0
0.07,2.69,0.35,1.5,0.05,11.97,-15.69,17.44,9.13,1265.0,1316.0,1275.0,1288.0
0.14,3.5,0.28,0.37,0.05,11.52,-14.88,23.69,10.63,1273.0,1322.0,1272.0,1282.0
0.07,4.37,0.28,-0.88,0.05,11.02,-16.44,19.12,12.13,1276.0,1321.0,1277.0,1283.0
0.07,4.94,0.14,-1.19,0.05,10.49,-2.44,-6.31,12.38,1276.0,1316.0,1286.0,1290.0
0.07,-0.94,0.14,-0.88,0.05,9.91,128.0,7.31,25.94,1334.0,1257.0,1257.0,1331.0
0.07,-3.62,0.14,-2.19,0.05,8.99,70.94,11.0,48.44,1338.0,1280.0,1281.0,1294.0
0.07,-3.62,0.14,-4.0,0.05,7.76,-18.06,33.63,37.06,1331.0,1309.0,1310.0,1285.0
0.07,-0.69,0.14,-5.31,0.05,6.44,-78.94,22.31,29.87,1320.0,1352.0,1340.0,1276.0
0.07,3.94,0.14,-5.75,0.05,5.1,-103.87,0.88,28.37,1300.0,1363.0,1369.0,1268.0
0.07,8.75,0.14,-5.12,0.05,3.78,-90.06,-20.0,25.06,1291.0,1357.0,1380.0,1276.0
0.07,11.81,0.14,-3.44,0.05,2.5,-43.56,-38.63,21.81,1295.0,1336.0,1380.0,1301.0
0.07,12.5,0.14,-0.69,0.05,1.32,-0.25,-43.88,19.5,1311.0,1315.0,1369.0,1325.0
0.07,10.75,0.14,1.25,0.05,0.26,50.25,-35.38,16.5,1330.0,1298.0,1351.0,1340.0
0.07,7.75,0.14,2.56,0.05,-0.67,63.31,-17.62,12.31,1348.0,1289.0,1335.0,1351.0
0.07,1.25,0.14,-0.88,0.05,-1.37,135.25,76.62,-22.25,1396.0,1319.0,1249.0,1360.0
0.07,0.5,0.14,-3.81,0.05,-1.62,-41.19,20.31,-4.87,1353.0,1365.0,1289.0,1317.0
0.07,4.81,0.14,-2.62,0.05,-1.78,-101.94,-38.5,1.94,1285.0,1356.0,1388.0,1296.0
0.07,11.94,0.14,1.44,0.05,-1.92,-127.12,-80.06,1.5,1248.0,1351.0,1423.0,1302.0
0.07,15.19,0.14,3.69,0.05,-1.94,-25.25,-25.5,-26.06,1277.0,1352.0,1366.0,1332.0
0.07,13.94,0.14,3.12,0.05,-1.62,43.63,7.75,-26.31,1317.0,1344.0,1319.0,1348.0
0.07,10.44,0.14,1.25,0.05,-1.07,86.81,41.31,-24.75,1356.0,1339.0,1279.0,1353.0
0.07,6.19,0.28,-1.37,0.05,-0.37,86.75,52.69,-22.19,1371.0,1339.0,1265.0,1352.0
-0.63,2.81,0.28,-3.69,0.05,0.42,55.75,40.69,-20.56,1361.0,1345.0,1274.0,1348.0
-1.33,1.44,0.35,-4.75,0.05,1.25,13.81,11.44,-18.31,1333.0,1349.0,1300.0,1340.0
-1.47,2.12,0.35,-4.25,-0.1,2.1,-25.12,-17.5,-18.0,1299.0,1355.0,1331.0,1339.0
-1.47,3.87,0.35,-1.94,-0.1,2.96,-22.56,-74.94,-16.56,1272.0,1348.0,1355.0,1348.0
-1.47,1.87,0.35,1.12,-0.1,3.87,70.0,-32.56,-36.75,1308.0,1312.0,1311.0,1399.0
-1.47,-0.37,0.35,0.19,-0.1,5.06,39.81,39.06,-45.06,1323.0,1368.0,1262.0,1376.0
-1.33,-1.5,0.35,-2.62,-0.1,6.49,13.75,55.19,-36.5,1326.0,1387.0,1264.0,1351.0
-1.33,-0.62,0.35,-5.06,-0.1,7.98,-25.94,45.25,-30.06,1312.0,1402.0,1282.0,1332.0
-1.33,1.5,0.28,-6.12,-0.1,9.52,-44.31,7.69,-28.56,1287.0,1396.0,1301.0,1340.0
-1.19,3.75,0.28,-4.87,-0.1,11.04,-44.81,-42.88,-24.0,1261.0,1380.0,1327.0,1356.0
-1.19,4.81,0.28,-1.0,-0.1,12.5,-6.62,-104.37,-18.0,1249.0,1337.0,1340.0,1396.0
-1.12,2.81,0.28,2.75,-0.1,13.98,58.25,-10.63,-40.31,1286.0,1352.0,1281.0,1417.0
-1.19,0.62,0.28,1.0,-0.1,15.59,44.75,49.31,-38.81,1317.0,1394.0,1245.0,1389.0
-1.12,-0.75,0.28,-2.69,0.05,17.32,23.37,68.06,-28.25,1326.0,1411.0,1247.0,1368.0
-1.05,-0.44,0.28,-5.31,-0.1,18.93,-12.75,41.88,-17.0,1311.0,1423.0,1275.0,1354.0
-0.84,0.75,0.28,-6.12,0.05,20.37,-28.69,-1.94,-12.5,1289.0,1409.0,1302.0,1368.0
-0.63,2.25,0.28,-4.62,0.05,21.64,-28.06,-49.38,-9.31,1266.0,1391.0,1327.0,1388.0
-0.63,3.94,0.28,-0.56,0.05,22.71,-27.44,-79.19,-5.44,1251.0,1370.0,1345.0,1409.0
-0.35,4.69,0.28,3.56,0.05,23.59,0.69,-72.44,-2.81,1252.0,1358.0,1351.0,1422.0
-0.28,3.56,0.28,3.81,0.05,24.41,39.94,31.12,-25.25,1298.0,1403.0,1271.0,1412.0
-0.14,1.87,0.28,1.25,0.05,25.34,33.06,68.87,-17.94,1324.0,1420.0,1250.0,1398.0
-0.07,0.75,0.28,-2.5,0.05,26.22,13.88,79.25,-7.94,1337.0,1429.0,1249.0,1377.0
0.07,0.62,0.28,-6.31,0.05,26.95,-0.31,62.44,0.5,1329.0,1433.0,1267.0,1364.0
0.07,1.81,0.28,-7.69,0.05,27.48,-34.31,11.5,6.0,1303.0,1420.0,1299.0,1371.0
0.07,3.69,0.28,-6.62,0.05,27.83,-44.06,-47.0,10.94,1278.0,1402.0,1329.0,1386.0
0.07,6.37,0.14,-2.75,-0.1,27.98,-41.81,-76.37,14.25,1256.0,1387.0,1360.0,1400.0
0.07,7.81,0.28,1.25,-0.1,27.97,-15.06,-64.69,14.69,1260.0,1373.0,1362.0,1412.0
0.07,5.94,0.14,1.62,-0.1,27.94,56.5,16.19,-11.38,1305.0,1405.0,1283.0,1423.0
0.07,3.06,0.28,-0.37,-0.1,28.04,60.38,48.88,-3.31,1342.0,1409.0,1254.0,1415.0
0.07,0.62,0.28,-3.37,0.05,28.16,41.06,64.81,2.69,1352.0,1422.0,1257.0,1394.0
0.07,0.19,0.14,-6.87,-0.1,28.2,-16.5,51.19,8.88,1334.0,1437.0,1282.0,1371.0
0.07,2.25,0.14,-8.13,0.05,28.14,-53.25,10.19,13.69,1306.0,1436.0,1323.0,1366.0
0.07,5.25,0.14,-6.94,-0.1,27.95,-54.31,-47.38,16.44,1278.0,1417.0,1357.0,1384.0
0.07,7.62,0.14,-3.19,0.05,27.65,-38.75,-89.87,17.31,1261.0,1387.0,1374.0,1412.0
0.07,8.88,0.28,2.81,0.05,27.27,-15.63,-105.5,19.12,1260.0,1367.0,1380.0,1427.0
0.07,8.63,0.28,7.44,-0.1,26.84,10.31,-78.06,20.12,1276.0,1359.0,1368.0,1432.0
0.07,7.81,0.28,9.81,-0.1,26.35,12.31,-23.87,19.44,1300.0,1375.0,1346.0,1415.0
0.07,7.12,0.28,9.13,-0.1,25.78,5.69,40.81,19.06,1330.0,1404.0,1321.0,1389.0
0.07,6.87,0.28,5.81,-0.1,25.06,-2.81,91.19,22.06,1353.0,1428.0,1299.0,1357.0
0.07,7.0,0.28,-0.13,-0.1,24.17,-5.44,108.44,22.69,1367.0,1443.0,1290.0,1336.0
0.07,6.81,0.28,-4.44,-0.1,23.16,3.87,80.06,24.19,1370.0,1427.0,1293.0,1346.0
0.07,6.0,0.28,-6.37,-0.1,22.06,24.25,19.87,26.87,1357.0,1397.0,1314.0,1368.0
0.07,4.44,0.28,-4.75,-0.1,20.85,28.31,-45.06,30.94,1338.0,1362.0,1342.0,1395.0
0.07,3.19,0.28,-0.69,-0.1,19.57,22.44,-96.44,31.19,1311.0,1330.0,1375.0,1420.0
0.07,2.44,0.28,4.44,-0.1,18.27,3.94,-102.19,29.62,1298.0,1327.0,1390.0,1421.0
0.07,2.81,0.28,9.13,-0.1,16.9,-20.81,-56.56,26.5,1303.0,1351.0,1389.0,1401.0
0.07,3.75,0.28,10.38,-0.1,15.54,-32.13,1.06,25.44,1323.0,1370.0,1370.0,1371.0
-1.33,5.25,1.05,8.19,-0.1,14.12,-36.13,57.75,24.44,1346.0,1399.0,1352.0,1340.0
-3.57,6.19,1.26,4.37,-0.1,12.67,-17.56,92.25,21.87,1369.0,1419.0,1329.0,1318.0
-8.61,6.37,2.03,-0.13,-0.1,11.25,-1.12,92.75,20.56,1380.0,1420.0,1323.0,1313.0
-10.36,5.69,2.1,-3.37,-0.1,9.86,22.31,53.0,20.56,1380.0,1401.0,1326.0,1329.0
-9.73,3.62,1.33,-4.25,-0.1,8.52,39.19,2.81,20.75,1370.0,1365.0,1343.0,1358.0
-8.4,1.5,0.7,-2.25,-0.1,7.25,41.88,-61.25,20.75,1348.0,1329.0,1369.0,1390.0
-9.73,-0.37,3.22,1.5,-0.1,6.06,31.37,-85.37,18.87,1333.0,1318.0,1387.0,1399.0
-11.06,-1.37,4.55,5.62,-0.1,4.95,11.19,-82.44,15.88,1322.0,1323.0,1398.0,1393.0
-9.87,-1.5,3.22,8.75,-0.1,3.89,-7.69,-50.88,12.88,1324.0,1337.0,1398.0,1378.0
-10.85,-0.37,3.22,9.94,-0.1,2.9,-28.31,-5.31,10.06,1332.0,1363.0,1388.0,1353.0
-12.6,0.75,3.36,8.31,-0.1,2.0,-26.62,52.88,7.62,1356.0,1391.0,1364.0,1324.0
-20.51,1.37,4.06,4.94,-0.1,1.2,-4.81,75.12,4.44,1369.0,1409.0,1351.0,1306.0
-21.07,0.81,3.15,0.75,-0.1,0.53,15.25,68.81,3.44,1382.0,1403.0,1342.0,1317.0
-8.33,-9.63,0.28,6.06,-0.1,-1.37,-1.62,-37.81,-4.75,1368.0,1365.0,1409.0,1414.0
-7.0,-8.19,0.28,6.62,-0.1,-1.51,-43.38,3.94,-12.0,1370.0,1405.0,1406.0,1391.0
-6.44,-5.5,0.14,5.69,0.05,-1.52,-57.06,29.75,-12.19,1376.0,1430.0,1405.0,1369.0
-5.18,-2.75,0.14,3.94,0.05,-1.43,-54.0,40.25,-12.13,1383.0,1440.0,1400.0,1365.0
-3.92,0.0,0.14,1.69,0.05,-1.24,-40.38,37.81,-12.56,1390.0,1438.0,1397.0,1372.0
-3.71,1.12,0.14,0.19,-0.1,-0.97,-14.0,27.62,-12.56,1394.0,1429.0,1393.0,1385.0
-3.78,1.31,0.14,-0.56,-0.1,-0.64,1.5,7.87,-11.44,1394.0,1415.0,1393.0,1399.0
-6.09,1.0,-2.24,-0.37,-0.1,-0.24,11.06,-12.0,-10.81,1387.0,1404.0,1400.0,1408.0
-7.91,0.56,-6.02,0.62,-0.1,0.2,5.06,-18.69,-11.25,1377.0,1399.0,1407.0,1417.0
-8.61,0.62,-7.35,1.31,-0.1,0.66,0.06,-12.81,-11.69,1373.0,1403.0,1409.0,1414.0
-8.75,0.94,-8.05,1.25,-0.1,1.15,-7.12,10.81,-12.31,1376.0,1415.0,1403.0,1405.0
-8.82,1.37,-8.75,-0.25,-0.1,1.67,-7.25,33.06,-12.06,1386.0,1427.0,1392.0,1396.0
-5.04,1.69,-5.32,-2.5,-0.1,2.21,-4.69,53.0,-11.5,1366.0,1404.0,1342.0,1352.0
-1.54,1.87,-0.98,-5.69,-0.1,2.77,-2.87,54.0,-12.31,1324.0,1358.0,1279.0,1298.0
-0.14,2.12,-0.21,-7.62,-0.1,3.35,-10.5,31.06,-12.81,1311.0,1351.0,1281.0,1301.0
0.07,2.94,-0.07,-8.38,-0.1,3.94,-15.31,5.44,-11.63,1296.0,1340.0,1294.0,1307.0
0.07,3.87,-0.07,-7.69,-0.1,4.54,-21.62,-21.87,-9.88,1278.0,1329.0,1307.0,1314.0
0.07,4.87,-0.07,-6.19,-0.1,5.12,-21.56,-36.06,-9.06,1267.0,1323.0,1310.0,1319.0
0.07,5.81,-0.07,-4.44,-0.1,5.71,-18.31,-37.88,-9.0,1264.0,1322.0,1311.0,1322.0
0.07,6.62,0.14,-3.0,-0.1,6.28,-10.13,-23.81,-8.38,1268.0,1322.0,1307.0,1322.0
0.07,7.06,0.14,-2.62,-0.1,6.83,-10.06,-3.5,-8.25,1268.0,1322.0,1286.0,1304.0
0.07,7.12,1.75,-3.25,-0.1,7.34,1.69,19.12,-8.56,1267.0,1314.0,1256.0,1286.0
-1.33,6.94,5.46,-4.44,-0.1,7.81,5.0,26.87,-7.37,1273.0,1322.0,1246.0,1276.0
-2.24,6.5,12.25,-5.56,-0.1,8.24,10.56,17.19,-4.5,1279.0,1321.0,1242.0,1275.0
-2.45,5.87,15.54,-5.69,-0.1,8.62,7.87,-4.62,-2.81,1298.0,1338.0,1272.0,1304.0
-1.75,5.06,17.08,-4.31,-0.1,8.93,20.62,-34.25,-1.12,1311.0,1342.0,1305.0,1343.0
-0.35,4.06,16.31,-1.69,-0.1,9.2,21.12,-63.25,0.5,1313.0,1336.0,1330.0,1375.0
-0.14,2.62,10.36,2.56,0.05,9.43,23.69,-76.44,1.75,1314.0,1335.0,1350.0,1397.0
-0.07,1.94,8.47,5.81,0.05,9.63,8.31,-56.5,-1.44,1308.0,1335.0,1354.0,1398.0
0.07,-0.06,0.49,-9.13,-0.1,10.52,119.0,79.87,-7.44,1194.0,1216.0,1000.0,1040.0
0.07,-4.12,0.35,-12.63,-0.1,10.96,70.19,30.75,-3.0,1070.0,1053.0,1000.0,1037.0
0.07,-15.5,0.28,-13.81,-0.1,12.46,-47.19,-79.87,-20.69,1027.0,1005.0,1000.0,1088.0
0.07,-3.44,0.28,-1.56,-0.1,12.72,-253.75,-255.0,33.06,1000.0,1000.0,1207.0,1020.0
0.07,7.06,0.14,1.62,-0.1,12.54,-161.0,67.75,-22.06,1000.0,1097.0,1003.0,1000.0
0.07,3.44,0.14,-6.12,-0.1,12.39,78.75,143.44,-7.19,1088.0,1061.0,1000.0,1000.0
0.07,-1.12,0.14,-12.56,-0.1,12.26,-10.19,96.06,7.81,1085.0,1041.0,1000.0,1013.0
0.07,3.5,0.14,-2.81,0.05,11.94,20.81,42.38,14.75,1012.0,1062.0,1000.0,1000.0
0.07,1.0,0.14,-1.94,0.05,11.82,47.94,-65.56,20.62,1004.0,1000.0,1000.0,1044.0
0.07,3.75,0.14,0.06,0.05,11.58,-39.06,-6.87,-3.0,1000.0,1054.0,1017.0,1003.0
0.07,2.31,0.14,-0.31,0.05,11.39,26.31,32.5,-9.31,1079.0,1104.0,1041.0,1108.0
0.07,2.19,0.14,-0.88,0.05,11.3,2.87,-15.25,-1.5,1120.0,1162.0,1116.0,1158.0
0.07,2.62,0.14,-0.56,0.05,1.6,-7.62,5.19,-3.12,1164.0,1193.0,1179.0,1175.0
0.07,2.19,0.14,-0.69,0.05,-5.93,5.06,5.94,1.0,1204.0,1179.0,1195.0,1182.0
0.07,2.5,0.14,-0.62,0.05,-11.75,-4.44,-7.87,0.75,1215.0,1184.0,1227.0,1179.0
0.07,2.44,0.14,-0.56,0.05,-16.23,4.56,6.75,0.75,1229.0,1179.0,1233.0,1171.0
0.07,2.31,0.14,-0.69,0.05,-19.72,-1.44,-2.37,-2.5,1243.0,1172.0,1238.0,1171.0
0.07,2.44,0.14,-0.62,0.05,-22.41,-0.5,-0.06,0.0,1256.0,1178.0,1261.0,1172.0
0.07,2.44,0.14,-0.62,0.05,-24.5,1.75,1.31,0.75,1262.0,1176.0,1265.0,1170.0
0.07,2.44,0.14,-0.62,0.05,-26.11,3.44,-1.12,-1.0,1274.0,1183.0,1280.0,1179.0
0.07,2.5,0.14,-0.62,0.05,-27.36,-3.44,-0.75,0.69,1290.0,1193.0,1293.0,1185.0
0.07,2.56,0.14,-0.5,0.05,-28.32,0.31,-2.0,-0.81,1303.0,1201.0,1309.0,1202.0
0.07,2.56,0.14,-0.5,0.05,-29.07,1.56,-1.44,0.5,1327.0,1225.0,1333.0,1219.0
0.07,2.62,0.14,-0.5,0.05,-29.65,0.25,-1.25,0.0,1341.0,1235.0,1343.0,1229.0
0.07,2.69,0.14,-0.37,0.05,-30.09,-3.31,-3.25,-1.12,1344.0,1236.0,1349.0,1236.0
0.07,2.87,-0.07,-0.25,0.05,-30.42,-2.69,-2.56,-1.06,1345.0,1238.0,1352.0,1233.0
0.07,2.94,-0.07,-0.13,0.05,-30.67,-0.88,-3.12,-0.44,1346.0,1239.0,1353.0,1234.0
-0.14,3.0,-0.07,-0.13,0.05,-30.86,-0.37,1.62,-0.13,1352.0,1238.0,1355.0,1236.0
-0.14,2.94,-0.07,-0.13,0.05,-31.01,2.19,0.31,-0.25,1349.0,1241.0,1356.0,1234.0
-1.47,3.19,-0.07,0.06,0.05,-31.13,-6.5,-5.44,-0.37,1345.0,1239.0,1362.0,1233.0
-4.13,3.25,-0.49,0.19,0.05,-31.22,-0.19,-1.75,-1.44,1344.0,1241.0,1358.0,1230.0
-5.74,3.25,-1.19,0.13,-0.1,-31.29,2.56,2.56,-0.13,1344.0,1239.0,1358.0,1227.0
-6.51,3.31,-2.1,0.13,-0.1,-31.33,-3.62,-1.5,0.56,1343.0,1240.0,1357.0,1228.0
-7.21,3.25,-2.8,0.13,-0.1,-31.37,0.5,2.62,-1.25,1339.0,1239.0,1358.0,1228.0
-7.28,3.19,-3.36,0.0,-0.1,-31.4,0.75,2.44,-0.44,1340.0,1235.0,1356.0,1225.0
-8.54,3.19,-5.11,0.0,-0.1,-31.41,-1.06,-3.12,0.44,1331.0,1232.0,1358.0,1223.0
-9.31,3.25,-5.74,0.06,-0.1,-31.43,-0.88,1.37,-0.06,1327.0,1230.0,1356.0,1219.0
-9.52,3.12,-7.14,0.0,-0.1,-31.44,2.37,1.5,-0.5,1326.0,1224.0,1349.0,1217.0
-9.52,3.12,-7.28,-0.13,-0.1,-31.45,3.69,0.94,0.81,1326.0,1225.0,1351.0,1215.0
-9.52,3.0,-7.91,-0.25,-0.1,-31.45,1.0,1.44,-0.88,1324.0,1225.0,1348.0,1216.0
-8.82,2.94,-8.54,-0.25,-0.1,-31.46,1.44,-1.62,-1.19,1322.0,1221.0,1352.0,1217.0
-8.82,3.19,-9.31,-0.06,0.05,-31.45,-8.75,-5.12,0.44,1318.0,1222.0,1356.0,1216.0
-8.05,3.31,-10.15,0.19,0.05,-31.46,-0.94,0.88,-1.12,1321.0,1222.0,1351.0,1218.0
-7.91,3.12,-10.85,-0.13,-0.1,-31.45,3.56,5.94,0.56,1327.0,1221.0,1347.0,1217.0
-7.91,2.81,-12.04,-0.37,0.05,-31.45,2.69,3.5,-0.56,1323.0,1218.0,1345.0,1218.0
-7.77,2.81,-12.04,-0.37,0.05,-31.45,-0.56,-1.69,-1.62,1318.0,1217.0,1353.0,1217.0
-7.7,2.94,-12.04,-0.19,-0.1,-31.44,-4.19,-0.37,0.94,1316.0,1217.0,1353.0,1217.0
-7.0,3.0,-12.18,-0.06,-0.1,-31.44,2.25,-2.37,-2.0,1318.0,1214.0,1351.0,1221.0
-6.86,2.94,-12.04,-0.19,0.05,-31.44,2.87,5.75,1.94,1323.0,1216.0,1349.0,1216.0
-6.3,2.62,-11.9,-0.44,0.05,-31.44,8.69,7.06,-1.81,1324.0,1215.0,1343.0,1221.0
-6.23,2.5,-11.83,-0.75,0.05,-31.44,3.5,2.87,0.81,1325.0,1216.0,1347.0,1216.0
-5.46,2.5,-11.69,-0.62,0.05,-31.44,-2.69,-4.37,-0.31,1318.0,1216.0,1350.0,1219.0
-4.76,2.94,-10.99,-0.19,0.05,-31.44,-7.94,-9.44,-0.37,1317.0,1218.0,1357.0,1221.0
-3.57,3.31,-10.29,0.13,0.05,-31.44,-1.94,-1.37,1.19,1321.0,1217.0,1353.0,1220.0
-2.8,3.0,-10.15,-0.19,0.05,-31.44,4.62,7.75,-0.75,1331.0,1218.0,1342.0,1221.0
-2.66,2.56,-10.08,-0.62,0.05,-31.44,8.0,7.5,1.19,1334.0,1216.0,1341.0,1221.0
-2.52,2.31,-10.22,-0.94,0.05,-31.43,5.25,3.12,-1.37,1329.0,1217.0,1344.0,1222.0
-2.52,2.56,-10.29,-0.69,-0.1,-31.43,-8.88,-9.25,1.12,1321.0,1215.0,1353.0,1223.0
-2.66,3.12,-10.29,0.0,0.05,-31.43,-14.06,-14.31,-0.56,1311.0,1214.0,1357.0,1222.0
-2.66,3.25,-10.5,0.13,0.05,-31.43,6.75,5.87,-2.81,1325.0,1216.0,1343.0,1220.0
-2.8,2.94,-10.57,-0.19,0.05,-31.4,6.56,8.63,-2.06,1322.0,1213.0,1333.0,1216.0
-2.87,2.75,-10.57,-0.37,0.05,-31.36,0.81,1.62,0.5,1320.0,1205.0,1336.0,1211.0
-2.94,2.87,-10.57,-0.25,0.05,-31.34,-4.19,-4.87,0.19,1307.0,1203.0,1337.0,1209.0
-3.01,3.25,-10.57,0.13,0.05,-31.32,-3.75,-7.06,0.06,1305.0,1200.0,1338.0,1209.0
-3.15,3.0,-10.71,0.0,-0.1,-31.31,7.62,6.06,0.13,1302.0,1188.0,1315.0,1196.0
-3.22,2.75,-10.71,-0.37,0.05,-31.29,5.75,6.5,-1.06,1300.0,1188.0,1311.0,1193.0
-3.92,2.56,-11.41,-0.62,0.05,-31.27,1.19,4.75,1.25,1296.0,1185.0,1315.0,1188.0
-4.06,2.69,-12.04,-0.5,0.05,-31.26,-4.81,-3.75,-1.44,1288.0,1182.0,1315.0,1192.0
-4.13,2.87,-12.18,-0.25,0.05,-31.25,-5.12,-3.87,0.0,1283.0,1183.0,1320.0,1186.0
-4.27,3.0,-12.39,-0.13,0.05,-31.24,0.37,0.0,-0.31,1286.0,1180.0,1318.0,1188.0
-4.97,2.75,-12.39,-0.44,0.05,-31.23,9.38,6.87,0.44,1293.0,1182.0,1311.0,1186.0
-5.04,2.44,-12.39,-0.75,0.05,-31.23,3.69,5.87,0.56,1322.0,1211.0,1338.0,1213.0
-5.18,2.19,-12.39,-0.94,0.05,-31.22,4.81,0.81,0.13,1322.0,1217.0,1345.0,1219.0
-5.25,2.19,-12.18,-1.06,0.05,-31.21,4.81,1.12,-0.69,1336.0,1228.0,1359.0,1233.0
-5.32,2.19,-12.04,-1.06,0.05,-31.21,0.44,1.94,0.81,1338.0,1231.0,1363.0,1236.0
-5.32,2.25,-11.9,-0.94,0.05,-31.2,-5.44,-5.12,-0.5,1337.0,1233.0,1368.0,1241.0
-5.32,2.62,-11.9,-0.62,0.05,-31.2,-7.06,-8.69,0.06,1344.0,1244.0,1382.0,1250.0
-5.32,3.06,-11.83,-0.06,0.05,-31.2,-9.5,-9.75,-0.37,1340.0,1245.0,1386.0,1250.0
-5.46,3.25,-11.9,0.06,0.05,-31.19,2.69,0.62,-0.06,1347.0,1247.0,1380.0,1247.0
-5.46,3.12,-11.9,-0.06,0.05,-31.18,0.13,4.37,-3.37,1351.0,1251.0,1376.0,1251.0
-5.32,3.06,-11.9,-0.13,0.05,-31.17,0.44,-2.31,0.81,1356.0,1249.0,1386.0,1253.0
-5.32,3.19,-11.83,0.0,0.05,-31.16,-4.25,-5.94,-0.69,1354.0,1256.0,1389.0,1257.0
-5.32,3.37,-11.27,0.13,0.05,-31.13,-5.37,0.69,-1.06,1355.0,1257.0,1390.0,1258.0
-5.32,3.31,-11.13,0.19,0.05,-31.09,1.81,-0.31,-4.0,1360.0,1258.0,1385.0,1265.0
-5.32,3.19,-11.13,0.0,0.05,-30.99,3.12,4.31,-7.31,1361.0,1265.0,1383.0,1266.0
-5.32,3.12,-11.13,0.0,0.05,-30.85,-0.81,-2.37,-3.12,1361.0,1263.0,1390.0,1266.0
-5.46,3.25,-11.27,0.13,0.05,-30.71,1.62,0.94,-2.87,1362.0,1266.0,1394.0,1266.0
-5.46,3.12,-11.27,0.0,0.05,-30.53,3.81,0.81,-7.06,1365.0,1271.0,1389.0,1275.0
-5.46,3.25,-11.48,0.13,0.05,-30.33,-4.69,-3.31,-2.56,1363.0,1269.0,1398.0,1271.0
-5.46,3.31,-11.48,0.13,0.05,-30.13,3.31,-1.12,-8.0,1363.0,1272.0,1392.0,1278.0
-5.46,3.31,-11.69,0.19,0.05,-29.91,-0.69,1.31,-6.12,1364.0,1274.0,1396.0,1274.0
-5.46,3.25,-11.83,0.06,0.05,-29.65,3.19,0.5,-8.44,1368.0,1274.0,1390.0,1280.0
-5.46,3.31,-11.9,0.06,0.05,-29.34,-2.19,0.06,-11.38,1363.0,1282.0,1392.0,1283.0
-5.46,3.37,-11.9,0.13,0.05,-28.98,3.0,-1.75,-10.63,1363.0,1280.0,1394.0,1287.0
-5.46,3.31,-12.04,0.06,0.05,-28.56,-0.69,1.69,-12.0,1365.0,1286.0,1393.0,1291.0
-5.6,3.44,-12.04,0.13,0.05,-28.09,2.31,-5.12,-13.56,1360.0,1289.0,1395.0,1292.0
-5.6,3.44,-12.04,0.19,0.05,-27.57,0.13,1.19,-16.75,1362.0,1294.0,1391.0,1297.0
-5.74,3.69,-12.04,0.0,0.05,-26.96,-4.06,-2.19,-19.62,1361.0,1300.0,1390.0,1301.0
-5.74,3.69,-12.18,0.06,0.05,-26.24,-0.81,-1.0,-23.37,1366.0,1313.0,1400.0,1317.0
-5.74,3.87,-12.04,-0.06,0.05,-25.39,1.12,-0.13,-24.75,1366.0,1319.0,1398.0,1321.0
-5.88,6.94,-11.13,-0.13,0.05,-22.18,-26.75,-0.06,-35.44,1349.0,1351.0,1401.0,1324.0
-5.88,8.44,-11.13,-0.19,0.05,-20.84,-27.0,-3.56,-37.94,1340.0,1358.0,1404.0,1331.0
-5.88,10.19,-9.59,-0.13,0.05,-19.31,-24.37,-5.44,-40.63,1335.0,1359.0,1400.0,1338.0
-5.88,11.13,-8.26,-0.06,0.05,-17.69,-9.88,-8.06,-42.44,1335.0,1357.0,1390.0,1342.0
-5.88,11.5,-5.46,0.06,-0.1,-15.87,-0.44,-16.06,-42.88,1256.0,1279.0,1298.0,1270.0
-22.19,6.37,0.14,-0.37,-0.1,-3.34,-21.62,-43.31,-17.44,1089.0,1158.0,1183.0,1126.0
-27.02,4.37,-0.07,-0.37,-0.1,-1.6,49.94,40.63,-23.0,1126.0,1164.0,1119.0,1147.0
-29.05,3.69,0.14,-1.81,0.05,-0.11,1.37,-13.69,1.94,1128.0,1174.0,1152.0,1103.0
-29.96,4.31,0.14,-0.81,0.05,1.01,-13.0,-4.44,0.19,1107.0,1162.0,1177.0,1111.0
-30.1,4.06,0.14,-1.06,0.05,1.88,12.69,6.12,2.19,1119.0,1163.0,1151.0,1122.0
-30.24,4.12,0.14,-1.19,0.05,2.53,-1.56,-5.69,-1.62,1105.0,1172.0,1158.0,1121.0
-30.24,4.19,0.14,-1.06,0.05,3.05,2.12,2.87,-1.5,1109.0,1172.0,1157.0,1118.0
-30.17,4.06,0.14,-1.12,0.05,3.45,-0.5,-1.31,0.37,1109.0,1166.0,1152.0,1117.0
-30.17,4.19,0.14,-1.12,0.05,3.76,1.12,0.5,0.44,1104.0,1168.0,1155.0,1117.0
-30.17,4.12,0.14,-1.12,0.05,3.99,-0.75,-0.06,-0.56,1105.0,1170.0,1151.0,1118.0
-30.17,4.19,-0.07,-1.12,0.05,4.18,-2.31,-1.75,-0.44,1131.0,1195.0,1177.0,1144.0
-30.1,4.12,-0.07,-1.12,0.05,4.32,-0.75,1.12,0.62,1190.0,1254.0,1237.0,1204.0
-30.03,4.12,-0.07,-1.19,0.05,4.43,-1.37,-0.06,0.44,1214.0,1276.0,1259.0,1227.0
-29.82,4.12,-0.07,-1.19,0.05,4.52,-1.81,-0.13,0.75,1235.0,1301.0,1283.0,1250.0
-27.51,3.81,-0.07,-1.5,0.05,4.75,1.87,1.56,-0.94,1249.0,1312.0,1291.0,1265.0
-26.88,3.81,-0.07,-1.5,0.05,4.8,-1.0,-0.37,0.25,1263.0,1324.0,1302.0,1279.0
-26.81,3.81,-0.07,-1.5,0.05,4.81,7.5,-1.0,-0.06,1265.0,1326.0,1308.0,1281.0
-26.67,3.69,-0.07,-1.69,0.05,4.81,-0.88,3.37,-0.75,1272.0,1332.0,1308.0,1284.0
-26.67,3.69,-0.07,-1.69,0.05,4.81,2.25,-2.12,1.25,1270.0,1331.0,1313.0,1286.0
-26.53,3.75,-0.07,-1.69,0.05,4.81,1.62,1.69,-0.62,1271.0,1338.0,1314.0,1286.0
-26.46,3.56,-0.07,-1.75,0.05,4.81,2.31,2.75,1.0,1277.0,1332.0,1313.0,1290.0
-26.39,3.56,-0.07,-1.94,0.05,4.81,0.56,2.44,-1.0,1274.0,1338.0,1312.0,1288.0
-25.97,3.37,-0.07,-2.0,0.05,4.81,-0.06,1.12,0.81,1278.0,1336.0,1315.0,1291.0
-25.97,3.44,-0.07,-1.94,0.05,4.79,1.12,-3.62,1.75,1276.0,1335.0,1318.0,1292.0
-25.9,3.37,-0.07,-1.69,0.05,4.74,0.88,-3.44,3.0,1277.0,1334.0,1321.0,1289.0
-25.9,3.5,-0.07,-1.62,0.05,4.69,-1.44,0.88,-0.44,1276.0,1335.0,1317.0,1291.0
-25.9,3.37,-0.07,-1.75,0.05,4.64,0.62,2.06,0.62,1277.0,1337.0,1316.0,1290.0
-25.9,3.44,-0.07,-1.69,0.05,4.59,-2.94,-2.44,0.75,1277.0,1336.0,1321.0,1294.0
-24.15,5.75,0.14,-2.06,-0.1,8.0,0.13,23.0,-20.19,1301.0,1408.0,1322.0,1330.0
-25.69,4.94,0.14,-2.12,-0.1,8.86,26.06,-11.81,-17.25,1294.0,1381.0,1326.0,1351.0
-27.23,3.87,0.14,0.5,-0.1,14.48,66.5,-20.44,-19.06,1289.0,1371.0,1307.0,1384.0
-27.23,-0.13,0.14,-4.19,-0.1,18.41,-13.75,49.81,-21.69,1287.0,1438.0,1291.0,1338.0
-27.09,0.31,0.14,-5.69,-0.1,19.69,-2.69,18.69,-13.63,1284.0,1421.0,1299.0,1348.0
-26.81,-1.81,0.14,0.06,0.05,22.38,-37.38,-31.94,5.75,1251.0,1388.0,1349.0,1363.0
-26.81,0.5,0.14,1.06,-0.1,22.78,-51.44,-13.06,8.94,1253.0,1402.0,1346.0,1350.0
-26.67,-4.75,0.14,-3.0,-0.1,22.48,92.25,13.5,20.62,1336.0,1363.0,1281.0,1372.0
-26.67,-5.87,0.14,-2.25,-0.1,22.15,-4.69,-24.0,-11.31,1269.0,1391.0,1307.0,1386.0
-25.69,-5.25,0.14,2.31,-0.1,21.74,9.44,-11.69,6.12,1280.0,1377.0,1321.0,1374.0
-24.99,-5.06,0.14,0.81,-0.1,21.51,-12.5,45.25,18.62,1309.0,1398.0,1310.0,1336.0
-24.36,-4.25,0.14,-3.06,-0.1,20.12,-13.88,-52.5,6.19,1264.0,1372.0,1344.0,1372.0
-21.84,-4.81,0.14,0.5,-0.1,19.61,23.0,-83.75,11.88,1268.0,1340.0,1348.0,1395.0
-17.5,-6.75,0.14,0.69,-0.1,17.14,-6.69,51.19,31.44,1338.0,1377.0,1316.0,1321.0
-16.8,-6.5,-0.07,-2.5,-0.1,16.05,-5.81,63.81,31.19,1346.0,1386.0,1311.0,1308.0
-14.77,-6.69,-0.07,-5.75,0.05,14.87,9.19,47.25,29.69,1352.0,1376.0,1308.0,1316.0
-10.99,-1.31,-0.7,3.06,0.05,11.63,-43.69,-73.19,12.38,1265.0,1341.0,1381.0,1364.0
-11.2,1.0,-0.63,4.56,0.05,10.65,-52.38,-6.37,26.0,1291.0,1357.0,1377.0,1326.0
-9.17,4.87,-0.7,-2.37,0.05,7.17,40.0,34.19,11.31,1354.0,1368.0,1315.0,1315.0
-9.1,1.06,-0.77,-1.81,0.05,6.29,83.81,-24.31,-5.12,1331.0,1329.0,1309.0,1384.0
-14.21,8.0,-0.07,3.69,0.05,3.07,-104.0,-4.5,12.5,1280.0,1386.0,1402.0,1284.0
-14.35,12.25,-0.07,3.81,0.05,2.21,-77.87,6.94,9.44,1288.0,1388.0,1397.0,1287.0
-14.7,3.12,-0.07,2.56,0.05,0.49,-50.88,53.75,-10.44,1323.0,1410.0,1349.0,1295.0
-15.33,4.69,-0.07,0.37,0.05,0.76,-15.06,30.5,-10.56,1330.0,1390.0,1345.0,1319.0
-21.7,4.31,-0.07,-0.94,-0.1,2.21,-37.81,23.37,-42.44,1293.0,1430.0,1339.0,1331.0
-23.24,5.75,-0.07,-2.25,-0.1,3.2,-23.94,24.69,-36.56,1299.0,1418.0,1336.0,1341.0
-24.57,-0.94,-0.07,0.94,-0.1,6.77,74.0,-49.69,-19.0,1313.0,1343.0,1333.0,1404.0
-24.57,-3.62,-0.07,2.75,0.05,7.96,39.69,-22.56,-20.12,1311.0,1356.0,1332.0,1394.0
-22.61,-4.12,-0.07,2.81,0.05,9.13,-2.44,13.75,-23.5,1304.0,1396.0,1328.0,1364.0
-19.11,-0.94,-0.07,-3.37,0.05,12.4,-1.81,38.25,-10.19,1323.0,1412.0,1314.0,1344.0
-19.81,-1.81,-0.07,-4.37,0.05,13.3,26.25,15.88,-7.5,1325.0,1393.0,1311.0,1364.0
-20.65,-6.81,-0.07,-1.19,-0.1,15.28,-15.13,-39.31,-17.62,1278.0,1382.0,1333.0,1399.0
-20.02,-4.94,-0.07,0.0,-0.1,15.88,-47.13,-17.56,-10.88,1275.0,1406.0,1347.0,1365.0
-17.78,1.19,-0.07,-4.62,0.05,17.43,-8.19,49.31,-1.12,1323.0,1427.0,1312.0,1343.0
-17.78,0.06,-0.07,-6.5,-0.1,17.76,39.81,29.56,6.75,1342.0,1405.0,1307.0,1362.0
-17.92,-9.56,-0.07,0.06,-0.1,17.81,58.75,-89.31,3.37,1303.0,1333.0,1347.0,1442.0
-17.92,-10.44,-0.07,2.06,-0.1,17.58,-6.12,-17.87,22.19,1320.0,1365.0,1357.0,1390.0
-16.31,-8.88,-0.07,1.06,0.05,17.13,-52.06,38.31,20.37,1330.0,1408.0,1351.0,1345.0
-7.91,-1.81,-0.7,-10.25,-0.1,15.2,8.13,43.63,24.12,1372.0,1407.0,1323.0,1342.0
-6.51,-3.44,-0.07,-10.56,-0.1,14.33,45.56,-11.75,26.69,1370.0,1361.0,1332.0,1380.0
0.07,-7.06,-0.07,-1.5,-0.1,10.84,-15.19,-48.63,22.44,1337.0,1344.0,1378.0,1397.0
0.07,-4.56,-0.07,-0.5,-0.1,9.56,-77.0,-7.25,22.62,1333.0,1382.0,1388.0,1353.0
0.21,9.94,0.14,-4.31,0.05,5.78,-62.19,26.94,15.25,1347.0,1410.0,1379.0,1320.0
0.84,11.25,0.14,-4.69,0.05,4.66,-11.38,-0.69,13.25,1355.0,1386.0,1374.0,1341.0
0.21,11.0,0.14,-3.81,-0.1,3.66,14.88,-23.31,12.81,1355.0,1360.0,1377.0,1364.0
-10.15,10.44,0.14,3.0,0.05,1.39,-18.69,-38.19,5.06,1325.0,1364.0,1405.0,1362.0
-12.11,12.0,0.28,4.12,-0.1,0.87,-36.94,-12.75,1.44,1323.0,1386.0,1404.0,1343.0
-18.41,17.06,1.19,0.44,-0.1,-0.24,-10.75,42.38,-4.94,1347.0,1420.0,1374.0,1315.0
-21.49,16.81,1.05,-1.87,-0.1,-0.5,13.63,34.88,-5.5,1355.0,1409.0,1368.0,1324.0
-25.9,7.75,1.54,-0.37,0.05,-0.68,77.12,-43.44,-5.81,1351.0,1344.0,1373.0,1388.0
-25.97,4.44,2.66,1.81,-0.1,-0.5,62.88,-43.94,-7.31,1345.0,1346.0,1375.0,1390.0
-26.25,2.0,2.87,3.56,-0.1,-0.23,43.44,-28.75,-8.94,1343.0,1357.0,1375.0,1381.0
-23.1,-0.5,0.98,2.62,-0.1,0.97,4.62,28.06,-10.56,1351.0,1398.0,1359.0,1348.0
-25.27,-0.81,1.19,1.31,0.05,1.46,6.56,29.06,-11.0,1351.0,1401.0,1358.0,1346.0
-26.95,-4.87,0.49,0.31,-0.1,3.06,44.31,-17.5,-9.44,1346.0,1370.0,1358.0,1382.0
-27.86,-7.0,1.33,1.56,-0.1,3.59,41.25,-29.37,-7.94,1342.0,1364.0,1362.0,1388.0
-8.19,-9.88,0.28,5.87,0.05,5.02,-1.69,-7.94,-6.44,1346.0,1369.0,1359.0,1390.0
0.14,-9.25,0.14,5.69,0.05,5.44,-14.81,11.25,-7.25,1353.0,1378.0,1350.0,1383.0
0.14,-7.56,0.14,4.25,-0.1,5.86,-35.63,29.5,-8.5,1353.0,1397.0,1347.0,1367.0
0.14,0.37,0.14,-0.19,0.05,7.09,-51.75,8.63,-7.31,1337.0,1413.0,1366.0,1362.0
0.07,2.5,0.14,-0.25,0.05,7.46,-41.63,-4.87,-6.69,1334.0,1406.0,1370.0,1370.0
0.07,5.44,-0.07,1.44,0.05,8.51,-9.25,-0.88,-5.5,1341.0,1396.0,1363.0,1384.0
-0.28,5.75,-0.07,1.12,0.05,8.83,-6.75,8.44,-6.56,1348.0,1402.0,1356.0,1382.0
-1.33,3.87,-0.07,-3.19,0.05,9.59,-3.69,-10.0,1.44,1352.0,1394.0,1360.0,1382.0
-1.33,5.06,-0.07,-1.94,0.05,9.65,-27.44,-26.69,1.5,1333.0,1394.0,1376.0,1384.0
-1.54,10.38,-0.07,3.31,-0.1,9.65,-30.37,-22.5,3.31,1321.0,1397.0,1390.0,1378.0
-3.57,12.0,-0.07,4.0,-0.1,9.57,-28.44,-6.5,2.19,1328.0,1404.0,1383.0,1372.0
-24.22,13.81,-0.07,1.56,-0.1,9.22,7.12,19.19,0.31,1336.0,1424.0,1374.0,1354.0
-25.76,12.88,0.14,0.75,-0.1,9.1,25.81,14.81,0.81,1342.0,1414.0,1369.0,1363.0
-30.1,1.0,0.14,2.81,-0.1,8.97,63.38,-22.12,-1.44,1345.0,1375.0,1363.0,1402.0
-28.21,-1.56,0.14,3.69,-0.1,9.06,48.88,-15.88,-2.12,1343.0,1378.0,1361.0,1398.0
-11.83,-4.56,-0.07,3.12,-0.1,9.52,-3.87,14.0,-2.81,1349.0,1400.0,1353.0,1379.0
-11.06,-3.69,-0.07,2.44,-0.1,9.69,-23.81,13.0,-3.5,1340.0,1408.0,1359.0,1372.0
-12.6,0.88,-0.07,1.75,-0.1,10.17,-18.81,-2.19,-5.44,1328.0,1409.0,1367.0,1375.0
-12.67,1.37,-0.07,1.81,-0.1,10.36,0.0,-0.69,-6.12,1334.0,1403.0,1360.0,1383.0
-30.59,-0.13,0.14,0.81,-0.1,11.44,3.62,13.13,-8.0,1327.0,1422.0,1358.0,1369.0
-28.84,-0.25,0.14,-0.06,-0.1,11.77,6.19,19.31,-7.56,1330.0,1424.0,1353.0,1369.0
-25.27,-0.69,0.14,-1.19,-0.1,12.12,11.88,22.44,-6.37,1340.0,1420.0,1344.0,1372.0
-23.66,-1.62,0.14,-2.19,-0.1,12.47,22.94,21.25,-4.81,1345.0,1415.0,1340.0,1377.0
-22.96,-3.19,0.14,-3.19,-0.1,12.79,28.19,17.56,-3.06,1350.0,1410.0,1338.0,1382.0
-28.7,-4.56,0.14,-3.87,-0.1,13.08,25.31,11.19,-1.56,1344.0,1410.0,1342.0,1380.0
-34.86,-5.69,1.75,-4.19,-0.1,13.33,15.63,5.06,-1.31,1336.0,1417.0,1352.0,1375.0
-34.44,-6.0,1.05,-4.31,-0.1,13.54,2.12,-0.19,-0.75,1329.0,1419.0,1359.0,1373.0
-27.44,-5.94,0.35,-4.06,-0.1,13.72,-0.94,-4.69,-0.31,1330.0,1413.0,1360.0,1377.0
-26.67,-6.0,0.28,-3.81,-0.1,13.84,-0.62,-5.94,0.62,1330.0,1411.0,1359.0,1380.0
-24.78,-6.06,0.14,-3.5,-0.1,13.93,1.25,-4.0,0.0,1331.0,1409.0,1358.0,1382.0
-33.46,-5.94,4.55,-3.37,-0.1,14.0,-3.56,-1.44,-0.06,1327.0,1421.0,1361.0,1370.0
-32.83,-5.62,2.17,-3.31,-0.1,14.06,-7.75,-3.0,-0.44,1323.0,1423.0,1363.0,1370.0
-31.78,-5.31,2.59,-3.31,-0.1,14.1,-6.0,-1.94,-0.5,1325.0,1422.0,1361.0,1372.0
-34.86,-5.12,7.49,-3.06,0.05,14.14,-2.5,-3.62,-0.56,1326.0,1425.0,1361.0,1369.0
-31.5,-5.31,1.33,-2.62,0.05,14.16,7.06,-11.44,-0.44,1323.0,1410.0,1362.0,1380.0
-24.92,-5.94,0.28,-1.81,0.05,14.16,14.56,-17.87,-1.06,1329.0,1399.0,1358.0,1394.0
-11.41,-6.69,-1.4,-1.06,0.05,14.18,15.75,-15.5,-1.44,1339.0,1388.0,1346.0,1407.0
-0.28,-7.25,-1.4,-0.69,0.05,14.23,5.12,-0.56,-3.5,1347.0,1387.0,1335.0,1410.0
1.05,-6.44,0.14,-1.12,-0.1,14.3,-28.25,16.25,-5.87,1343.0,1410.0,1336.0,1391.0
8.19,-3.19,-1.12,-2.44,0.05,14.44,-67.69,25.31,-5.87,1336.0,1425.0,1343.0,1376.0
9.1,1.37,-0.49,-3.81,-0.1,14.61,-104.19,26.19,-4.75,1321.0,1449.0,1357.0,1353.0
9.38,7.69,0.14,-5.0,-0.1,14.79,-110.19,19.19,-3.12,1310.0,1454.0,1370.0,1347.0
5.11,12.25,0.14,-5.31,0.05,14.95,-83.12,-1.94,1.81,1308.0,1441.0,1377.0,1353.0
0.7,15.25,0.14,-4.69,-0.1,15.07,-48.88,-19.87,5.19,1309.0,1424.0,1379.0,1368.0
0.49,16.87,0.14,-2.87,-0.1,15.11,-16.75,-33.81,8.81,1314.0,1402.0,1379.0,1384.0
-0.84,16.62,0.14,-1.0,-0.1,15.1,13.13,-34.44,10.94,1326.0,1387.0,1371.0,1395.0
-1.05,15.44,0.14,0.44,-0.1,15.01,25.56,-22.37,10.44,1336.0,1379.0,1361.0,1400.0
-3.57,14.06,0.14,1.0,0.05,14.87,24.81,-0.06,9.75,1343.0,1389.0,1353.0,1391.0
-9.52,13.0,0.14,0.13,-0.1,14.65,14.25,25.5,10.13,1349.0,1413.0,1350.0,1369.0
-18.06,12.75,0.14,-1.62,-0.1,14.34,-1.25,41.0,8.94,1345.0,1429.0,1352.0,1351.0
-22.54,12.88,0.14,-3.5,-0.1,13.97,-4.12,40.88,8.06,1342.0,1438.0,1356.0,1345.0
-27.3,12.81,0.14,-4.62,-0.1,13.53,4.87,15.13,7.75,1334.0,1432.0,1366.0,1349.0
-30.59,12.13,0.14,-4.25,-0.1,13.09,22.75,-18.5,9.81,1323.0,1411.0,1380.0,1366.0
-31.64,9.81,0.14,-2.06,-0.1,12.67,47.06,-41.13,10.25,1324.0,1387.0,1381.0,1386.0
-33.81,6.37,0.91,0.56,-0.1,12.29,79.12,-55.06,10.06,1329.0,1364.0,1378.0,1410.0
-33.95,1.37,0.91,3.69,-0.1,11.95,85.87,-50.25,8.94,1337.0,1354.0,1371.0,1418.0
-34.16,-2.5,0.7,5.12,-0.1,11.65,75.06,-15.81,8.94,1346.0,1362.0,1362.0,1411.0
-33.46,-5.75,0.49,5.19,-0.1,11.38,61.5,9.81,7.87,1358.0,1380.0,1350.0,1392.0
-30.03,-8.94,0.35,3.69,-0.1,11.14,48.44,30.81,7.94,1370.0,1392.0,1339.0,1379.0
-28.7,-10.81,0.28,2.12,-0.1,10.94,28.0,32.0,9.06,1368.0,1397.0,1343.0,1371.0
-27.3,-11.94,0.14,0.44,-0.1,10.71,14.25,24.37,10.38,1363.0,1398.0,1351.0,1370.0
-25.55,-12.25,0.14,-0.25,0.05,10.44,4.12,7.94,10.44,1354.0,1394.0,1361.0,1369.0
-16.8,-12.38,-0.42,-0.31,-0.1,10.11,4.12,-8.5,9.69,1353.0,1382.0,1362.0,1380.0
-10.64,-12.56,0.14,0.37,0.05,9.71,5.06,-15.69,11.44,1353.0,1371.0,1364.0,1387.0
-0.07,-12.81,0.14,1.19,-0.1,9.25,2.5,-19.06,12.0,1362.0,1360.0,1358.0,1397.0
0.07,-12.63,-0.07,1.81,-0.1,8.74,-14.44,-14.19,11.69,1359.0,1365.0,1362.0,1391.0
0.14,-11.38,-0.07,2.06,-0.1,8.18,-39.31,-4.5,12.06,1354.0,1376.0,1370.0,1376.0
3.57,-8.06,-4.06,1.62,-0.1,7.56,-66.62,6.37,12.56,1347.0,1389.0,1381.0,1362.0
8.4,-4.12,-6.02,0.75,-0.1,6.91,-86.06,17.69,12.25,1346.0,1399.0,1384.0,1351.0
10.57,0.0,-7.28,-0.44,-0.1,6.25,-82.25,24.31,11.88,1348.0,1405.0,1383.0,1344.0
14.7,4.12,-9.94,-1.87,-0.1,5.58,-67.62,24.69,12.06,1354.0,1401.0,1382.0,1347.0
10.99,6.62,-8.96,-2.87,-0.1,4.89,-44.69,22.0,9.5,1362.0,1397.0,1381.0,1356.0
3.29,8.69,-3.43,-3.94,-0.1,4.24,-32.5,17.37,7.81,1363.0,1404.0,1381.0,1352.0
0.49,9.75,-1.89,-4.25,-0.1,3.64,-16.44,7.31,5.12,1366.0,1398.0,1383.0,1365.0
0.42,10.13,-1.68,-4.25,-0.1,3.12,-5.75,-2.37,3.44,1371.0,1397.0,1388.0,1376.0
0.28,10.5,-0.42,-3.94,-0.1,2.69,-4.0,-8.81,2.37,1371.0,1397.0,1390.0,1378.0
0.21,10.88,-0.28,-3.31,-0.1,2.34,-8.5,-16.94,0.44,1366.0,1396.0,1396.0,1382.0
-1.96,11.38,-0.14,-2.12,-0.1,2.11,-11.69,-28.5,-2.87,1357.0,1395.0,1404.0,1387.0
-5.88,11.94,-0.21,-0.62,-0.1,1.99,-13.19,-35.06,-4.25,1347.0,1396.0,1411.0,1388.0
-10.78,12.56,-1.4,1.25,-0.1,1.99,-4.62,-29.94,-6.31,1345.0,1399.0,1413.0,1391.0
-14.91,12.38,-2.24,2.19,-0.1,2.1,11.69,-15.56,-7.19,1350.0,1402.0,1406.0,1389.0
-19.11,11.5,-3.43,2.31,-0.1,2.29,25.06,3.06,-8.25,1358.0,1405.0,1394.0,1387.0
-22.19,10.25,-4.27,1.5,-0.1,2.55,27.5,22.75,-9.0,1364.0,1412.0,1383.0,1379.0
-24.43,8.75,-4.97,-0.19,-0.1,2.85,24.19,29.5,-10.38,1366.0,1418.0,1377.0,1373.0
-26.53,7.62,-3.43,-1.5,-0.1,3.18,26.12,23.25,-10.38,1362.0,1418.0,1375.0,1370.0
-28.0,5.75,-3.43,-2.37,-0.1,3.56,35.5,9.94,-9.56,1359.0,1410.0,1375.0,1376.0
-29.47,3.81,-3.43,-2.06,-0.1,3.97,39.81,-15.81,-9.5,1351.0,1397.0,1379.0,1390.0
-31.15,1.75,-4.06,-0.5,-0.1,4.42,33.5,-32.5,-9.31,1339.0,1387.0,1388.0,1397.0
-31.43,0.56,-3.43,1.31,-0.1,4.9,23.25,-38.19,-10.25,1329.0,1388.0,1395.0,1399.0
-24.78,-0.69,-4.27,3.19,-0.1,5.41,24.44,-30.31,-11.19,1331.0,1383.0,1386.0,1403.0
-13.37,-2.0,-7.28,4.06,-0.1,5.96,31.44,-8.38,-12.44,1346.0,1377.0,1366.0,1411.0
-4.76,-3.5,-8.75,3.87,-0.1,6.56,31.81,12.38,-12.94,1350.0,1368.0,1336.0,1401.0
-2.66,-4.62,-8.05,2.87,-0.1,7.21,17.94,29.44,-12.81,1344.0,1368.0,1316.0,1380.0
-2.03,-4.44,-8.05,0.88,-0.1,7.87,-10.25,35.94,-11.63,1335.0,1384.0,1321.0,1361.0
-0.63,-2.69,-8.61,-0.62,-0.1,8.51,-49.94,27.37,-10.19,1319.0,1394.0,1332.0,1348.0
-0.35,0.37,-12.46,-1.44,-0.1,9.12,-68.87,8.94,-9.38,1294.0,1394.0,1351.0,1345.0
-0.14,4.0,-15.89,-1.31,-0.1,9.68,-77.37,-10.31,-9.13,1277.0,1389.0,1366.0,1350.0
-0.14,8.25,-22.19,-0.56,-0.1,10.2,-67.12,-13.69,-9.75,1264.0,1381.0,1373.0,1357.0
0.07,10.69,-23.45,-0.19,-0.1,10.69,-39.38,-2.75,-6.81,1276.0,1376.0,1362.0,1362.0
-0.84,11.75,-24.22,-0.94,-0.1,11.13,-8.81,18.5,-5.44,1294.0,1375.0,1344.0,1362.0
-3.78,11.31,-20.72,-3.0,-0.1,11.5,14.31,53.44,-4.87,1321.0,1383.0,1317.0,1354.0
-7.49,10.06,-20.65,-6.94,-0.1,11.77,24.12,71.62,-3.75,1336.0,1394.0,1303.0,1344.0
-14.63,9.0,-19.11,-10.69,-0.1,11.94,20.44,77.31,-2.0,1338.0,1405.0,1303.0,1331.0
-19.18,7.94,-18.55,-14.44,-0.1,12.0,16.94,61.38,-0.13,1333.0,1404.0,1310.0,1330.0
-17.78,7.25,-18.55,-16.06,-0.1,11.98,14.13,21.44,3.31,1322.0,1389.0,1324.0,1341.0
-15.47,6.44,-12.88,-15.94,-0.1,11.88,20.62,-14.06,6.19,1315.0,1369.0,1336.0,1356.0
-12.46,5.19,0.28,-14.0,0.05,11.71,26.06,-39.5,8.56,1319.0,1358.0,1337.0,1362.0
-7.0,4.0,8.33,-11.75,0.05,11.47,26.0,-44.88,9.75,1326.0,1350.0,1333.0,1367.0
-6.44,3.0,14.49,-9.69,0.05,11.18,18.37,-40.44,10.75,1330.0,1355.0,1331.0,1360.0
-6.3,2.56,15.19,-7.69,0.05,10.8,3.31,-32.44,11.63,1329.0,1360.0,1334.0,1352.0
-9.03,3.06,17.01,-6.25,0.05,10.39,-14.94,-30.25,11.69,1322.0,1372.0,1344.0,1339.0
-9.17,4.31,22.05,-4.37,0.05,9.94,-23.31,-33.13,11.5,1318.0,1377.0,1348.0,1333.0
-9.1,5.44,22.12,-2.69,0.05,9.47,-21.0,-37.19,12.06,1316.0,1374.0,1353.0,1333.0
-8.96,6.06,21.49,-0.56,-0.1,8.99,-7.94,-46.44,12.69,1317.0,1364.0,1353.0,1341.0
-8.96,5.75,19.95,2.69,-0.1,8.48,13.69,-59.06,12.31,1317.0,1346.0,1356.0,1357.0
-9.52,4.56,14.0,5.81,-0.1,8.0,28.5,-66.94,11.13,1314.0,1330.0,1359.0,1373.0
-7.7,2.81,1.47,9.5,-0.1,7.55,27.75,-60.44,8.44,1307.0,1317.0,1365.0,1387.0
-7.07,5.56,2.87,4.12,0.05,7.28,-78.0,242.62,-90.19,1322.0,1521.0,1244.0,1290.0
-5.67,8.0,0.49,-10.94,-0.1,7.68,34.0,218.81,-35.0,1395.0,1531.0,1189.0,1261.0
-2.66,2.37,0.49,-18.12,-0.1,8.1,104.75,92.06,-6.87,1386.0,1377.0,1219.0,1317.0
-1.96,-4.37,0.35,-17.19,-0.1,8.23,149.56,-44.13,2.44,1324.0,1234.0,1220.0,1366.0
-0.14,-10.94,0.35,-9.75,-0.1,8.05,112.31,-211.31,-1.25,1103.0,1007.0,1118.0,1266.0
-0.07,-14.31,0.35,1.44,-0.1,7.58,10.63,-244.12,-6.69,1000.0,1000.0,1059.0,1158.0
0.07,-12.94,0.28,14.75,-0.1,6.86,-52.25,-220.75,8.13,1000.0,1000.0,1104.0,1121.0
0.07,-9.81,0.28,25.44,-0.1,5.82,-79.37,-234.56,-0.56,1000.0,1000.0,1130.0,1107.0
0.07,0.94,0.28,33.5,-0.1,4.46,-320.0,-69.56,-46.88,1000.0,1113.0,1135.0,1000.0
0.07,6.94,0.14,26.75,-0.1,2.8,-101.25,211.19,25.12,1029.0,1068.0,1003.0,1000.0
0.07,10.44,0.14,14.44,-0.1,0.93,-82.06,207.81,6.5,1036.0,1117.0,1000.0,1000.0
0.07,10.25,0.14,0.5,-0.1,-0.87,42.63,288.37,-4.75,1117.0,1164.0,1000.0,1000.0
0.07,0.06,0.14,-4.0,-0.1,-2.46,272.12,-33.0,11.69,1151.0,1000.0,1000.0,1056.0
0.07,-4.37,0.14,1.0,-0.1,-4.05,-34.38,-87.44,45.88,1007.0,1000.0,1058.0,1025.0
0.07,-1.75,0.14,3.87,0.05,-5.86,-89.87,-49.06,53.38,1000.0,1000.0,1099.0,1000.0
0.07,3.87,0.14,1.5,0.05,-8.06,-133.25,92.12,59.31,1039.0,1040.0,1071.0,1000.0
0.07,0.5,0.14,-2.0,0.05,-10.21,114.81,16.25,17.31,1126.0,1000.0,1000.0,1000.0
0.07,0.88,0.14,-0.56,-0.1,-12.01,-64.69,-26.12,9.19,1000.0,1000.0,1066.0,1000.0
0.07,2.06,0.14,-0.81,-0.1,-13.54,26.62,26.0,5.37,1034.0,1000.0,1033.0,1000.0
0.07,1.25,0.14,-1.25,0.05,-14.78,-23.0,1.69,4.37,1034.0,1000.0,1028.0,1000.0
0.07,2.0,0.14,-0.81,0.05,-15.76,9.69,-18.25,-2.0,1019.0,1000.0,1039.0,1000.0
0.07,1.75,0.14,-0.94,0.05,-16.5,-4.56,10.31,6.56,1040.0,1000.0,1029.0,1000.0
0.07,1.87,0.14,-0.88,0.05,-17.1,0.62,-5.5,-2.75,1027.0,1000.0,1036.0,1000.0
0.07,1.87,0.14,-0.94,0.05,-17.57,0.62,-2.06,-2.37,1033.0,1000.0,1035.0,1000.0
0.07,1.87,0.14,-0.94,0.05,-17.92,-0.19,1.56,2.19,1037.0,1000.0,1037.0,1000.0
0.07,1.87,0.14,-0.94,-0.1,-18.21,-1.12,1.37,0.75,1035.0,1000.0,1036.0,1000.0
0.07,1.87,0.14,-0.94,0.05,-18.42,-0.62,0.37,0.69,1035.0,1000.0,1037.0,1000.0
0.07,1.87,0.14,-0.88,-0.1,-18.58,-0.19,-0.62,0.0,1035.0,1000.0,1036.0,1000.0
0.07,1.81,0.14,-0.88,-0.1,-18.7,0.06,-0.56,-0.25,1035.0,1000.0,1036.0,1000.0
0.07,1.81,0.14,-0.88,0.05,-18.8,0.06,0.5,-0.69,1036.0,1000.0,1037.0,1000.0
0.07,1.81,0.14,-0.81,-0.1,-18.87,0.81,-0.44,-0.25,1036.0,1000.0,1038.0,1000.0
0.07,1.81,0.14,-0.81,0.05,-18.93,0.25,0.06,-0.25,1037.0,1000.0,1038.0,1000.0
0.07,1.81,0.14,-0.81,-0.1,-18.97,0.0,0.13,0.13,1036.0,1000.0,1038.0,1000.0
0.07,1.81,0.14,-0.75,0.05,-19.01,-0.13,-0.13,0.0,1037.0,1000.0,1038.0,1000.0
0.07,1.81,0.14,-0.75,0.05,-19.03,0.19,0.06,0.0,1037.0,1000.0,1038.0,1000.0
0.07,1.81,0.14,-0.75,0.05,-19.06,0.31,-0.19,0.31,1037.0,1000.0,1038.0,1000.0
0.07,1.81,0.14,-0.69,0.05,-19.07,0.06,0.19,0.13,1037.0,1000.0,1038.0,1000.0
0.07,1.81,0.14,-0.69,0.05,-19.08,-0.44,0.25,0.13,1037.0,1000.0,1038.0,1000.0
0.07,1.81,0.14,-0.69,0.05,-19.09,-0.13,0.25,0.31,1037.0,1000.0,1038.0,1000.0
0.07,1.81,0.14,-0.69,0.05,-19.1,-0.13,0.44,0.19,1037.0,1000.0,1038.0,1000.0
0.07,1.87,0.14,-0.69,0.05,-19.11,-0.44,0.31,0.06,1039.0,1000.0,1040.0,1000.0
0.07,1.87,0.14,-0.62,0.05,-19.11,-0.25,0.44,-0.19,1039.0,1000.0,1040.0,1000.0
0.07,1.81,0.14,-0.62,-0.1,-19.11,0.0,0.0,-0.37,1036.0,1000.0,1038.0,1000.0
0.07,1.81,0.14,-0.62,-0.1,-19.12,0.25,-0.56,-0.31,1036.0,1000.0,1038.0,1000.0
0.07,1.81,0.14,-0.62,0.05,-19.12,0.06,-0.5,-0.25,1037.0,1000.0,1039.0,1000.0
0.07,1.81,0.14,-0.56,-0.1,-19.12,-0.13,-0.13,0.13,1037.0,1000.0,1038.0,1000.0
0.07,1.81,0.14,-0.56,-0.1,-19.12,-0.19,0.0,0.13,1037.0,1000.0,1038.0,1000.0
0.07,1.81,0.14,-0.56,0.05,-19.12,-0.06,0.56,0.19,1037.0,1000.0,1038.0,1000.0
0.07,1.81,0.14,-0.56,0.05,-19.12,-0.19,0.5,0.19,1037.0,1000.0,1039.0,1000.0
0.07,1.81,0.14,-0.56,0.05,-19.12,0.56,-0.31,0.19,1038.0,1000.0,1040.0,1000.0
0.07,1.81,0.14,-0.56,0.05,-19.12,-0.13,-0.25,0.0,1039.0,1000.0,1041.0,1000.0
0.07,1.81,0.14,-0.56,0.05,-19.12,0.06,-0.25,-0.06,1039.0,1000.0,1040.0,1000.0
0.07,1.81,0.14,-0.56,-0.1,-19.12,0.25,-0.19,0.0,1039.0,1000.0,1040.0,1000.0
0.07,1.81,0.14,-0.5,0.05,-19.12,0.13,0.13,0.0,1039.0,1000.0,1040.0,1000.0
0.07,1.81,0.14,-0.5,-0.1,-19.12,-0.13,0.13,-0.06,1038.0,1000.0,1040.0,1000.0
0.07,1.81,0.14,-0.5,0.05,-19.12,-0.13,0.19,0.06,1039.0,1000.0,1041.0,1000.0
0.07,1.81,0.14,-0.5,0.05,-19.12,0.06,0.0,-0.19,1039.0,1000.0,1040.0,1000.0
0.07,1.81,0.14,-0.5,0.05,-19.12,0.06,-0.25,-0.25,1039.0,1000.0,1041.0,1000.0
0.07,1.81,0.14,-0.5,0.05,-19.12,0.13,-0.19,-0.13,1039.0,1000.0,1040.0,1000.0
0.07,1.81,0.14,-0.44,-0.1,-19.12,0.19,-0.13,0.0,1039.0,1000.0,1040.0,1000.0
0.07,1.81,0.14,-0.44,0.05,-19.12,0.0,0.06,-0.13,1039.0,1000.0,1041.0,1000.0
0.07,1.81,0.14,-0.44,-0.1,-19.12,-0.19,0.06,0.0,1039.0,1000.0,1040.0,1000.0
0.07,1.81,0.14,-0.44,0.05,-19.12,-0.06,0.06,0.0,1039.0,1000.0,1041.0,1000.0
0.07,1.81,0.14,-0.44,0.05,-19.12,0.06,0.06,-0.06,1039.0,1000.0,1040.0,1000.0
0.07,1.81,0.14,-0.44,-0.1,-19.12,-0.13,-0.06,0.0,1038.0,1000.0,1040.0,1000.0
0.07,1.81,0.14,-0.44,0.05,-19.12,0.19,-0.13,-0.31,1039.0,1000.0,1040.0,1000.0
0.07,1.81,0.14,-0.44,0.05,-19.12,0.13,0.13,-0.5,1039.0,1000.0,1040.0,1000.0
0.07,1.81,0.14,-0.44,-0.1,-19.12,0.13,-0.13,-0.44,1038.0,1000.0,1040.0,1000.0
0.07,1.81,0.14,-0.44,0.05,-19.12,0.0,-0.06,-0.25,1039.0,1000.0,1041.0,1000.0
0.07,1.81,0.14,-0.37,0.05,-19.12,-0.19,-0.06,-0.06,1039.0,1000.0,1041.0,1000.0
0.07,1.81,0.14,-0.37,0.05,-19.12,-0.06,-0.06,0.06,1039.0,1000.0,1041.0,1000.0
0.07,1.81,0.14,-0.37,0.05,-19.12,-0.13,0.0,0.13,1039.0,1000.0,1041.0,1000.0
0.07,1.81,0.14,-0.37,0.05,-19.12,-0.19,0.0,-0.06,1039.0,1000.0,1041.0,1000.0
0.07,1.81,0.14,-0.37,0.05,-19.12,0.06,0.0,0.06,1039.0,1000.0,1041.0,1000.0
0.07,1.81,0.14,-0.37,0.05,-19.12,0.0,-0.06,0.13,1039.0,1000.0,1041.0,1000.0
0.07,1.81,0.14,-0.37,0.05,-19.12,0.0,-0.06,0.06,1039.0,1000.0,1041.0,1000.0
0.07,1.81,0.14,-0.37,-0.1,-19.12,-0.06,-0.06,-0.13,1038.0,1000.0,1040.0,1000.0
0.07,1.81,0.14,-0.37,-0.1,-19.12,0.19,0.06,0.06,1038.0,1000.0,1040.0,1000.0
0.07,1.81,0.14,-0.37,-0.1,-19.12,-0.06,-0.06,0.06,1038.0,1000.0,1040.0,1000.0
0.07,1.81,0.14,-0.37,-0.1,-19.12,0.06,0.0,0.0,1040.0,1000.0,1042.0,1000.0
0.07,1.81,0.14,-0.37,0.05,-19.12,0.06,0.0,0.0,1041.0,1000.0,1043.0,1000.0
0.07,1.81,0.14,-0.37,0.05,-19.12,0.06,-0.06,-0.13,1041.0,1000.0,1043.0,1000.0
0.07,1.81,0.14,-0.37,-0.1,-19.12,0.06,-0.06,0.13,1040.0,1000.0,1042.0,1000.0
0.07,1.81,0.14,-0.37,-0.1,-19.12,0.0,-0.06,-0.06,1041.0,1000.0,1042.0,1000.0
0.07,1.81,0.14,-0.37,-0.1,-19.12,-0.06,0.13,0.06,1040.0,1000.0,1042.0,1000.0
0.07,1.81,0.14,-0.37,0.05,-19.12,-0.19,-0.13,0.06,1041.0,1000.0,1043.0,1000.0
0.07,1.81,0.14,-0.37,0.05,-19.12,0.0,-0.06,0.0,1041.0,1000.0,1043.0,1000.0
0.07,1.81,0.14,-0.37,-0.1,-19.12,-0.06,0.06,0.13,1040.0,1000.0,1042.0,1000.0
0.07,1.81,0.14,-0.37,-0.1,-19.12,0.0,0.06,-0.06,1040.0,1000.0,1042.0,1000.0
0.07,1.81,0.14,-0.37,-0.1,-19.12,0.0,-0.06,0.06,1040.0,1000.0,1042.0,1000.0
0.07,1.81,0.14,-0.37,-0.1,-19.12,0.0,-0.06,0.13,1040.0,1000.0,1042.0,1000.0
0.07,1.81,0.14,-0.37,-0.1,-19.12,0.0,-0.06,0.0,1040.0,1000.0,1042.0,1000.0
0.07,1.81,0.14,-0.37,0.05,-19.12,0.0,0.06,0.13,1043.0,1000.0,1045.0,1000.0
0.07,1.81,0.14,-0.37,0.05,-19.12,-0.06,0.0,-0.06,1044.0,1000.0,1046.0,1000.0
0.07,1.81,0.14,-0.37,0.05,-19.12,0.44,0.25,-0.06,1044.0,1000.0,1046.0,1000.0
0.07,1.81,0.14,-0.37,0.05,-19.12,-0.31,0.06,-0.06,1046.0,1000.0,1048.0,1000.0
0.07,1.81,0.14,-0.37,0.1,-19.12,0.06,-0.06,-0.19,1047.0,1000.0,1049.0,1000.0
0.07,1.81,0.14,-0.37,0.05,-19.12,-0.13,0.0,0.0,1047.0,1000.0,1049.0,1000.0
0.07,1.81,0.14,-0.37,0.05,-19.12,0.19,0.0,0.0,1047.0,1000.0,1049.0,1000.0
0.07,1.81,0.14,-0.37,0.1,-19.12,-0.06,0.0,0.06,1047.0,1000.0,1049.0,1000.0
0.07,1.81,0.14,-0.37,0.2,-19.12,-0.13,-0.25,-0.31,1047.0,1000.0,1049.0,1000.0
0.07,1.81,0.14,-0.37,0.2,-19.12,-0.94,1.06,-0.25,1050.0,1000.0,1052.0,1000.0
0.07,1.81,0.14,-0.44,0.3,-19.12,-0.13,0.0,0.44,1050.0,1000.0,1052.0,1000.0
0.07,1.87,0.14,-0.56,0.2,-19.11,-3.44,5.69,-2.25,1049.0,1000.0,1049.0,1000.0
0.07,2.25,0.14,-1.06,0.2,-19.03,-7.81,15.81,-22.0,1040.0,1001.0,1036.0,1000.0
0.07,2.44,0.14,-2.06,0.1,-18.66,-3.56,19.69,-32.63,1035.0,1012.0,1021.0,1000.0
0.07,2.75,0.14,-2.87,0.1,-17.97,-2.37,9.31,-43.31,1024.0,1020.0,1015.0,1000.0
0.07,2.75,0.14,-2.75,0.3,-16.92,-1.12,-5.94,-49.88,1011.0,1016.0,1016.0,1014.0
0.07,3.0,0.14,-2.37,0.3,-15.52,3.75,-19.56,-60.69,1000.0,1022.0,1011.0,1025.0
0.07,2.12,0.14,-0.69,0.45,-13.77,14.31,-38.88,-58.5,1000.0,1000.0,1009.0,1056.0
0.07,2.94,0.14,-0.44,0.5,-11.83,-8.19,3.31,-18.94,1013.0,1019.0,1030.0,1000.0
0.07,2.31,0.14,-0.56,0.6,-10.2,0.19,8.88,3.37,1040.0,1000.0,1026.0,1000.0
0.07,2.56,0.14,-0.25,0.6,-8.95,3.31,-11.75,-1.12,1025.0,1000.0,1038.0,1000.0
0.07,2.56,0.14,-0.44,0.65,-7.98,-3.06,0.62,1.62,1031.0,1000.0,1033.0,1000.0
0.07,2.5,0.14,-0.37,0.65,-7.23,-0.94,1.31,1.62,1027.0,1003.0,1029.0,1000.0
0.07,3.06,0.14,-0.69,0.7,-6.68,-14.56,10.75,5.06,1027.0,1008.0,1032.0,1000.0
0.07,4.87,0.14,-1.62,0.65,-6.35,-53.13,28.0,7.69,1023.0,1025.0,1044.0,1000.0
0.07,9.38,0.14,-3.87,0.6,-6.17,-84.5,41.31,-4.69,1007.0,1062.0,1041.0,1000.0
0.07,13.56,0.14,-5.87,0.6,-5.96,-89.5,40.75,-24.87,1000.0,1081.0,1035.0,1000.0
0.07,18.75,0.14,-8.94,0.65,-5.54,-122.5,58.94,-36.31,1000.0,1113.0,1032.0,1000.0
0.07,26.25,0.14,-13.69,0.6,-4.79,-136.0,52.25,-42.88,1000.0,1136.0,1035.0,1000.0
0.07,30.69,0.14,-16.81,0.6,-3.72,-81.06,25.44,-38.69,1000.0,1118.0,1028.0,1000.0
0.07,32.19,0.14,-18.69,0.5,-2.42,-9.75,3.06,-32.69,1000.0,1081.0,1014.0,1000.0
0.07,30.5,0.14,-19.06,0.5,-1.07,44.31,-6.37,-27.06,1001.0,1047.0,1000.0,1013.0
0.07,27.25,0.14,-19.0,0.45,0.17,54.5,-0.69,-14.44,1018.0,1034.0,1000.0,1012.0
0.07,24.87,0.14,-19.0,0.4,1.14,44.69,8.25,0.37,1027.0,1031.0,1000.0,1001.0
0.07,23.19,0.14,-19.25,0.35,1.8,36.88,16.62,6.19,1032.0,1035.0,1000.0,1000.0
0.07,21.5,0.14,-19.75,0.3,2.11,40.75,16.12,9.06,1036.0,1032.0,1000.0,1000.0
0.07,19.62,0.14,-20.19,0.3,2.17,46.0,16.12,6.0,1039.0,1030.0,1000.0,1000.0
0.07,16.87,0.14,-20.62,0.2,2.05,52.25,11.0,3.37,1039.0,1028.0,1000.0,1004.0
0.07,14.19,0.14,-20.5,0.1,1.82,60.88,1.0,5.87,1041.0,1015.0,1000.0,1013.0
0.07,11.38,0.14,-20.06,0.05,1.45,66.5,-6.0,11.75,1046.0,1005.0,1000.0,1014.0
0.07,7.75,0.14,-19.56,0.05,0.9,69.19,-0.81,14.25,1055.0,1000.0,1000.0,1014.0
0.07,4.62,0.14,-19.69,0.05,0.24,66.87,5.31,1.0,1054.0,1005.0,1000.0,1020.0
0.07,2.06,0.14,-20.0,0.05,-0.38,47.38,4.5,2.06,1050.0,1011.0,1000.0,1014.0
0.07,0.5,0.14,-19.87,0.05,-0.93,12.19,-5.62,-5.37,1031.0,1020.0,1000.0,1011.0
0.07,0.5,0.14,-19.0,0.05,-1.29,-8.13,-28.25,-14.94,1010.0,1024.0,1009.0,1014.0
0.07,1.19,0.14,-16.62,0.05,-1.31,-24.56,-45.56,-28.44,1000.0,1029.0,1015.0,1027.0
0.07,2.62,0.14,-14.25,0.05,-0.92,-42.13,-49.94,-37.56,1000.0,1043.0,1019.0,1030.0
0.07,4.56,0.14,-11.94,0.05,-0.09,-50.69,-49.81,-36.13,1000.0,1047.0,1026.0,1029.0
0.07,7.19,0.14,-9.31,0.05,1.01,-47.25,-48.5,-30.94,1000.0,1045.0,1030.0,1027.0
0.07,9.0,0.14,-7.56,0.05,2.25,-38.56,-35.25,-31.0,1000.0,1049.0,1022.0,1028.0
0.07,10.69,0.14,-6.62,0.05,3.59,-32.56,-18.0,-28.94,1000.0,1057.0,1014.0,1023.0
0.07,12.0,0.14,-6.37,0.05,4.95,-27.31,-2.94,-20.37,1000.0,1058.0,1008.0,1017.0
0.07,13.38,0.14,-7.12,0.05,6.21,-28.37,21.37,-10.63,1000.0,1066.0,1004.0,1000.0
0.07,14.19,0.14,-8.88,0.05,7.28,-7.81,28.44,-11.31,1000.0,1067.0,1000.0,1002.0
0.07,14.06,0.14,-10.38,0.05,8.19,3.5,29.06,-7.0,1004.0,1063.0,1000.0,1007.0
0.07,14.06,0.14,-11.94,0.05,8.91,-2.87,33.25,1.12,1009.0,1063.0,1000.0,1000.0
0.07,14.25,0.14,-13.44,0.05,9.39,-0.88,22.75,7.06,1010.0,1059.0,1000.0,1000.0
0.07,13.94,0.14,-13.38,0.05,9.62,10.13,-5.62,15.06,1007.0,1037.0,1004.0,1009.0
0.07,13.63,0.14,-12.75,0.05,9.63,0.0,-8.75,18.06,1004.0,1033.0,1013.0,1006.0
0.07,13.0,0.14,-12.31,0.05,9.46,-9.31,-3.94,14.81,1001.0,1040.0,1014.0,1003.0
0.07,13.0,0.14,-12.19,0.05,9.21,-12.31,-0.69,3.94,1000.0,1048.0,1008.0,1005.0
0.07,13.63,0.14,-12.25,0.05,9.03,-14.44,2.12,-9.38,1000.0,1060.0,1000.0,1012.0
0.07,14.44,0.14,-12.69,0.05,9.08,-19.69,4.81,-24.62,1000.0,1073.0,1000.0,1018.0
0.07,15.38,0.14,-13.63,0.05,9.43,-26.06,11.63,-38.13,1000.0,1090.0,1000.0,1019.0
0.07,16.0,0.14,-14.81,0.05,10.23,-18.31,7.81,-54.63,1000.0,1102.0,1000.0,1032.0
0.07,15.88,0.14,-15.38,0.05,11.54,-7.25,-13.75,-59.38,1000.0,1096.0,1000.0,1056.0
0.07,16.44,0.14,-15.06,0.05,13.19,-28.81,-23.19,-43.44,1000.0,1091.0,1000.0,1046.0
0.07,17.62,0.14,-14.5,0.05,15.0,-32.94,-26.19,-42.19,1000.0,1093.0,1000.0,1044.0
0.07,18.5,0.14,-14.06,0.05,17.04,-24.62,-26.94,-51.94,1000.0,1101.0,1000.0,1057.0
0.07,19.25,0.14,-13.75,0.05,19.34,-21.62,-23.44,-57.19,1000.0,1108.0,1000.0,1067.0
0.07,19.69,0.14,-13.81,0.05,21.8,-17.87,-16.44,-58.06,1000.0,1117.0,1000.0,1069.0
0.07,19.87,0.14,-14.38,0.05,24.47,-11.19,-8.69,-56.38,1000.0,1122.0,1000.0,1072.0
0.07,19.56,0.14,-15.19,0.05,27.2,-1.62,2.75,-52.56,1000.0,1125.0,1000.0,1074.0
0.07,19.0,0.14,-16.62,0.05,29.93,0.13,10.63,-44.94,1000.0,1130.0,1000.0,1072.0
0.07,18.94,0.14,-17.81,0.05,32.47,-9.25,15.56,-24.94,1000.0,1128.0,1000.0,1058.0
0.07,19.37,0.14,-19.37,0.05,34.67,-12.25,24.81,-8.25,1000.0,1128.0,1000.0,1042.0
0.07,18.94,0.14,-20.25,0.05,36.39,23.12,12.88,1.56,1000.0,1110.0,1000.0,1053.0
0.07,17.37,0.14,-20.31,0.05,37.6,41.88,4.69,16.94,1000.0,1088.0,1000.0,1062.0
0.07,15.88,0.14,-20.12,0.05,38.18,38.94,11.81,39.0,1000.0,1076.0,1000.0,1049.0
0.07,14.81,0.14,-20.37,0.05,37.99,35.25,23.44,56.94,1006.0,1069.0,1000.0,1028.0
0.07,13.75,0.14,-20.62,0.05,37.09,46.75,23.37,62.75,1018.0,1057.0,1000.0,1025.0
0.07,12.31,0.14,-20.94,0.05,35.58,48.56,24.75,66.25,1025.0,1051.0,1000.0,1022.0
0.07,11.19,0.14,-21.37,0.05,33.55,43.44,24.19,66.19,1029.0,1048.0,1000.0,1017.0
0.07,10.25,0.14,-21.87,0.05,31.11,39.81,20.25,61.44,1029.0,1046.0,1000.0,1014.0
0.07,9.19,0.14,-22.19,0.05,28.43,36.94,15.19,53.44,1026.0,1044.0,1000.0,1017.0
0.07,8.44,0.14,-22.5,0.05,25.75,28.12,13.31,42.63,1021.0,1049.0,1000.0,1018.0
0.07,8.06,0.14,-22.94,0.05,23.16,18.0,16.94,38.94,1020.0,1052.0,1000.0,1011.0
0.07,7.87,0.14,-23.94,0.05,20.64,14.13,24.56,33.94,1023.0,1055.0,1000.0,1004.0
0.07,7.31,0.14,-24.87,0.05,18.29,28.37,20.19,19.12,1026.0,1056.0,1000.0,1009.0
0.07,6.31,0.14,-25.44,0.05,16.19,24.69,11.19,19.12,1023.0,1049.0,1000.0,1016.0
0.07,6.06,0.14,-25.62,0.05,14.25,9.06,2.62,28.06,1024.0,1042.0,1000.0,1005.0
0.07,6.31,0.14,-25.25,0.05,12.39,4.81,-7.62,27.25,1021.0,1035.0,1000.0,1001.0
0.07,6.31,0.14,-24.56,0.05,10.69,7.81,-16.0,15.19,1014.0,1035.0,1000.0,1012.0
0.07,6.31,0.14,-23.44,0.05,9.18,1.25,-17.37,9.19,1008.0,1036.0,1000.0,1013.0
0.07,6.44,0.14,-22.62,0.05,7.94,-1.62,-16.25,5.81,1006.0,1038.0,1000.0,1013.0
0.07,6.62,0.14,-21.87,0.05,6.92,-3.19,-14.63,3.94,1007.0,1038.0,1002.0,1010.0
0.07,6.56,0.14,-21.25,0.05,6.15,4.94,-11.56,-9.94,1004.0,1043.0,1000.0,1017.0
0.07,-1.75,0.14,-12.31,0.45,-5.56,-32.25,-113.87,-2.31,1000.0,1000.0,1067.0,1016.0
0.07,0.94,0.14,-6.06,0.5,-6.43,-57.94,-85.56,-24.56,1000.0,1000.0,1072.0,1032.0
0.07,3.44,0.14,-3.87,0.5,-6.73,-17.87,-44.5,-43.38,1000.0,1040.0,1037.0,1016.0
0.07,1.12,0.14,-0.75,0.05,-3.5,0.13,0.0,-0.06,1020.0,1009.0,1020.0,1006.0
0.07,1.12,0.14,-0.75,0.05,-3.5,0.0,-0.06,0.13,1020.0,1009.0,1020.0,1006.0
0.07,1.12,0.14,-0.75,0.05,-3.5,0.0,0.06,0.0,1020.0,1009.0,1020.0,1006.0
0.07,1.12,0.14,-0.75,0.05,-3.5,0.13,0.0,-0.13,1020.0,1009.0,1020.0,1006.0
0.07,1.12,0.14,-0.75,0.05,-3.5,0.0,0.06,-0.13,1020.0,1009.0,1020.0,1007.0
0.07,1.12,0.14,-0.75,0.05,-3.5,0.0,0.06,0.06,1020.0,1009.0,1020.0,1006.0
0.07,1.12,0.14,-0.75,0.05,-3.5,0.0,0.06,-0.06,1020.0,1009.0,1020.0,1007.0
0.07,1.12,0.14,-0.75,0.05,-3.5,0.0,-0.06,0.06,1020.0,1009.0,1020.0,1006.0
0.07,1.12,0.14,-0.75,0.05,-3.5,-0.06,-0.06,0.0,1020.0,1009.0,1020.0,1006.0
0.07,1.12,0.14,-0.75,0.05,-3.5,0.06,0.0,-0.06,1020.0,1009.0,1020.0,1006.0
0.07,1.12,0.14,-0.75,0.05,-3.5,0.0,0.06,0.0,1020.0,1009.0,1020.0,1006.0
0.07,1.12,0.14,-0.75,0.05,-3.5,-0.06,0.06,0.13,1020.0,1009.0,1020.0,1007.0
0.07,1.12,0.14,-0.75,0.05,-3.5,-0.06,0.06,0.0,1020.0,1009.0,1020.0,1006.0
0.07,1.12,0.14,-0.75,0.05,-3.5,-0.06,0.06,0.06,1020.0,1009.0,1020.0,1006.0
0.07,1.12,0.14,-0.75,0.05,-3.5,0.06,0.13,-0.13,1020.0,1009.0,1020.0,1007.0
0.07,1.12,0.14,-0.75,0.05,-3.5,0.13,0.06,0.06,1020.0,1009.0,1020.0,1006.0
0.07,1.12,0.14,-0.75,0.05,-3.5,0.13,-0.06,0.0,1020.0,1009.0,1020.0,1006.0
0.07,1.12,0.14,-0.75,0.05,-3.5,0.06,0.0,0.0,1020.0,1009.0,1020.0,1007.0
0.07,1.12,0.14,-0.75,0.05,-3.5,0.0,-0.06,0.0,1020.0,1009.0,1020.0,1006.0
0.07,1.12,0.14,-0.75,0.05,-3.5,0.13,-0.06,0.0,1020.0,1009.0,1021.0,1006.0
0.07,1.12,0.14,-0.75,0.05,-3.5,0.06,0.06,0.06,1020.0,1009.0,1020.0,1007.0
0.07,1.12,0.14,-0.75,0.05,-3.5,0.0,-0.13,0.0,1020.0,1009.0,1020.0,1006.0
0.07,1.12,0.14,-0.75,0.05,-3.5,0.13,0.06,0.06,1020.0,1009.0,1020.0,1006.0
0.07,1.12,0.14,-0.75,0.05,-3.5,-0.06,0.06,-0.06,1020.0,1009.0,1020.0,1006.0
0.07,1.12,0.14,-0.75,0.05,-3.5,0.0,0.0,-0.06,1020.0,1009.0,1020.0,1007.0
0.07,1.12,0.14,-0.75,0.05,-3.5,0.0,-0.13,0.0,1020.0,1009.0,1020.0,1006.0
0.07,1.12,0.14,-0.75,0.05,-3.5,0.0,0.0,0.06,1020.0,1009.0,1020.0,1006.0
0.07,1.12,0.14,-0.75,0.05,-3.5,0.06,0.0,-0.13,1020.0,1009.0,1020.0,1006.0
0.07,1.12,0.14,-0.75,0.05,-3.5,0.19,-0.06,-0.13,1020.0,1009.0,1020.0,1007.0
0.07,1.12,0.14,-0.75,0.05,-3.5,0.06,0.06,0.19,1020.0,1009.0,1020.0,1006.0
0.07,1.12,0.14,-0.75,0.05,-3.5,0.13,-0.06,0.19,1020.0,1009.0,1020.0,1006.0
0.07,1.12,0.14,-0.75,0.05,-3.5,0.06,0.06,0.06,1020.0,1009.0,1021.0,1006.0
0.07,1.12,0.14,-0.75,0.05,-3.5,-0.06,0.13,0.06,1020.0,1009.0,1020.0,1006.0
0.07,1.12,0.14,-0.75,0.05,-3.5,-0.13,0.0,-0.06,1020.0,1009.0,1020.0,1006.0
0.07,1.12,0.14,-0.75,0.05,-3.5,-0.25,0.13,0.06,1020.0,1009.0,1020.0,1006.0
0.07,1.12,0.14,-0.75,0.05,-3.5,0.0,-0.06,0.0,1020.0,1009.0,1020.0,1006.0
0.07,1.12,0.14,-0.75,0.05,-3.5,0.13,-0.06,0.0,1020.0,1009.0,1020.0,1006.0
0.07,1.12,0.14,-0.75,0.05,-3.5,0.19,0.0,0.06,1020.0,1009.0,1020.0,1006.0
0.07,1.12,0.14,-0.75,0.05,-3.5,0.13,-0.06,-0.13,1020.0,1009.0,1020.0,1007.0
0.07,1.12,0.14,-0.75,0.05,-3.5,0.0,-0.13,-0.06,1020.0,1009.0,1020.0,1006.0
0.07,1.12,0.14,-0.75,0.05,-3.5,-0.06,0.0,0.19,1020.0,1009.0,1020.0,1006.0
0.07,1.12,0.14,-0.75,0.05,-3.5,-0.19,0.06,0.06,1020.0,1009.0,1020.0,1006.0
0.07,1.12,0.14,-0.75,0.05,-3.5,0.06,0.06,0.13,1020.0,1009.0,1020.0,1006.0
0.07,1.12,0.14,-0.75,0.05,-3.5,0.0,0.06,-0.13,1020.0,1009.0,1020.0,1006.0
0.07,1.12,0.14,-0.75,-0.1,-3.5,-0.13,0.0,0.06,1008.0,1000.0,1008.0,1000.0
0.07,1.12,0.14,-0.75,-0.1,-3.5,0.0,0.06,-0.25,1007.0,1000.0,1007.0,1000.0
0.07,1.12,0.14,-0.75,-0.1,-3.5,-0.25,-0.25,0.0,1006.0,1000.0,1006.0,1000.0
0.07,1.12,0.14,-0.75,-0.1,-3.5,-0.06,-0.06,0.06,1006.0,1000.0,1006.0,1000.0
0.07,1.12,0.14,-0.75,0.05,-3.5,-0.06,-0.06,0.0,1006.0,1000.0,1006.0,1000.0
0.07,1.12,0.14,-0.75,0.05,-3.5,0.06,0.13,0.0,1007.0,1000.0,1007.0,1000.0
0.07,1.12,0.14,-0.75,0.05,-3.5,0.06,0.06,0.19,1007.0,1000.0,1007.0,1000.0
0.07,1.12,0.14,-0.75,0.05,-3.5,0.0,0.0,0.06,1007.0,1000.0,1007.0,1000.0
0.07,1.12,0.14,-0.75,0.05,-3.5,0.0,-0.19,-0.13,1008.0,1000.0,1008.0,1000.0
0.07,1.12,0.14,-0.75,0.05,-3.5,-0.13,-0.19,-0.06,1008.0,1000.0,1008.0,1000.0
0.07,1.12,0.14,-0.75,0.05,-3.5,-0.06,0.0,0.06,1008.0,1000.0,1008.0,1000.0
0.07,1.12,0.14,-0.75,0.05,-3.5,0.0,-0.06,0.0,1008.0,1000.0,1008.0,1000.0
0.07,1.12,0.14,-0.75,0.05,-3.5,0.0,-0.06,-0.06,1010.0,1000.0,1010.0,1000.0
0.07,1.12,0.14,-0.75,0.05,-3.5,-0.13,0.06,0.0,1012.0,1001.0,1012.0,1000.0
0.07,1.12,0.14,-0.75,0.05,-3.5,0.0,0.06,-0.13,1064.0,1053.0,1064.0,1050.0
0.07,1.12,0.14,-0.75,0.05,-3.5,0.0,0.0,-0.06,1102.0,1091.0,1102.0,1088.0
0.07,1.12,0.14,-0.75,0.05,-3.5,0.0,-0.06,0.0,1160.0,1149.0,1161.0,1146.0
0.07,1.12,0.14,-0.75,0.05,-3.5,0.13,-0.06,0.06,1196.0,1185.0,1196.0,1182.0
0.07,1.12,0.14,-0.75,0.05,-3.5,-0.13,0.19,0.06,1235.0,1224.0,1235.0,1221.0
0.07,1.12,0.14,-0.75,0.05,-3.5,0.0,-0.19,0.06,1244.0,1233.0,1244.0,1230.0
0.07,1.12,0.14,-0.75,0.05,-3.5,-0.06,-0.06,0.13,1276.0,1265.0,1277.0,1262.0
0.07,1.12,0.14,-0.75,0.05,-3.5,0.13,0.06,-0.06,1299.0,1288.0,1299.0,1286.0
0.07,1.12,0.14,-0.75,0.05,-3.5,-0.13,0.13,0.0,1350.0,1339.0,1350.0,1336.0
0.07,1.12,0.14,-0.75,0.05,-3.5,0.19,0.0,0.0,1352.0,1341.0,1352.0,1338.0
0.07,1.12,0.14,-0.75,0.05,-3.5,0.0,-0.06,0.13,1352.0,1341.0,1352.0,1338.0
0.07,1.12,0.14,-0.75,-0.1,-3.5,0.13,0.06,0.06,1279.0,1269.0,1279.0,1266.0
0.07,1.12,0.14,-0.75,-0.1,-3.5,-0.06,0.0,0.06,1103.0,1092.0,1103.0,1090.0
0.07,1.12,0.14,-0.75,-0.1,-3.5,0.0,0.0,-0.06,1008.0,1000.0,1008.0,1000.0
0.07,1.12,0.28,-0.75,-0.1,-3.5,0.0,-0.06,0.06,1007.0,1000.0,1007.0,1000.0
0.07,1.12,0.28,-0.75,-0.5,-3.5,0.0,0.19,-0.06,1006.0,1000.0,1006.0,1000.0
0.07,1.12,0.35,-0.75,0.05,-3.5,0.06,0.06,-0.13,1006.0,1000.0,1006.0,1000.0
0.07,1.12,0.35,-0.75,0.05,-3.5,0.06,0.06,0.0,1006.0,1000.0,1006.0,1000.0
0.07,1.12,0.35,-0.75,0.05,-3.5,0.0,-0.06,0.0,1007.0,1000.0,1007.0,1000.0
0.07,1.12,0.35,-0.75,0.05,-3.5,0.13,0.0,0.0,1007.0,1000.0,1007.0,1000.0
0.07,1.12,0.35,-0.75,0.05,-3.5,-0.06,-0.13,0.13,1007.0,1000.0,1007.0,1000.0
0.14,1.12,0.49,-0.75,0.05,-3.5,0.06,-0.06,-0.06,1007.0,1000.0,1007.0,1000.0
0.14,1.12,0.63,-0.75,0.05,-3.5,0.13,0.0,0.0,1007.0,1000.0,1007.0,1000.0
0.07,1.12,0.63,-0.75,0.05,-3.5,-0.13,0.0,-0.06,1007.0,1000.0,1007.0,1000.0
0.07,1.12,0.49,-0.75,0.05,-3.5,0.0,0.0,0.0,1008.0,1000.0,1008.0,1000.0
0.07,1.12,0.28,-0.75,0.05,-3.5,0.0,0.06,0.0,1008.0,1000.0,1008.0,1000.0
0.07,1.12,0.28,-0.75,0.05,-3.5,-0.13,-0.06,0.0,1008.0,1000.0,1008.0,1000.0
0.07,1.12,0.28,-0.75,0.05,-3.5,-0.06,0.0,-0.06,1008.0,1000.0,1008.0,1000.0
0.07,1.12,0.28,-0.75,0.05,-3.5,0.19,0.0,-0.06,1008.0,1000.0,1008.0,1000.0
0.07,1.12,0.14,-0.75,0.05,-3.5,-0.13,0.0,0.06,1008.0,1000.0,1008.0,1000.0
0.07,1.12,0.14,-0.75,0.05,-3.5,-0.06,0.0,0.19,1008.0,1000.0,1008.0,1000.0
0.07,1.12,0.14,-0.75,0.05,-3.5,-0.13,0.0,0.0,1008.0,1000.0,1008.0,1000.0
0.07,1.12,0.14,-0.75,0.05,-3.5,-0.13,0.0,0.06,1008.0,1000.0,1008.0,1000.0
0.07,1.12,0.14,-0.75,0.05,-3.5,-0.06,-0.06,-0.06,1008.0,1000.0,1008.0,1000.0
0.07,1.12,0.14,-0.75,0.05,-3.5,0.0,0.0,0.06,1008.0,1000.0,1008.0,1000.0
0.07,1.12,0.14,-0.75,0.05,-3.5,-0.13,0.06,0.13,1008.0,1000.0,1008.0,1000.0
0.07,1.12,0.14,-0.75,0.05,-3.5,-0.06,0.13,0.0,1008.0,1000.0,1008.0,1000.0
0.07,1.12,0.14,-0.75,0.05,-3.5,0.06,0.06,0.06,1008.0,1000.0,1008.0,1000.0
0.07,1.12,0.14,-0.75,0.05,-3.5,0.06,0.13,-0.13,1008.0,1000.0,1008.0,1000.0
0.07,1.12,0.14,-0.75,0.05,-3.5,0.0,0.0,0.06,1010.0,1000.0,1010.0,1000.0
0.07,1.12,0.14,-0.75,0.05,-3.5,0.06,0.0,0.0,1067.0,1056.0,1067.0,1054.0
0.07,1.12,0.14,-0.75,0.05,-3.5,0.06,0.06,0.0,1111.0,1100.0,1111.0,1098.0
0.07,1.12,0.14,-0.75,0.05,-3.5,-0.06,-0.5,3.31,1186.0,1171.0,1186.0,1168.0
0.07,1.19,0.14,-0.75,0.05,-3.5,-0.31,0.06,4.69,1208.0,1195.0,1208.0,1192.0
0.07,1.19,0.14,-0.75,0.05,-3.49,-1.12,-0.81,2.31,1217.0,1208.0,1219.0,1204.0
0.07,1.19,0.14,-0.75,0.05,-3.48,4.19,0.25,-0.37,1214.0,1211.0,1219.0,1204.0
0.07,1.25,0.14,-0.75,0.05,-3.48,-2.37,0.06,-0.94,1219.0,1208.0,1218.0,1204.0
0.07,1.25,0.14,-0.75,0.05,-3.47,-1.5,-0.56,0.0,1218.0,1207.0,1219.0,1204.0
0.07,1.25,0.14,-0.75,0.05,-3.46,-0.06,0.19,0.06,1220.0,1209.0,1220.0,1207.0
0.07,1.31,-0.07,-0.75,0.05,-3.46,0.19,0.37,-0.25,1223.0,1212.0,1223.0,1209.0
0.07,1.31,-0.07,-0.75,0.05,-3.45,-0.31,1.12,0.31,1261.0,1250.0,1262.0,1247.0
0.07,1.25,-0.07,-0.75,0.05,-3.45,-1.0,-0.25,-0.31,1281.0,1272.0,1282.0,1269.0
0.07,1.31,0.14,-0.75,0.05,-3.46,-0.62,-1.87,1.0,1306.0,1295.0,1307.0,1291.0
0.07,1.44,0.14,-0.69,0.05,-3.47,-3.25,-1.94,0.44,1319.0,1310.0,1323.0,1305.0
0.07,1.56,0.14,-0.56,0.05,-3.47,-3.69,-1.75,-1.06,1319.0,1310.0,1328.0,1311.0
0.07,1.75,0.14,-0.37,0.05,-3.47,-7.25,-2.0,1.56,1330.0,1322.0,1337.0,1319.0
0.07,1.94,0.14,-0.25,0.05,-3.49,-5.25,-1.0,-0.56,1333.0,1327.0,1340.0,1320.0
0.07,2.12,0.14,-0.25,0.05,-3.49,-1.31,2.25,-1.19,1334.0,1329.0,1338.0,1319.0
0.07,2.25,0.14,-0.19,-0.1,-3.46,-3.56,1.0,-3.62,1330.0,1328.0,1337.0,1325.0
0.07,2.5,0.14,-0.19,-0.1,-3.41,-7.87,-4.25,-2.19,1330.0,1330.0,1338.0,1322.0
0.07,2.87,0.14,-0.06,-0.1,-3.33,-10.94,-1.75,-4.06,1327.0,1332.0,1338.0,1323.0
0.07,3.56,0.14,-0.25,-0.1,-3.23,-10.19,4.62,-4.37,1329.0,1334.0,1338.0,1319.0
0.07,4.31,-0.07,0.0,-0.1,-3.1,-14.38,-8.63,-6.37,1321.0,1333.0,1344.0,1322.0
0.07,5.25,-0.14,0.19,-0.1,-2.92,-17.0,-7.69,-11.19,1314.0,1340.0,1342.0,1324.0
0.07,6.31,-0.28,0.37,0.05,-2.65,-24.12,0.94,-14.69,1310.0,1345.0,1341.0,1324.0
0.07,7.5,-0.28,-0.06,0.05,-2.27,-21.81,8.75,-15.81,1313.0,1356.0,1334.0,1318.0
-4.48,8.75,-0.49,0.19,-0.1,-1.86,-20.87,-12.88,-5.37,1306.0,1346.0,1351.0,1317.0
-16.03,9.44,0.14,0.5,-0.1,-1.46,-7.06,-3.19,-11.31,1300.0,1352.0,1348.0,1312.0
-24.15,9.5,0.14,0.5,-0.1,-1.0,3.19,-6.31,-15.31,1280.0,1347.0,1334.0,1300.0
-24.92,8.63,0.14,0.19,-0.1,-0.43,26.56,8.25,-18.94,1286.0,1338.0,1314.0,1311.0
-24.99,6.37,-0.07,0.19,-0.1,0.21,45.31,-2.06,-12.81,1291.0,1324.0,1309.0,1312.0
-24.43,3.12,-0.07,0.5,-0.1,0.88,82.0,-2.19,-16.19,1303.0,1310.0,1295.0,1328.0
-23.66,1.56,-0.07,-0.81,-0.1,1.67,-7.44,33.06,-37.56,1282.0,1366.0,1275.0,1306.0
-23.52,2.94,-0.07,-0.37,-0.1,2.59,-23.37,-28.69,-8.0,1262.0,1337.0,1329.0,1301.0
-22.12,3.69,-0.07,1.56,-0.1,3.39,-11.19,-44.06,-3.75,1257.0,1320.0,1339.0,1310.0
-18.41,2.62,-0.63,2.06,-0.1,4.14,41.0,8.44,-21.37,1282.0,1326.0,1292.0,1328.0
-15.19,1.0,-1.26,-0.25,-0.1,5.02,19.37,54.25,-32.44,1294.0,1353.0,1263.0,1318.0
-14.35,1.44,-1.12,-2.19,-0.1,6.04,-21.44,-1.31,-9.69,1274.0,1358.0,1292.0,1305.0
-12.95,2.19,-0.98,0.44,0.05,6.88,-9.13,-71.37,5.81,1255.0,1301.0,1347.0,1333.0
-13.65,2.19,-1.12,-0.37,0.05,8.71,42.06,-1.19,21.69,1322.0,1324.0,1315.0,1339.0
-13.65,1.44,-1.26,-1.0,-0.1,8.82,-6.25,19.81,0.94,1306.0,1357.0,1314.0,1325.0
-19.39,-8.13,0.91,2.06,-0.1,6.39,-8.44,7.06,-2.5,1338.0,1389.0,1357.0,1361.0
-17.15,-8.13,0.7,1.87,-0.1,6.5,5.81,0.94,-2.0,1343.0,1379.0,1353.0,1369.0
-8.61,-8.69,2.66,4.12,-0.1,6.9,-9.31,-14.81,-7.37,1346.0,1389.0,1368.0,1396.0
-5.04,-7.75,3.36,4.69,-0.1,7.07,-23.69,-7.94,-6.5,1347.0,1394.0,1368.0,1391.0
-1.19,-3.19,1.89,3.19,-0.1,7.66,-27.0,24.0,-6.31,1358.0,1412.0,1357.0,1377.0
-0.63,-1.75,1.05,1.94,-0.1,7.89,-28.94,24.94,-5.81,1361.0,1417.0,1360.0,1376.0
-0.49,-0.25,0.84,0.75,-0.1,8.11,-29.75,25.12,-4.75,1360.0,1422.0,1363.0,1375.0
-1.12,4.12,0.63,-2.06,-0.1,8.68,-27.5,20.31,-1.31,1361.0,1425.0,1371.0,1375.0
-4.76,5.31,0.63,-3.0,-0.1,8.79,-25.19,18.31,2.0,1360.0,1425.0,1375.0,1373.0
-9.73,9.06,3.57,-4.25,0.05,8.71,-26.44,-6.44,8.13,1351.0,1421.0,1393.0,1368.0
-14.98,10.13,7.35,-3.5,-0.1,8.55,-22.5,-20.12,8.75,1346.0,1419.0,1399.0,1368.0
-25.27,10.56,7.56,1.94,-0.1,7.87,16.06,-37.06,8.81,1330.0,1387.0,1395.0,1371.0
-25.48,9.38,6.79,3.56,-0.1,7.63,31.12,-32.94,7.37,1333.0,1382.0,1387.0,1373.0
-25.48,7.62,6.65,4.87,-0.1,7.41,37.0,-22.87,7.44,1339.0,1377.0,1376.0,1375.0
-24.43,1.75,3.57,4.75,-0.1,6.89,28.25,23.0,2.81,1357.0,1394.0,1355.0,1363.0
-20.37,0.56,0.35,3.0,-0.1,6.77,17.25,31.44,2.5,1358.0,1396.0,1352.0,1359.0
-34.86,-13.88,2.66,-1.31,-0.1,7.81,19.87,17.56,-5.31,1349.0,1400.0,1343.0,1364.0
-26.53,-14.56,0.14,-2.06,-0.1,8.09,10.38,16.94,-5.25,1350.0,1395.0,1341.0,1370.0
0.07,-12.88,0.35,-2.44,0.05,8.97,-33.19,-6.12,-4.06,1355.0,1396.0,1359.0,1394.0
2.1,-10.38,0.49,-1.94,0.05,9.2,-56.75,-10.25,-2.87,1343.0,1406.0,1374.0,1386.0
2.45,-0.88,0.63,0.56,0.05,9.62,-48.38,-12.56,0.19,1345.0,1415.0,1392.0,1395.0
1.75,1.06,0.49,0.62,0.05,9.67,-26.19,5.87,1.37,1360.0,1416.0,1381.0,1394.0
0.28,0.56,0.28,3.69,-0.1,9.86,2.25,-105.62,-7.06,1322.0,1365.0,1409.0,1467.0
0.28,1.0,0.28,8.38,-0.1,10.07,-17.75,-89.06,-3.31,1320.0,1371.0,1420.0,1452.0
-0.35,9.0,-1.68,4.87,0.05,10.31,-62.38,101.12,-3.94,1372.0,1483.0,1368.0,1346.0
-1.89,11.06,-5.53,-0.06,0.05,10.2,-34.0,94.94,-1.44,1386.0,1476.0,1358.0,1349.0
-8.33,10.38,-8.75,-2.37,-0.1,9.67,17.87,-47.5,2.75,1344.0,1391.0,1406.0,1426.0
-16.38,9.75,-3.64,1.0,0.05,9.58,7.37,-73.62,3.31,1325.0,1387.0,1423.0,1425.0
-23.8,11.13,0.28,4.56,-0.1,9.37,15.69,41.0,2.0,1324.0,1397.0,1342.0,1334.0
-20.72,8.94,0.14,2.25,-0.1,9.25,55.13,48.88,3.75,1308.0,1343.0,1275.0,1302.0
-19.11,-2.06,0.14,-0.13,-0.1,8.86,51.5,-18.94,5.56,1283.0,1290.0,1276.0,1320.0
-22.82,-3.69,0.14,1.62,-0.1,8.7,15.44,-33.0,4.94,1261.0,1293.0,1298.0,1316.0
-25.9,-3.31,0.91,3.37,-0.1,8.52,-18.19,-35.75,3.62,1240.0,1310.0,1317.0,1300.0
-27.3,-1.87,1.05,4.62,-0.1,8.3,-35.88,-20.5,3.19,1237.0,1326.0,1325.0,1292.0
-27.86,-0.25,0.98,5.12,-0.1,8.06,-19.81,2.81,3.87,1260.0,1342.0,1325.0,1293.0
-27.86,-0.06,0.91,4.5,-0.1,7.81,12.94,19.44,3.56,1296.0,1363.0,1328.0,1312.0
-27.86,-1.56,1.05,3.25,-0.1,7.6,45.56,27.44,3.5,1332.0,1365.0,1320.0,1336.0
-30.59,-4.87,2.66,1.87,-0.1,7.45,82.12,29.25,1.62,1352.0,1354.0,1305.0,1353.0
-31.15,-10.19,3.36,0.56,-0.1,7.39,95.0,23.5,-1.69,1372.0,1358.0,1308.0,1377.0
-29.89,-14.38,2.03,0.06,-0.1,7.42,77.31,7.5,-3.62,1375.0,1368.0,1324.0,1396.0
-27.09,-17.0,0.7,0.06,-0.1,7.53,35.44,0.06,-5.19,1361.0,1375.0,1338.0,1394.0
-24.92,-17.31,0.49,0.25,-0.1,7.69,-12.31,-2.37,-7.25,1344.0,1396.0,1358.0,1382.0
-19.39,-15.56,0.35,0.5,-0.1,7.88,-50.13,-2.87,-8.75,1339.0,1419.0,1381.0,1383.0
-16.24,-11.88,0.28,0.81,0.05,8.11,-66.94,-2.31,-9.19,1331.0,1431.0,1392.0,1378.0
-10.43,-8.81,0.14,0.94,0.05,8.35,-54.44,-2.44,-8.69,1338.0,1430.0,1388.0,1384.0
-8.4,-6.94,0.14,1.12,0.05,8.62,-12.56,-4.56,-5.56,1354.0,1417.0,1380.0,1397.0
-4.69,-0.75,0.14,-1.25,0.05,8.92,-303.87,92.75,-62.19,1308.0,1545.0,1396.0,1303.0
-4.48,10.63,0.14,0.0,-0.1,9.73,-127.0,-62.06,-13.0,1245.0,1484.0,1459.0,1368.0
-4.27,10.13,0.14,6.81,0.05,10.53,65.06,-156.94,5.31,1304.0,1334.0,1444.0,1474.0
-3.57,2.56,0.14,15.0,-0.1,11.35,158.87,-135.87,4.56,1359.0,1282.0,1389.0,1532.0
-3.57,-5.06,0.14,18.06,-0.1,12.29,158.06,-20.5,-3.87,1392.0,1309.0,1317.0,1499.0
-3.57,-10.0,0.14,16.0,-0.1,13.42,70.12,89.81,-5.0,1373.0,1347.0,1249.0,1390.0
-3.36,-8.88,0.14,7.81,0.05,14.54,-57.81,157.44,-3.62,1233.0,1310.0,1131.0,1175.0
-3.36,-2.06,0.14,0.06,-0.1,15.5,-175.37,142.0,-6.37,1000.0,1165.0,1000.0,1000.0
-2.66,7.62,0.14,-4.81,-0.1,16.29,-210.75,74.44,-5.44,1000.0,1165.0,1015.0,1000.0
-2.66,18.5,0.14,-7.81,-0.1,16.95,-231.75,54.56,-10.06,1000.0,1176.0,1041.0,1000.0
-2.45,33.31,0.14,-11.38,-0.1,17.63,-266.12,41.69,-14.13,1000.0,1196.0,1060.0,1000.0
-1.89,46.69,0.14,-15.44,-0.1,18.35,-289.25,33.5,-8.38,1000.0,1219.0,1080.0,1000.0
-1.47,53.13,0.14,10.19,-0.1,19.31,391.87,-51.56,218.25,1195.0,1000.0,1032.0,1049.0
-1.33,29.75,0.14,2.0,-0.1,18.23,509.06,90.12,-7.94,1166.0,1000.0,1000.0,1126.0
-1.05,17.12,0.14,7.0,0.05,16.07,-198.69,-14.31,-10.25,1000.0,1132.0,1101.0,1000.0
-1.05,25.44,0.14,6.62,0.05,15.51,-118.94,42.94,7.19,1000.0,1103.0,1029.0,1000.0
0.14,1.75,0.14,-0.19,-0.1,-1.06,-0.06,0.0,-0.13,1012.0,1012.0,1014.0,1009.0
0.14,1.75,0.14,-0.19,0.05,-1.06,0.25,0.0,0.0,1013.0,1012.0,1015.0,1009.0
0.14,1.75,0.14,-0.19,-0.1,-1.06,0.13,0.0,-0.19,1012.0,1012.0,1014.0,1009.0
0.14,1.69,0.14,-0.19,-0.1,-1.06,0.44,0.06,-0.69,1012.0,1012.0,1014.0,1011.0
0.14,1.69,0.14,-0.19,0.05,-1.06,0.44,-0.37,-1.5,1012.0,1012.0,1014.0,1010.0
0.14,2.25,0.14,-0.75,0.05,-1.05,-15.0,16.44,5.56,1016.0,1016.0,1015.0,1000.0
0.14,4.12,0.14,-2.19,0.05,-1.18,-49.44,37.38,18.25,1020.0,1038.0,1029.0,1000.0
0.14,16.62,0.14,-11.94,-0.1,-2.83,-87.12,79.5,-3.62,1011.0,1097.0,1018.0,1000.0
0.14,21.12,0.14,-16.44,-0.1,-3.32,-97.62,75.75,-12.5,1004.0,1114.0,1014.0,1000.0
0.14,25.56,0.14,-19.25,-0.1,-3.92,16.31,-9.5,-8.0,1009.0,1032.0,1019.0,1000.0
0.14,24.44,0.14,-19.25,0.05,-3.93,23.75,7.19,-4.5,1021.0,1031.0,1011.0,1000.0
0.14,22.87,0.14,-19.62,0.05,-3.97,31.37,10.69,7.37,1034.0,1025.0,1010.0,1000.0
0.14,20.37,0.14,-15.31,-0.1,-5.99,31.94,-49.81,67.25,1054.0,1000.0,1076.0,1000.0
0.14,19.69,0.14,-10.13,-0.1,-7.67,20.75,-62.81,88.0,1057.0,1000.0,1107.0,1000.0
0.14,12.06,0.14,6.75,0.05,-16.23,53.06,-86.12,117.75,1090.0,1000.0,1148.0,1000.0
0.14,8.13,0.14,12.13,0.05,-20.05,53.63,-92.06,130.5,1104.0,1000.0,1169.0,1000.0
0.14,-1.62,-0.07,22.31,0.05,-33.64,-6.62,-37.81,91.62,1106.0,1000.0,1170.0,1000.0
0.14,-2.25,0.14,23.69,0.05,-38.27,-23.37,-32.19,64.12,1092.0,1000.0,1165.0,1000.0
0.14,-2.37,0.14,25.25,-0.1,-42.62,-28.25,-38.38,47.19,1082.0,1000.0,1166.0,1000.0
0.14,-1.94,0.14,27.5,-0.1,-46.64,-32.81,-41.31,33.69,1074.0,1000.0,1170.0,1000.0
0.14,-1.31,0.14,29.12,-0.1,-50.22,-35.31,-28.37,25.12,1077.0,1000.0,1169.0,1000.0
0.14,-0.75,0.14,30.19,-0.1,-53.42,-13.63,-17.25,20.5,1090.0,1000.0,1160.0,1000.0
0.14,-1.19,0.14,30.56,0.05,-56.14,7.37,2.69,13.06,1107.0,1000.0,1147.0,1000.0
0.14,-1.81,0.14,28.69,0.05,-58.26,15.19,50.19,0.37,1127.0,1000.0,1116.0,1000.0
0.14,-3.0,0.14,25.81,0.05,-59.8,34.13,68.25,-0.31,1149.0,1000.0,1098.0,1000.0
0.14,-4.62,0.14,22.06,0.05,-60.8,40.94,82.44,0.0,1165.0,1000.0,1086.0,1000.0
0.14,-6.69,0.14,18.06,0.05,-61.44,40.94,88.81,7.62,1180.0,1000.0,1084.0,1000.0
0.14,-8.94,0.14,12.88,0.05,-61.88,34.38,86.5,18.06,1189.0,1000.0,1092.0,1000.0
0.14,-10.63,0.14,9.19,0.05,-62.32,25.94,66.44,29.19,1190.0,1000.0,1104.0,1000.0
0.14,-11.88,0.14,6.25,0.05,-62.87,12.94,48.06,31.25,1186.0,1000.0,1118.0,1000.0
0.14,-12.19,0.14,3.87,0.05,-63.6,-8.38,39.56,29.75,1175.0,1000.0,1128.0,1000.0
0.14,-11.19,0.14,1.75,0.05,-64.45,-36.5,32.88,33.56,1165.0,1000.0,1145.0,1000.0
0.14,-8.63,0.14,0.19,0.05,-65.5,-50.75,14.5,35.0,1154.0,1000.0,1163.0,1000.0
0.14,-6.06,0.14,0.0,0.05,-66.68,-59.44,-7.12,25.94,1135.0,1000.0,1174.0,1000.0
0.14,-2.69,0.14,0.31,0.05,-67.9,-78.75,-10.31,24.69,1125.0,1000.0,1188.0,1000.0
0.14,1.94,0.14,1.12,0.05,-69.15,-82.19,-15.81,16.62,1115.0,1000.0,1194.0,1000.0
0.14,5.44,0.14,2.31,0.05,-70.31,-69.25,-25.94,4.44,1104.0,1000.0,1192.0,1000.0
0.14,8.5,0.14,3.62,0.05,-71.25,-63.56,-23.56,-1.5,1101.0,1000.0,1188.0,1000.0
0.14,12.0,0.14,4.5,0.05,-71.97,-57.56,-12.06,-7.56,1102.0,1000.0,1184.0,1000.0
0.14,14.44,0.14,4.81,0.05,-72.45,-42.06,-7.12,-10.81,1107.0,1000.0,1175.0,1000.0
0.14,16.31,0.14,5.0,0.05,-72.7,-25.5,-4.69,-14.44,1110.0,1000.0,1168.0,1000.0
0.14,20.44,0.14,0.5,-0.1,-71.94,-3.87,16.5,-10.25,1130.0,1000.0,1151.0,1000.0
0.14,20.37,0.14,-0.62,0.05,-71.56,5.06,18.19,-20.0,1129.0,1000.0,1139.0,1000.0
0.14,20.31,0.14,-2.06,0.05,-71.0,3.87,22.31,-24.5,1127.0,1000.0,1133.0,1000.0
0.14,20.31,0.14,-3.69,0.05,-70.34,-3.81,27.37,-21.94,1127.0,1000.0,1131.0,1000.0
0.14,20.44,0.14,-5.56,0.05,-69.61,-1.06,24.69,-21.12,1128.0,1000.0,1129.0,1000.0
0.14,20.37,0.14,-7.12,-0.1,-68.85,3.37,22.56,-25.06,1126.0,1000.0,1124.0,1000.0
0.14,20.06,0.14,-8.69,0.05,-67.99,2.62,21.81,-31.12,1122.0,1000.0,1118.0,1000.0
0.14,19.75,0.14,-10.19,-0.1,-66.99,3.31,16.5,-33.0,1117.0,1000.0,1114.0,1000.0
0.14,17.31,0.14,-22.62,0.05,-51.76,3.56,23.69,-24.25,1108.0,1000.0,1080.0,1000.0
0.14,16.69,0.14,-23.75,0.05,-50.86,4.0,12.63,-24.81,1102.0,1000.0,1078.0,1000.0
0.14,16.37,0.14,-24.69,0.05,-49.9,-3.87,7.75,-19.37,1100.0,1000.0,1086.0,1000.0
0.14,9.81,0.14,-8.56,0.05,-48.49,33.44,-6.69,0.5,1115.0,1000.0,1097.0,1000.0
0.14,8.56,0.14,-8.69,0.05,-48.89,17.5,12.69,0.75,1117.0,1000.0,1094.0,1000.0
0.14,8.31,0.14,-10.44,-0.1,-49.26,-2.62,41.44,7.75,1125.0,1000.0,1093.0,1000.0
0.14,-0.62,0.14,-3.31,-0.1,-50.02,-0.19,10.06,2.06,1116.0,1000.0,1102.0,1000.0
0.14,-0.13,0.14,-2.75,0.05,-49.84,-0.75,-0.13,0.13,1110.0,1000.0,1106.0,1000.0
0.14,-0.06,0.14,-2.69,-0.1,-49.81,0.25,0.13,0.13,1110.0,1000.0,1105.0,1000.0
0.14,0.31,0.14,-2.31,0.05,-49.39,0.0,-0.06,0.0,1108.0,1000.0,1105.0,1000.0
0.14,0.31,0.14,-2.31,-0.1,-49.33,0.06,0.0,0.19,1108.0,1000.0,1105.0,1000.0
0.14,0.37,0.14,-2.25,-0.1,-49.28,0.13,0.0,-0.06,1108.0,1000.0,1105.0,1000.0
0.14,0.37,0.14,-2.25,-0.1,-49.25,0.06,-0.06,-0.13,1108.0,1000.0,1105.0,1000.0
0.14,0.37,0.14,-2.19,-0.1,-49.22,0.06,0.06,-0.06,1108.0,1000.0,1105.0,1000.0
0.14,0.44,0.14,-2.19,-0.1,-49.2,0.13,0.13,0.19,1107.0,1000.0,1105.0,1000.0
0.14,0.44,0.14,-2.19,-0.1,-49.18,-0.06,0.0,0.13,1107.0,1000.0,1105.0,1000.0
0.14,0.5,0.14,-2.12,0.05,-49.17,0.19,0.0,0.06,1108.0,1000.0,1105.0,1000.0
0.14,0.5,0.14,-2.12,0.05,-49.16,-0.06,-0.06,0.06,1108.0,1000.0,1105.0,1000.0
0.14,0.5,0.14,-2.12,0.05,-49.15,0.06,0.06,0.0,1107.0,1000.0,1105.0,1000.0
0.14,0.5,0.14,-2.06,0.05,-49.15,0.13,0.13,-0.13,1108.0,1000.0,1105.0,1000.0
0.14,0.5,0.14,-2.06,-0.1,-49.14,-0.06,0.06,0.19,1107.0,1000.0,1105.0,1000.0
0.14,0.5,0.14,-2.06,-0.1,-49.14,0.0,-0.06,0.0,1107.0,1000.0,1105.0,1000.0
0.14,0.5,0.14,-2.0,-0.1,-49.13,0.0,-0.06,0.13,1107.0,1000.0,1105.0,1000.0
0.14,0.56,0.14,-2.0,-0.1,-49.13,0.19,0.0,0.13,1107.0,1000.0,1105.0,1000.0
0.14,0.56,0.14,-2.0,-0.1,-49.13,0.06,0.06,0.13,1107.0,1000.0,1105.0,1000.0
0.14,0.56,0.14,-2.0,-0.1,-49.11,0.06,0.06,0.06,1107.0,1000.0,1105.0,1000.0
0.14,0.56,0.14,-1.94,-0.1,-49.03,-0.06,0.0,0.13,1107.0,1000.0,1105.0,1000.0
0.14,0.62,0.14,-1.94,0.05,-48.95,-0.13,0.0,0.0,1107.0,1000.0,1105.0,1000.0
0.14,0.62,0.14,-1.94,0.05,-48.88,-0.13,0.13,0.0,1107.0,1000.0,1105.0,1000.0
0.14,0.62,0.14,-1.94,0.05,-48.82,0.19,0.06,0.06,1107.0,1000.0,1104.0,1000.0
0.14,0.69,0.14,-1.87,-0.1,-48.63,0.0,0.0,0.06,1106.0,1000.0,1104.0,1000.0
0.14,0.69,0.14,-1.87,0.05,-48.31,0.25,-0.13,0.0,1106.0,1000.0,1104.0,1000.0
0.14,0.69,0.14,-1.87,0.05,-48.24,0.06,-0.06,-0.19,1106.0,1000.0,1104.0,1000.0
0.14,0.69,0.14,-1.87,0.05,-47.96,0.13,0.06,-0.13,1105.0,1000.0,1103.0,1000.0
0.14,0.69,0.14,-1.87,-0.1,-47.94,0.0,-0.13,0.06,1105.0,1000.0,1103.0,1000.0
0.14,0.69,0.14,-1.87,0.05,-47.92,0.0,0.06,-0.06,1105.0,1000.0,1103.0,1000.0
0.14,0.75,-0.07,-1.87,0.05,-47.87,1.19,0.31,0.25,1110.0,1000.0,1108.0,1000.0
0.14,0.75,-0.07,-1.87,-0.1,-47.87,1.19,-0.31,-0.13,1108.0,1000.0,1108.0,1000.0
0.14,0.75,-0.07,-1.87,0.05,-47.87,0.88,-0.06,-0.19,1112.0,1000.0,1112.0,1000.0
0.14,0.75,-0.07,-1.87,-0.1,-47.87,-1.44,0.06,-0.31,1112.0,1000.0,1111.0,1000.0
0.14,0.81,-0.07,-1.81,0.05,-47.87,0.0,0.13,0.06,1110.0,1000.0,1108.0,1000.0
0.14,0.81,-0.07,-1.81,0.05,-47.87,0.25,-0.06,0.13,1110.0,1000.0,1108.0,1000.0
0.14,0.81,-0.07,-1.81,-0.1,-47.87,-0.06,0.0,0.0,1112.0,1000.0,1111.0,1000.0
0.14,0.81,-0.07,-1.81,0.05,-47.87,0.13,0.0,0.13,1113.0,1000.0,1111.0,1000.0
0.14,0.81,-0.07,-1.81,0.05,-47.87,-0.56,0.31,-0.37,1110.0,1000.0,1108.0,1000.0
0.14,0.81,-0.07,-1.81,0.05,-47.87,-0.31,0.44,-0.19,1113.0,1000.0,1111.0,1000.0
0.14,0.81,-0.07,-1.81,0.05,-47.87,0.25,-0.31,-0.06,1113.0,1000.0,1111.0,1000.0
0.14,0.81,-0.07,-1.81,-0.1,-47.87,0.44,0.31,0.31,1112.0,1000.0,1111.0,1000.0
0.14,0.81,-0.07,-1.81,-0.1,-47.87,-0.19,0.06,0.25,1112.0,1000.0,1111.0,1000.0
0.14,0.81,-0.07,-1.81,0.05,-47.87,-0.25,-0.06,0.06,1112.0,1000.0,1111.0,1000.0
0.14,0.81,-0.07,-1.81,-0.1,-47.88,0.0,-0.19,0.5,1113.0,1000.0,1112.0,1000.0
0.14,0.81,-0.07,-1.81,-0.1,-47.88,-0.25,0.06,0.88,1110.0,1000.0,1109.0,1000.0
0.14,0.81,-0.07,-1.81,-0.1,-47.88,0.25,-0.19,0.44,1112.0,1000.0,1111.0,1000.0
0.14,0.81,-0.07,-1.81,0.05,-47.88,0.56,-0.62,0.06,1112.0,1000.0,1111.0,1000.0
0.14,0.81,-0.07,-1.81,-0.1,-47.88,0.75,1.12,0.31,1112.0,1000.0,1111.0,1000.0
0.14,0.88,-0.07,-1.81,-0.1,-47.88,-0.44,0.44,-0.5,1112.0,1000.0,1111.0,1000.0
0.14,0.88,-0.07,-1.81,-0.1,-47.88,-0.31,-0.25,-0.13,1110.0,1000.0,1108.0,1000.0
0.14,0.88,-0.07,-1.81,-0.1,-47.88,-0.06,0.31,-0.06,1113.0,1000.0,1111.0,1000.0
0.14,1.06,-0.07,-1.56,0.05,-47.88,0.31,-0.13,0.06,1107.0,1000.0,1107.0,1000.0
0.14,1.06,-0.07,-1.56,0.05,-47.88,0.0,0.0,0.13,1107.0,1000.0,1107.0,1000.0
0.14,1.06,-0.07,-1.56,-0.1,-47.88,0.0,0.0,0.0,1107.0,1000.0,1106.0,1000.0
0.14,1.06,-0.07,-1.56,0.05,-47.88,-0.06,-0.06,-0.06,1107.0,1000.0,1107.0,1000.0
0.14,1.06,-0.07,-1.56,-0.1,-47.88,0.06,0.06,-0.13,1107.0,1000.0,1106.0,1000.0
0.14,1.06,-0.07,-1.56,-0.1,-47.88,-0.06,0.0,0.06,1107.0,1000.0,1106.0,1000.0
0.14,1.06,-0.07,-1.56,-0.1,-47.88,-0.06,0.0,-0.06,1107.0,1000.0,1106.0,1000.0
0.14,1.06,-0.07,-1.56,-0.1,-47.88,0.19,0.0,0.0,1107.0,1000.0,1106.0,1000.0
0.14,1.06,-0.07,-1.56,0.05,-47.88,-0.13,-0.06,-0.13,1107.0,1000.0,1107.0,1000.0
0.14,1.06,-0.07,-1.56,0.05,-47.88,0.0,0.06,0.0,1107.0,1000.0,1107.0,1000.0
0.14,1.06,-0.07,-1.56,-0.1,-47.88,-0.13,0.06,0.0,1107.0,1000.0,1106.0,1000.0
0.14,1.06,-0.07,-1.56,-0.1,-47.88,0.0,0.06,-0.13,1107.0,1000.0,1106.0,1000.0
0.14,1.06,-0.07,-1.56,0.05,-47.88,-0.06,-0.06,-0.06,1107.0,1000.0,1107.0,1000.0
0.14,1.06,-0.07,-1.56,0.05,-47.88,-0.06,0.0,0.06,1107.0,1000.0,1107.0,1000.0
0.14,1.06,-0.07,-1.56,-0.1,-47.88,-0.13,-0.13,0.0,1107.0,1000.0,1106.0,1000.0
0.14,1.06,-0.07,-1.56,0.05,-47.88,-0.06,-0.19,0.0,1107.0,1000.0,1107.0,1000.0
0.14,1.06,-0.07,-1.56,-0.1,-47.88,0.0,-0.06,-0.06,1107.0,1000.0,1106.0,1000.0
0.14,1.06,0.14,-1.56,-0.1,-47.88,0.13,-0.06,0.0,1107.0,1000.0,1106.0,1000.0
0.14,1.06,0.14,-1.56,-0.1,-47.88,-0.06,-0.13,0.13,1107.0,1000.0,1106.0,1000.0
0.14,1.06,0.14,-1.56,0.05,-47.88,-0.19,-0.13,0.13,1107.0,1000.0,1107.0,1000.0
0.14,1.06,0.14,-1.56,-0.1,-47.88,0.0,-0.06,0.06,1107.0,1000.0,1106.0,1000.0
0.14,1.06,0.14,-1.56,-0.1,-47.88,-0.13,-0.06,0.19,1107.0,1000.0,1106.0,1000.0
0.14,1.06,0.14,-1.56,-0.1,-47.88,0.0,-0.19,0.13,1107.0,1000.0,1106.0,1000.0
0.14,1.06,-0.07,-1.56,-0.1,-47.88,-0.06,-0.06,0.0,1107.0,1000.0,1106.0,1000.0
0.14,1.06,0.14,-1.56,-0.1,-47.88,-0.19,0.06,0.06,1107.0,1000.0,1106.0,1000.0
0.14,1.06,-0.07,-1.56,-0.1,-47.88,0.13,-0.06,0.06,1107.0,1000.0,1106.0,1000.0
0.14,1.06,0.14,-1.56,-0.1,-47.88,0.25,0.06,0.19,1107.0,1000.0,1106.0,1000.0
0.14,1.06,-0.07,-1.56,-0.1,-47.88,0.13,-0.06,0.0,1107.0,1000.0,1106.0,1000.0
0.14,1.06,-0.07,-1.56,0.05,-47.88,0.13,-0.06,-0.06,1107.0,1000.0,1106.0,1000.0
0.14,1.06,0.14,-1.56,-0.1,-47.88,0.0,0.13,-0.06,1107.0,1000.0,1106.0,1000.0
0.14,1.06,-0.07,-1.56,-0.1,-47.88,-0.06,0.06,0.0,1107.0,1000.0,1106.0,1000.0
0.14,1.06,-0.07,-1.56,-0.1,-47.88,0.06,0.06,0.06,1107.0,1000.0,1106.0,1000.0
0.14,1.06,-0.07,-1.56,-0.1,-47.88,0.0,-0.06,0.0,1107.0,1000.0,1106.0,1000.0
0.14,1.06,-0.07,-1.56,0.05,-47.88,0.13,0.06,0.0,1107.0,1000.0,1107.0,1000.0
0.14,1.06,0.14,-1.56,-0.1,-47.88,-0.13,-0.13,0.06,1107.0,1000.0,1106.0,1000.0
0.14,1.06,-0.07,-1.56,-0.1,-47.88,0.13,-0.06,0.06,1107.0,1000.0,1106.0,1000.0
0.14,1.06,-0.07,-1.56,-0.1,-47.88,-0.06,-0.25,0.0,1107.0,1000.0,1106.0,1000.0
0.14,1.06,0.14,-1.56,-0.1,-47.88,0.06,-0.06,0.06,1107.0,1000.0,1106.0,1000.0
0.14,1.06,-0.07,-1.56,-0.1,-47.88,0.06,-0.06,0.0,1107.0,1000.0,1106.0,1000.0
0.14,1.06,-0.07,-1.56,-0.1,-47.88,0.13,0.0,0.06,1107.0,1000.0,1106.0,1000.0
0.14,1.06,0.14,-1.56,-0.1,-47.88,-0.13,0.06,-0.13,1107.0,1000.0,1106.0,1000.0
0.14,1.06,0.14,-1.56,-0.1,-47.88,0.13,-0.06,0.0,1107.0,1000.0,1106.0,1000.0
0.14,1.06,-0.07,-1.56,-0.1,-47.88,0.0,0.0,0.06,1107.0,1000.0,1106.0,1000.0
0.14,1.06,-0.07,-1.56,-0.1,-47.88,0.13,0.0,-0.06,1107.0,1000.0,1106.0,1000.0
0.14,1.06,0.14,-1.56,-0.1,-47.88,-0.06,0.06,0.25,1107.0,1000.0,1106.0,1000.0
0.14,1.06,0.14,-1.56,-0.1,-47.88,-0.13,-0.13,0.13,1107.0,1000.0,1106.0,1000.0
0.14,1.06,-0.07,-1.56,-0.1,-47.88,-0.06,0.13,0.0,1107.0,1000.0,1106.0,1000.0
0.14,1.06,0.14,-1.56,-0.1,-47.88,0.06,0.0,0.06,1107.0,1000.0,1106.0,1000.0
0.14,1.06,-0.07,-1.56,-0.1,-47.88,-0.25,0.13,0.0,1107.0,1000.0,1106.0,1000.0
0.14,1.06,-0.07,-1.56,0.05,-47.88,0.0,-0.13,-0.13,1107.0,1000.0,1107.0,1000.0
0.14,1.06,-0.07,-1.56,0.05,-47.88,0.19,0.06,0.0,1107.0,1000.0,1107.0,1000.0
0.14,1.06,-0.07,-1.56,-0.1,-47.88,0.19,0.13,0.19,1107.0,1000.0,1106.0,1000.0
0.14,1.06,-0.07,-1.56,-0.1,-47.88,-0.13,0.06,-0.13,1107.0,1000.0,1106.0,1000.0
0.14,1.06,0.14,-1.56,0.05,-47.88,0.06,0.0,0.0,1107.0,1000.0,1106.0,1000.0
0.14,1.06,-0.07,-1.56,-0.1,-47.88,-0.06,0.0,-0.13,1107.0,1000.0,1106.0,1000.0
0.14,1.06,-0.07,-1.56,-0.1,-47.88,-0.06,0.0,-0.06,1107.0,1000.0,1106.0,1000.0
0.14,1.06,-0.07,-1.56,-0.1,-47.88,-0.06,0.06,0.06,1107.0,1000.0,1106.0,1000.0
0.14,1.06,-0.07,-1.56,0.05,-47.88,-0.13,0.13,0.0,1107.0,1000.0,1106.0,1000.0
0.14,1.06,-0.07,-1.56,-0.1,-47.88,0.0,0.06,0.0,1107.0,1000.0,1106.0,1000.0
0.14,1.06,-0.07,-1.56,-0.1,-47.88,0.19,0.0,-0.13,1107.0,1000.0,1106.0,1000.0
0.14,1.06,-0.07,-1.56,-0.1,-47.88,0.13,0.0,0.0,1107.0,1000.0,1106.0,1000.0
0.14,1.06,-0.07,-1.56,0.05,-47.88,-0.13,0.0,0.06,1107.0,1000.0,1107.0,1000.0
0.14,1.06,-0.07,-1.56,-0.1,-47.88,0.06,0.0,-0.06,1107.0,1000.0,1106.0,1000.0
0.14,1.06,-0.07,-1.56,-0.1,-47.88,0.13,0.13,0.13,1107.0,1000.0,1106.0,1000.0
0.14,1.06,-0.07,-1.56,-0.1,-47.88,0.0,0.06,0.0,1107.0,1000.0,1106.0,1000.0
0.14,1.06,-0.07,-1.56,-0.1,-47.88,0.0,0.06,0.13,1107.0,1000.0,1106.0,1000.0
0.14,1.06,-0.07,-1.56,-0.1,-47.88,0.13,0.06,0.19,1107.0,1000.0,1106.0,1000.0
0.14,1.06,-0.07,-1.56,-0.1,-47.88,-0.19,0.0,-0.06,1107.0,1000.0,1106.0,1000.0
0.14,1.06,0.14,-1.56,0.05,-47.88,0.13,0.06,0.06,1107.0,1000.0,1106.0,1000.0
0.14,1.06,0.14,-1.56,0.05,-47.88,0.06,-0.06,0.0,1107.0,1000.0,1106.0,1000.0
0.14,1.06,-0.07,-1.56,-0.1,-47.88,-0.06,0.0,-0.19,1107.0,1000.0,1106.0,1000.0
0.14,1.06,-0.07,-1.56,-0.1,-47.88,0.06,-0.13,-0.06,1107.0,1000.0,1106.0,1000.0
0.14,1.06,0.14,-1.56,0.05,-47.88,-0.13,-0.06,0.06,1107.0,1000.0,1107.0,1000.0
0.14,1.06,-0.07,-1.56,0.05,-47.88,0.13,0.0,-0.06,1107.0,1000.0,1107.0,1000.0
0.14,1.06,0.14,-1.56,0.05,-47.88,0.0,0.0,0.0,1107.0,1000.0,1106.0,1000.0
0.14,1.06,-0.07,-1.56,-0.1,-47.88,-0.13,0.06,0.13,1107.0,1000.0,1106.0,1000.0
0.14,1.06,0.14,-1.56,-0.1,-47.88,-0.19,0.06,0.06,1107.0,1000.0,1106.0,1000.0
0.14,1.06,0.14,-1.56,-0.1,-47.88,0.06,0.06,0.0,1107.0,1000.0,1106.0,1000.0
0.14,1.06,0.14,-1.56,0.05,-47.88,-0.19,0.0,-0.13,1107.0,1000.0,1106.0,1000.0
0.14,1.06,0.14,-1.56,-0.1,-47.88,-0.13,0.0,0.06,1107.0,1000.0,1106.0,1000.0
0.14,1.06,-0.07,-1.56,-0.1,-47.88,-0.06,0.06,0.13,1107.0,1000.0,1106.0,1000.0
0.14,1.06,0.14,-1.56,0.05,-47.88,0.13,-0.06,-0.13,1107.0,1000.0,1106.0,1000.0
0.14,1.06,0.14,-1.56,-0.1,-47.88,0.19,-0.13,0.0,1107.0,1000.0,1106.0,1000.0
0.14,1.06,0.14,-1.56,-0.1,-47.88,0.06,0.06,0.13,1107.0,1000.0,1106.0,1000.0
0.14,1.06,-0.07,-1.56,-0.1,-47.88,0.19,0.0,-0.06,1107.0,1000.0,1106.0,1000.0
0.14,1.06,-0.07,-1.56,-0.1,-47.88,0.13,0.06,-0.13,1107.0,1000.0,1106.0,1000.0
0.14,1.06,-0.07,-1.56,-0.1,-47.88,0.0,0.06,0.06,1107.0,1000.0,1106.0,1000.0
0.14,1.06,-0.07,-1.56,-0.1,-47.88,0.13,0.0,-0.06,1107.0,1000.0,1106.0,1000.0
0.14,1.06,-0.07,-1.56,0.05,-47.88,-0.06,0.0,-0.13,1107.0,1000.0,1106.0,1000.0
0.14,1.06,-0.07,-1.56,0.05,-47.88,0.06,0.0,-0.06,1107.0,1000.0,1106.0,1000.0
0.14,1.06,-0.07,-1.56,0.05,-47.88,0.06,0.06,0.0,1107.0,1000.0,1107.0,1000.0
0.14,1.06,-0.07,-1.56,0.05,-47.88,-0.06,-0.06,0.06,1107.0,1000.0,1106.0,1000.0
0.14,1.06,-0.07,-1.56,-0.1,-47.88,0.13,0.0,0.0,1107.0,1000.0,1106.0,1000.0
0.14,1.06,-0.07,-1.56,-0.1,-47.88,0.06,0.06,0.06,1107.0,1000.0,1106.0,1000.0
0.14,1.06,-0.07,-1.56,-0.1,-47.88,-0.13,-0.06,0.06,1107.0,1000.0,1106.0,1000.0
0.14,1.06,-0.07,-1.56,0.05,-47.88,-0.13,-0.13,0.06,1107.0,1000.0,1107.0,1000.0
0.14,1.06,-0.07,-1.56,-0.1,-47.88,0.0,-0.06,0.06,1107.0,1000.0,1106.0,1000.0
0.14,1.06,-0.07,-1.56,-0.1,-47.88,-0.25,0.06,-0.13,1107.0,1000.0,1106.0,1000.0
0.14,1.06,-0.07,-1.56,-0.1,-47.88,0.06,-0.06,-0.06,1107.0,1000.0,1106.0,1000.0
0.14,1.06,-0.07,-1.56,-0.1,-47.88,0.0,0.06,0.0,1107.0,1000.0,1106.0,1000.0
0.14,1.06,-0.07,-1.56,-0.1,-47.88,-0.06,0.06,-0.06,1107.0,1000.0,1106.0,1000.0
0.14,1.06,0.14,-1.56,-0.1,-47.88,-0.13,0.06,-0.13,1107.0,1000.0,1106.0,1000.0
0.14,1.06,-0.07,-1.56,-0.1,-47.88,0.13,-0.06,0.06,1107.0,1000.0,1106.0,1000.0
0.14,1.06,0.14,-1.56,0.05,-47.88,0.0,0.0,0.06,1107.0,1000.0,1106.0,1000.0
0.14,1.06,0.14,-1.56,-0.1,-47.88,0.06,0.06,0.0,1107.0,1000.0,1106.0,1000.0
0.14,1.06,-0.07,-1.56,-0.1,-47.88,-0.06,0.13,-0.06,1107.0,1000.0,1106.0,1000.0
0.14,1.06,-0.07,-1.56,-0.1,-47.88,-0.06,-0.06,0.06,1107.0,1000.0,1106.0,1000.0
0.14,1.06,-0.07,-1.56,-0.1,-47.88,0.06,-0.06,0.13,1107.0,1000.0,1106.0,1000.0
0.14,1.06,-0.07,-1.56,0.05,-47.88,-0.31,0.06,-0.13,1107.0,1000.0,1107.0,1000.0
0.14,1.06,-0.07,-1.56,-0.1,-47.88,0.06,0.06,-0.25,1107.0,1000.0,1106.0,1000.0
0.14,1.06,-0.07,-1.56,-0.1,-47.88,0.13,0.0,-0.06,1107.0,1000.0,1106.0,1000.0
0.14,1.06,-0.07,-1.56,-0.1,-47.88,0.06,0.0,-0.13,1107.0,1000.0,1106.0,1000.0
0.14,1.06,-0.07,-1.56,-0.1,-47.88,0.0,0.13,-0.13,1107.0,1000.0,1106.0,1000.0
0.14,1.06,0.14,-1.56,-0.1,-47.88,0.31,0.0,0.0,1107.0,1000.0,1106.0,1000.0
0.14,1.06,-0.07,-1.56,-0.1,-47.88,0.25,0.0,0.06,1107.0,1000.0,1106.0,1000.0
0.14,1.06,-0.07,-1.56,-0.1,-47.88,0.06,-0.06,0.0,1107.0,1000.0,1106.0,1000.0
0.14,1.06,-0.07,-1.56,-0.1,-47.88,0.19,-0.06,0.06,1107.0,1000.0,1106.0,1000.0
0.14,1.06,0.14,-1.56,-0.1,-47.88,0.06,0.0,0.06,1107.0,1000.0,1106.0,1000.0
0.14,1.06,0.14,-1.56,-0.1,-47.88,-0.13,0.06,0.13,1107.0,1000.0,1106.0,1000.0
0.14,1.06,-0.07,-1.56,-0.1,-47.88,-0.13,0.0,-0.06,1107.0,1000.0,1106.0,1000.0
0.14,1.06,-0.07,-1.56,-0.1,-47.88,0.06,0.06,-0.13,1107.0,1000.0,1106.0,1000.0
0.14,1.06,0.14,-1.56,-0.1,-47.88,-0.06,0.13,0.06,1107.0,1000.0,1106.0,1000.0
0.14,1.06,-0.07,-1.56,0.05,-47.88,0.0,0.0,0.06,1107.0,1000.0,1107.0,1000.0
0.14,1.06,-0.07,-1.56,-0.1,-47.88,0.06,0.19,-0.06,1107.0,1000.0,1106.0,1000.0
0.14,1.06,-0.07,-1.56,-0.1,-47.88,-0.06,0.13,0.0,1107.0,1000.0,1106.0,1000.0
0.14,1.06,-0.07,-1.56,0.05,-47.88,0.06,0.13,-0.06,1107.0,1000.0,1107.0,1000.0
0.14,1.06,-0.07,-1.56,-0.1,-47.88,-0.06,0.13,-0.06,1107.0,1000.0,1106.0,1000.0
0.14,1.06,0.14,-1.56,-0.1,-47.88,0.0,0.0,0.06,1107.0,1000.0,1106.0,1000.0
0.14,1.06,-0.07,-1.56,-0.1,-47.88,0.0,0.0,-0.06,1107.0,1000.0,1106.0,1000.0
0.14,1.06,-0.07,-1.56,-0.1,-47.88,-0.13,0.06,0.0,1107.0,1000.0,1106.0,1000.0
0.14,1.06,-0.07,-1.56,-0.1,-47.88,0.0,0.0,0.0,1107.0,1000.0,1106.0,1000.0
0.14,1.06,-0.07,-1.56,-0.1,-47.88,0.0,-0.06,-0.06,1107.0,1000.0,1106.0,1000.0
0.14,1.06,0.14,-1.56,0.05,-47.88,0.06,0.0,0.0,1107.0,1000.0,1106.0,1000.0
0.14,1.06,0.14,-1.56,-0.1,-47.88,-0.19,0.06,0.0,1107.0,1000.0,1106.0,1000.0
0.14,1.06,-0.07,-1.56,-0.1,-47.88,0.0,0.0,-0.06,1107.0,1000.0,1106.0,1000.0
0.14,1.06,0.14,-1.56,-0.1,-47.88,-0.06,-0.06,-0.13,1107.0,1000.0,1106.0,1000.0
0.14,1.12,0.35,-1.56,0.05,-47.29,1.06,0.25,-0.19,1106.0,1000.0,1105.0,1000.0
0.14,1.12,0.35,-1.56,0.05,-47.23,0.56,0.62,0.0,1106.0,1000.0,1105.0,1000.0
0.21,1.19,0.28,-1.62,-17.2,-46.77,-1.0,-0.56,0.44,1065.0,1000.0,1062.0,1000.0
0.28,1.19,0.28,-1.62,-17.7,-46.76,-1.12,0.06,-0.19,1064.0,1000.0,1061.0,1000.0
0.28,1.19,0.28,-1.62,-18.2,-46.76,1.06,0.37,0.13,1061.0,1000.0,1062.0,1000.0
0.28,1.19,0.35,-1.62,-19.15,-46.76,1.94,0.44,0.37,1059.0,1000.0,1060.0,1000.0
0.21,1.19,0.14,-1.62,-1.75,-46.75,-1.12,0.13,-0.06,1090.0,1000.0,1087.0,1000.0
0.14,1.19,0.14,-1.62,0.4,-46.76,1.12,0.75,-0.56,1122.0,1000.0,1120.0,1000.0
0.14,1.44,0.14,-1.56,0.05,-46.77,-4.44,-1.37,2.5,1316.0,1144.0,1320.0,1135.0
0.14,1.37,0.14,-1.44,0.05,-46.77,3.06,-3.75,-1.0,1317.0,1145.0,1318.0,1144.0
0.14,1.5,0.14,-1.37,0.05,-46.77,-0.37,-0.69,-0.94,1318.0,1145.0,1320.0,1142.0
0.14,1.5,0.14,-1.37,-0.1,-46.76,0.25,-0.88,-0.06,1280.0,1106.0,1281.0,1105.0
0.14,1.56,0.14,-1.31,-0.1,-46.76,0.37,1.37,0.19,1276.0,1101.0,1276.0,1099.0
0.14,1.5,0.14,-1.37,0.05,-46.76,0.81,0.94,0.06,1278.0,1101.0,1275.0,1099.0
0.14,1.5,0.14,-1.37,0.05,-46.76,-1.62,1.12,0.0,1301.0,1127.0,1299.0,1122.0
0.14,1.5,0.14,-1.37,0.05,-46.75,0.62,-1.56,0.31,1311.0,1140.0,1312.0,1133.0
0.14,1.5,0.14,-1.37,0.05,-46.75,2.0,1.81,-0.81,1349.0,1175.0,1346.0,1171.0
0.14,1.56,0.14,-1.37,0.05,-46.75,-1.94,-0.94,0.19,1347.0,1175.0,1348.0,1170.0
0.14,1.56,0.14,-1.31,0.05,-46.75,-1.87,-0.44,-0.13,1359.0,1186.0,1358.0,1181.0
0.14,1.62,0.14,-1.25,0.05,-46.75,-2.81,-2.56,0.19,1392.0,1219.0,1394.0,1216.0
0.14,1.75,0.14,-1.12,0.05,-46.74,-1.31,-3.56,-1.19,1390.0,1220.0,1394.0,1216.0
0.14,1.94,0.14,-0.94,0.05,-46.71,-4.94,-3.25,-2.31,1400.0,1232.0,1407.0,1229.0
0.14,1.94,0.14,-0.94,0.05,-46.65,-0.25,0.0,-7.19,1412.0,1248.0,1415.0,1244.0
0.14,2.0,0.14,-0.88,0.05,-46.5,-0.5,-0.06,-9.19,1415.0,1255.0,1417.0,1250.0
0.14,2.12,0.14,-0.69,0.05,-46.27,-0.81,-8.06,-13.44,1410.0,1258.0,1419.0,1257.0
0.14,2.31,0.14,-0.25,0.05,-45.93,-1.12,-9.75,-19.62,1403.0,1261.0,1416.0,1264.0
0.14,2.69,0.14,0.56,0.05,-45.37,-2.37,-15.25,-25.81,1394.0,1266.0,1418.0,1274.0
0.14,3.06,0.14,1.19,0.05,-44.64,-0.81,-16.37,-32.31,1388.0,1274.0,1415.0,1275.0
0.14,3.62,0.14,1.62,0.05,-43.62,-1.44,-8.13,-41.31,1383.0,1282.0,1405.0,1282.0
0.14,4.25,0.14,1.56,0.05,-42.31,-12.5,-0.19,-50.06,1379.0,1294.0,1391.0,1288.0
0.14,5.0,0.14,1.37,0.05,-40.74,-8.31,3.19,-53.19,1351.0,1286.0,1369.0,1270.0
0.14,5.5,0.14,1.12,-0.1,-38.84,-4.69,-1.06,-54.31,1277.0,1213.0,1289.0,1205.0
0.14,5.75,0.14,0.88,-0.1,-36.71,2.75,0.25,-58.5,1250.0,1197.0,1257.0,1192.0
0.14,5.06,0.14,0.0,-0.1,-34.41,30.06,26.06,-59.69,1259.0,1202.0,1236.0,1195.0
0.14,2.44,0.14,-1.12,-0.1,-32.01,43.63,16.31,-47.75,1286.0,1179.0,1217.0,1211.0
0.14,3.25,0.14,-1.06,-0.1,-29.63,-36.69,-20.19,-23.62,1238.0,1202.0,1278.0,1174.0
0.14,4.0,0.14,0.0,0.05,-27.55,3.94,-9.63,-21.62,1264.0,1193.0,1294.0,1198.0
0.14,2.75,0.14,-1.44,0.05,-25.71,28.19,34.5,-14.75,1330.0,1240.0,1284.0,1229.0
0.14,2.5,0.14,-1.75,0.05,-24.23,-1.12,-5.75,-0.19,1350.0,1260.0,1354.0,1256.0
0.14,3.31,0.14,-0.94,0.05,-23.07,-18.31,-14.94,-3.19,1354.0,1288.0,1382.0,1280.0
0.14,3.56,0.14,-0.69,0.05,-22.15,2.0,3.69,-3.75,1367.0,1293.0,1373.0,1287.0
0.14,3.31,0.14,-0.94,0.05,-21.38,6.81,3.0,-5.44,1374.0,1300.0,1366.0,1295.0
0.14,3.12,0.14,-1.06,0.05,-20.72,-1.06,2.94,-3.06,1371.0,1300.0,1371.0,1294.0
0.14,3.31,0.14,-0.94,0.05,-20.17,-2.12,-6.06,-3.87,1364.0,1304.0,1377.0,1298.0
0.14,3.62,0.14,-0.56,0.05,-19.7,-3.44,-5.44,-3.06,1365.0,1304.0,1377.0,1297.0
0.14,3.56,0.14,-0.56,0.05,-19.28,3.62,0.31,-8.75,1365.0,1308.0,1368.0,1302.0
0.14,3.5,0.14,-0.69,0.05,-18.85,4.06,4.0,-13.5,1375.0,1325.0,1373.0,1318.0
0.14,3.81,0.14,0.06,0.05,-17.09,-5.19,-14.44,-10.94,1388.0,1348.0,1409.0,1351.0
0.14,4.44,0.14,0.88,0.05,-16.34,-14.69,-17.62,-15.56,1378.0,1354.0,1413.0,1355.0
0.14,10.44,0.14,3.44,0.05,-12.8,-28.94,-18.81,-26.81,1364.0,1388.0,1421.0,1372.0
0.14,12.38,0.14,3.94,0.05,-11.75,-40.0,-13.5,-29.62,1316.0,1359.0,1381.0,1328.0
0.14,19.56,0.14,4.94,-0.1,-7.77,-25.31,-16.81,-32.88,1276.0,1340.0,1350.0,1314.0
0.07,20.06,0.14,5.37,-0.2,-6.2,2.12,-19.25,-30.62,1262.0,1309.0,1316.0,1303.0
-4.48,15.31,-0.07,5.56,-0.1,-0.85,50.63,2.37,-31.06,1170.0,1196.0,1169.0,1217.0
-4.48,12.88,-0.07,4.0,-0.5,0.96,107.0,74.69,-38.13,1098.0,1133.0,1070.0,1127.0
-2.1,7.44,-0.07,-0.75,-0.25,8.01,55.69,26.12,-39.69,1000.0,1037.0,1000.0,1048.0
-1.96,3.69,-0.07,-1.12,-0.2,9.7,41.63,1.19,-33.06,1000.0,1027.0,1000.0,1052.0
-1.75,4.19,-0.07,-2.31,-0.1,14.06,-3.56,35.69,4.62,1020.0,1058.0,1000.0,1034.0
-2.45,4.69,-0.07,-1.37,-0.1,14.99,-18.94,-13.81,5.56,1023.0,1090.0,1058.0,1081.0
-2.66,4.69,-0.07,-1.37,0.05,16.58,-10.25,-8.19,3.06,1122.0,1197.0,1142.0,1187.0
-2.66,4.94,-0.07,-1.19,0.05,16.88,2.81,0.5,-2.31,1132.0,1211.0,1145.0,1200.0
-4.27,4.87,-0.07,-1.31,0.05,17.48,-2.31,-1.12,0.06,1175.0,1251.0,1184.0,1237.0
-4.41,4.81,-0.07,-1.37,0.05,17.54,-4.75,0.37,1.37,1177.0,1252.0,1182.0,1237.0
-6.09,4.75,-0.07,-1.37,-0.1,17.49,-3.44,-3.69,-0.94,1175.0,1260.0,1196.0,1241.0
-6.23,4.87,-0.07,-1.25,0.05,17.47,-2.12,-0.13,0.25,1189.0,1270.0,1205.0,1252.0
-6.44,4.75,-0.07,-1.37,-0.1,17.4,-5.31,-5.81,0.5,1205.0,1286.0,1223.0,1270.0
-6.51,4.94,-0.07,-1.25,-0.1,17.39,2.69,-1.25,0.06,1203.0,1290.0,1226.0,1269.0
-6.51,4.81,-0.07,-1.31,-0.1,17.39,4.19,0.94,0.62,1212.0,1292.0,1223.0,1273.0
-6.65,4.87,-0.07,-1.25,-0.1,17.38,-1.94,-2.0,0.06,1234.0,1317.0,1253.0,1300.0
-6.65,4.94,-0.07,-1.25,-0.1,17.38,-3.0,1.25,-0.37,1240.0,1320.0,1251.0,1301.0
-6.51,5.0,0.14,-1.06,0.05,17.38,-0.5,1.0,-1.0,1256.0,1335.0,1269.0,1320.0
-6.51,5.06,0.14,-1.12,0.05,17.37,-1.44,1.75,1.25,1259.0,1340.0,1274.0,1319.0
-6.65,5.0,0.14,-1.06,-0.1,17.34,5.37,6.12,-2.75,1276.0,1358.0,1284.0,1338.0
-6.65,4.75,0.14,-1.31,0.05,17.36,0.56,1.31,2.75,1279.0,1356.0,1287.0,1338.0
-6.79,4.94,0.14,-1.19,-0.1,17.36,-2.81,-7.56,-1.5,1272.0,1361.0,1295.0,1340.0
-7.49,14.38,0.14,5.81,-0.1,11.62,-9.31,-14.44,9.56,1160.0,1230.0,1220.0,1213.0
-8.26,6.44,0.14,4.19,-0.1,7.01,78.62,25.87,-4.37,1357.0,1346.0,1291.0,1369.0
-7.21,4.69,0.14,-2.44,-0.1,7.59,25.81,19.87,-0.13,1338.0,1372.0,1304.0,1338.0
-7.0,2.94,0.14,-1.87,-0.1,7.84,37.75,-21.62,4.56,1324.0,1336.0,1326.0,1359.0
-5.32,1.75,0.14,-0.19,-0.1,8.0,17.25,-41.38,2.31,1305.0,1328.0,1336.0,1367.0
0.07,5.19,0.14,3.94,-0.1,7.46,-60.69,9.44,0.37,1291.0,1368.0,1345.0,1324.0
0.07,7.5,0.28,1.81,-0.1,7.23,-33.56,63.44,0.37,1321.0,1388.0,1314.0,1302.0
-5.88,5.44,0.14,-1.87,-0.1,6.14,37.19,-39.94,20.25,1325.0,1307.0,1341.0,1347.0
-7.35,3.81,0.14,1.75,-0.1,5.59,26.37,-78.87,14.25,1297.0,1293.0,1361.0,1368.0
-11.48,11.69,0.14,-2.56,-0.1,4.49,42.81,6.31,19.62,1329.0,1340.0,1334.0,1317.0
-11.62,7.0,0.14,0.13,-0.1,4.21,93.06,-52.19,20.12,1333.0,1284.0,1337.0,1365.0
-11.9,5.62,0.14,3.44,-0.1,3.93,-107.87,46.88,-38.25,1255.0,1437.0,1333.0,1296.0
-11.2,13.0,0.14,-0.56,-0.1,4.4,-127.06,72.81,-29.87,1268.0,1458.0,1337.0,1261.0
-9.52,6.62,0.14,8.06,-0.1,5.16,155.0,-127.0,21.75,1337.0,1239.0,1354.0,1430.0
-7.35,0.5,0.14,12.69,-0.1,5.26,103.0,-74.44,5.81,1343.0,1229.0,1342.0,1453.0
-2.66,21.69,0.14,-0.75,-0.1,8.41,-154.06,102.44,-47.38,1151.0,1414.0,1223.0,1153.0
-2.66,6.87,-0.07,-8.56,-0.1,17.74,-70.25,118.25,-107.75,1000.0,1274.0,1000.0,1000.0
-2.94,5.56,-0.07,-3.5,-0.1,20.9,62.75,-143.69,-37.31,1000.0,1009.0,1000.0,1141.0
-3.15,4.62,0.14,-5.37,-0.1,29.85,108.44,-10.31,-12.75,1000.0,1041.0,1000.0,1100.0
-2.94,5.75,0.14,-3.44,-0.1,32.08,-114.25,-61.81,30.56,1000.0,1079.0,1020.0,1014.0
-1.89,5.81,0.14,-2.69,-0.1,36.3,10.94,-2.87,-1.25,1000.0,1075.0,1000.0,1103.0
-1.89,5.87,0.14,-3.31,0.05,37.24,1.37,-1.0,0.37,1032.0,1189.0,1030.0,1150.0
-0.63,5.94,0.14,-3.19,-0.1,37.95,-3.87,3.75,-0.37,1062.0,1219.0,1067.0,1196.0
0.07,5.87,0.14,-3.12,-0.1,39.32,1.19,-2.12,1.37,1156.0,1310.0,1160.0,1298.0
0.07,5.87,0.14,-3.19,0.05,39.6,1.0,-0.69,1.62,1155.0,1313.0,1160.0,1296.0
0.07,5.87,0.14,-3.19,-0.1,40.12,1.0,-0.25,-0.31,1153.0,1314.0,1157.0,1299.0
-0.63,5.87,0.14,-3.19,-0.1,40.21,-1.12,-0.31,0.75,1143.0,1302.0,1146.0,1289.0
-3.22,5.94,0.14,-3.12,-0.1,40.41,-0.25,-0.62,0.37,1125.0,1292.0,1134.0,1273.0
-3.22,5.94,0.28,-3.19,-0.1,40.77,0.94,-1.0,-0.69,1126.0,1294.0,1135.0,1274.0
-3.36,5.87,0.14,-3.19,-0.1,40.85,-0.75,0.06,-0.44,1139.0,1304.0,1147.0,1286.0
-4.2,5.87,0.14,-3.19,0.05,41.07,-1.31,-1.12,0.31,1173.0,1337.0,1179.0,1319.0
-4.34,5.94,0.14,-3.19,0.05,41.13,1.31,2.19,-0.19,1171.0,1340.0,1184.0,1321.0
-4.55,5.94,0.14,-3.19,0.05,41.22,-0.94,0.94,0.94,1173.0,1343.0,1185.0,1323.0
-5.32,5.94,0.14,-3.12,-0.1,41.23,-1.37,-0.69,-0.5,1172.0,1344.0,1184.0,1323.0
-5.67,5.87,-0.07,-3.12,-0.1,41.24,-2.31,-2.31,-0.13,1185.0,1356.0,1195.0,1335.0
-5.74,5.94,-0.07,-3.12,-0.1,41.24,2.25,0.88,0.0,1183.0,1356.0,1199.0,1333.0
-5.67,5.87,0.14,-3.12,-0.1,41.25,-1.75,0.0,0.5,1059.0,1231.0,1072.0,1210.0
-5.6,5.87,0.14,-3.12,-0.1,41.25,-0.06,0.13,-0.69,1058.0,1226.0,1066.0,1207.0
-5.46,5.87,0.14,-3.12,-0.1,41.25,-0.25,0.13,0.19,1031.0,1203.0,1044.0,1182.0
-5.46,5.87,-0.07,-3.12,-0.1,41.25,0.62,-0.13,0.5,1029.0,1201.0,1042.0,1180.0
-5.32,5.87,-0.07,-3.12,-0.1,41.25,0.31,0.06,-0.06,1029.0,1201.0,1042.0,1180.0
-5.32,5.87,-0.07,-3.12,-0.1,41.25,0.37,0.13,0.06,1030.0,1201.0,1042.0,1180.0
-5.32,5.87,-0.07,-3.12,-0.1,41.25,0.56,0.0,0.19,1000.0,1136.0,1000.0,1115.0
-5.18,5.87,-0.07,-3.12,-0.1,41.26,-0.88,0.19,-0.06,1000.0,1088.0,1000.0,1068.0
-4.97,5.87,-0.07,-3.12,-0.1,41.26,0.0,0.13,-0.69,1000.0,1088.0,1000.0,1068.0
-4.06,5.25,0.14,-2.75,-0.1,41.25,0.88,0.0,-0.06,1000.0,1086.0,1000.0,1068.0
-3.78,5.19,0.14,-2.69,0.05,41.25,-0.37,-0.44,-0.06,1000.0,1086.0,1000.0,1069.0
-3.36,4.94,0.14,-2.5,0.05,41.25,-0.19,0.44,0.37,1000.0,1085.0,1000.0,1070.0
-3.22,4.94,0.14,-2.5,0.05,41.25,-0.25,0.31,0.0,1000.0,1085.0,1000.0,1070.0
-2.66,4.5,0.14,-2.19,0.05,41.23,-0.19,0.19,0.06,1000.0,1085.0,1000.0,1071.0
-1.96,4.44,0.14,-2.19,0.05,41.22,-0.13,0.25,0.0,1000.0,1084.0,1000.0,1072.0
-1.89,4.12,0.14,-2.0,0.05,41.2,-0.19,-0.25,0.06,1000.0,1084.0,1000.0,1072.0
-1.68,4.06,0.14,-1.94,0.05,41.2,-0.25,-0.06,-0.13,1000.0,1083.0,1000.0,1072.0
-1.33,4.0,0.14,-1.87,0.05,41.19,-0.13,0.06,0.19,1000.0,1083.0,1000.0,1073.0
-1.33,3.87,-0.07,-1.81,0.05,41.19,0.81,0.0,-0.19,1000.0,1094.0,1000.0,1083.0
-1.61,3.87,-0.07,-1.75,0.05,41.18,0.69,-0.06,-0.25,1063.0,1226.0,1069.0,1215.0
-1.61,3.87,-0.07,-1.75,0.05,41.17,-0.88,0.0,-1.0,1067.0,1229.0,1072.0,1219.0
-1.68,3.87,-0.07,-1.75,0.05,41.17,-0.75,-0.19,2.5,1069.0,1230.0,1075.0,1222.0
-1.75,3.87,-0.07,-1.75,0.05,41.18,-0.06,-0.19,-0.44,1071.0,1233.0,1077.0,1223.0
-1.75,3.87,-0.07,-1.75,0.05,41.18,-0.19,0.75,-0.25,1072.0,1234.0,1078.0,1224.0
-2.03,3.81,-0.07,-1.81,0.05,41.18,0.25,0.62,-0.19,1098.0,1260.0,1105.0,1249.0
-2.1,3.87,-0.07,-1.81,0.05,41.19,0.5,-1.0,0.94,1111.0,1272.0,1116.0,1262.0
-2.31,3.81,-0.07,-1.81,-0.1,41.19,1.5,-1.0,-0.37,1129.0,1293.0,1134.0,1280.0
-2.38,3.87,0.14,-1.81,-0.1,41.19,-0.31,-0.25,0.31,1141.0,1306.0,1149.0,1292.0
-2.45,3.81,0.14,-1.81,-0.1,41.19,2.94,0.25,0.13,1150.0,1314.0,1157.0,1302.0
-2.52,3.87,0.14,-1.75,0.05,41.19,0.69,-0.88,-0.75,1190.0,1354.0,1198.0,1342.0
-2.59,3.87,0.14,-1.81,0.05,41.19,1.12,0.88,-0.56,1213.0,1376.0,1220.0,1363.0
-2.59,3.87,0.14,-1.69,0.05,41.17,-2.81,-2.56,-0.19,1219.0,1383.0,1227.0,1371.0
-2.59,3.87,0.14,-1.62,0.05,41.18,0.62,-0.19,-0.06,1222.0,1387.0,1230.0,1374.0
-2.59,3.87,0.14,-1.5,-0.1,41.17,-0.88,-0.31,1.0,1227.0,1389.0,1234.0,1379.0
-2.59,3.87,0.14,-1.56,0.05,41.16,-1.56,-0.69,0.88,1229.0,1393.0,1236.0,1378.0
-2.66,3.87,0.14,-1.56,-0.1,40.71,1.62,0.19,14.56,1272.0,1420.0,1282.0,1403.0
-2.87,3.87,0.14,-1.56,-0.1,40.36,-3.25,-5.81,19.12,1277.0,1416.0,1283.0,1400.0
-3.15,4.69,0.14,-1.31,-0.1,38.48,-10.81,2.81,24.81,1283.0,1414.0,1296.0,1391.0
-3.15,5.25,0.14,-1.06,-0.1,37.61,-14.5,-6.0,28.62,1279.0,1406.0,1306.0,1385.0
-3.15,5.56,0.14,-1.0,-0.1,34.14,-4.94,5.94,39.0,1300.0,1390.0,1310.0,1375.0
-3.15,5.31,0.14,-0.81,-0.1,32.64,4.19,-2.19,41.38,1296.0,1372.0,1306.0,1362.0
-3.15,4.87,0.14,-0.75,-0.1,30.91,10.19,3.62,40.94,1288.0,1359.0,1295.0,1346.0
-3.15,2.44,0.14,-1.12,-0.1,16.84,3.31,0.5,-7.44,1168.0,1248.0,1172.0,1240.0
-3.15,2.37,0.14,-1.19,-0.1,15.59,-1.31,1.0,-1.62,1175.0,1241.0,1182.0,1229.0
-3.22,2.37,0.14,-1.12,0.05,11.48,-0.88,-0.88,0.13,1254.0,1303.0,1259.0,1296.0
-3.36,2.37,0.14,-1.12,0.05,11.26,3.37,-1.19,-0.31,1257.0,1306.0,1263.0,1297.0
-16.24,2.69,0.28,-1.25,0.05,18.37,-5.06,0.56,0.31,1283.0,1379.0,1309.0,1349.0
-16.38,2.87,0.28,-1.06,0.05,18.37,2.25,-0.31,0.88,1286.0,1382.0,1314.0,1354.0
-16.38,2.81,0.28,-1.12,0.05,18.37,-2.37,2.81,-0.06,1288.0,1382.0,1312.0,1354.0
-16.52,2.56,0.28,-1.25,0.05,18.32,6.87,2.56,0.94,1296.0,1386.0,1314.0,1357.0
-16.66,2.19,0.28,-1.56,0.05,18.3,4.25,4.31,0.88,1298.0,1388.0,1310.0,1356.0
-16.8,2.31,0.28,-1.5,0.05,18.16,-3.0,-2.56,2.81,1297.0,1389.0,1322.0,1356.0
-16.8,2.5,0.28,-1.31,0.05,18.08,-3.12,-2.94,3.94,1295.0,1387.0,1326.0,1357.0
-16.94,2.19,0.35,-1.25,0.05,17.58,8.06,1.5,1.31,1303.0,1389.0,1321.0,1362.0
-16.94,1.87,0.35,-1.5,0.05,17.47,2.69,4.19,2.56,1306.0,1391.0,1324.0,1363.0
-17.01,0.94,0.35,-1.0,-0.1,17.21,5.75,-1.5,8.06,1318.0,1392.0,1334.0,1372.0
-16.94,0.5,0.35,-1.06,-0.1,17.01,10.69,3.06,9.63,1325.0,1391.0,1336.0,1372.0
-16.8,-3.0,0.35,-2.44,-0.1,15.98,28.69,13.88,14.19,1347.0,1383.0,1331.0,1375.0
-16.59,-4.12,0.28,-3.12,-0.1,15.48,19.31,13.5,16.06,1348.0,1386.0,1334.0,1368.0
-15.89,-4.75,0.28,-3.62,0.05,14.91,8.94,3.44,15.81,1343.0,1385.0,1340.0,1369.0
-4.62,-4.44,0.14,-1.94,0.05,13.0,-12.38,-21.0,20.12,1338.0,1367.0,1359.0,1373.0
-4.62,-3.44,0.14,-0.94,0.05,12.24,-30.62,-21.44,19.87,1329.0,1369.0,1368.0,1368.0
-23.66,-3.81,0.28,3.25,-0.1,4.32,33.5,-5.69,-5.94,1340.0,1368.0,1354.0,1374.0
-24.36,-5.31,0.28,3.37,-0.1,4.67,32.81,1.87,-5.5,1343.0,1370.0,1351.0,1372.0
-15.68,-5.12,-1.4,2.62,-0.1,7.48,-2.0,-3.5,-4.87,1343.0,1394.0,1371.0,1388.0
-15.54,-4.87,-0.7,2.19,0.05,7.84,-5.62,17.62,-1.37,1353.0,1403.0,1365.0,1378.0
-14.35,-2.0,-2.38,-5.0,0.05,8.6,-15.88,21.19,5.5,1361.0,1413.0,1365.0,1362.0
-14.35,-1.31,-3.71,-5.25,0.05,8.58,-12.06,-2.81,8.5,1352.0,1399.0,1378.0,1371.0
-12.81,-0.06,0.14,-1.94,-0.1,8.04,-15.63,-8.81,7.69,1323.0,1370.0,1358.0,1353.0
-12.67,0.62,0.14,-1.87,-0.1,7.77,-15.63,-0.75,5.5,1324.0,1377.0,1354.0,1345.0
-14.91,4.5,-3.43,-2.37,-0.1,6.85,-30.25,6.12,7.75,1316.0,1381.0,1363.0,1332.0
-14.98,5.87,-3.99,-2.62,-0.1,6.5,-26.31,4.44,8.06,1317.0,1383.0,1365.0,1328.0
-15.26,6.81,-3.36,-2.5,-0.1,6.13,-18.19,-4.56,7.44,1316.0,1375.0,69.0,1339.0
-16.03,8.0,-2.45,-0.88,-0.1,5.34,-6.12,-17.94,6.06,1313.0,1365.0,1370.0,1343.0
-17.64,8.06,-0.28,0.25,-0.1,4.94,-0.88,-19.12,5.0,1314.0,1364.0,1370.0,1344.0
-21.35,7.94,2.1,1.0,-0.1,4.54,4.94,-10.44,4.06,1317.0,1370.0,1366.0,1339.0
-33.6,5.37,6.23,1.06,-0.1,3.46,28.19,5.69,-0.62,1329.0,1379.0,1353.0,1331.0
-30.03,3.5,3.78,0.88,-0.1,3.23,42.69,0.56,-2.5,1335.0,1367.0,1347.0,1345.0
-27.23,-3.19,0.49,2.37,0.05,2.99,28.44,-13.69,-4.5,1327.0,1355.0,1354.0,1359.0
-28.0,-3.94,0.63,3.0,0.05,2.99,5.62,-9.5,-4.87,1321.0,1366.0,1359.0,1349.0
-26.53,-3.69,0.35,3.25,-0.1,2.98,-10.0,-6.5,-3.94,1320.0,1373.0,1363.0,1318.0
-22.61,4.19,0.28,0.06,-0.1,3.24,-89.69,38.63,-32.81,1287.0,1458.0,1365.0,1314.0
-21.84,5.56,0.14,-0.69,-0.1,3.69,23.69,-8.5,1.19,1337.0,1396.0,1375.0,1360.0
-20.51,1.62,0.14,0.81,-0.1,4.03,103.44,-40.63,9.56,1369.0,1331.0,1367.0,1409.0
-20.3,-4.19,-0.07,4.06,-0.1,5.22,-44.31,13.06,-20.37,1324.0,1421.0,1370.0,1371.0
-20.51,-1.12,-0.07,2.94,-0.1,5.84,-70.06,28.75,-15.0,1321.0,1444.0,1381.0,1342.0
-22.05,3.94,-0.49,-0.37,-0.1,7.53,23.62,2.06,-8.13,1342.0,1409.0,1363.0,1374.0
-25.13,1.44,-0.49,0.19,-0.1,8.02,65.94,-19.06,-4.56,1350.0,1381.0,1357.0,1400.0
-25.2,-2.87,-1.05,1.56,-0.1,8.47,80.19,-25.0,-4.44,1355.0,1365.0,1353.0,1416.0
-25.97,-6.62,-1.89,2.87,-0.1,8.88,75.12,-24.56,-5.87,1353.0,1363.0,1351.0,1422.0
-25.27,-9.88,-1.89,3.94,-0.1,9.32,48.0,-12.13,-7.06,1350.0,1373.0,1350.0,1415.0
-20.72,-10.75,-4.41,4.0,-0.1,9.75,3.69,7.31,-7.69,1343.0,1394.0,1356.0,1396.0
-19.95,-9.88,-5.74,3.19,-0.1,10.28,-33.75,24.69,-8.25,1333.0,1416.0,1362.0,1377.0
-16.24,-7.56,-5.88,1.75,-0.1,10.78,-53.88,35.44,-5.31,1330.0,1433.0,1366.0,1360.0
-12.81,-4.25,-0.63,-0.5,-0.1,11.27,-55.25,38.25,-2.81,1336.0,1442.0,1361.0,1350.0
-7.0,-2.0,-0.07,-2.25,-0.1,11.67,-37.63,32.13,-0.94,1284.0,1369.0,1293.0,1299.0
-6.86,-0.69,0.14,-3.31,-0.1,11.99,-17.06,11.5,0.37,1228.0,1299.0,1236.0,1254.0
-6.79,-0.13,0.14,-2.69,-0.1,12.22,-7.75,-16.44,0.44,1184.0,1245.0,1209.0,1235.0
-6.65,0.19,0.14,-0.94,-0.1,12.37,-7.31,-40.56,4.87,1163.0,1216.0,1208.0,1236.0
-6.51,0.56,0.14,1.5,-0.1,12.41,-7.5,-40.5,5.31,1142.0,1198.0,1198.0,1221.0
-6.51,1.31,0.14,3.0,-0.1,12.38,-18.19,-24.5,4.94,1122.0,1182.0,1174.0,1192.0
-6.51,2.69,-0.07,3.75,-0.1,12.28,-30.87,-7.12,5.62,1121.0,1199.0,1174.0,1174.0
-6.44,4.75,-0.07,3.31,-0.1,12.09,-35.5,17.56,6.56,1126.0,1209.0,1166.0,1155.0
-6.51,4.12,-0.07,0.5,-0.1,11.83,191.69,177.69,16.0,1148.0,1212.0,1140.0,1141.0
-6.44,-0.44,-0.07,-6.44,-0.1,11.18,53.63,117.87,35.31,1282.0,1188.0,1036.0,1126.0
-6.44,-4.81,-0.07,-9.31,-0.1,10.35,84.87,32.44,30.75,1210.0,1150.0,1112.0,1145.0
-6.44,-8.94,-0.07,-11.13,-0.1,9.35,83.69,2.75,26.75,1188.0,1134.0,1092.0,1158.0
-6.44,-8.69,-0.07,-7.69,-0.1,8.34,-38.94,-104.19,-9.63,1033.0,1085.0,1114.0,1116.0
-6.3,-1.87,-0.07,1.31,-0.1,7.74,-210.56,-155.87,-27.75,1000.0,1082.0,1156.0,1111.0
-6.23,8.75,-0.07,0.44,-0.1,7.29,-170.5,93.37,38.69,1000.0,1165.0,1059.0,1000.0
-6.09,7.31,0.14,-5.31,-0.1,6.31,73.31,113.37,60.88,1110.0,1045.0,1000.0,1000.0
-6.02,1.44,0.14,-7.44,-0.1,4.72,118.31,-1.5,68.25,1122.0,1000.0,1000.0,1008.0
-5.32,1.0,0.14,-1.62,-0.1,2.69,-83.19,-112.0,75.87,1000.0,1000.0,1134.0,1024.0
-5.18,4.87,0.14,-1.5,-0.1,0.43,-21.37,58.06,4.37,1002.0,1060.0,1043.0,1000.0
-4.41,1.5,0.14,-2.75,-0.1,-1.48,32.06,-21.37,21.0,1037.0,1000.0,1001.0,1000.0
-2.59,3.56,0.14,-1.0,-0.1,-3.13,-50.31,-29.19,-3.75,1000.0,1010.0,1055.0,1000.0
-0.14,2.62,0.14,-1.44,-0.1,-4.35,19.31,32.44,-9.94,1020.0,1004.0,1000.0,1000.0
-0.07,2.62,0.14,-1.62,-0.1,-5.24,1.12,-20.44,1.56,1006.0,1000.0,1013.0,1000.0
0.07,2.81,0.14,-1.44,0.05,-5.94,3.44,5.75,0.25,1012.0,1000.0,1008.0,1000.0
0.07,2.69,0.14,-1.5,-0.1,-6.6,-3.75,0.06,-0.31,1010.0,1000.0,1012.0,1000.0
0.07,2.69,0.14,-1.5,0.05,-7.28,1.87,-0.19,-0.75,1013.0,1000.0,1013.0,1000.0
0.07,2.75,0.14,-1.5,0.05,-7.91,0.81,-0.31,-0.44,1013.0,1000.0,1016.0,1000.0
0.07,2.75,0.14,-1.5,-0.1,-8.54,-0.75,0.25,0.25,1015.0,1000.0,1016.0,1000.0
0.07,2.69,0.14,-1.5,-0.1,-9.07,0.44,-0.06,0.25,1016.0,1000.0,1017.0,1000.0
0.07,2.69,0.14,-1.5,0.05,-9.61,1.19,0.44,-0.13,1017.0,1000.0,1018.0,1000.0
0.07,2.69,0.14,-1.5,0.05,-10.16,0.44,0.0,-0.06,1018.0,1000.0,1019.0,1000.0
0.07,2.75,0.14,-1.5,0.05,-10.66,1.0,0.13,-0.19,1018.0,1000.0,1021.0,1000.0
0.07,2.69,0.14,-1.44,-0.1,-11.1,-0.5,0.13,-0.06,1019.0,1000.0,1021.0,1000.0
0.07,2.69,0.14,-1.44,0.05,-11.5,0.0,0.25,0.13,1022.0,1000.0,1023.0,1000.0
0.07,2.69,0.14,-1.44,0.05,-11.84,0.0,0.44,0.56,1022.0,1000.0,1024.0,1000.0
0.07,2.69,-0.07,-1.37,-0.1,-12.18,-0.25,-0.19,-0.25,1022.0,1000.0,1024.0,1000.0
0.07,2.62,-0.07,-1.37,-0.1,-12.45,-0.44,-0.19,0.0,1023.0,1000.0,1025.0,1000.0
0.07,2.62,-0.07,-1.31,0.05,-12.74,0.62,-0.13,-0.69,1024.0,1000.0,1025.0,1000.0
0.07,2.62,-0.07,-1.31,0.05,-13.0,0.13,-0.13,0.06,1025.0,1000.0,1027.0,1000.0
0.07,2.62,-0.07,-1.31,0.05,-13.29,0.13,0.06,0.19,1025.0,1000.0,1027.0,1000.0
0.07,2.62,-0.07,-1.25,0.05,-13.57,0.06,-0.06,0.19,1025.0,1000.0,1027.0,1000.0
0.07,2.62,-0.07,-1.25,-0.1,-13.78,0.13,-0.19,-0.06,1026.0,1000.0,1028.0,1000.0
0.07,2.62,-0.07,-1.19,0.05,-13.96,-0.13,-0.13,-0.06,1026.0,1000.0,1028.0,1000.0
0.07,2.62,-0.07,-1.19,0.05,-14.1,0.06,0.06,0.06,1027.0,1000.0,1029.0,1000.0
0.07,2.62,-0.07,-1.19,-0.1,-14.22,-0.25,0.5,0.13,1027.0,1000.0,1029.0,1000.0
0.07,2.56,-0.07,-1.19,-0.1,-14.32,-0.25,0.37,0.0,1027.0,1000.0,1029.0,1000.0
0.07,2.56,-0.07,-1.19,0.05,-14.4,-0.31,0.25,0.13,1028.0,1000.0,1030.0,1000.0
0.07,2.56,-0.07,-1.19,0.05,-14.5,-0.19,0.0,0.0,1027.0,1000.0,1029.0,1000.0
0.07,2.56,-0.07,-1.19,0.05,-14.61,-0.25,0.19,0.0,1027.0,1000.0,1029.0,1000.0
0.07,2.56,-0.07,-1.12,0.05,-14.71,0.5,0.37,0.13,1028.0,1000.0,1030.0,1000.0
0.07,2.56,-0.07,-1.12,0.05,-14.83,0.37,0.25,-0.06,1028.0,1000.0,1030.0,1000.0
0.07,2.56,-0.07,-1.12,0.05,-14.93,0.0,-0.44,-0.19,1027.0,1000.0,1030.0,1000.0
0.07,2.56,-0.07,-1.12,0.05,-15.06,-0.31,-0.44,0.0,1029.0,1000.0,1031.0,1000.0
0.07,2.5,-0.07,-1.12,0.05,-15.15,-0.25,-0.13,0.0,1029.0,1000.0,1031.0,1000.0
0.07,2.5,-0.07,-1.12,0.05,-15.21,0.25,0.31,0.25,1029.0,1000.0,1031.0,1000.0
0.07,2.5,-0.07,-1.06,0.05,-15.26,0.06,0.37,0.06,1029.0,1000.0,1031.0,1000.0
0.07,2.5,-0.07,-1.06,0.05,-15.3,0.25,-0.19,0.06,1029.0,1000.0,1032.0,1000.0
0.07,2.5,-0.07,-1.06,0.05,-15.33,-0.19,-0.13,0.0,1029.0,1000.0,1032.0,1000.0
0.07,2.5,-0.07,-1.06,0.05,-15.36,-0.06,-0.25,-0.13,1029.0,1000.0,1032.0,1000.0
0.07,2.5,-0.07,-1.06,0.05,-15.37,-0.06,0.06,-0.06,1030.0,1000.0,1032.0,1000.0
0.07,2.5,-0.07,-1.06,0.05,-15.39,0.06,0.06,0.06,1030.0,1000.0,1032.0,1000.0
0.07,2.5,-0.07,-1.0,0.05,-15.4,0.06,0.25,0.06,1029.0,1000.0,1032.0,1000.0
0.07,2.5,-0.07,-1.0,0.05,-15.41,0.0,-0.06,0.13,1029.0,1000.0,1032.0,1000.0
0.07,2.44,-0.07,-1.0,0.05,-15.42,-0.06,-0.13,0.0,1029.0,1000.0,1032.0,1000.0
0.07,2.44,-0.07,-1.0,0.05,-15.42,-0.13,-0.06,0.0,1030.0,1000.0,1032.0,1000.0
0.07,2.44,-0.07,-1.0,0.05,-15.42,0.0,-0.13,-0.19,1031.0,1000.0,1034.0,1000.0
0.07,2.44,-0.07,-1.0,0.05,-15.43,0.25,0.0,-0.06,1032.0,1000.0,1034.0,1000.0
0.07,2.44,-0.07,-1.0,-0.1,-15.43,0.06,0.19,0.13,1033.0,1000.0,1035.0,1000.0
0.07,2.44,-0.07,-1.0,0.05,-15.43,0.19,0.06,0.13,1033.0,1000.0,1036.0,1000.0
0.07,2.44,-0.07,-1.0,-0.1,-15.43,-0.19,0.06,-0.37,1033.0,1000.0,1036.0,1000.0
0.07,2.44,-0.07,-1.0,0.05,-15.43,0.0,-0.06,-0.19,1034.0,1000.0,1036.0,1000.0
0.07,2.44,-0.07,-1.0,-0.1,-15.43,0.0,-0.06,0.06,1033.0,1000.0,1036.0,1000.0
0.07,2.44,-0.07,-1.0,0.05,-15.44,0.06,-0.06,0.0,1034.0,1000.0,1036.0,1000.0
0.07,2.44,-0.07,-1.0,0.05,-15.44,0.06,-0.06,0.0,1034.0,1000.0,1036.0,1000.0
0.07,2.44,-0.07,-0.94,0.05,-15.44,1.62,-1.06,-0.44,1033.0,1000.0,1036.0,1000.0
0.07,2.44,-0.07,-1.0,0.05,-15.44,-0.56,0.19,-0.44,1034.0,1000.0,1036.0,1000.0
0.07,2.44,-0.07,-1.0,0.05,-15.44,-1.87,2.25,-1.25,1033.0,1000.0,1035.0,1000.0
0.07,2.69,-0.07,-1.19,-0.1,-15.44,-10.06,9.38,-1.62,1033.0,1000.0,1035.0,1000.0
0.07,4.12,-0.07,-2.37,0.05,-15.43,-37.25,24.19,-1.62,1031.0,1005.0,1040.0,1000.0
0.07,6.94,-0.07,-3.44,0.05,-15.44,-76.19,20.56,-6.06,1014.0,1021.0,1052.0,1000.0
0.07,12.75,-0.07,-4.31,0.05,-15.33,-110.5,11.88,-18.69,1000.0,1046.0,1064.0,1000.0
0.07,19.75,-0.07,-5.5,0.05,-15.01,-159.75,18.81,-29.81,1000.0,1082.0,1077.0,1000.0
0.07,29.94,-0.07,-8.0,0.05,-14.32,-183.62,20.19,-44.69,1000.0,1112.0,1084.0,1000.0
0.07,37.44,-0.07,-11.0,0.05,-13.19,-143.5,2.5,-70.81,1000.0,1125.0,1064.0,1000.0
0.07,40.81,-0.07,-14.56,-0.1,-11.25,-42.88,-15.06,-95.75,1000.0,1101.0,1014.0,1000.0
0.07,40.0,-0.07,-19.37,0.05,-8.45,3.56,-5.19,-115.75,1000.0,1105.0,1000.0,1028.0
0.07,37.25,-0.07,-22.94,0.05,-4.89,24.19,-13.5,-117.06,1000.0,1103.0,1000.0,1047.0
0.07,34.5,-0.07,-25.31,0.05,-0.71,15.13,-18.69,-101.0,1000.0,1102.0,1000.0,1048.0
0.07,32.56,-0.07,-28.0,0.05,3.72,-12.75,-5.75,-92.19,1000.0,1116.0,1000.0,1033.0
0.07,31.69,-0.07,-30.81,0.05,8.16,-22.31,9.63,-82.12,1000.0,1132.0,1000.0,1021.0
0.07,30.37,-0.07,-34.56,0.05,12.59,-13.25,23.25,-77.19,1000.0,1140.0,1000.0,1019.0
0.07,28.37,-0.07,-38.25,0.05,16.86,5.37,45.63,-80.37,1000.0,1155.0,1000.0,1025.0
0.07,24.87,-0.07,-42.5,0.05,20.92,24.94,48.13,-74.62,1000.0,1154.0,1000.0,1036.0
0.07,21.56,-0.07,-45.38,0.05,24.66,35.75,47.25,-58.0,1000.0,1146.0,1000.0,1040.0
0.07,18.37,-0.07,-47.19,0.05,27.87,45.19,22.87,-25.94,1000.0,1121.0,1000.0,1037.0
0.07,16.56,-0.07,-46.81,0.05,30.42,50.38,-6.69,7.12,1000.0,1083.0,1000.0,1037.0
0.07,15.31,-0.07,-45.56,-0.1,32.23,42.38,-17.56,17.87,1000.0,1072.0,1000.0,1039.0
0.07,15.06,-0.07,-43.94,0.05,33.35,20.5,-26.81,32.56,1000.0,1068.0,1000.0,1027.0
0.07,16.0,-0.07,-41.06,0.05,33.87,10.94,-42.88,41.69,1000.0,1058.0,1000.0,1024.0
0.07,17.0,-0.07,-37.5,0.05,33.97,10.63,-59.44,34.19,1000.0,1053.0,1000.0,1036.0
0.07,17.62,-0.07,-34.06,0.05,33.84,-1.87,-59.63,24.87,1000.0,1061.0,1000.0,1042.0
0.07,19.06,-0.07,-30.69,0.05,33.73,-23.19,-52.06,21.12,1000.0,1073.0,1000.0,1036.0
0.07,20.94,-0.07,-28.44,0.05,33.65,-35.13,-42.0,24.31,1000.0,1082.0,1000.0,1024.0
0.07,23.56,-0.07,-26.37,-0.1,33.51,-36.0,-25.37,29.75,1000.0,1086.0,1000.0,1012.0
0.07,25.31,-0.07,-25.44,0.05,33.26,-20.12,-6.25,27.19,1000.0,1091.0,1000.0,1008.0
0.07,26.25,-0.07,-24.75,0.05,32.82,-1.75,0.56,26.25,1000.0,1086.0,1000.0,1013.0
0.07,26.5,0.14,-24.62,0.05,32.18,10.31,10.75,26.12,1000.0,1087.0,1000.0,1010.0
0.07,25.81,0.14,-24.12,0.05,31.29,27.12,9.5,31.69,1000.0,1074.0,1000.0,1015.0
0.07,25.19,0.14,-23.87,0.05,30.12,26.06,19.06,39.38,1000.0,1069.0,1000.0,1006.0
0.07,24.44,0.14,-23.75,0.05,28.72,36.44,17.94,40.44,1000.0,1062.0,1000.0,1004.0
0.07,23.12,0.14,-23.37,0.05,27.03,45.5,11.25,38.25,1003.0,1052.0,1000.0,1009.0
0.07,21.44,0.14,-22.5,0.05,25.28,41.31,2.0,36.19,1001.0,1045.0,1000.0,1014.0
0.07,20.69,0.14,-21.56,0.05,23.51,22.69,-7.75,35.31,1000.0,1044.0,1000.0,1008.0
0.07,20.31,-0.07,-20.5,0.05,21.81,16.62,-22.62,31.56,1000.0,1038.0,1000.0,1012.0
0.07,20.25,-0.07,-18.75,0.05,20.16,2.12,-25.5,23.12,1000.0,1040.0,1000.0,1013.0
0.07,21.12,-0.07,-17.62,0.05,18.75,-26.37,-12.88,6.87,1000.0,1062.0,1000.0,1006.0
0.07,23.19,-0.07,-17.75,-0.1,17.77,-42.5,-3.94,-18.56,1000.0,1093.0,1000.0,1006.0
0.07,24.94,-0.07,-18.62,-0.1,17.36,-46.69,5.31,-39.44,1000.0,1112.0,1000.0,1013.0
0.07,26.25,-0.07,-20.62,-0.1,17.76,-32.56,4.69,-57.06,1000.0,1126.0,1000.0,1025.0
0.07,26.06,-0.07,-21.56,0.05,18.83,-7.19,-18.44,-55.81,1000.0,1110.0,1000.0,1048.0
0.07,25.81,-0.07,-21.62,0.05,20.45,-17.12,-24.75,-50.81,1000.0,1107.0,1000.0,1052.0
0.07,26.37,0.14,-22.12,0.05,22.55,-38.44,-20.81,-69.31,1000.0,1131.0,1000.0,1053.0
0.07,27.19,-0.07,-23.31,0.05,25.25,-43.06,-26.69,-85.62,1000.0,1150.0,1000.0,1066.0
0.07,27.69,-0.07,-24.56,0.05,28.59,-49.44,-24.94,-100.19,1000.0,1170.0,1000.0,1083.0
0.07,28.12,-0.07,-26.62,0.05,32.61,-49.56,-14.88,-108.19,1000.0,1190.0,1000.0,1086.0
0.07,27.81,-0.07,-29.5,0.05,37.15,-38.5,-9.69,-106.87,1000.0,1197.0,1000.0,1095.0
0.07,26.87,-0.07,-31.87,-0.1,41.93,-30.37,-3.19,-103.44,1000.0,1205.0,1000.0,1103.0
0.07,26.37,-0.07,-34.06,-0.1,46.93,-44.38,-3.12,-79.62,1000.0,1208.0,1000.0,1092.0
0.07,26.5,0.14,-35.81,0.05,51.77,-36.88,-9.19,-56.88,1000.0,1200.0,1000.0,1089.0
0.07,26.25,-0.07,-36.38,0.05,56.17,-9.88,-8.75,-32.5,1000.0,1180.0,1000.0,1089.0
0.07,25.75,0.14,-36.5,0.05,59.91,7.06,-2.31,-6.44,1000.0,1166.0,1000.0,1085.0
0.07,25.5,-0.07,-35.75,-0.1,62.7,17.19,-3.69,25.87,1000.0,1145.0,1000.0,1074.0
0.07,25.75,-0.07,-34.0,0.05,64.37,27.81,-14.06,59.75,1000.0,1115.0,1000.0,1062.0
0.07,28.0,-0.07,-22.87,0.05,56.13,2.5,33.5,30.81,1000.0,1137.0,1000.0,1042.0
0.07,28.56,-0.07,-25.06,0.05,53.87,-3.0,54.81,19.12,1000.0,1154.0,1000.0,1033.0
0.07,28.37,-0.07,-27.37,0.05,51.78,16.06,56.06,12.5,1000.0,1153.0,1000.0,1038.0
0.07,26.87,-0.07,-27.5,-0.1,45.63,16.12,1.37,39.63,1000.0,1097.0,1000.0,1031.0
0.07,26.62,-0.07,-26.87,-0.1,43.61,14.88,-0.06,13.5,1000.0,1109.0,1000.0,1044.0
0.07,26.25,-0.07,-26.56,0.05,41.91,5.44,-6.87,-1.19,1000.0,1117.0,1000.0,1052.0
0.07,25.69,-0.07,-25.5,0.05,40.67,2.0,-22.69,-5.44,1000.0,1114.0,1000.0,1058.0
0.07,25.37,-0.07,-24.44,0.05,39.85,4.37,-26.44,-12.13,1000.0,1110.0,1000.0,1066.0
0.07,25.0,-0.07,-23.31,-0.1,39.47,-0.69,-23.94,-14.56,1000.0,1113.0,1000.0,1067.0
0.07,25.5,-0.07,-22.69,0.05,39.41,-24.5,-21.87,-13.25,1000.0,1122.0,1000.0,1057.0
0.07,27.44,-0.07,-22.19,0.05,39.63,-44.13,-14.69,-7.5,1000.0,1130.0,1000.0,1041.0
0.07,29.0,-0.07,-22.25,-0.1,39.99,-27.37,-6.31,-9.13,1000.0,1133.0,1000.0,1041.0
0.07,29.19,0.14,-22.31,-0.1,40.45,8.0,1.37,-4.31,1000.0,1121.0,1000.0,1050.0
0.07,28.06,0.14,-23.0,-0.1,40.77,24.25,21.56,1.69,1000.0,1117.0,1000.0,1045.0
0.07,26.75,-0.07,-23.94,0.05,40.84,37.31,32.13,19.12,1000.0,1110.0,1000.0,1038.0
0.07,25.25,-0.07,-24.5,-0.1,40.49,47.19,31.31,33.31,1000.0,1092.0,1000.0,1030.0
0.07,23.69,-0.07,-24.87,-0.1,39.61,47.81,31.37,41.31,1000.0,1083.0,1000.0,1025.0
0.07,22.25,-0.07,-25.06,-0.1,38.24,43.63,25.25,50.13,1000.0,1073.0,1000.0,1017.0
0.07,21.19,0.14,-24.62,0.05,36.51,41.63,11.63,49.44,1000.0,1063.0,1000.0,1019.0
0.07,20.37,0.14,-23.94,-0.1,34.51,29.62,4.12,44.69,1000.0,1061.0,1000.0,1019.0
0.07,20.19,0.14,-23.06,0.05,32.37,13.25,0.0,37.69,1000.0,1065.0,1000.0,1017.0
0.07,20.62,0.14,-22.81,0.05,30.33,-0.19,5.25,25.94,1000.0,1078.0,1000.0,1010.0
0.07,20.37,-0.07,-22.5,0.05,28.47,14.81,-0.81,10.31,1000.0,1076.0,1000.0,1025.0
0.07,20.31,-0.07,-22.31,-0.1,26.9,-5.75,0.62,14.69,1000.0,1079.0,1000.0,1018.0
0.07,21.56,-0.07,-21.94,-0.1,25.49,-25.37,-3.62,30.44,1000.0,1074.0,1000.0,1000.0
0.07,23.75,0.14,-21.12,0.05,24.1,-29.06,-2.12,33.31,1000.0,1070.0,1000.0,1000.0
0.07,25.25,0.14,-20.62,-0.1,22.71,-18.94,1.0,25.69,1000.0,1071.0,1000.0,1000.0
0.07,26.06,-0.07,-20.37,0.05,21.4,-10.25,4.37,18.75,1000.0,1075.0,1000.0,1000.0
0.07,26.19,-0.07,-20.12,0.05,20.2,6.75,2.31,12.13,1000.0,1069.0,1000.0,1006.0
0.07,25.56,-0.07,-20.06,0.05,19.15,18.87,4.94,8.38,1000.0,1063.0,1000.0,1009.0
0.07,24.69,-0.07,-20.25,0.05,18.19,23.62,10.63,8.88,1000.0,1062.0,1000.0,1006.0
0.07,23.5,-0.07,-20.5,0.05,17.28,32.56,14.75,10.81,1000.0,1057.0,1000.0,1006.0
0.14,8.69,-0.07,-10.94,0.05,4.16,-26.75,-33.0,27.81,1000.0,1007.0,1042.0,1000.0
0.14,10.63,-0.07,-9.25,-0.1,2.54,-32.0,-22.75,22.06,1000.0,1015.0,1042.0,1000.0
0.14,11.0,-0.07,-7.12,0.05,-0.71,9.75,-11.88,-14.0,1000.0,1021.0,1004.0,1011.0
0.14,10.38,-0.07,-6.44,0.05,-1.08,8.44,-13.19,-11.63,1000.0,1014.0,1008.0,1012.0
0.14,10.19,-0.07,-6.62,-0.1,-1.18,1.37,3.31,-22.37,1000.0,1031.0,1000.0,1006.0
0.14,10.94,-0.07,-8.19,0.05,-0.97,-25.31,36.13,-42.81,1000.0,1068.0,1000.0,1000.0
0.14,12.0,-0.07,-10.38,0.05,-0.25,-30.87,34.19,-50.5,1000.0,1083.0,1000.0,1000.0
0.14,11.06,-0.07,-9.25,-0.1,6.2,24.12,-43.56,-59.06,1000.0,1050.0,1000.0,1061.0
0.14,7.44,-0.07,-6.56,-0.1,8.59,86.31,-68.69,-84.37,1000.0,1022.0,1000.0,1131.0
0.14,4.19,-0.07,-5.25,-0.1,11.57,25.44,-1.62,-59.13,1000.0,1065.0,1000.0,1081.0
0.14,2.94,-0.07,-4.5,-0.1,14.48,18.62,-24.94,-33.13,1000.0,1041.0,1000.0,1076.0
0.14,2.87,-0.07,-1.69,-0.1,17.18,-8.19,-71.56,-32.25,1000.0,1043.0,1000.0,1076.0
0.14,3.44,-0.07,-0.62,-0.1,22.54,-19.0,2.06,-1.69,1000.0,1070.0,1000.0,1037.0
0.14,2.94,-0.07,-0.62,-0.1,23.55,4.12,5.37,-0.13,1000.0,1055.0,1000.0,1049.0
0.14,3.12,-0.07,-0.56,-0.1,24.35,5.75,-3.81,-1.44,1000.0,1053.0,1000.0,1055.0
0.14,3.0,-0.07,-0.56,-0.1,26.0,1.62,-0.19,0.0,1000.0,1056.0,1000.0,1054.0
0.14,2.75,-0.07,-0.56,-0.1,27.11,-0.69,-0.25,0.37,1000.0,1061.0,1000.0,1056.0
0.14,2.69,-0.07,-0.56,0.05,27.42,-0.19,0.31,-0.13,1000.0,1062.0,1000.0,1057.0
0.14,2.5,-0.07,-0.56,0.05,28.07,-0.13,0.0,-0.25,1000.0,1062.0,1000.0,1058.0
0.14,2.44,-0.07,-0.56,-0.1,28.19,0.06,-0.25,-0.13,1000.0,1063.0,1000.0,1059.0
0.14,2.44,-0.07,-0.56,0.05,28.29,-0.13,-0.25,0.0,1000.0,1063.0,1000.0,1059.0
0.14,2.37,-0.07,-0.56,0.05,28.37,0.19,0.13,0.06,1000.0,1063.0,1000.0,1059.0
0.14,2.25,-0.07,-0.56,0.05,28.72,-0.13,-0.19,-0.06,1000.0,1063.0,1000.0,1060.0
0.14,2.19,-0.07,-0.5,0.05,28.83,-0.06,0.06,0.0,1000.0,1064.0,1000.0,1060.0
0.14,1.94,-0.07,-0.5,-0.1,29.12,0.19,-0.06,0.13,1000.0,1064.0,1000.0,1061.0
0.14,1.94,-0.07,-0.5,-0.1,29.12,-0.06,0.06,0.06,1000.0,1064.0,1000.0,1061.0
0.14,1.94,-0.07,-0.5,0.05,29.12,0.0,0.06,-0.06,1000.0,1064.0,1000.0,1061.0
0.14,1.94,-0.07,-0.5,0.05,29.12,0.0,0.0,0.0,1000.0,1064.0,1000.0,1061.0
0.14,1.94,-0.07,-0.5,0.05,29.12,0.13,-0.06,0.0,1000.0,1064.0,1000.0,1061.0
0.14,1.94,-0.07,-0.5,0.05,29.12,-0.13,0.06,-0.06,1000.0,1062.0,1000.0,1059.0
0.14,1.94,-0.07,-0.5,-0.1,29.12,-0.13,0.06,0.0,1000.0,1064.0,1000.0,1061.0
0.14,1.94,0.14,-0.5,0.05,29.12,-0.06,0.13,0.0,1000.0,1064.0,1000.0,1061.0
0.14,1.94,0.14,-0.5,-0.1,29.12,-0.06,0.06,-0.13,1000.0,1064.0,1000.0,1061.0
0.14,1.94,-0.07,-0.5,0.05,29.12,-0.06,-0.06,-0.06,1000.0,1064.0,1000.0,1061.0
0.14,1.94,0.14,-0.5,0.05,29.12,-0.13,0.0,0.06,1000.0,1064.0,1000.0,1061.0
0.14,1.94,0.14,-0.5,-0.1,29.12,-0.06,0.0,0.06,1000.0,1064.0,1000.0,1061.0
0.14,1.94,0.14,-0.5,0.2,29.12,0.0,-0.06,0.0,1000.0,1060.0,1000.0,1056.0
0.14,1.94,0.14,-0.5,0.1,29.12,-0.06,0.0,0.0,1000.0,1058.0,1000.0,1054.0
0.14,1.94,0.14,-0.5,0.05,29.12,0.19,0.0,0.0,1000.0,1058.0,1000.0,1055.0
0.14,1.94,-0.07,-0.5,0.05,29.12,-0.06,0.06,-0.06,1000.0,1058.0,1000.0,1055.0
0.14,1.94,0.14,-0.5,0.05,29.12,-0.13,0.13,0.19,1000.0,1058.0,1000.0,1055.0
0.14,1.94,-0.07,-0.5,0.05,29.12,0.0,0.06,-0.06,1000.0,1058.0,1000.0,1055.0
0.14,1.94,-0.77,-0.5,0.05,29.12,0.0,0.0,0.06,1000.0,1058.0,1000.0,1055.0
0.14,1.94,-0.98,-0.5,0.05,29.11,-0.06,0.31,-2.81,1000.0,1059.0,1000.0,1057.0
0.14,1.94,-2.8,-0.5,0.05,29.11,-0.31,0.0,-1.62,1000.0,1056.0,1000.0,1056.0
0.14,1.94,-2.8,-0.5,0.05,29.1,-0.31,0.25,-1.25,1000.0,1056.0,1000.0,1056.0
0.21,1.94,-1.26,-0.5,0.05,29.1,-0.19,0.13,-0.06,1000.0,1056.0,1000.0,1055.0
0.21,1.94,0.14,-0.5,0.05,29.09,0.37,0.31,-0.31,1000.0,1058.0,1000.0,1054.0
0.21,1.87,0.14,-0.5,0.05,29.1,0.25,0.25,0.25,1000.0,1057.0,1000.0,1054.0
0.14,1.87,0.14,-0.5,0.05,29.11,-0.13,0.06,0.37,1000.0,1058.0,1000.0,1054.0
0.14,1.87,0.14,-0.5,0.05,29.11,-0.31,-0.25,0.25,1000.0,1058.0,1000.0,1055.0
0.14,1.87,0.14,-0.5,0.05,29.11,0.69,0.5,0.31,1000.0,1058.0,1000.0,1054.0
0.14,1.81,0.14,-0.5,0.05,29.09,-0.19,-0.06,-0.56,1000.0,1111.0,1001.0,1108.0
0.14,1.81,-0.07,-0.5,0.05,29.08,0.0,-0.13,-0.19,1039.0,1150.0,1041.0,1147.0
0.14,1.81,-0.07,-0.5,0.05,29.08,-0.19,-0.19,0.13,1070.0,1180.0,1072.0,1177.0
0.14,1.81,-0.07,-0.5,0.05,29.08,1.0,0.06,-1.62,1084.0,1195.0,1086.0,1191.0
0.14,1.81,-0.07,-0.5,0.05,29.1,0.13,0.44,0.62,1121.0,1232.0,1123.0,1229.0
0.14,1.81,-0.07,-0.5,0.05,29.11,-0.94,-0.13,-0.06,1122.0,1233.0,1123.0,1230.0
0.14,1.81,-0.07,-0.5,0.05,29.12,2.19,-0.75,-0.44,1162.0,1273.0,1164.0,1269.0
0.14,1.81,-0.07,-0.5,0.05,29.12,-1.06,0.06,-1.69,1171.0,1284.0,1173.0,1280.0
0.14,1.81,-0.07,-0.5,0.05,29.12,-0.19,-0.44,-1.25,1201.0,1311.0,1203.0,1309.0
0.14,1.81,-0.07,-0.5,0.05,29.12,0.62,-0.06,0.0,1223.0,1334.0,1228.0,1331.0
0.14,1.81,0.14,-0.5,0.05,29.12,1.75,-0.19,1.12,1249.0,1357.0,1250.0,1356.0
0.14,1.87,0.14,-0.5,0.05,29.12,-3.0,-1.06,0.13,1273.0,1387.0,1277.0,1382.0
0.21,2.0,0.14,-0.37,0.05,29.13,-2.62,-3.19,-0.62,1283.0,1400.0,1291.0,1394.0
0.21,2.25,0.14,-0.31,0.05,29.14,-6.87,-1.75,0.37,1329.0,1446.0,1336.0,1436.0
0.42,2.37,0.14,-0.31,0.05,29.11,-3.62,1.12,4.75,1371.0,1474.0,1372.0,1472.0
0.49,2.75,0.14,-0.13,0.05,29.03,-7.0,-5.69,7.44,1367.0,1479.0,1383.0,1467.0
0.56,3.62,0.28,0.25,0.05,28.87,-18.25,-11.88,8.38,1363.0,1480.0,1393.0,1468.0
0.49,5.44,0.91,1.0,0.05,28.62,-38.63,-11.38,12.0,1361.0,1488.0,1405.0,1463.0
0.28,7.5,0.35,1.69,-0.1,28.26,-45.63,-12.63,15.69,1360.0,1489.0,1418.0,1460.0
0.28,9.19,0.28,2.5,-0.1,27.78,-29.56,-16.25,18.06,1363.0,1483.0,1421.0,1461.0
0.21,9.81,0.28,4.06,-0.1,27.17,-5.37,-29.25,20.25,1360.0,1455.0,1406.0,1464.0
0.14,9.25,0.28,5.87,-0.1,26.52,15.19,-36.75,19.87,1320.0,1398.0,1363.0,1431.0
0.14,7.56,0.28,8.13,-0.1,25.81,28.12,-36.13,21.5,1254.0,1312.0,1288.0,1366.0
0.14,6.06,0.14,9.56,-0.1,25.07,22.87,-19.5,22.62,1155.0,1208.0,1179.0,1253.0
0.14,5.19,0.14,10.19,-0.1,24.28,5.31,-6.06,22.19,1157.0,1218.0,1177.0,1241.0
0.07,4.87,0.14,10.25,-0.1,23.41,1.12,5.12,24.87,1155.0,1222.0,1180.0,1223.0
0.07,4.94,0.14,9.69,-0.1,22.41,-8.94,14.5,26.12,1160.0,1224.0,1176.0,1211.0
0.07,4.94,-0.07,8.88,0.05,21.34,-4.25,20.5,26.12,1166.0,1221.0,1171.0,1205.0
0.07,4.75,-0.07,8.0,-0.1,20.22,5.75,22.25,24.75,1166.0,1220.0,1171.0,1203.0
0.07,4.31,-0.07,7.06,-0.1,19.08,9.63,19.62,24.56,1173.0,1215.0,1168.0,1203.0
0.07,3.69,-0.07,6.25,0.05,17.89,4.94,16.19,24.44,1182.0,1208.0,1166.0,1208.0
0.07,2.75,0.14,5.37,0.05,16.69,16.25,17.19,23.12,1201.0,1231.0,1194.0,1226.0
0.07,2.19,0.14,4.62,0.05,15.53,2.44,15.75,22.37,1224.0,1253.0,1218.0,1245.0
0.07,1.94,0.14,3.81,0.05,14.38,-1.19,15.56,21.81,1229.0,1254.0,1221.0,1244.0
0.07,-0.44,0.14,-5.06,0.05,13.38,92.25,180.44,-7.12,1287.0,1315.0,1135.0,1254.0
0.07,-3.06,0.14,-9.94,0.05,12.5,51.63,105.94,24.81,1346.0,1269.0,1132.0,1253.0
0.07,-6.0,0.14,-13.75,0.05,11.45,73.37,60.31,25.69,1310.0,1269.0,1182.0,1239.0
0.07,-7.31,0.14,-14.81,0.05,10.26,25.12,-0.13,17.94,1276.0,1257.0,1215.0,1260.0
0.07,-6.75,0.14,-13.25,0.05,9.08,-21.19,-51.19,14.0,1234.0,1256.0,1252.0,1265.0
0.07,-3.5,0.28,-7.75,0.05,7.91,-68.62,-106.5,12.06,1197.0,1240.0,1294.0,1278.0
0.07,1.81,0.28,0.44,0.05,6.78,-82.56,-111.0,11.0,1132.0,1224.0,1368.0,1284.0
0.07,1.62,0.28,-0.56,0.05,5.76,53.25,85.56,-13.19,1268.0,1298.0,1202.0,1241.0
0.07,-1.06,0.28,-5.56,-0.1,5.1,71.25,134.0,-11.81,1320.0,1295.0,1150.0,1243.0
0.07,-2.25,0.28,-9.5,0.05,4.73,-22.56,27.69,-10.06,1285.0,1285.0,1192.0,1254.0
0.07,2.56,0.35,-4.62,0.05,4.57,-115.5,-117.56,-6.44,1172.0,1290.0,1358.0,1291.0
0.07,4.19,0.35,2.12,0.05,4.67,34.63,-125.69,-38.5,1207.0,1269.0,1298.0,1373.0
0.07,-0.62,1.19,2.94,0.05,5.22,97.31,29.94,-42.0,1305.0,1289.0,1195.0,1358.0
0.07,-3.94,1.19,-0.94,0.05,6.26,45.25,100.5,-45.75,1319.0,1347.0,1173.0,1316.0
0.07,5.25,1.33,2.06,0.05,11.42,41.13,-140.5,-52.38,1179.0,1291.0,1295.0,1400.0
0.07,0.0,1.26,6.5,0.05,13.69,110.06,-45.19,-47.94,1244.0,1267.0,1222.0,1432.0
0.07,-2.31,1.19,4.19,0.05,16.14,28.31,84.56,-50.44,1276.0,1364.0,1177.0,1346.0
0.07,-1.56,0.98,-2.06,0.05,18.66,-21.94,116.56,-39.0,1274.0,1411.0,1185.0,1294.0
0.07,0.62,0.84,-6.81,0.05,21.05,-66.06,62.06,-31.56,1261.0,1413.0,1202.0,1289.0
0.07,2.62,0.63,-1.62,0.05,23.31,-28.81,-146.62,-24.0,1170.0,1318.0,1289.0,1386.0
0.07,3.37,0.35,0.88,-0.1,28.07,-6.75,71.69,5.25,1262.0,1381.0,1221.0,1300.0
0.07,3.44,0.28,-3.19,-0.1,28.87,6.56,68.56,8.56,1274.0,1371.0,1212.0,1307.0
0.07,4.94,0.28,2.56,-0.1,29.26,-80.12,3.81,21.06,1215.0,1359.0,1283.0,1307.0
0.07,7.62,0.28,2.12,0.05,28.79,-52.63,30.94,30.12,1239.0,1358.0,1275.0,1292.0
0.07,8.56,0.28,0.25,-0.1,28.01,-5.44,41.0,30.5,1263.0,1353.0,1256.0,1293.0
0.07,2.81,0.28,-1.06,-0.1,24.53,-47.94,11.44,-7.25,1234.0,1376.0,1244.0,1310.0
0.07,3.94,0.28,0.69,0.05,23.69,-11.5,-36.5,-6.0,1209.0,1332.0,1275.0,1348.0
0.07,2.12,0.14,0.0,0.05,21.72,0.13,-3.31,-0.06,1301.0,1383.0,1306.0,1386.0
0.07,2.25,0.14,-0.06,0.05,21.59,1.19,0.37,3.94,1315.0,1397.0,1320.0,1392.0
0.07,0.31,0.14,6.75,-0.1,19.05,12.44,-21.56,7.56,1332.0,1387.0,1355.0,1421.0
-0.63,-0.19,0.14,7.25,-0.1,18.61,9.69,-3.19,9.94,1342.0,1391.0,1351.0,1412.0
-2.1,-2.0,-4.27,4.19,0.05,17.21,11.56,35.13,12.94,1370.0,1407.0,1342.0,1397.0
-1.19,-2.81,-6.65,2.37,-0.1,16.72,15.69,34.75,12.56,1375.0,1408.0,1342.0,1400.0
0.07,-5.75,-8.26,-0.75,-0.1,15.24,14.38,0.62,10.75,1369.0,1390.0,1354.0,1420.0
0.07,-6.31,-8.26,-0.62,-0.1,14.77,8.25,-7.69,10.5,1365.0,1389.0,1364.0,1422.0
0.07,-6.25,-9.45,-0.25,-0.1,14.28,-7.75,-8.94,9.75,1368.0,1402.0,1382.0,1428.0
0.07,-2.75,-13.51,-1.44,-0.1,12.91,-24.87,24.31,7.0,1371.0,1426.0,1384.0,1407.0
0.07,-1.69,-13.51,-3.0,-0.1,12.53,-14.69,27.81,6.69,1379.0,1428.0,1381.0,1408.0
0.07,-2.0,-15.12,-6.19,-0.1,11.6,14.44,4.75,5.69,1386.0,1408.0,1379.0,1427.0
0.07,-2.75,-15.68,-6.12,-0.1,11.32,11.06,-3.44,5.44,1382.0,1403.0,1384.0,1432.0
0.07,2.44,0.14,-3.19,-0.1,10.0,18.25,-48.44,2.44,1354.0,1381.0,1384.0,1426.0
0.07,2.06,0.14,-1.12,-0.1,9.96,5.19,-38.06,1.19,1351.0,1385.0,1382.0,1418.0
0.07,2.25,1.54,0.13,-0.1,9.93,-10.31,-16.19,1.06,1352.0,1397.0,1378.0,1405.0
0.07,3.37,1.47,0.19,-0.1,9.96,-23.19,5.87,0.69,1352.0,1409.0,1370.0,1385.0
0.07,4.69,0.63,-0.62,-0.1,9.98,-27.0,19.87,1.69,1354.0,1417.0,1364.0,1371.0
0.07,6.06,0.63,-1.75,-0.1,9.98,-21.0,17.87,1.62,1354.0,1416.0,1361.0,1369.0
0.07,6.56,0.49,-2.25,-0.1,9.95,-3.0,2.62,1.81,1354.0,1404.0,1360.0,1378.0
0.07,6.31,0.35,-2.06,-0.1,9.91,11.13,-9.06,2.06,1352.0,1388.0,1356.0,1388.0
0.07,5.25,0.28,-1.06,-0.1,9.86,19.87,-19.69,2.19,1349.0,1376.0,1356.0,1396.0
0.07,4.19,0.28,0.0,-0.1,9.81,20.87,-21.94,2.25,1347.0,1369.0,1354.0,1398.0
0.07,3.25,0.14,1.0,-0.1,9.77,16.62,-17.56,2.0,1346.0,1370.0,1354.0,1397.0
0.07,2.69,0.14,1.56,-0.1,9.66,7.81,-8.44,1.37,1345.0,1376.0,1353.0,1390.0
0.07,2.62,0.14,1.62,-0.1,9.57,-2.0,3.06,1.31,1347.0,1385.0,1352.0,1381.0
0.07,3.0,0.14,1.19,-0.1,9.49,-7.56,9.19,1.44,1347.0,1391.0,1351.0,1375.0
0.07,3.44,0.14,0.62,-0.1,9.41,-6.31,10.25,0.5,1348.0,1392.0,1350.0,1374.0
0.07,3.56,0.14,0.19,-0.1,9.35,-0.75,7.31,0.75,1349.0,1390.0,1349.0,1376.0
0.07,3.37,0.14,0.0,-0.1,9.29,7.69,1.0,1.75,1351.0,1384.0,1349.0,1381.0
0.07,2.81,0.14,0.06,-0.1,9.21,14.44,-4.19,1.44,1351.0,1378.0,1347.0,1387.0
0.07,2.06,-0.07,0.31,-0.1,9.14,17.06,-5.25,0.88,1353.0,1375.0,1347.0,1389.0
0.07,1.12,-0.07,0.56,-0.1,9.07,14.31,-4.19,1.12,1353.0,1374.0,1347.0,1390.0
0.07,0.5,-0.07,0.69,-0.1,9.02,10.19,-1.37,-0.37,1352.0,1376.0,1347.0,1388.0
0.07,0.31,-0.07,0.69,-0.1,8.98,3.25,2.62,0.0,1351.0,1382.0,1348.0,1383.0
0.07,0.25,-0.07,0.5,-0.1,8.96,-1.06,5.0,0.0,1351.0,1385.0,1348.0,1381.0
0.07,0.44,-0.07,0.13,-0.1,8.97,-3.5,8.0,-0.13,1351.0,1388.0,1348.0,1378.0
0.07,0.5,-0.07,-0.25,-0.1,8.98,-1.56,6.69,-0.06,1351.0,1388.0,1347.0,1378.0
0.07,0.5,-0.07,-0.44,-0.1,8.98,0.44,2.25,0.25,1351.0,1385.0,1348.0,1381.0
0.07,0.44,-0.63,-0.5,-0.1,8.99,3.12,0.56,-0.5,1351.0,1382.0,1348.0,1383.0
0.07,0.25,-0.63,-0.44,-0.1,8.99,4.31,-1.0,-0.25,1350.0,1381.0,1348.0,1385.0
0.07,0.0,-0.7,-0.37,-0.1,8.99,3.56,-1.25,-0.25,1350.0,1380.0,1348.0,1385.0
0.07,-0.06,-0.7,-0.44,-0.1,8.99,0.94,3.44,-0.75,1351.0,1383.0,1347.0,1383.0
0.07,-0.06,-4.2,-0.69,0.05,9.0,-1.37,6.25,-0.75,1349.0,1383.0,1349.0,1383.0
0.07,0.06,-9.31,-1.06,-0.1,9.01,-3.87,7.81,-0.5,1345.0,1382.0,1353.0,1384.0
0.07,0.31,-10.99,-1.5,-0.1,9.02,-6.0,11.56,-1.0,1345.0,1384.0,1353.0,1383.0
0.07,0.56,-12.25,-2.31,-0.1,9.05,-4.12,14.56,-0.88,1346.0,1385.0,1351.0,1382.0
0.07,0.69,-12.39,-3.25,-0.1,9.08,-2.5,21.62,-1.12,1350.0,1388.0,1348.0,1379.0
0.07,0.81,-11.69,-4.44,-0.1,9.1,-1.31,27.31,-0.94,1354.0,1392.0,1344.0,1375.0
0.07,0.88,-6.86,-5.75,-0.1,9.14,-1.31,28.06,-0.62,1359.0,1396.0,1338.0,1371.0
0.07,0.94,-5.32,-7.12,-0.1,9.17,0.31,21.0,0.25,1359.0,1395.0,1339.0,1371.0
0.07,0.94,0.14,-7.69,-0.1,9.19,-0.19,5.5,0.37,1359.0,1394.0,1340.0,1372.0
0.07,0.94,5.04,-7.44,-0.1,9.2,-0.81,-11.88,1.0,1354.0,1388.0,1346.0,1377.0
0.07,0.94,15.19,-6.06,-0.1,9.21,0.31,-28.69,1.44,1353.0,1386.0,1347.0,1378.0
0.14,1.0,16.45,-4.19,-0.1,9.22,-1.75,-42.75,3.19,1347.0,1379.0,1355.0,1383.0
0.07,1.06,16.66,-2.0,0.05,9.23,-3.12,-48.38,3.25,1342.0,1374.0,1361.0,1387.0
0.07,1.25,14.21,0.81,-0.1,9.2,-2.94,-49.19,3.94,1337.0,1371.0,1366.0,1390.0
0.07,1.44,11.48,2.94,-0.1,9.13,-4.37,-39.25,4.25,1337.0,1371.0,1366.0,1388.0
0.07,1.69,8.05,4.62,0.05,9.02,-5.94,-23.69,4.69,1340.0,1373.0,1365.0,1385.0
0.07,1.87,3.36,5.12,-0.1,8.87,-4.69,-4.69,4.62,1345.0,1377.0,1360.0,1382.0
0.07,2.0,1.54,4.87,-0.1,8.7,-1.62,10.69,4.31,1353.0,1385.0,1355.0,1375.0
0.07,2.06,0.84,4.0,-0.1,8.5,-1.44,22.44,5.0,1363.0,1393.0,1354.0,1374.0
0.07,2.06,0.49,2.75,-0.1,8.29,-0.31,27.19,5.44,1379.0,1407.0,1363.0,1383.0
0.07,2.0,0.35,1.31,0.05,8.12,1.19,22.56,5.31,1394.0,1418.0,1378.0,1398.0
0.07,1.94,0.28,0.5,0.05,7.96,1.75,15.06,6.06,1394.0,1416.0,1383.0,1402.0
0.07,1.81,0.28,0.25,0.05,7.76,1.37,0.62,6.12,1391.0,1412.0,1390.0,1408.0
0.07,1.75,0.28,0.5,0.05,7.56,-1.06,-7.12,6.25,1386.0,1408.0,1395.0,1411.0
0.07,1.81,0.14,0.94,0.05,7.39,-2.94,-9.44,5.69,1386.0,1409.0,1399.0,1414.0
0.07,2.06,0.14,1.25,0.05,7.22,-5.56,-5.12,5.06,1386.0,1411.0,1399.0,1412.0
0.07,2.25,0.14,1.31,0.05,7.05,-4.37,4.0,5.0,1390.0,1416.0,1397.0,1409.0
0.07,2.44,-0.42,0.81,0.05,6.86,-3.5,14.75,4.81,1395.0,1420.0,1393.0,1404.0
0.07,2.5,-0.49,-0.44,0.05,6.64,-0.69,24.12,4.62,1402.0,1423.0,1387.0,1401.0
0.07,2.37,-0.56,-1.75,0.05,6.42,5.75,27.31,5.12,1406.0,1424.0,1382.0,1399.0
0.07,1.94,-0.56,-2.94,0.05,6.2,9.88,22.0,5.69,1408.0,1420.0,1382.0,1402.0
0.07,1.31,-0.63,-3.75,0.05,5.99,15.69,11.38,5.94,1408.0,1412.0,1383.0,1407.0
0.07,0.31,-0.49,-3.87,0.05,5.78,18.56,-3.31,5.44,1405.0,1405.0,1387.0,1414.0
0.07,-0.5,-0.28,-3.44,0.05,5.58,16.12,-12.44,4.56,1400.0,1402.0,1392.0,1419.0
0.07,-1.0,-0.14,-2.62,0.05,5.37,6.19,-16.12,3.75,1395.0,1402.0,1397.0,1419.0
0.07,-0.81,-0.07,-2.0,0.05,5.18,-8.44,-10.44,1.37,1390.0,1409.0,1400.0,1413.0
0.07,-0.06,-0.07,-1.69,0.05,5.01,-20.56,-2.81,-0.31,1386.0,1418.0,1402.0,1406.0
0.07,1.44,-0.07,-1.87,0.05,4.88,-28.12,4.87,-1.5,1385.0,1427.0,1402.0,1399.0
0.07,2.75,-0.07,-2.31,0.05,4.79,-25.37,10.5,-2.0,1387.0,1431.0,1400.0,1396.0
0.07,3.69,0.14,-2.75,-0.1,4.75,-14.19,8.25,-2.44,1389.0,1428.0,1396.0,1399.0
0.07,3.94,0.14,-2.94,0.05,4.74,1.81,1.06,-2.5,1393.0,1420.0,1393.0,1407.0
0.07,3.37,0.14,-2.75,-0.1,4.76,17.56,-8.94,-2.94,1394.0,1410.0,1390.0,1418.0
0.07,1.94,0.14,-1.81,0.05,4.82,26.94,-17.69,-3.31,1395.0,1399.0,1389.0,1429.0
0.07,0.62,0.14,-0.75,0.05,4.91,23.94,-23.94,-4.19,1392.0,1396.0,1392.0,1433.0
0.07,-0.06,0.14,0.31,0.05,5.04,9.06,-20.19,-5.31,1386.0,1402.0,1395.0,1430.0
0.07,0.13,0.14,1.06,0.05,5.21,-10.81,-9.94,-7.0,1381.0,1413.0,1398.0,1420.0
0.07,1.06,0.14,1.19,0.05,5.41,-26.75,2.56,-7.87,1378.0,1427.0,1399.0,1409.0
0.07,2.94,0.14,0.62,-0.1,5.65,-33.19,11.81,-8.44,1376.0,1437.0,1398.0,1401.0
0.07,4.44,0.14,-0.06,-0.1,5.91,-24.44,13.75,-8.56,1378.0,1440.0,1394.0,1400.0
0.07,5.06,0.14,-0.56,-0.1,6.2,-1.62,4.37,-7.87,1372.0,1420.0,1378.0,1397.0
0.07,4.31,0.14,-0.5,-0.1,6.51,22.56,-5.87,-7.87,1352.0,1381.0,1348.0,1388.0
0.07,2.44,0.14,0.25,-0.1,6.86,45.56,-19.37,-7.56,1356.0,1362.0,1341.0,1406.0
0.07,-0.44,0.14,1.62,-0.1,7.25,50.94,-23.31,-7.62,1354.0,1353.0,1336.0,1414.0
0.07,-2.37,0.14,2.44,-0.1,7.7,34.44,-13.44,-8.63,1352.0,1359.0,1335.0,1408.0
0.07,-3.25,0.14,2.81,-0.1,8.17,9.19,-0.81,-8.63,1344.0,1370.0,1336.0,1393.0
0.07,-2.81,0.14,2.56,-0.1,8.65,-13.06,8.56,-8.63,1339.0,1385.0,1339.0,1381.0
0.07,-1.56,0.14,1.81,-0.1,9.11,-29.37,17.25,-8.44,1335.0,1399.0,1343.0,1367.0
0.07,0.0,0.14,1.12,-0.1,9.52,-31.69,13.0,-6.19,1332.0,1401.0,1345.0,1365.0
0.07,1.12,0.14,0.69,-0.1,9.9,-18.31,3.56,-5.31,1331.0,1394.0,1346.0,1372.0
0.07,1.62,0.14,0.88,-0.1,10.24,-2.19,-7.44,-4.56,1334.0,1384.0,1344.0,1382.0
0.07,1.0,0.14,1.56,-0.1,10.57,21.12,-18.87,-3.87,1337.0,1369.0,1342.0,1396.0
0.07,-0.19,0.14,2.62,-0.1,10.86,30.44,-22.75,-2.19,1339.0,1362.0,1339.0,1404.0
0.07,-1.5,0.14,3.62,-0.1,11.13,25.62,-16.81,-2.31,1340.0,1361.0,1337.0,1405.0
0.07,-2.44,0.14,4.19,-0.1,11.38,13.69,-7.5,-2.94,1339.0,1368.0,1337.0,1400.0
0.07,-2.75,-1.4,4.19,-0.1,11.62,1.75,1.69,-2.69,1338.0,1378.0,1338.0,1391.0
0.07,-2.19,-7.14,3.75,-0.1,11.84,-13.31,10.88,-2.5,1331.0,1385.0,1344.0,1384.0
0.07,-1.19,-11.83,3.12,-0.1,12.01,-23.25,13.5,-1.87,1325.0,1388.0,1350.0,1381.0
0.07,0.25,-13.86,2.37,-0.1,12.14,-23.12,14.0,-0.37,1323.0,1388.0,1352.0,1381.0
0.14,1.0,-15.26,1.69,-0.1,12.23,-13.63,16.37,0.62,1327.0,1385.0,1350.0,1382.0
0.14,1.31,-15.75,0.44,-0.1,12.28,-2.62,23.5,1.69,1335.0,1383.0,1343.0,1383.0
0.14,1.0,-15.89,-0.94,-0.1,12.3,10.06,30.56,2.56,1345.0,1381.0,1335.0,1384.0
0.14,0.44,-16.03,-2.44,-0.1,12.28,14.38,32.19,3.25,1350.0,1381.0,1330.0,1382.0
0.14,-0.37,-16.73,-4.19,-0.1,12.22,12.25,29.31,4.31,1352.0,1380.0,1331.0,1381.0
0.14,-0.75,-15.89,-5.37,-0.1,12.13,4.62,19.94,6.06,1348.0,1379.0,1337.0,1380.0
0.14,-0.69,-13.37,-6.06,-0.1,11.99,-5.56,11.56,6.87,1343.0,1379.0,1343.0,1378.0
0.14,-0.19,-9.87,-6.25,-0.1,11.8,-13.63,1.06,7.87,1338.0,1381.0,1349.0,1375.0
0.14,0.69,-7.42,-6.0,0.05,11.55,-17.25,-7.31,8.44,1338.0,1383.0,1359.0,1376.0
0.07,1.56,-6.02,-5.37,0.05,11.27,-16.44,-15.0,9.94,1338.0,1383.0,1365.0,1378.0
0.07,2.25,-5.32,-4.56,0.05,10.95,-10.94,-17.0,10.25,1339.0,1380.0,1367.0,1381.0
0.07,2.62,-4.62,-3.81,0.05,10.57,-4.75,-16.12,11.5,1346.0,1378.0,1370.0,1385.0
0.07,2.69,-4.48,-3.19,-0.1,10.16,0.88,-12.13,12.44,1351.0,1376.0,1368.0,1385.0
0.07,2.56,-3.22,-2.56,0.05,9.68,2.06,-8.88,13.31,1357.0,1377.0,1368.0,1383.0
0.07,2.44,-3.29,-2.19,-0.1,9.21,1.31,-5.12,14.06,1359.0,1378.0,1369.0,1382.0
0.07,2.44,-3.29,-1.87,-0.1,8.76,-2.0,-6.75,14.5,1360.0,1377.0,1371.0,1380.0
0.07,2.56,-3.22,-1.44,-0.1,8.25,-4.37,-7.37,15.06,1361.0,1378.0,1375.0,1380.0
0.07,2.75,-3.22,-0.94,-0.1,7.7,-5.69,-9.94,16.25,1359.0,1374.0,1377.0,1377.0
0.07,3.0,-3.15,-0.37,-0.1,7.11,-5.5,-11.38,16.06,1417.0,1430.0,1437.0,1435.0
0.07,3.06,-3.22,0.25,0.05,6.46,-0.62,-9.38,18.94,1431.0,1436.0,1448.0,1442.0
0.07,2.69,-3.01,0.44,0.05,5.75,8.06,-1.37,16.44,1437.0,1435.0,1441.0,1443.0
0.07,2.12,-3.01,0.44,0.05,5.02,10.13,3.69,15.56,1441.0,1434.0,1439.0,1441.0
0.07,1.37,-2.38,0.25,-0.1,4.27,12.19,3.06,14.5,1444.0,1434.0,1437.0,1441.0
0.07,0.69,-2.38,0.25,0.05,3.52,14.19,-2.0,14.13,1444.0,1430.0,1439.0,1443.0
0.07,-0.06,-2.38,0.5,0.05,2.79,16.69,-7.94,12.75,1444.0,1424.0,1440.0,1447.0
0.07,-1.0,-2.38,1.06,0.05,2.1,17.19,-13.63,12.06,1442.0,1419.0,1443.0,1451.0
0.07,-1.87,-2.38,1.87,-0.1,1.43,11.56,-12.94,10.81,1440.0,1421.0,1445.0,1449.0
0.07,-2.19,-2.38,2.25,-0.1,0.8,3.0,-5.12,8.19,1439.0,1426.0,1445.0,1444.0
0.07,-2.12,-3.15,2.19,-0.1,0.24,-4.56,6.0,5.44,1440.0,1434.0,1443.0,1438.0
0.07,-1.75,-4.41,1.5,-0.1,-0.25,-11.06,17.94,3.06,1332.0,1332.0,1332.0,1323.0
0.07,-1.06,-4.27,0.5,-0.1,-0.56,-16.62,19.69,-2.12,1318.0,1327.0,1317.0,1306.0
0.07,0.19,-4.13,-0.25,-0.1,-0.69,-22.12,8.69,-4.0,1308.0,1327.0,1319.0,1307.0
0.07,1.25,-3.99,-0.31,-0.1,-0.75,-20.0,-1.44,-3.81,1301.0,1322.0,1325.0,1309.0
0.07,2.06,-4.69,0.0,-0.1,-0.76,-11.31,-5.44,-4.62,1299.0,1313.0,1322.0,1312.0
0.07,2.12,-5.53,0.25,-0.1,-0.71,1.94,-4.62,-6.56,1302.0,1311.0,1317.0,1319.0
0.07,1.69,-10.43,0.19,-0.1,-0.58,10.44,2.06,-8.19,1304.0,1308.0,1312.0,1324.0
0.07,1.12,-14.0,-0.37,-0.1,-0.37,14.13,14.81,-10.31,1306.0,1308.0,1305.0,1326.0
0.07,0.62,-18.06,-1.44,-0.1,-0.09,7.87,27.19,-11.75,1306.0,1314.0,1301.0,1323.0
0.07,0.56,-18.2,-3.37,-0.1,0.29,-4.94,36.06,-12.69,1307.0,1327.0,1298.0,1313.0
0.07,1.06,-18.2,-5.19,-0.1,0.72,-14.13,37.94,-13.63,1304.0,1336.0,1300.0,1309.0
0.07,1.81,-20.16,-6.87,-0.1,1.24,-18.56,33.0,-15.06,1298.0,1338.0,1303.0,1310.0
0.07,2.69,-21.49,-8.25,-0.1,1.9,-15.06,18.56,-15.63,1290.0,1332.0,1307.0,1319.0
2.45,3.0,-24.71,-8.63,-0.1,2.7,-2.62,1.94,-16.75,1287.0,1322.0,1311.0,1337.0
1.89,2.75,-24.78,-8.5,-0.1,3.6,8.0,-4.69,-16.94,1285.0,1315.0,1308.0,1348.0
0.49,1.75,-22.33,-8.31,-0.1,4.58,17.44,0.5,-17.25,1289.0,1317.0,1300.0,1350.0
0.28,0.5,-16.66,-8.75,-0.1,5.56,27.25,11.38,-17.37,1300.0,1326.0,1285.0,1346.0
0.21,-0.88,-12.46,-9.88,-0.1,6.59,23.94,27.06,-16.56,1311.0,1335.0,1270.0,1339.0
0.07,-2.0,-9.59,-11.25,-0.1,7.6,19.12,27.69,-14.94,1313.0,1343.0,1267.0,1332.0
0.07,1.19,-7.49,-0.75,-0.1,8.52,-126.75,-264.12,-6.69,1134.0,1205.0,1456.0,1461.0
0.07,5.81,-7.28,9.94,-0.1,9.27,-56.19,-71.25,-4.06,1188.0,1318.0,1403.0,1346.0
0.07,10.44,-5.53,14.56,-0.1,9.78,-87.69,-17.0,-0.94,1221.0,1343.0,1371.0,1320.0
0.07,13.81,-5.46,12.0,0.05,10.04,-58.81,100.31,-7.0,1275.0,1394.0,1310.0,1278.0
0.07,15.25,-4.13,3.56,-0.1,10.04,-9.56,157.31,-7.87,1330.0,1416.0,1251.0,1260.0
0.07,13.56,-2.8,-4.0,-0.1,9.9,61.38,141.0,-7.5,1361.0,1393.0,1221.0,1281.0
0.07,9.38,-2.8,-8.94,-0.1,9.69,101.12,72.69,-4.25,1364.0,1346.0,1219.0,1325.0
0.07,4.0,-2.1,-9.63,-0.1,9.47,111.94,-19.94,-1.94,1340.0,1295.0,1250.0,1371.0
0.07,-1.44,-2.1,-5.25,-0.1,9.27,85.06,-98.69,-1.56,1219.0,1188.0,1231.0,1335.0
0.07,-3.5,-1.89,0.88,-0.1,9.11,19.0,-134.94,-1.5,1048.0,1054.0,1136.0,1202.0
0.07,-2.94,-1.82,7.06,-0.1,8.95,-35.06,-117.25,-5.31,1005.0,1052.0,1131.0,1160.0
0.07,-0.75,-1.68,11.75,-0.1,8.81,-53.75,-81.12,-15.25,1000.0,1083.0,1124.0,1140.0
0.07,3.44,-1.61,15.56,-0.1,8.83,-69.62,-59.44,-23.69,1000.0,1111.0,1126.0,1124.0
0.07,1.69,-1.4,6.81,-0.1,9.02,80.19,312.44,-9.31,1271.0,1232.0,1000.0,1004.0
0.07,-3.75,-1.26,-16.06,-0.1,9.4,-15.94,267.94,-16.06,1253.0,1274.0,1000.0,1000.0
0.07,6.25,-1.12,-16.87,-0.1,9.72,-206.87,-17.0,45.94,1000.0,1185.0,1196.0,1000.0
0.07,15.75,-0.84,-13.06,-0.1,9.76,-125.69,-97.06,28.87,1000.0,1121.0,1185.0,1038.0
0.07,17.37,-0.7,-6.19,-0.1,9.87,2.75,-163.25,3.19,1000.0,1062.0,1154.0,1143.0
0.07,13.0,-0.07,1.75,0.05,10.36,96.44,-87.81,-50.06,1033.0,1033.0,1068.0,1211.0
0.07,2.19,-0.07,1.25,0.05,11.81,240.31,31.06,-96.44,1095.0,1080.0,1000.0,1266.0
0.07,1.25,-0.07,-3.56,-0.1,13.88,-112.19,76.25,-1.19,1069.0,1176.0,1027.0,1074.0
0.07,5.87,-0.07,-2.06,-0.1,15.57,-53.38,-63.75,-2.5,1000.0,1129.0,1117.0,1102.0
0.07,6.37,-0.07,0.06,-0.1,17.02,24.81,-26.06,-30.69,1005.0,1100.0,1019.0,1132.0
0.07,1.06,-0.07,-1.37,-0.1,18.47,71.25,49.75,-20.06,1027.0,1042.0,1000.0,1085.0
0.07,2.19,0.14,-1.94,-0.1,19.68,-48.0,-31.75,3.31,1000.0,1049.0,1000.0,1020.0
0.07,2.12,0.14,-0.62,-0.1,20.65,21.31,1.25,-10.94,1000.0,1046.0,1000.0,1052.0
0.07,1.62,0.14,-1.56,-0.1,21.49,-2.25,-6.44,-2.87,1000.0,1053.0,1000.0,1040.0
0.07,2.0,0.14,-1.06,-0.1,22.13,-1.37,7.56,-4.56,1000.0,1052.0,1000.0,1040.0
0.07,1.62,0.14,-1.37,-0.1,22.62,2.81,-2.25,0.62,1000.0,1041.0,1000.0,1041.0
0.07,1.81,0.14,-1.25,-0.1,23.02,-1.12,-2.44,1.94,1000.0,1046.0,1000.0,1044.0
0.07,1.75,-0.07,-1.31,0.05,23.42,-1.94,-0.5,0.62,1000.0,1049.0,1000.0,1041.0
0.07,1.75,-0.07,-1.31,0.05,23.79,0.13,1.0,0.19,1000.0,1046.0,1000.0,1042.0
0.07,1.75,-0.07,-1.25,0.05,24.1,-0.25,0.81,-0.5,1000.0,1047.0,1000.0,1043.0
0.07,1.75,-0.07,-1.31,0.05,24.41,0.13,-0.44,-0.75,1000.0,1048.0,1000.0,1045.0
0.07,1.75,-0.07,-1.25,0.05,24.67,0.13,-0.06,-0.19,1000.0,1070.0,1000.0,1065.0
0.07,1.75,-0.7,-1.25,0.05,24.98,-0.25,-0.19,0.19,1014.0,1109.0,1016.0,1105.0
0.07,1.75,-0.77,-1.19,0.05,25.24,-0.44,0.25,0.13,1050.0,1145.0,1051.0,1142.0
0.07,1.75,-1.54,-1.12,0.05,25.54,-0.06,0.19,0.62,1098.0,1194.0,1100.0,1192.0
0.07,1.75,-2.24,-1.12,0.05,25.78,-0.44,-0.37,-1.0,1116.0,1216.0,1121.0,1215.0
0.07,1.75,-3.64,-1.12,0.05,25.97,0.13,0.13,-0.62,1136.0,1236.0,1143.0,1237.0
0.07,1.75,-4.27,-1.12,0.05,26.12,-0.25,0.13,-0.19,1139.0,1238.0,1144.0,1239.0
0.07,1.75,-4.97,-1.12,0.05,26.23,0.75,-0.06,-0.5,1140.0,1241.0,1149.0,1243.0
0.07,1.75,-7.0,-1.12,0.05,26.32,-0.13,0.13,-0.62,1141.0,1241.0,1151.0,1246.0
0.07,1.75,-8.54,-1.12,0.05,26.39,1.56,0.5,-0.25,1140.0,1242.0,1154.0,1248.0
0.07,1.75,-11.69,-1.12,0.05,26.44,2.12,0.13,0.31,1139.0,1243.0,1158.0,1252.0
0.07,1.75,-12.39,-1.12,0.05,26.54,2.25,1.69,0.13,1138.0,1242.0,1159.0,1253.0
0.07,1.75,-13.09,-1.12,0.05,26.64,-2.12,-1.19,0.06,1141.0,1241.0,1158.0,1256.0
0.07,1.75,-13.3,-1.12,0.05,26.74,-2.06,-0.13,0.37,1142.0,1244.0,1159.0,1258.0
0.07,1.75,-13.3,-1.19,0.05,26.81,0.44,0.19,-0.88,1145.0,1247.0,1164.0,1260.0
0.07,1.75,-12.67,-1.19,0.05,26.88,-0.13,0.5,-1.19,1147.0,1249.0,1166.0,1262.0
0.07,1.75,-12.6,-1.19,0.05,26.94,-0.19,0.75,0.13,1146.0,1251.0,1167.0,1264.0
0.07,1.75,-12.6,-1.19,0.05,26.98,1.5,0.81,-0.44,1151.0,1256.0,1170.0,1267.0
0.07,1.75,-12.46,-1.19,0.05,27.03,0.81,-0.5,-0.25,1164.0,1267.0,1181.0,1280.0
0.07,1.75,-12.46,-1.19,0.05,27.07,-0.06,0.56,-0.13,1197.0,1299.0,1215.0,1312.0
0.07,1.75,-12.39,-1.19,0.05,27.11,-0.88,0.25,-0.31,1200.0,1301.0,1217.0,1315.0
0.07,1.75,-11.69,-1.19,0.05,27.15,-1.94,-0.19,0.37,1226.0,1328.0,1241.0,1341.0
0.07,1.75,-11.69,-1.19,0.05,27.2,-1.94,0.25,0.0,1227.0,1331.0,1244.0,1342.0
0.07,1.75,-11.69,-1.19,0.05,27.27,0.75,0.44,0.75,1236.0,1342.0,1256.0,1353.0
0.07,1.69,-11.69,-1.25,0.05,27.33,3.06,2.19,-0.37,1240.0,1342.0,1252.0,1354.0
0.07,1.56,-11.48,-1.37,0.05,27.37,1.69,1.62,0.13,1241.0,1343.0,1253.0,1355.0
0.07,1.5,-11.27,-1.37,0.05,27.4,2.87,1.19,1.19,1238.0,1344.0,1257.0,1353.0
0.07,1.5,-9.94,-1.44,0.05,27.42,0.81,0.56,-0.62,1242.0,1344.0,1251.0,1355.0
0.07,1.5,-9.94,-1.44,0.05,27.45,-2.69,0.37,0.62,1241.0,1344.0,1254.0,1353.0
0.07,1.44,-9.17,-1.5,0.05,27.45,1.37,0.19,-0.25,1242.0,1344.0,1252.0,1354.0
0.07,1.37,-8.96,-1.56,0.05,27.46,3.25,-0.19,0.75,1241.0,1345.0,1253.0,1353.0
0.07,1.37,-8.96,-1.5,0.05,27.45,0.37,-0.56,-0.62,1240.0,1346.0,1255.0,1354.0
0.07,1.5,-8.82,-1.44,0.05,27.47,0.37,-1.75,0.94,1264.0,1369.0,1279.0,1376.0
0.07,1.5,-8.75,-1.44,0.05,27.48,0.56,0.62,-0.94,1269.0,1372.0,1279.0,1380.0
0.07,1.37,-8.75,-1.5,0.05,27.5,1.56,0.5,0.31,1268.0,1372.0,1280.0,1380.0
0.07,1.25,-8.61,-1.69,0.05,27.51,0.25,6.37,2.81,1275.0,1372.0,1278.0,1379.0
0.07,1.06,-8.61,-1.87,0.05,27.45,4.44,2.69,7.37,1279.0,1371.0,1283.0,1378.0
0.07,1.06,-8.61,-1.87,0.05,27.31,0.44,-1.12,11.19,1280.0,1372.0,1293.0,1375.0
0.07,1.19,-8.54,-1.69,0.05,27.05,2.37,1.06,14.88,1279.0,1368.0,1302.0,1375.0
0.07,1.12,-8.54,-1.75,0.05,26.68,-0.31,1.5,16.94,1291.0,1367.0,1294.0,1373.0
0.07,1.0,-8.61,-2.0,0.05,26.18,2.25,2.31,16.37,1291.0,1370.0,1296.0,1371.0
0.07,0.88,-8.61,-2.06,0.05,25.62,-2.44,-0.5,16.81,1295.0,1366.0,1301.0,1374.0
0.07,0.81,-8.54,-1.94,0.05,24.98,-3.25,-4.44,16.87,1294.0,1369.0,1306.0,1375.0
0.07,0.94,-8.61,-1.81,0.05,24.29,-4.69,-4.81,14.81,1296.0,1371.0,1314.0,1378.0
0.07,1.12,-8.61,-1.56,0.05,23.59,-3.12,-6.69,14.5,1311.0,1384.0,1329.0,1392.0
0.07,1.31,-8.61,-1.5,0.05,22.86,-3.12,-1.56,12.94,1311.0,1387.0,1329.0,1389.0
0.07,1.31,-8.61,-1.62,0.05,22.15,3.81,4.87,15.44,1318.0,1385.0,1327.0,1387.0
0.07,1.25,-8.54,-1.87,0.05,21.43,0.06,6.87,16.19,1324.0,1383.0,1330.0,1384.0
0.07,1.06,-8.54,-2.25,0.05,20.66,2.62,7.75,16.69,1328.0,1384.0,1329.0,1382.0
0.07,0.88,-8.54,-2.81,0.05,19.87,-2.37,12.38,16.06,1332.0,1383.0,1328.0,1381.0
0.07,0.81,-8.54,-3.31,0.05,19.07,-4.25,9.88,17.5,1333.0,1379.0,1331.0,1380.0
0.07,0.88,-8.54,-3.81,0.05,18.27,-3.94,9.5,17.62,1336.0,1384.0,1336.0,1376.0
0.07,1.25,-8.4,-4.25,0.05,17.45,-6.5,9.81,18.31,1337.0,1384.0,1337.0,1374.0
0.07,1.5,-8.4,-4.25,0.05,16.62,-6.75,-3.56,17.25,1332.0,1377.0,1346.0,1378.0
0.07,2.12,-8.26,-3.56,0.05,15.76,-11.94,-16.94,18.0,1325.0,1374.0,1356.0,1377.0
0.07,2.69,-8.26,-2.37,0.05,14.91,-11.56,-23.69,16.37,1321.0,1365.0,1363.0,1383.0
0.07,3.44,-8.05,-1.44,0.05,14.08,-19.12,-16.56,16.44,1321.0,1372.0,1363.0,1375.0
0.07,4.56,-7.98,-0.81,0.05,13.23,-18.31,-6.62,15.25,1324.0,1374.0,1362.0,1370.0
0.07,5.19,-7.91,-0.69,0.05,12.39,-7.19,2.62,15.19,1332.0,1376.0,1358.0,1366.0
0.07,4.5,-7.84,-0.94,0.05,11.55,16.19,8.19,16.19,1348.0,1365.0,1346.0,1373.0
0.07,3.06,-7.84,-1.31,0.05,10.73,30.87,5.81,14.19,1357.0,1360.0,1339.0,1379.0
0.07,1.56,-7.84,-1.81,0.05,9.95,26.81,14.0,11.94,1360.0,1360.0,1336.0,1379.0
0.07,0.19,-7.84,-2.56,0.05,9.09,25.19,11.56,10.88,1359.0,1362.0,1338.0,1376.0
0.07,-0.69,-7.7,-3.12,0.05,8.32,14.0,7.87,9.44,1359.0,1361.0,1342.0,1374.0
0.07,-0.88,-7.7,-3.12,0.05,7.53,-2.25,-6.31,10.06,1350.0,1363.0,1357.0,1373.0
0.07,-0.37,-7.63,-2.5,0.05,6.81,-11.81,-16.69,7.94,1342.0,1364.0,1368.0,1377.0
0.07,0.31,-7.49,-1.5,0.05,6.05,-17.5,-22.19,6.75,1338.0,1364.0,1377.0,1376.0
0.07,1.75,-7.35,-0.44,0.05,5.31,-29.5,-16.87,7.25,1337.0,1372.0,1385.0,1370.0
0.07,2.81,-7.14,-0.06,0.05,4.61,-13.75,-3.75,3.31,1346.0,1378.0,1379.0,1372.0
0.07,3.25,-7.14,-0.19,-0.1,3.94,-6.56,4.56,2.44,1357.0,1378.0,1373.0,1375.0
0.07,3.62,-7.07,-0.25,-0.1,3.37,-2.87,1.62,-0.25,1359.0,1380.0,1376.0,1379.0
0.07,4.0,-7.07,-0.31,0.05,2.85,-7.12,1.0,-2.5,1357.0,1384.0,1376.0,1377.0
0.07,4.31,-7.07,-0.5,-0.1,2.44,-4.62,2.06,-4.12,1359.0,1385.0,1376.0,1379.0
0.07,4.37,-7.07,-0.5,-0.1,2.13,2.06,-2.69,-5.69,1361.0,1381.0,1376.0,1385.0
0.07,4.19,-7.14,-0.44,0.05,1.91,4.25,0.0,-7.75,1363.0,1383.0,1376.0,1390.0
0.07,4.19,-7.07,-0.37,0.05,1.72,0.06,-0.31,-9.88,1361.0,1385.0,1379.0,1390.0
0.07,4.44,-7.07,-0.5,-0.1,1.61,-7.75,3.81,-13.19,1362.0,1392.0,1376.0,1390.0
-0.63,5.19,-7.07,-1.0,0.05,1.62,-16.06,8.94,-12.44,1360.0,1399.0,1378.0,1382.0
-3.01,5.81,-7.84,-1.75,0.05,1.71,-7.69,14.44,-16.44,1358.0,1407.0,1376.0,1383.0
-4.55,5.87,-8.4,-2.5,0.05,1.97,2.81,8.06,-17.69,1359.0,1404.0,1373.0,1388.0
-6.09,5.12,-12.81,-2.5,0.05,2.38,20.56,-4.75,-19.25,1354.0,1391.0,1374.0,1405.0
-6.02,3.87,-14.7,-2.19,0.05,2.92,29.69,-9.13,-20.19,1354.0,1383.0,1372.0,1416.0
-4.62,2.5,-15.89,-1.69,0.05,3.56,29.94,-8.5,-21.06,1353.0,1381.0,1369.0,1421.0
-4.55,1.0,-16.03,-1.5,0.05,4.19,23.44,0.25,-22.0,1354.0,1387.0,1363.0,1420.0
-4.48,0.25,-14.56,-1.94,0.05,4.85,14.19,12.31,-21.5,1357.0,1398.0,1360.0,1410.0
-4.34,0.0,-13.3,-2.81,0.05,5.49,-0.06,20.62,-21.44,1356.0,1408.0,1358.0,1402.0
-4.06,0.19,-12.04,-3.87,0.05,6.16,-5.5,21.62,-20.81,1356.0,1414.0,1356.0,1398.0
-3.99,0.44,-11.48,-4.75,-0.1,6.88,-5.69,16.87,-20.25,1352.0,1415.0,1357.0,1399.0
-3.78,0.5,-11.41,-5.25,-0.1,7.62,-0.56,3.75,-20.06,1348.0,1410.0,1359.0,1406.0
-3.78,0.44,-10.71,-5.0,-0.1,8.34,4.69,-9.0,-18.5,1345.0,1403.0,1361.0,1414.0
-3.78,-0.13,-10.5,-4.25,-0.1,9.07,14.0,-18.12,-18.06,1343.0,1396.0,1361.0,1423.0
-3.92,-1.25,-9.87,-3.06,-0.1,9.82,22.19,-20.06,-16.75,1343.0,1392.0,1359.0,1430.0
-4.06,-2.25,-9.8,-2.25,-0.1,10.53,21.94,-14.5,-16.5,1345.0,1393.0,1356.0,1430.0
-4.76,-3.19,-9.17,-1.56,-0.1,11.21,14.69,-8.06,-14.88,1346.0,1398.0,1354.0,1425.0
-5.46,-3.44,-8.4,-1.5,-0.1,11.9,1.44,2.81,-12.81,1345.0,1408.0,1355.0,1416.0
-5.46,-3.19,-8.4,-1.69,-0.1,12.6,-6.5,5.44,-12.31,1342.0,1412.0,1354.0,1412.0
-4.83,-2.75,-7.0,-1.87,0.05,13.27,-8.0,1.31,-10.75,1342.0,1416.0,1357.0,1410.0
-4.9,-2.37,-6.44,-1.75,-0.1,13.87,-6.31,-3.75,-9.31,1340.0,1413.0,1358.0,1413.0
-5.6,-2.25,-4.48,-1.12,0.05,14.4,0.5,-12.06,-7.5,1340.0,1409.0,1359.0,1416.0
-7.7,-2.56,-4.41,-0.31,-0.1,14.92,10.75,-19.37,-5.81,1338.0,1402.0,1361.0,1424.0
-14.14,-3.19,-3.57,0.69,0.05,15.36,15.5,-20.0,-4.56,1336.0,1403.0,1363.0,1422.0
-19.95,-4.0,-1.54,1.69,-0.1,15.74,17.75,-20.0,-2.87,1334.0,1407.0,1365.0,1418.0
-20.58,-5.12,-0.84,2.62,-0.1,16.08,18.31,-11.44,-2.87,1337.0,1409.0,1362.0,1417.0
-18.34,-6.19,-0.84,3.06,-0.1,16.38,24.81,-5.5,-1.81,1343.0,1407.0,1355.0,1419.0
-11.9,-7.75,-3.36,3.25,-0.1,16.64,29.81,-3.5,-1.0,1352.0,1400.0,1347.0,1426.0
-5.46,-9.13,-5.74,3.31,0.05,16.87,28.19,0.06,-0.56,1356.0,1392.0,1341.0,1431.0
-2.45,-10.19,-8.54,3.25,0.05,17.03,14.31,0.69,0.69,1355.0,1392.0,1345.0,1432.0
-2.31,-10.06,-13.09,3.19,-0.1,17.15,-12.13,0.88,2.12,1342.0,1398.0,1358.0,1425.0
-1.47,-8.75,-16.45,3.12,0.05,17.2,-34.81,0.94,2.19,1330.0,1406.0,1370.0,1417.0
-0.07,-6.0,-18.55,2.81,0.05,17.21,-53.63,6.06,2.19,1321.0,1415.0,1378.0,1406.0
-0.07,-3.25,-18.55,2.31,0.05,17.13,-57.63,12.31,2.69,1322.0,1421.0,1381.0,1399.0
0.07,-0.81,-17.01,1.62,0.05,17.0,-46.56,16.81,3.75,1326.0,1422.0,1376.0,1396.0
0.07,0.94,-15.12,0.69,-0.1,16.81,-29.31,21.37,3.44,1335.0,1422.0,1366.0,1396.0
-0.07,1.81,-15.12,-0.69,0.05,16.64,-10.31,22.94,3.75,1346.0,1414.0,1357.0,1403.0
-0.14,1.5,-14.42,-1.56,0.05,16.43,10.13,17.5,4.37,1354.0,1403.0,1351.0,1412.0
-0.14,0.81,-9.17,-2.19,-0.1,16.23,16.44,7.56,4.69,1359.0,1403.0,1348.0,1414.0
-0.07,0.19,-6.44,-2.44,-0.1,16.01,11.25,3.06,4.5,1357.0,1401.0,1349.0,1413.0
0.07,0.0,-4.83,-2.44,-0.1,15.78,-2.06,-0.56,3.75,1353.0,1405.0,1355.0,1411.0
-0.14,0.56,-6.02,-2.19,-0.1,15.55,-15.5,-5.94,3.37,1344.0,1407.0,1363.0,1406.0
-0.14,1.75,-9.38,-1.81,-0.1,15.32,-27.56,-9.13,2.62,1333.0,1410.0,1374.0,1404.0
-0.07,3.19,-14.21,-1.31,-0.1,15.09,-29.81,-8.75,2.69,1326.0,1408.0,1380.0,1405.0
0.07,4.62,-15.75,-0.94,-0.1,14.87,-20.69,-3.44,2.81,1328.0,1407.0,1379.0,1406.0
0.07,5.25,-16.45,-1.06,-0.1,14.64,-7.62,10.38,2.69,1339.0,1405.0,1371.0,1408.0
-0.63,5.25,-17.15,-2.19,-0.1,14.44,5.12,23.62,2.12,1350.0,1408.0,1359.0,1402.0
-1.47,4.69,-17.29,-3.87,-0.1,14.24,13.69,37.94,1.69,1362.0,1413.0,1349.0,1400.0
-1.54,3.87,-17.22,-6.19,0.05,14.03,14.75,40.75,3.0,1369.0,1414.0,1345.0,1396.0
-1.61,3.37,-16.45,-8.0,-0.1,13.81,7.44,35.25,3.31,1367.0,1414.0,1348.0,1395.0
-1.61,3.25,-14.42,-9.19,-0.1,13.58,0.44,18.62,3.0,1361.0,1413.0,1355.0,1395.0
-1.47,3.44,-12.39,-9.63,-0.1,13.38,-6.31,1.12,3.87,1353.0,1409.0,1364.0,1398.0
-1.47,3.94,-12.39,-9.0,-0.1,13.16,-9.75,-15.75,3.56,1342.0,1402.0,1376.0,1404.0
-1.61,4.31,-12.25,-7.87,0.05,12.96,-7.62,-25.37,3.37,1339.0,1396.0,1381.0,1409.0
-1.75,4.56,-12.18,-6.69,0.05,12.75,-4.75,-22.44,3.69,1338.0,1394.0,1381.0,1410.0
-2.38,4.5,-12.04,-5.69,0.05,12.56,4.19,-16.0,3.06,1343.0,1394.0,1376.0,1410.0
-3.22,4.12,-10.92,-5.25,0.05,12.33,8.56,-3.75,3.31,1351.0,1398.0,1369.0,1405.0
-4.76,3.5,-9.45,-5.44,0.05,12.12,13.13,8.94,2.25,1360.0,1402.0,1361.0,1401.0
-6.65,2.81,-8.75,-6.0,-0.1,11.92,15.44,13.0,2.5,1361.0,1406.0,1358.0,1395.0
-7.35,1.94,-8.05,-6.5,-0.1,11.71,14.63,6.19,3.06,1362.0,1405.0,1360.0,1397.0
-9.38,1.31,-7.49,-6.37,-0.1,11.5,12.69,-8.19,3.31,1357.0,1402.0,1367.0,1398.0
-10.15,0.75,-6.72,-5.56,-0.1,11.32,11.44,-22.25,3.31,1349.0,1394.0,1375.0,1405.0
-10.36,0.13,-6.51,-3.87,-0.1,11.15,12.56,-33.0,3.31,1344.0,1388.0,1381.0,1411.0
-11.34,-0.56,-5.32,-2.12,0.05,11.01,14.0,-36.56,3.12,1343.0,1384.0,1382.0,1414.0
-10.5,-1.44,-5.46,-0.25,0.05,10.86,14.63,-30.37,2.87,1345.0,1381.0,1381.0,1416.0
-8.4,-2.12,-5.46,0.75,0.05,10.74,13.31,-15.63,3.25,1352.0,1385.0,1374.0,1412.0
-6.09,-2.75,-5.53,1.12,0.05,10.6,12.38,-2.5,2.87,1360.0,1390.0,1368.0,1406.0
-4.41,-3.12,-6.23,0.88,0.05,10.47,5.56,9.75,3.31,1364.0,1394.0,1364.0,1403.0
-3.15,-3.25,-6.86,0.13,0.05,10.34,0.62,13.25,3.12,1364.0,1397.0,1362.0,1396.0
-2.31,-3.0,-6.86,-0.44,0.05,10.2,-7.75,9.0,4.12,1363.0,1400.0,1366.0,1395.0
-1.61,-2.44,-7.0,-0.69,0.05,10.06,-13.19,2.0,4.25,1359.0,1398.0,1372.0,1395.0
-0.84,-1.81,-7.28,-0.5,-0.1,9.88,-14.38,-8.13,5.0,1354.0,1394.0,1378.0,1399.0
-0.14,-1.0,-7.42,0.31,-0.1,9.68,-15.06,-15.75,5.37,1350.0,1388.0,1382.0,1403.0
-0.07,-0.44,-7.35,1.19,-0.1,9.45,-10.25,-18.94,5.75,1349.0,1386.0,1385.0,1404.0
0.07,0.0,-5.88,1.94,0.05,9.21,-9.44,-11.31,6.12,1354.0,1386.0,1382.0,1401.0
0.07,0.37,-5.25,2.25,0.05,8.93,-6.69,-1.69,7.37,1360.0,1389.0,1379.0,1396.0
0.07,0.56,-5.25,2.0,0.05,8.62,-5.19,6.69,7.37,1365.0,1392.0,1376.0,1392.0
0.07,0.81,-5.88,1.44,-0.1,8.29,-6.0,12.88,8.19,1369.0,1394.0,1373.0,1387.0
0.07,1.19,-6.58,0.81,0.05,7.93,-8.25,10.63,8.88,1369.0,1393.0,1376.0,1386.0
-1.19,1.56,-7.84,0.5,-0.1,7.54,-8.94,4.0,9.69,1365.0,1391.0,1381.0,1386.0
-1.33,1.94,-9.17,0.5,-0.1,7.13,-8.19,-1.87,10.06,1362.0,1386.0,1386.0,1389.0
-1.47,2.37,-10.29,0.75,-0.1,6.67,-8.13,-5.44,10.69,1360.0,1383.0,1390.0,1390.0
-1.61,2.69,-10.43,1.0,-0.1,6.18,-6.44,-4.31,11.25,1360.0,1381.0,1391.0,1387.0
-2.38,2.94,-10.43,1.06,-0.1,5.67,-4.56,-0.31,10.69,1364.0,1382.0,1391.0,1386.0
-2.59,3.06,-10.43,0.88,-0.1,5.14,-2.25,6.87,11.19,1368.0,1383.0,1389.0,1383.0
-2.66,3.0,-10.43,0.37,-0.1,4.61,0.62,12.25,10.88,1374.0,1384.0,1385.0,1381.0
-3.36,2.87,-10.43,-0.37,-0.1,4.08,3.81,17.75,10.69,1378.0,1385.0,1383.0,1378.0
-6.09,2.62,-9.59,-1.25,-0.1,3.54,5.0,18.25,10.44,1379.0,1388.0,1383.0,1375.0
-9.52,2.31,-8.96,-2.12,0.05,3.0,5.62,18.0,9.88,1379.0,1389.0,1385.0,1371.0
-12.6,1.94,-7.49,-3.0,0.05,2.47,7.31,13.44,9.06,1378.0,1390.0,1387.0,1369.0
-14.91,1.44,-7.42,-3.44,-0.1,1.95,12.5,7.5,9.5,1377.0,1388.0,1390.0,1370.0
-14.98,0.62,-7.35,-3.62,-0.1,1.45,18.06,2.12,9.13,1379.0,1381.0,1390.0,1375.0
-14.98,-0.62,-7.35,-3.62,-0.1,0.96,24.25,-1.81,9.38,1381.0,1376.0,1389.0,1379.0
-14.98,-1.94,-7.14,-3.5,-0.1,0.46,28.37,-1.94,9.19,1383.0,1372.0,1388.0,1381.0
-15.12,-3.31,-7.14,-3.5,-0.1,-0.02,27.56,-0.62,9.0,1385.0,1369.0,1386.0,1380.0
-15.12,-4.81,-7.07,-3.62,-0.1,-0.52,23.75,4.31,8.75,1387.0,1371.0,1385.0,1377.0
-14.98,-5.81,-7.14,-4.0,-0.1,-0.99,16.75,7.94,8.0,1389.0,1375.0,1386.0,1374.0
-14.35,-6.5,-7.14,-4.56,-0.1,-1.45,10.75,10.38,8.0,1390.0,1377.0,1387.0,1370.0
-14.21,-6.87,-7.28,-5.06,-0.1,-1.89,5.94,8.38,7.37,1388.0,1377.0,1388.0,1367.0
-12.81,-7.0,-7.35,-5.44,-0.1,-2.3,1.0,4.44,6.37,1386.0,1378.0,1391.0,1368.0
-12.67,-7.0,-8.05,-5.56,-0.1,-2.7,0.06,-0.56,5.87,1383.0,1376.0,1395.0,1370.0
-10.78,-6.87,-8.05,-5.44,-0.1,-3.08,-2.37,-3.37,5.87,1382.0,1372.0,1396.0,1370.0
-5.6,-6.62,-10.29,-5.19,-0.1,-3.44,-5.56,-6.56,5.75,1383.0,1366.0,1398.0,1377.0
-2.66,-6.25,-10.43,-4.87,-0.1,-3.79,-11.0,-4.19,5.37,1384.0,1366.0,1398.0,1376.0
0.07,-5.44,-10.43,-4.87,-0.1,-4.13,-16.19,0.44,4.81,1385.0,1368.0,1396.0,1372.0
0.63,-4.31,-10.5,-4.94,-0.1,-4.44,-25.19,0.88,4.87,1382.0,1371.0,1400.0,1367.0
3.01,-2.87,-10.43,-5.0,-0.1,-4.73,-31.81,-1.31,4.5,1380.0,1373.0,1403.0,1365.0
4.41,-0.88,-8.26,-4.75,-0.1,-5.01,-36.38,-6.25,4.5,1380.0,1374.0,1407.0,1364.0
5.74,0.75,-8.26,-4.19,-0.1,-5.27,-34.0,-14.06,3.37,1376.0,1371.0,1411.0,1368.0
5.74,2.62,-8.26,-3.19,-0.1,-5.52,-29.62,-20.0,2.25,1373.0,1368.0,1413.0,1371.0
4.83,3.81,-8.05,-2.0,-0.1,-5.72,-22.56,-26.31,1.0,1369.0,1364.0,1415.0,1377.0
3.43,4.94,-7.49,-0.31,-0.1,-5.89,-17.81,-29.19,0.13,1367.0,1361.0,1417.0,1379.0
2.59,5.62,-6.79,1.0,-0.1,-6.0,-12.56,-26.69,-1.5,1366.0,1361.0,1414.0,1380.0
1.89,6.25,-6.02,2.19,-0.1,-6.07,-12.06,-22.0,-1.94,1368.0,1365.0,1414.0,1378.0
0.56,6.81,-5.32,3.06,-0.1,-6.09,-9.56,-16.69,-2.87,1368.0,1366.0,1411.0,1376.0
0.49,7.19,-5.46,3.75,-0.1,-6.07,-5.81,-12.0,-3.69,1371.0,1368.0,1409.0,1377.0
0.28,7.37,-5.53,4.25,-0.1,-5.99,-1.31,-8.31,-4.75,1373.0,1369.0,1404.0,1378.0
-1.19,7.25,-6.23,4.5,-0.1,-5.88,5.81,-5.31,-5.81,1374.0,1369.0,1401.0,1380.0
-3.99,6.87,-7.98,4.69,0.05,-5.71,10.94,-3.75,-6.56,1372.0,1368.0,1401.0,1380.0
-4.69,6.25,-10.71,4.81,-0.1,-5.48,14.69,-2.06,-7.37,1372.0,1366.0,1399.0,1383.0
-3.99,5.37,-13.16,4.75,-0.1,-5.2,18.56,1.0,-7.62,1374.0,1365.0,1397.0,1388.0
-3.22,4.44,-13.86,4.5,-0.1,-4.88,20.06,5.25,-7.81,1377.0,1365.0,1393.0,1389.0
-2.66,3.62,-14.56,4.0,-0.1,-4.55,17.44,13.38,-7.37,1380.0,1369.0,1389.0,1386.0
-2.59,2.87,-15.26,2.81,-0.1,-4.18,11.94,22.25,-7.19,1381.0,1375.0,1386.0,1381.0
-2.45,2.56,-14.56,1.44,-0.1,-3.82,5.87,30.81,-6.25,1384.0,1381.0,1383.0,1375.0
-2.24,2.5,-14.42,-0.44,-0.1,-3.45,0.56,32.56,-7.37,1383.0,1386.0,1381.0,1373.0
-2.17,2.56,-13.58,-1.94,-0.1,-3.09,-1.62,28.19,-7.19,1382.0,1388.0,1381.0,1372.0
-2.1,2.62,-13.02,-3.06,-0.1,-2.75,-1.62,20.5,-6.31,1381.0,1386.0,1383.0,1374.0
-2.03,2.62,-12.88,-3.81,-0.1,-2.39,0.5,8.06,-6.12,1377.0,1382.0,1386.0,1380.0
-1.89,2.56,-12.18,-4.0,-0.1,-2.06,1.56,0.19,-5.75,1374.0,1380.0,1388.0,1383.0
-1.75,2.5,-12.04,-3.87,-0.1,-1.73,1.06,-3.87,-5.5,1371.0,1378.0,1389.0,1385.0
-1.75,2.5,-11.9,-3.69,-0.1,-1.41,-0.62,-3.56,-5.5,1370.0,1379.0,1390.0,1386.0
-1.75,2.62,-11.27,-3.69,-0.1,-1.1,-2.44,2.94,-5.12,1372.0,1381.0,1387.0,1382.0
-1.75,2.69,-11.27,-4.0,-0.1,-0.81,-1.37,10.38,-5.06,1374.0,1385.0,1384.0,1381.0
-1.89,2.75,-11.27,-4.69,-0.1,-0.53,0.81,17.06,-4.94,1378.0,1389.0,1380.0,1378.0
-1.89,2.56,-11.13,-5.87,-0.1,-0.25,4.0,20.37,-5.31,1381.0,1391.0,1376.0,1377.0
-4.9,2.25,-10.43,-6.87,-0.1,0.01,8.81,19.06,-5.06,1380.0,1391.0,1373.0,1376.0
-7.91,1.62,-9.59,-7.62,-0.1,0.27,14.06,13.44,-5.12,1380.0,1391.0,1375.0,1378.0
-12.46,0.62,-7.35,-8.13,-0.1,0.53,18.06,5.62,-5.0,1378.0,1392.0,1376.0,1379.0
-15.47,-0.37,-4.97,-8.06,-0.1,0.77,23.5,-3.5,-4.5,1376.0,1389.0,1378.0,1382.0
-16.1,-1.69,-2.8,-7.75,-0.1,1.0,28.56,-9.81,-4.69,1376.0,1385.0,1377.0,1386.0
-16.1,-3.56,-0.84,-6.94,-0.1,1.22,33.75,-16.06,-4.12,1378.0,1381.0,1375.0,1392.0
-16.03,-5.25,-0.07,-6.06,-0.1,1.43,35.75,-18.62,-4.31,1378.0,1377.0,1374.0,1396.0
-14.21,-7.25,0.14,-4.87,-0.1,1.62,31.37,-20.62,-4.19,1378.0,1375.0,1373.0,1399.0
-12.81,-8.5,0.14,-3.94,-0.1,1.79,22.31,-20.87,-3.81,1376.0,1374.0,1375.0,1400.0
-11.34,-9.38,0.28,-2.69,0.05,1.97,9.94,-20.87,-3.56,1372.0,1377.0,1378.0,1397.0
-8.82,-9.38,0.28,-1.75,0.05,2.2,-1.69,-17.37,-3.19,1369.0,1381.0,1381.0,1392.0
-8.12,-8.88,0.28,-0.94,0.05,2.39,-14.13,-15.94,-2.87,1365.0,1385.0,1384.0,1389.0
-8.05,-8.0,0.14,-0.19,-0.1,2.56,-19.87,-15.38,-2.0,1361.0,1388.0,1388.0,1386.0
-7.35,-7.0,0.14,0.56,0.05,2.69,-20.87,-16.06,-1.62,1360.0,1388.0,1389.0,1386.0
-6.65,-5.94,0.14,1.62,0.05,2.78,-18.56,-17.94,-0.81,1359.0,1384.0,1390.0,1386.0
-6.65,-5.25,-0.07,2.5,0.05,2.82,-12.25,-20.75,0.37,1360.0,1381.0,1392.0,1390.0
-6.65,-4.75,-0.07,3.44,-0.1,2.83,-9.38,-19.12,2.19,1362.0,1380.0,1392.0,1390.0
-6.65,-4.25,-0.07,4.5,-0.1,2.78,-8.31,-17.62,3.5,1363.0,1380.0,1392.0,1389.0
-6.65,-3.87,-0.7,5.25,-0.1,2.67,-9.44,-16.5,4.0,1363.0,1379.0,1395.0,1388.0
-6.65,-3.19,-0.77,6.19,-0.1,2.52,-13.0,-14.75,5.12,1361.0,1379.0,1398.0,1386.0
-6.65,-2.5,-2.24,6.75,-0.1,2.33,-16.31,-10.44,5.81,1360.0,1381.0,1400.0,1383.0
-6.65,-1.56,-3.43,7.06,-0.1,2.07,-18.06,-3.69,6.12,1362.0,1381.0,1400.0,1381.0
-6.65,-0.81,-4.06,7.0,-0.1,1.77,-15.75,3.06,6.56,1365.0,1384.0,1398.0,1377.0
-6.65,-0.19,-4.2,6.62,-0.1,1.45,-14.0,9.88,6.81,1369.0,1386.0,1396.0,1373.0
-6.65,0.31,-4.27,6.06,-0.1,1.09,-10.25,12.25,7.5,1374.0,1388.0,1396.0,1373.0
-6.65,0.56,-4.27,5.5,-0.1,0.72,-5.94,11.25,6.75,1377.0,1386.0,1395.0,1374.0
-6.79,0.75,-4.27,5.0,-0.1,0.34,-3.0,7.19,6.25,1377.0,1383.0,1396.0,1377.0
-6.86,1.0,-4.41,4.75,-0.1,-0.02,-8.44,2.81,5.19,1373.0,1384.0,1400.0,1376.0
-7.63,1.62,-5.11,4.75,-0.1,-0.36,-17.62,-1.37,4.5,1368.0,1386.0,1406.0,1375.0
-7.7,2.69,-6.44,4.87,-0.1,-0.67,-24.5,-2.37,3.31,1363.0,1390.0,1414.0,1373.0
-8.47,4.06,-7.07,4.94,-0.1,-0.96,-23.44,0.13,2.06,1361.0,1392.0,1415.0,1372.0
-8.61,4.81,-10.43,4.56,-0.1,-1.23,-12.81,10.63,1.81,1367.0,1392.0,1411.0,1374.0
-8.75,4.81,-11.06,3.75,-0.1,-1.46,6.12,18.87,0.56,1378.0,1389.0,1400.0,1377.0
-10.08,4.0,-10.99,2.5,-0.1,-1.66,22.81,30.56,0.5,1390.0,1388.0,1388.0,1377.0
-12.04,2.5,-11.13,0.44,-0.1,-1.8,28.25,37.94,0.06,1396.0,1391.0,1383.0,1375.0
-12.67,1.12,-11.13,-1.37,-0.1,-1.89,26.87,35.88,-0.62,1399.0,1392.0,1379.0,1375.0
-14.98,0.06,-11.13,-3.12,-0.1,-1.94,16.12,26.5,-1.19,1391.0,1394.0,1386.0,1373.0
-14.98,-0.31,-12.39,-4.0,-0.1,-1.97,4.44,13.44,-1.75,1381.0,1392.0,1396.0,1375.0
-14.21,-0.5,-14.56,-4.12,-0.1,-1.95,2.19,-0.88,-3.19,1372.0,1385.0,1401.0,1382.0
-12.81,-0.75,-14.7,-3.69,-0.1,-1.86,7.37,-14.44,-4.25,1367.0,1379.0,1404.0,1390.0
-11.48,-1.25,-15.26,-2.75,-0.1,-1.74,12.25,-22.69,-4.06,1366.0,1371.0,1407.0,1400.0
-11.48,-2.25,-14.49,-1.5,-0.1,-1.61,18.5,-20.06,-4.75,1369.0,1369.0,1402.0,1404.0
-11.48,-3.12,-13.79,-0.75,-0.1,-1.45,15.75,-8.63,-5.81,1371.0,1374.0,1398.0,1401.0
-11.41,-3.69,-12.46,-0.75,-0.1,-1.24,9.88,4.87,-7.06,1376.0,1383.0,1392.0,1393.0
-11.34,-3.94,-11.83,-1.5,-0.1,-0.99,3.81,16.94,-7.75,1379.0,1393.0,1386.0,1386.0
-11.34,-3.81,-11.83,-2.75,-0.1,-0.69,-4.56,30.37,-8.81,1380.0,1403.0,1382.0,1376.0
-11.2,-3.37,-11.83,-4.12,-0.1,-0.36,-12.44,29.5,-9.25,1379.0,1408.0,1383.0,1375.0
-11.06,-2.69,-13.86,-5.44,-0.1,0.06,-11.0,16.5,-10.94,1371.0,1406.0,1387.0,1380.0
-10.22,-2.31,-15.61,-5.75,-0.1,0.48,-5.25,1.69,-12.5,1365.0,1398.0,1389.0,1392.0
-10.15,-2.25,-16.24,-5.37,0.05,0.94,-0.37,-9.31,-14.44,1358.0,1392.0,1391.0,1401.0
-10.08,-2.25,-17.29,-4.87,-0.1,1.45,-1.75,-9.06,-15.81,1354.0,1392.0,1391.0,1405.0
-9.38,-2.06,-17.99,-4.62,-0.1,2.05,-3.25,3.12,-18.31,1355.0,1399.0,1386.0,1404.0
-9.38,-1.94,-19.32,-5.19,-0.1,2.7,-4.56,19.75,-19.94,1359.0,1408.0,1377.0,1400.0
-9.38,-1.69,-20.02,-6.69,0.05,3.44,-6.19,38.19,-20.62,1365.0,1420.0,1368.0,1391.0
-9.38,-1.31,-19.18,-9.31,-0.1,4.26,-8.63,49.25,-20.56,1370.0,1431.0,1360.0,1385.0
-9.38,-1.12,-16.73,-11.75,-0.1,5.13,-6.0,50.13,-20.75,1373.0,1436.0,1353.0,1383.0
-9.38,-1.06,-14.91,-13.81,-0.1,6.07,-1.81,37.31,-19.37,1372.0,1434.0,1352.0,1386.0
-8.82,-1.44,-12.04,-15.06,-0.1,7.04,4.69,15.25,-19.06,1367.0,1428.0,1353.0,1395.0
-7.63,-2.06,-8.54,-15.0,-0.1,7.97,10.13,-9.13,-17.94,1361.0,1416.0,1358.0,1410.0
-6.23,-2.94,-6.02,-13.56,-0.1,8.89,12.56,-28.94,-17.19,1355.0,1406.0,1361.0,1422.0
-3.57,-3.62,-2.1,-11.69,-0.1,9.75,10.31,-41.06,-16.75,1351.0,1400.0,1363.0,1430.0
-1.47,-4.12,-0.28,-9.13,-0.1,10.58,5.5,-42.75,-16.31,1348.0,1399.0,1363.0,1433.0
-0.14,-4.0,-0.07,-7.31,-0.1,11.34,-7.25,-32.75,-15.69,1345.0,1406.0,1364.0,1429.0
-0.07,-3.12,-0.07,-5.81,-0.1,12.09,-20.69,-18.94,-15.75,1343.0,1418.0,1364.0,1420.0
0.07,-1.69,-0.07,-5.25,-0.1,12.81,-32.81,-8.94,-14.56,1341.0,1430.0,1364.0,1410.0
0.07,0.0,-0.07,-5.0,-0.1,13.5,-35.88,-4.19,-13.88,1340.0,1435.0,1364.0,1405.0
0.07,1.5,0.14,-4.69,-0.1,14.19,-29.44,-9.88,-10.94,1339.0,1433.0,1365.0,1407.0
0.07,2.56,0.14,-3.75,-0.1,14.85,-12.06,-22.12,-8.31,1340.0,1419.0,1366.0,1419.0
0.07,2.37,0.14,-2.12,-0.1,15.45,11.75,-38.25,-7.0,1340.0,1404.0,1365.0,1435.0
0.07,1.44,0.14,-0.13,-0.1,15.97,23.75,-43.38,-5.56,1342.0,1392.0,1363.0,1447.0
0.07,0.31,0.14,1.94,-0.1,16.46,25.25,-40.19,-4.19,1343.0,1392.0,1362.0,1448.0
0.07,-0.56,0.14,3.69,-0.1,16.85,8.88,-25.56,-3.87,1345.0,1399.0,1360.0,1440.0
0.07,-0.31,0.14,4.19,-0.1,17.18,-8.56,-6.25,-3.31,1343.0,1414.0,1360.0,1426.0
0.07,0.75,0.14,3.87,-0.1,17.42,-29.87,10.38,-2.87,1342.0,1432.0,1361.0,1409.0
0.07,2.5,0.14,3.19,-0.1,17.58,-36.13,12.94,-3.31,1338.0,1441.0,1362.0,1399.0
0.07,4.44,0.14,2.62,-0.1,17.71,-32.13,7.62,-2.25,1338.0,1438.0,1364.0,1403.0
0.07,5.19,-0.07,2.87,-0.1,17.83,-5.87,-13.0,-1.37,1337.0,1424.0,1365.0,1417.0
0.07,4.62,-0.07,4.06,-0.1,17.95,16.81,-22.81,-2.56,1341.0,1406.0,1362.0,1436.0
-0.14,3.0,-0.14,5.37,-0.1,18.13,39.0,-24.81,-2.62,1346.0,1394.0,1355.0,1449.0
-1.47,0.81,-0.21,6.25,-0.1,18.35,39.5,-10.94,-3.0,1353.0,1399.0,1346.0,1446.0
-2.45,-0.44,-0.28,5.87,-0.1,18.6,18.62,16.44,-4.31,1357.0,1417.0,1341.0,1429.0
-4.48,-0.44,-1.61,4.5,-0.1,18.84,-11.13,35.81,-3.44,1353.0,1437.0,1344.0,1409.0
-5.74,0.62,-3.57,2.62,-0.1,19.06,-29.06,40.13,-3.0,1345.0,1451.0,1349.0,1395.0
-6.02,2.5,-7.35,0.62,-0.1,19.24,-32.69,29.06,-2.0,1337.0,1452.0,1358.0,1393.0
-6.09,3.62,-7.98,-0.13,-0.1,19.38,-13.31,7.94,-1.5,1333.0,1439.0,1364.0,1408.0
-6.09,3.69,-9.45,-0.06,-0.1,19.51,8.06,-6.56,-1.56,1334.0,1420.0,1361.0,1425.0
-6.09,2.56,-9.59,0.5,-0.1,19.64,34.0,-9.94,-1.81,1339.0,1406.0,1355.0,1439.0
-5.88,0.56,-9.59,0.88,-0.1,19.77,45.31,-3.56,-1.56,1350.0,1402.0,1343.0,1444.0
-5.74,-1.87,-9.66,0.25,-0.1,19.92,40.75,17.12,-1.94,1359.0,1409.0,1334.0,1438.0
-5.74,-3.19,-9.66,-1.25,-0.1,20.07,16.25,39.38,-1.94,1363.0,1427.0,1330.0,1423.0
-5.67,-3.44,-9.66,-3.37,-0.1,20.26,-4.0,45.81,-1.62,1360.0,1442.0,1334.0,1408.0
-5.6,-2.44,-9.66,-5.81,-0.1,20.48,-23.0,38.25,-0.81,1353.0,1451.0,1341.0,1399.0
-4.83,-1.19,-9.1,-7.12,-0.1,20.68,-22.37,15.19,1.0,1343.0,1446.0,1353.0,1402.0
-2.66,-0.19,-7.07,-7.0,-0.1,20.83,-13.75,-9.13,1.25,1337.0,1429.0,1356.0,1418.0
0.07,-0.19,-0.7,-5.69,-0.1,20.92,7.37,-34.06,2.56,1339.0,1412.0,1357.0,1436.0
0.07,-1.31,-0.07,-3.37,-0.1,20.91,22.5,-42.44,2.5,1342.0,1399.0,1355.0,1447.0
0.07,-2.5,-0.07,-1.56,-0.1,20.83,24.5,-33.94,2.87,1346.0,1398.0,1352.0,1448.0
0.07,-3.25,0.14,-0.37,-0.1,20.74,8.25,-18.25,2.25,1347.0,1407.0,1351.0,1440.0
0.07,-3.06,0.14,0.0,-0.1,20.59,-14.06,-0.69,0.88,1345.0,1422.0,1352.0,1425.0
0.07,-1.25,0.14,-0.62,-0.1,20.48,-36.5,14.75,0.69,1342.0,1444.0,1354.0,1404.0
0.07,1.19,0.14,-1.81,-0.1,20.39,-56.63,25.81,0.94,1339.0,1458.0,1358.0,1389.0
0.07,3.87,0.14,-2.87,-0.1,20.35,-51.94,17.81,3.0,1336.0,1458.0,1364.0,1387.0
0.07,6.06,0.14,-3.37,-0.1,20.27,-39.94,5.44,4.5,1336.0,1445.0,1365.0,1397.0
0.07,7.19,-0.07,-2.94,-0.1,20.15,-10.25,-17.12,5.5,1335.0,1430.0,1367.0,1411.0
0.07,6.94,-0.07,-1.5,-0.1,19.97,11.81,-28.25,6.56,1340.0,1411.0,1365.0,1428.0
0.07,5.81,-0.07,-0.19,-0.1,19.76,26.12,-23.0,6.12,1348.0,1403.0,1358.0,1435.0
0.07,4.44,-0.07,0.56,-0.1,19.53,25.25,-8.81,4.81,1355.0,1405.0,1351.0,1433.0
0.07,3.5,-0.07,0.19,-0.1,19.3,11.31,15.44,3.44,1359.0,1420.0,1345.0,1419.0
0.07,3.87,-0.07,-1.25,-0.1,19.09,-17.75,35.31,2.87,1359.0,1442.0,1345.0,1398.0
0.07,5.62,-0.07,-3.5,-0.1,18.89,-35.63,38.88,4.56,1356.0,1455.0,1352.0,1383.0
0.07,7.56,-0.07,-4.75,-0.1,18.67,-37.88,20.31,7.69,1349.0,1452.0,1362.0,1382.0
0.07,9.0,-0.07,-5.0,-0.1,18.42,-20.87,-6.25,9.88,1345.0,1433.0,1371.0,1396.0
0.07,9.25,-0.07,-3.75,0.05,18.07,9.13,-32.31,13.0,1345.0,1408.0,1376.0,1414.0
0.07,8.0,-0.07,-1.69,-0.1,17.7,34.13,-40.69,15.56,1350.0,1385.0,1374.0,1431.0
0.07,5.81,-0.07,0.25,-0.1,17.24,44.5,-32.44,16.87,1363.0,1379.0,1366.0,1437.0
0.07,3.75,-0.07,1.06,-0.1,16.7,37.94,-2.44,16.87,1374.0,1389.0,1357.0,1423.0
0.07,2.25,-0.07,0.0,-0.1,16.09,18.69,27.12,17.75,1385.0,1410.0,1351.0,1398.0
0.07,2.12,-0.07,-2.19,-0.1,15.4,-8.63,49.94,20.25,1389.0,1426.0,1351.0,1378.0
0.07,3.0,-0.07,-4.37,0.05,14.64,-21.19,43.88,23.81,1386.0,1431.0,1361.0,1366.0
0.07,4.19,-0.07,-5.81,-0.1,13.76,-22.75,19.06,26.62,1380.0,1422.0,1376.0,1367.0
0.07,5.31,-0.07,-5.44,-0.1,12.79,-16.06,-14.5,28.62,1370.0,1403.0,1391.0,1381.0
0.07,5.56,-0.07,-3.62,-0.1,11.75,-0.88,-43.81,29.25,1363.0,1380.0,1403.0,1397.0
0.07,5.25,-0.07,-1.12,0.05,10.66,8.88,-50.94,29.19,1363.0,1367.0,1407.0,1406.0
0.07,4.31,-0.07,1.56,0.05,9.5,16.62,-38.56,27.44,1370.0,1363.0,1401.0,1406.0
0.07,3.37,-0.07,2.37,0.05,8.3,14.88,-3.62,24.81,1382.0,1371.0,1391.0,1396.0
0.07,2.75,-0.07,1.69,0.05,7.1,7.31,27.62,22.75,1396.0,1389.0,1378.0,1377.0
0.07,2.62,-0.07,-0.75,0.05,5.89,-3.12,49.13,21.19,1407.0,1404.0,1372.0,1361.0
0.07,3.06,-0.07,-3.19,-0.1,4.68,-13.31,46.94,19.62,1405.0,1411.0,1373.0,1351.0
0.07,3.87,-0.07,-5.0,0.05,3.56,-14.0,26.75,18.19,1399.0,1405.0,1382.0,1354.0
0.07,4.37,-0.07,-5.19,0.05,2.49,-7.31,-5.37,16.0,1374.0,1375.0,1381.0,1356.0
0.07,4.62,-0.07,-4.19,-0.1,1.53,-2.56,-29.5,13.25,1361.0,1358.0,1385.0,1365.0
0.07,4.56,-0.07,-2.44,-0.1,0.64,2.06,-40.19,11.19,1354.0,1348.0,1390.0,1372.0
0.07,4.44,-0.07,-0.62,-0.1,-0.16,4.62,-32.81,8.25,1356.0,1348.0,1388.0,1372.0
0.07,4.12,-0.07,0.62,0.05,-0.84,2.94,-15.44,4.69,1360.0,1355.0,1377.0,1364.0
0.07,3.87,-0.07,0.62,-0.1,-1.4,5.37,9.13,0.94,1368.0,1364.0,1366.0,1359.0
0.07,3.69,-0.07,-0.31,-0.1,-1.86,3.06,24.31,-1.19,1374.0,1371.0,1360.0,1351.0
0.07,3.75,0.14,-1.75,-0.1,-2.2,-2.5,30.37,-3.44,1376.0,1379.0,1355.0,1345.0
-0.07,4.12,0.14,-3.37,-0.1,-2.41,-8.25,26.44,-4.94,1373.0,1382.0,1358.0,1343.0
-0.14,4.69,-0.07,-4.25,-0.1,-2.51,-12.94,16.56,-6.87,1364.0,1381.0,1362.0,1345.0
-0.28,5.37,0.14,-4.5,-0.1,-2.49,-13.69,-0.06,-8.0,1356.0,1375.0,1365.0,1348.0
-0.49,6.0,0.14,-4.19,-0.1,-2.34,-9.63,-8.88,-8.69,1349.0,1368.0,1366.0,1353.0
-0.63,6.25,0.14,-3.69,-0.1,-2.1,-3.56,-12.88,-9.25,1345.0,1362.0,1363.0,1355.0
-0.63,6.0,0.14,-3.06,0.05,-1.78,8.06,-12.06,-9.5,1336.0,1346.0,1347.0,1346.0
-0.84,5.25,-0.07,-2.75,-0.1,-1.41,22.5,-3.75,-11.13,1339.0,1343.0,1337.0,1350.0
-0.84,3.87,0.14,-2.75,0.05,-1.0,32.19,2.37,-12.31,1343.0,1340.0,1325.0,1352.0
-0.91,1.81,0.14,-3.0,0.05,-0.53,37.81,4.5,-13.25,1346.0,1338.0,1315.0,1353.0
-1.75,0.06,0.14,-3.19,0.05,-0.04,37.31,3.06,-14.44,1345.0,1338.0,1312.0,1357.0
-4.48,-1.69,0.14,-3.12,-0.1,0.51,35.63,-4.44,-14.31,1337.0,1334.0,1309.0,1356.0
-6.79,-3.31,0.28,-2.56,-0.1,1.1,33.44,-15.94,-13.88,1327.0,1330.0,1314.0,1357.0
-12.04,-5.12,1.05,-1.06,-0.1,1.73,31.56,-31.06,-13.38,1315.0,1325.0,1322.0,1359.0
-15.54,-6.62,2.38,0.69,-0.1,2.36,30.31,-35.38,-13.0,1307.0,1321.0,1324.0,1361.0
-18.34,-8.38,3.15,2.62,-0.1,3.0,39.25,-38.19,-12.69,1305.0,1320.0,1323.0,1365.0
-22.05,-10.94,3.92,4.81,-0.1,3.65,50.69,-33.38,-12.38,1307.0,1318.0,1317.0,1367.0
-27.65,-13.63,4.76,6.12,-0.1,4.32,63.38,-17.31,-12.25,1315.0,1322.0,1306.0,1365.0
-28.42,-17.25,4.69,6.69,-0.1,5.04,66.94,3.5,-13.0,1325.0,1325.0,1294.0,1364.0
-29.89,-20.12,3.78,6.37,0.05,5.87,58.44,21.25,-13.63,1333.0,1340.0,1286.0,1360.0
-28.84,-22.94,1.47,5.37,0.05,6.81,46.88,28.56,-13.38,1333.0,1348.0,1285.0,1356.0
-23.17,-24.44,0.28,4.56,0.05,7.9,26.0,21.0,-10.88,1332.0,1352.0,1293.0,1360.0
-16.73,-25.06,-1.54,4.12,0.05,8.95,6.81,9.44,-9.69,1326.0,1349.0,1302.0,1367.0
-7.91,-24.44,-4.48,4.31,0.05,9.99,-21.5,-5.62,-8.38,1351.0,1385.0,1355.0,1414.0
-2.45,-22.75,-4.55,5.12,0.05,10.82,-42.94,-20.44,-3.75,1364.0,1409.0,1390.0,1437.0
-0.14,-20.31,-4.48,5.87,0.05,11.44,-57.69,-13.75,-2.87,1404.0,1463.0,1443.0,1478.0
0.07,-16.69,-4.27,5.56,0.05,11.89,-65.69,13.0,-2.44,1435.0,1507.0,1463.0,1483.0
0.07,-13.75,-2.8,3.44,0.05,12.23,-52.56,52.19,0.0,1454.0,1526.0,1447.0,1467.0
0.07,-11.75,-1.54,0.31,0.05,12.54,-29.75,63.94,4.31,1474.0,1527.0,1434.0,1466.0
0.07,-10.94,-0.77,-2.44,0.05,12.77,-6.62,44.0,10.0,1483.0,1513.0,1431.0,1473.0
0.07,-11.0,-0.63,-3.44,0.05,12.86,2.06,1.31,11.94,1464.0,1476.0,1433.0,1484.0
0.07,-10.56,-0.49,-1.75,0.05,12.78,-13.81,-44.81,10.63,1347.0,1372.0,1369.0,1409.0
0.07,-8.56,-0.28,1.37,-0.1,12.54,-58.56,-73.19,7.0,1288.0,1350.0,1375.0,1386.0
0.07,-3.62,-0.14,5.56,-0.1,12.14,-97.31,-72.37,6.69,1259.0,1361.0,1395.0,1368.0
0.07,1.31,-0.14,8.06,-0.1,11.64,-105.5,-38.63,8.13,1246.0,1365.0,1381.0,1331.0
-0.07,5.31,-0.21,1.19,-0.1,8.93,56.0,59.56,8.94,1346.0,1341.0,1265.0,1316.0
-0.07,-2.31,-0.14,-2.06,-0.1,8.25,124.81,84.75,16.81,1375.0,1282.0,1287.0,1323.0
-0.14,-6.69,-0.07,-4.62,0.05,7.51,32.63,41.69,7.75,1359.0,1320.0,1269.0,1319.0
-0.14,-7.56,-0.07,-4.69,0.05,6.76,-16.25,-32.88,16.12,1304.0,1309.0,1326.0,1329.0
0.07,-4.0,-0.07,-3.0,0.05,6.05,-103.44,-52.38,8.88,1260.0,1337.0,1362.0,1309.0
0.07,1.31,-0.07,0.13,-0.1,5.4,-125.0,-67.25,2.62,1222.0,1332.0,1370.0,1297.0
0.07,6.75,-0.07,3.44,-0.1,4.84,-105.12,-61.88,-1.0,1191.0,1307.0,1348.0,1270.0
0.07,10.81,-0.07,6.0,-0.1,4.39,-53.31,-34.56,-2.44,1212.0,1299.0,1324.0,1277.0
0.07,11.19,-0.07,6.12,-0.1,4.07,15.69,13.63,-4.25,1258.0,1289.0,1274.0,1282.0
0.07,9.06,-0.07,4.5,-0.1,3.87,61.13,41.25,-3.94,1284.0,1275.0,1226.0,1278.0
0.07,4.44,-0.07,1.44,-0.1,3.79,81.62,56.75,-5.25,1271.0,1234.0,1169.0,1250.0
0.07,0.75,-0.07,-1.12,-0.1,3.82,65.69,46.94,-5.94,1269.0,1235.0,1166.0,1245.0
0.07,-1.62,-0.07,-2.87,-0.1,3.93,39.56,26.5,-7.12,1088.0,1076.0,1020.0,1080.0
0.07,-2.31,-0.07,-2.81,-0.1,3.98,10.31,-7.69,-9.88,1000.0,1009.0,1000.0,1023.0
0.07,2.25,-0.07,0.13,-0.1,4.03,-115.25,-52.0,16.12,1000.0,1017.0,1054.0,1003.0
0.07,4.44,-0.07,2.56,-0.1,3.94,-41.06,-35.38,11.25,1000.0,1000.0,1024.0,1016.0
0.07,5.31,-0.07,3.62,-0.1,3.73,24.06,28.25,5.37,1000.0,1003.0,1011.0,1006.0
0.07,0.5,-0.07,-0.5,-0.1,3.57,138.31,125.69,0.19,1109.0,1008.0,1000.0,1014.0
0.07,-0.44,-0.07,-2.87,-0.1,3.5,-48.0,-38.69,-2.31,1000.0,1030.0,1000.0,1000.0
0.07,1.94,-0.07,0.25,0.05,3.32,5.12,-19.5,-8.63,1000.0,1004.0,1000.0,1023.0
0.07,0.06,-0.07,-1.81,-0.1,3.13,39.81,38.88,-0.69,1036.0,1014.0,1000.0,1003.0
0.07,0.31,-0.07,-1.56,-0.1,2.89,-17.19,-20.25,0.94,1000.0,1007.0,1011.0,1007.0
0.07,0.75,-0.07,-1.0,-0.1,2.58,3.44,-2.37,-3.0,1000.0,1008.0,1005.0,1007.0
0.14,0.31,0.14,-1.62,0.05,2.26,10.0,17.94,2.44,1011.0,1009.0,1000.0,1000.0
0.14,0.5,0.14,-1.37,-0.1,1.38,6.75,10.25,0.25,1006.0,1006.0,1000.0,1002.0
0.14,0.37,0.14,-1.5,-0.1,1.09,-2.62,-2.0,0.88,1002.0,1005.0,1000.0,1002.0
0.14,0.5,-0.07,-1.25,-0.1,0.83,-2.19,-5.56,-0.44,1000.0,1004.0,1003.0,1003.0
0.14,0.5,-0.07,-1.37,0.05,0.57,2.87,3.5,-0.31,1003.0,1004.0,1000.0,1002.0
0.14,0.88,-0.07,-0.88,-0.1,-1.26,0.13,0.06,0.13,1004.0,1001.0,1004.0,1000.0
0.14,0.94,-0.07,-0.75,0.05,-1.35,-0.06,-0.06,-0.25,1004.0,1001.0,1004.0,1000.0
0.14,0.94,-0.07,-0.75,-0.1,-1.37,0.06,0.0,0.0,1004.0,1001.0,1004.0,1000.0
0.14,1.0,-0.07,-0.69,-0.1,-1.38,-0.06,0.06,0.06,1004.0,1001.0,1004.0,1000.0
0.14,1.0,0.14,-0.69,0.05,-1.42,-0.13,0.13,0.0,1004.0,1001.0,1005.0,1000.0
0.14,1.0,0.14,-0.62,0.05,-1.42,0.13,0.06,0.13,1004.0,1001.0,1004.0,1000.0
0.14,1.12,0.14,-0.56,-0.1,-1.43,0.06,-0.06,-0.13,1004.0,1001.0,1004.0,1000.0
0.14,1.12,-0.07,-0.5,0.05,-1.44,1.12,0.75,-0.75,1014.0,1011.0,1014.0,1009.0
0.14,1.19,-0.07,-0.56,0.05,-1.43,0.37,2.0,-3.44,1013.0,1013.0,1013.0,1009.0
0.14,1.25,-0.07,-0.69,0.05,-1.42,-4.0,0.5,-0.56,1014.0,1011.0,1016.0,1006.0
0.14,1.44,-0.07,-0.56,0.05,-1.35,-2.31,-2.75,-11.56,1006.0,1016.0,1012.0,1014.0
0.14,1.62,-0.07,-0.62,0.05,-1.07,1.25,-1.75,-35.13,1000.0,1031.0,1000.0,1028.0
0.14,2.69,-0.07,-1.37,0.05,-0.28,-29.37,17.94,-64.0,1000.0,1072.0,1000.0,1033.0
0.14,4.87,-0.07,-2.5,0.05,1.06,-50.56,16.62,-78.94,1000.0,1097.0,1000.0,1033.0
0.14,8.13,-0.07,-3.44,0.05,3.26,-65.62,6.87,-91.69,1000.0,1113.0,1000.0,1046.0
0.14,12.19,-0.07,-4.94,0.05,5.93,-93.94,25.5,-88.81,1000.0,1139.0,1000.0,1026.0
0.14,16.37,-0.07,-6.87,0.05,9.03,-81.56,17.25,-77.06,1000.0,1148.0,1000.0,1015.0
0.14,18.56,-0.07,-9.0,-0.1,12.27,-19.12,24.12,-68.5,1000.0,1127.0,1000.0,1036.0
0.14,15.31,-0.07,-11.19,-0.1,15.42,89.81,19.0,-47.25,1000.0,1072.0,1000.0,1077.0
0.14,10.38,-0.07,-12.69,0.05,18.25,98.94,31.87,-22.75,1012.0,1054.0,1000.0,1073.0
0.14,6.37,-0.07,-14.81,-0.1,20.57,68.37,54.44,-3.44,1024.0,1061.0,1000.0,1048.0
0.14,3.06,-0.07,-18.31,0.05,22.31,57.88,63.5,10.81,1035.0,1066.0,1000.0,1028.0
0.14,0.31,-0.07,-21.19,0.05,23.4,73.62,54.69,22.44,1048.0,1053.0,1000.0,1029.0
0.14,-12.56,-0.07,-26.81,-0.1,23.46,89.12,16.25,8.88,1043.0,1029.0,1000.0,1071.0
0.14,-16.0,-0.07,-28.5,0.05,22.85,61.13,18.37,12.5,1041.0,1036.0,1000.0,1057.0
0.14,-17.19,-0.07,-29.81,0.05,22.11,26.0,13.25,23.69,1036.0,1040.0,1000.0,1036.0
0.14,-15.75,-0.07,-27.19,0.05,19.24,-35.5,-44.31,20.56,1000.0,1035.0,1000.0,1035.0
0.14,-13.0,-0.07,-23.87,-0.1,18.34,-45.81,-63.13,14.56,1000.0,1034.0,1006.0,1037.0
0.14,-10.44,-0.07,-20.56,0.05,17.53,-60.56,-64.12,9.06,1000.0,1036.0,1013.0,1041.0
0.14,-7.44,-0.07,-17.5,0.05,16.91,-66.44,-55.69,2.06,1000.0,1046.0,1015.0,1037.0
0.14,-3.19,-0.07,-14.94,0.05,16.49,-79.37,-32.44,3.56,1000.0,1059.0,1018.0,1020.0
0.14,0.44,-0.07,-13.75,-0.1,16.26,-70.81,-19.81,1.12,1000.0,1071.0,1012.0,1013.0
0.14,3.37,-0.07,-13.13,0.05,16.15,-54.56,-9.19,3.31,1000.0,1069.0,1006.0,1010.0
0.14,5.31,-0.07,-12.75,0.05,16.12,-25.12,-5.37,-3.62,1000.0,1065.0,1000.0,1022.0
0.14,5.62,-0.07,-12.31,0.05,16.18,-1.5,-13.19,-4.81,1000.0,1057.0,1000.0,1035.0
0.14,5.44,-0.07,-11.69,-0.1,16.33,-1.81,-13.88,-0.13,1000.0,1049.0,1000.0,1037.0
0.14,5.81,-0.07,-11.19,0.05,16.5,-24.56,-6.75,7.31,1000.0,1055.0,1000.0,1023.0
0.14,7.81,-0.07,-11.0,0.05,16.63,-47.31,-2.94,10.75,1000.0,1064.0,1005.0,1007.0
0.14,11.06,-0.07,-10.69,0.05,16.69,-58.31,-8.38,1.44,1000.0,1075.0,1010.0,1006.0
0.14,12.13,-0.07,-13.94,0.05,27.17,5.81,3.25,13.06,1000.0,1070.0,1000.0,1042.0
0.14,12.88,-0.07,-14.5,0.05,27.64,-20.81,22.31,24.94,1000.0,1081.0,1000.0,1014.0
0.14,13.44,-0.07,-16.94,0.05,27.24,29.0,16.81,10.13,1000.0,1074.0,1000.0,1040.0
0.14,11.63,-0.07,-17.56,0.05,26.78,49.06,18.12,22.62,1004.0,1059.0,1000.0,1039.0
0.14,7.0,-0.07,-15.69,0.05,20.07,-17.44,-25.0,30.69,1000.0,1037.0,1008.0,1016.0
0.14,8.5,-0.07,-14.5,0.05,18.48,-34.31,-18.5,16.94,1000.0,1053.0,1007.0,1015.0
0.14,10.56,-0.07,-13.75,0.05,17.18,-32.5,-10.88,4.37,1000.0,1064.0,1003.0,1013.0
0.14,11.19,-0.07,-13.5,-0.1,16.26,-9.56,-4.31,-16.12,1000.0,1072.0,1000.0,1035.0
0.14,11.44,-0.07,-13.69,0.05,15.75,-7.19,4.0,-11.38,1000.0,1071.0,1000.0,1029.0
0.14,11.75,-0.07,-14.31,0.05,15.5,-5.0,7.62,-9.56,1000.0,1071.0,1000.0,1021.0
0.14,11.75,-0.07,-14.44,-0.1,15.43,1.0,-3.44,-4.69,1000.0,1063.0,1000.0,1028.0
0.14,0.31,-0.07,-1.12,0.05,10.33,6.12,-5.0,2.25,1004.0,1034.0,1000.0,1027.0
0.14,0.44,-0.07,-0.88,0.05,10.39,0.75,3.25,-0.37,1000.0,1038.0,1000.0,1026.0
0.14,0.44,-0.07,-0.88,0.05,10.38,-4.87,2.75,-0.44,1000.0,1033.0,1000.0,1030.0
0.14,0.44,-0.07,-0.88,-0.1,10.09,-0.94,0.62,0.13,1000.0,1032.0,1000.0,1029.0
0.07,0.44,-0.07,-0.88,-0.1,9.75,0.19,-0.56,0.13,1000.0,1031.0,1000.0,1029.0
0.14,0.44,-0.07,-0.88,-0.1,9.63,-0.13,-0.31,0.06,1000.0,1031.0,1000.0,1029.0
0.14,0.44,-0.07,-0.88,-0.1,9.5,-0.13,-0.25,0.06,1000.0,1031.0,1000.0,1029.0
0.14,0.44,-0.07,-0.88,0.05,8.89,0.0,-0.37,-0.13,1000.0,1029.0,1000.0,1028.0
0.14,0.44,-0.07,-0.88,-0.1,8.8,0.06,-0.37,-0.06,1000.0,1029.0,1000.0,1028.0
0.14,0.44,-0.07,-0.88,-0.1,8.71,-0.19,0.06,0.13,1000.0,1029.0,1000.0,1027.0
0.14,0.44,-0.07,-0.88,0.05,8.63,-0.06,0.25,0.0,1000.0,1029.0,1000.0,1027.0
0.14,0.44,-0.07,-0.88,0.05,8.56,-0.06,0.19,0.06,1000.0,1028.0,1000.0,1027.0
0.07,0.44,-0.07,-0.88,0.05,8.22,0.0,0.13,-0.06,1000.0,1028.0,1000.0,1026.0
0.14,0.44,-0.07,-0.88,-0.1,8.18,-0.13,0.13,0.06,1000.0,1028.0,1000.0,1026.0
0.14,0.44,-0.07,-0.88,0.05,8.16,-0.19,-0.06,-0.06,1000.0,1028.0,1000.0,1026.0
0.14,0.44,-0.07,-0.88,-0.1,8.14,0.0,0.0,0.0,1000.0,1028.0,1000.0,1026.0
0.14,0.44,-0.07,-0.88,0.05,8.12,-0.13,-0.13,0.0,1000.0,1027.0,1000.0,1026.0
0.14,0.44,-0.07,-0.88,0.05,8.11,0.31,0.0,-0.06,1000.0,1028.0,1000.0,1026.0
0.14,0.44,-0.07,-0.88,0.05,8.1,-0.13,0.0,0.0,1000.0,1027.0,1000.0,1026.0
0.14,0.44,-0.07,-0.88,0.05,8.09,-0.06,0.0,-0.06,1000.0,1028.0,1000.0,1026.0
0.14,0.44,-0.07,-0.88,-0.1,8.08,0.06,0.06,0.0,1000.0,1028.0,1000.0,1026.0
0.14,0.44,-0.07,-0.88,-0.1,8.08,0.13,0.06,-0.06,1000.0,1028.0,1000.0,1026.0
0.14,0.44,-0.07,-0.88,0.05,8.07,0.19,0.06,-0.06,1000.0,1027.0,1000.0,1026.0
0.14,0.44,0.14,-0.88,0.05,8.07,0.0,0.06,0.06,1000.0,1027.0,1000.0,1026.0
0.14,0.44,0.14,-0.88,0.05,8.07,0.0,0.06,-0.06,1000.0,1027.0,1000.0,1026.0
0.14,0.44,0.14,-0.88,0.05,8.07,0.13,0.06,-0.13,1000.0,1028.0,1000.0,1026.0
0.14,0.44,0.14,-0.88,0.05,8.07,0.0,-0.06,-0.06,1000.0,1028.0,1000.0,1026.0
0.14,0.44,0.14,-0.88,-0.1,8.07,0.0,0.0,0.0,1000.0,1028.0,1000.0,1026.0
0.14,0.44,0.14,-0.88,0.05,8.07,0.06,0.0,0.06,1000.0,1028.0,1000.0,1026.0
0.14,0.44,0.14,-0.88,0.05,8.06,0.0,0.0,-0.06,1000.0,1028.0,1000.0,1026.0
0.14,0.44,-0.07,-0.88,0.05,8.06,0.0,0.0,-0.06,1000.0,1027.0,1000.0,1026.0
0.14,0.44,0.14,-0.88,0.05,8.06,-0.13,0.0,0.06,1000.0,1028.0,1000.0,1026.0
0.14,0.44,0.14,-0.88,0.05,8.06,0.0,0.0,0.0,1000.0,1028.0,1000.0,1026.0
0.14,0.44,0.14,-0.88,-0.1,8.06,0.06,-0.06,0.0,1000.0,1028.0,1000.0,1026.0
0.14,0.44,-0.07,-0.88,-0.1,8.06,-0.31,0.0,0.13,1000.0,1028.0,1000.0,1026.0
0.07,0.44,-0.07,-0.88,0.05,8.06,0.19,-0.06,0.13,1000.0,1027.0,1000.0,1026.0
0.14,0.44,0.14,-0.88,0.05,8.06,0.06,-0.06,0.06,1000.0,1027.0,1000.0,1026.0
0.14,0.44,-0.07,-0.88,-0.1,8.06,0.0,-0.13,-0.06,1000.0,1028.0,1000.0,1026.0
0.14,0.44,-0.07,-0.88,0.05,8.06,0.06,0.0,-0.06,1000.0,1027.0,1000.0,1026.0
0.14,0.44,-0.07,-0.88,0.05,8.06,-0.06,-0.13,0.06,1000.0,1027.0,1000.0,1026.0
0.07,0.44,-0.07,-0.88,0.05,8.06,0.13,-0.13,0.0,1000.0,1028.0,1000.0,1026.0
0.14,0.44,-0.07,-0.88,-0.1,8.06,-0.06,0.06,-0.06,1000.0,1028.0,1000.0,1026.0
0.14,0.44,-0.07,-0.88,-0.1,8.06,-0.06,-0.13,-0.06,1000.0,1028.0,1000.0,1026.0
0.14,0.44,-0.07,-0.88,0.05,8.06,0.13,0.0,0.0,1000.0,1027.0,1000.0,1026.0
0.14,0.44,-0.07,-0.88,-0.1,8.06,0.06,-0.06,0.06,1000.0,1028.0,1000.0,1026.0
0.14,0.44,-0.07,-0.88,-0.1,8.06,-0.06,0.0,0.06,1000.0,1028.0,1000.0,1026.0
0.14,0.44,0.14,-0.88,0.05,8.06,0.0,0.25,0.0,1000.0,1028.0,1000.0,1026.0
0.07,0.44,-0.07,-0.88,-0.1,8.06,-0.06,0.06,0.0,1000.0,1028.0,1000.0,1026.0
0.14,0.44,0.14,-0.88,0.05,8.06,-0.13,-0.06,0.06,1038.0,1068.0,1037.0,1066.0
0.14,0.44,-0.07,-0.88,0.05,8.05,0.37,0.06,-2.81,1038.0,1068.0,1038.0,1068.0
0.14,0.5,0.14,-0.88,0.05,8.06,-0.75,-0.31,0.69,1042.0,1070.0,1041.0,1068.0
0.14,0.5,0.14,-0.88,0.05,8.06,-0.81,0.0,1.25,1042.0,1070.0,1040.0,1068.0
0.14,0.5,0.14,-0.88,0.05,8.06,-0.5,-0.25,1.06,1041.0,1070.0,1040.0,1069.0
0.14,0.5,0.14,-0.88,-0.1,8.06,-0.62,-0.31,0.5,1041.0,1071.0,1039.0,1069.0
0.14,0.5,0.14,-0.88,-0.1,8.06,0.37,-0.19,-0.19,1041.0,1071.0,1040.0,1069.0
0.14,0.5,0.14,-0.88,0.05,8.06,0.19,0.25,-0.19,1041.0,1071.0,1040.0,1069.0
0.14,0.5,0.63,-0.88,-0.1,8.06,0.19,-0.19,-0.06,1041.0,1071.0,1039.0,1069.0
0.14,0.5,0.35,-0.88,0.05,8.06,-0.44,0.19,0.0,1041.0,1071.0,1040.0,1069.0
0.14,0.5,-0.14,-0.88,0.05,8.06,-0.19,-0.19,0.06,1041.0,1070.0,1040.0,1069.0
0.14,0.5,0.14,-0.88,0.05,8.06,0.13,0.25,0.13,1041.0,1071.0,1040.0,1069.0
0.14,0.5,0.14,-0.88,0.05,8.06,-0.06,-0.13,-0.06,1041.0,1071.0,1040.0,1068.0
0.14,0.5,0.14,-0.88,0.05,8.06,0.44,0.19,-0.06,1041.0,1070.0,1040.0,1068.0
0.14,0.56,0.14,-0.88,0.05,8.06,0.06,0.0,-1.44,1112.0,1142.0,1111.0,1140.0
0.14,0.56,0.28,-0.88,0.05,8.06,0.5,0.5,-0.56,1115.0,1144.0,1115.0,1142.0
0.14,0.56,0.28,-0.88,0.05,8.06,0.88,0.06,-0.5,1132.0,1162.0,1132.0,1159.0
0.07,0.56,0.14,-0.88,0.05,8.06,-0.25,0.31,0.62,1159.0,1190.0,1159.0,1187.0
0.07,0.5,0.14,-0.88,0.05,8.06,-0.75,-0.06,0.19,1182.0,1212.0,1180.0,1210.0
0.14,0.56,0.14,-0.88,0.05,8.06,0.69,-0.31,-0.19,1183.0,1215.0,1182.0,1212.0
0.07,0.56,0.14,-0.88,0.05,8.06,0.25,0.06,0.69,1183.0,1215.0,1182.0,1212.0
0.14,0.56,0.14,-0.88,0.05,8.06,1.0,0.19,-0.31,1184.0,1214.0,1184.0,1211.0
0.14,0.56,0.14,-0.88,0.05,8.06,0.69,0.31,-0.25,1184.0,1213.0,1184.0,1211.0
0.14,0.56,0.14,-0.88,0.05,8.06,-1.69,-0.81,0.37,1196.0,1225.0,1192.0,1224.0
0.14,0.56,-0.07,-0.88,0.05,8.06,-0.81,0.25,0.5,1291.0,1320.0,1290.0,1318.0
0.14,0.56,-0.07,-0.88,-0.1,8.07,1.37,-1.12,0.0,1292.0,1324.0,1291.0,1321.0
0.14,0.62,0.14,-0.81,-0.1,8.07,-0.69,-0.31,-0.37,1296.0,1326.0,1298.0,1324.0
0.14,0.69,0.14,-0.81,-0.1,8.07,-4.12,1.19,0.56,1310.0,1341.0,1311.0,1338.0
0.14,0.62,0.14,-0.81,0.05,8.07,2.31,-0.75,-0.31,1312.0,1342.0,1312.0,1338.0
0.14,0.88,0.14,-0.69,0.05,8.08,-2.12,0.56,-0.25,1319.0,1349.0,1320.0,1348.0
0.14,0.81,0.14,-0.69,-0.1,8.09,-1.56,0.06,-0.5,1320.0,1352.0,1322.0,1350.0
0.14,0.94,-0.07,-0.5,-0.1,8.11,-6.37,3.31,-1.25,1334.0,1369.0,1338.0,1364.0
0.14,1.19,-0.07,-0.37,-0.1,8.13,-5.81,-3.87,-0.94,1336.0,1373.0,1345.0,1370.0
0.14,1.37,-0.07,-0.25,-0.1,8.17,-5.75,-3.75,0.19,1346.0,1383.0,1356.0,1379.0
0.14,1.81,-0.07,0.13,-0.1,8.16,-15.5,-7.19,1.19,1345.0,1383.0,1360.0,1379.0
0.14,5.69,-0.14,0.56,-0.1,8.01,-27.69,3.06,0.69,1346.0,1406.0,1374.0,1371.0
0.14,6.56,-0.28,0.56,0.05,7.93,-14.44,3.56,-0.75,1347.0,1402.0,1372.0,1375.0
-2.52,7.87,-2.45,1.81,-0.1,7.82,-2.31,-16.0,-2.0,1342.0,1389.0,1377.0,1391.0
-7.91,8.06,-3.01,2.75,-0.1,7.85,-5.94,-15.5,-1.69,1336.0,1394.0,1381.0,1387.0
-7.35,4.5,-7.84,2.12,-0.1,8.35,41.0,24.75,-8.88,1365.0,1393.0,1343.0,1400.0
-6.79,2.62,-8.4,0.62,-0.1,8.65,37.0,33.06,-8.75,1368.0,1396.0,1338.0,1398.0
-5.32,-0.37,-8.54,-2.94,-0.1,9.99,16.87,11.44,-9.25,1355.0,1400.0,1345.0,1399.0
-4.48,-1.37,-8.54,-3.0,-0.1,10.49,16.37,-2.62,-9.81,1349.0,1392.0,1349.0,1409.0
-4.48,-2.19,-8.4,-2.5,-0.1,10.98,19.19,-15.75,-9.25,1344.0,1387.0,1353.0,1417.0
-4.34,-3.25,-7.7,-1.44,-0.1,11.47,17.69,-18.25,-9.56,1341.0,1385.0,1353.0,1421.0
-4.2,-3.94,-7.49,-0.56,-0.1,11.97,15.06,-14.0,-10.31,1340.0,1387.0,1352.0,1421.0
-0.84,-4.56,-6.23,0.0,-0.1,12.48,10.06,-6.81,-10.69,1344.0,1390.0,1346.0,1420.0
0.07,-4.62,-1.26,-0.13,-0.1,13.0,-1.06,7.94,-10.88,1349.0,1405.0,1338.0,1408.0
0.07,-4.19,-0.14,-0.88,-0.1,13.55,-7.81,16.06,-10.75,1350.0,1414.0,1335.0,1401.0
0.14,-3.5,-0.07,-1.56,-0.1,14.1,-15.63,15.38,-10.0,1347.0,1419.0,1337.0,1397.0
0.14,-2.75,-0.07,-1.94,-0.1,14.64,-16.44,2.0,-9.5,1341.0,1417.0,1342.0,1400.0
0.14,-1.87,-2.1,-1.69,-0.1,15.16,-17.37,-11.81,-8.19,1334.0,1409.0,1349.0,1408.0
0.14,-1.0,-4.83,-0.56,-0.1,15.65,-14.94,-21.25,-6.31,1324.0,1400.0,1358.0,1418.0
0.14,-0.44,-6.37,0.62,-0.1,16.1,-9.94,-23.87,-7.0,1322.0,1397.0,1360.0,1422.0
0.14,0.0,-6.44,1.56,-0.1,16.51,-6.25,-17.56,-6.0,1325.0,1399.0,1356.0,1420.0
0.14,0.37,-4.2,1.75,-0.1,16.91,-6.62,0.62,-3.62,1333.0,1410.0,1348.0,1410.0
0.14,0.81,-3.71,0.94,-0.1,17.38,-10.63,19.94,-3.0,1341.0,1417.0,1340.0,1401.0
0.14,1.19,-5.25,-0.37,-0.1,17.82,-9.94,28.75,-1.12,1347.0,1423.0,1335.0,1395.0
0.14,1.44,-7.56,-1.62,-0.1,18.25,-5.62,25.44,1.56,1346.0,1418.0,1338.0,1399.0
0.14,1.69,-8.96,-2.5,-0.1,18.62,-1.69,9.94,3.62,1341.0,1412.0,1343.0,1404.0
0.14,1.75,-9.59,-2.31,-0.1,18.92,-0.62,-9.81,6.62,1334.0,1401.0,1352.0,1414.0
0.14,1.56,-8.96,-1.31,-0.1,19.1,3.62,-21.44,6.31,1331.0,1392.0,1356.0,1420.0
0.14,1.19,-8.75,-0.19,-0.1,19.16,6.12,-23.81,8.0,1329.0,1388.0,1360.0,1423.0
0.14,0.94,-10.29,0.75,-0.1,19.12,3.44,-15.75,9.94,1333.0,1389.0,1357.0,1421.0
0.14,0.69,-14.56,1.37,-0.1,19.0,-1.0,-5.44,10.25,1332.0,1387.0,1361.0,1420.0
0.14,0.81,-15.89,1.31,-0.1,18.8,-7.44,6.19,11.31,1336.0,1393.0,1360.0,1411.0
0.07,1.12,-17.08,0.88,-0.1,18.53,-8.25,11.81,12.25,1336.0,1399.0,1359.0,1405.0
0.07,1.62,-16.87,0.13,-0.1,18.17,-10.81,15.38,12.81,1339.0,1401.0,1360.0,1399.0
0.07,2.06,-17.64,-0.81,-0.1,17.82,-9.38,16.5,13.81,1342.0,1400.0,1360.0,1398.0
0.07,2.19,-17.64,-1.5,-0.1,17.39,0.44,12.38,14.88,1345.0,1396.0,1360.0,1399.0
0.07,1.56,-19.04,-2.56,-0.1,15.63,5.06,-0.69,18.81,1348.0,1382.0,1367.0,1402.0
0.07,1.25,-21.77,-2.37,-0.1,14.89,3.44,-3.81,20.19,1347.0,1375.0,1373.0,1405.0
0.07,1.12,-21.91,-2.12,-0.1,14.09,0.31,-6.06,22.37,1347.0,1372.0,1379.0,1402.0
0.07,1.12,-23.31,-1.94,-0.1,13.24,-1.56,-0.75,23.5,1349.0,1371.0,1382.0,1398.0
0.07,1.25,-24.01,-2.19,-0.1,12.27,-3.69,8.38,24.75,1353.0,1373.0,1382.0,1392.0
0.07,1.44,-24.15,-2.94,-0.1,11.24,-5.0,19.62,26.44,1362.0,1375.0,1380.0,1382.0
0.07,1.87,-23.45,-4.5,-0.1,10.12,-6.87,30.0,27.62,1370.0,1379.0,1377.0,1374.0
0.07,2.25,-21.42,-6.19,-0.1,8.93,-6.44,38.06,28.37,1377.0,1383.0,1375.0,1364.0
0.07,2.62,-13.02,-8.25,-0.1,7.65,-4.25,36.13,29.56,1388.0,1386.0,1371.0,1355.0
0.07,2.81,-4.41,-9.88,-0.1,6.3,2.62,30.5,29.44,1398.0,1387.0,1368.0,1348.0
0.07,2.75,1.26,-10.88,-0.1,4.9,6.87,15.94,29.87,1402.0,1381.0,1369.0,1349.0
0.07,2.5,7.77,-11.0,-0.1,3.46,9.56,-4.87,29.62,1402.0,1373.0,1374.0,1352.0
0.07,2.19,10.78,-9.69,-0.1,2.0,8.75,-28.62,28.5,1395.0,1362.0,1384.0,1359.0
0.07,2.0,10.08,-7.37,-0.1,0.58,4.75,-50.75,27.37,1382.0,1348.0,1401.0,1369.0
0.07,2.0,7.07,-4.31,-0.1,-0.81,-0.56,-66.87,24.81,1372.0,1339.0,1414.0,1375.0
0.07,2.12,8.05,-1.06,-0.1,-2.13,-4.37,-65.31,21.94,1369.0,1337.0,1419.0,1375.0
0.07,2.25,16.1,1.62,-0.1,-3.4,-4.75,-47.38,19.12,1377.0,1348.0,1410.0,1365.0
0.07,2.31,15.26,3.5,-0.1,-4.58,-1.5,-24.19,16.31,1387.0,1354.0,1400.0,1358.0
0.14,2.06,10.5,3.81,-0.1,-5.65,4.62,-2.31,13.06,1396.0,1358.0,1392.0,1354.0
0.14,1.37,6.09,3.5,-0.1,-6.59,14.56,8.88,9.0,1403.0,1358.0,1383.0,1356.0
0.07,0.5,4.55,3.12,-0.1,-7.4,19.94,7.87,6.31,1405.0,1355.0,1380.0,1360.0
-4.9,-0.69,0.14,2.87,-0.1,-8.07,19.37,1.62,3.0,1395.0,1353.0,1388.0,1363.0
-13.37,-1.44,0.14,3.06,-0.1,-8.61,14.25,-5.37,-0.69,1384.0,1359.0,1397.0,1361.0
-10.64,-2.0,-0.98,3.56,-0.1,-8.99,9.0,-9.25,-3.81,1380.0,1357.0,1398.0,1365.0
-3.57,-2.5,-3.15,4.12,-0.1,-9.23,12.44,-10.06,-6.87,1381.0,1349.0,1393.0,1376.0
-3.36,-3.44,-0.98,4.56,-0.1,-9.3,19.37,-4.19,-9.25,1398.0,1361.0,1396.0,1388.0
-2.03,-4.44,-0.28,4.5,-0.1,-9.27,21.0,8.0,-11.5,1405.0,1366.0,1386.0,1387.0
-1.47,-5.25,-0.28,3.87,-0.1,-9.1,15.69,18.69,-13.13,1409.0,1374.0,1382.0,1385.0
-1.33,-5.56,-0.28,2.81,0.05,-8.8,3.37,24.81,-14.38,1411.0,1386.0,1383.0,1381.0
-1.19,-5.12,-0.21,1.37,0.05,-8.38,-10.31,26.81,-15.81,1407.0,1399.0,1389.0,1377.0
0.07,-4.0,-0.14,0.25,-0.1,-7.89,-26.69,22.94,-17.56,1401.0,1408.0,1395.0,1376.0
0.07,-2.56,-0.07,-0.56,0.05,-7.31,-30.44,13.56,-18.87,1396.0,1412.0,1401.0,1380.0
0.07,-0.88,-0.07,-0.88,-0.1,-6.66,-27.19,3.75,-20.31,1389.0,1410.0,1403.0,1386.0
0.07,0.06,-0.07,-0.75,-0.1,-5.93,-11.56,-3.87,-21.87,1388.0,1404.0,1399.0,1396.0
0.07,0.06,0.14,-0.56,-0.1,-5.13,6.87,-3.12,-23.0,1391.0,1401.0,1392.0,1404.0
0.07,-0.69,-2.59,-0.69,-0.1,-4.28,22.75,5.56,-24.69,1396.0,1397.0,1382.0,1412.0
0.07,-1.94,-7.91,-1.06,-0.1,-3.38,29.44,12.38,-26.37,1398.0,1396.0,1374.0,1420.0
-0.07,-3.37,-12.88,-1.87,0.05,-2.35,22.81,15.75,-26.44,1396.0,1397.0,1373.0,1422.0
-0.07,-3.94,-16.59,-2.69,0.05,-1.24,6.81,20.0,-26.56,1388.0,1404.0,1377.0,1419.0
0.07,-3.75,-17.15,-3.62,-0.1,-0.05,-5.37,17.69,-26.12,1381.0,1411.0,1380.0,1416.0
0.07,-3.06,-17.15,-4.25,-0.1,1.2,-18.44,14.69,-26.69,1371.0,1418.0,1383.0,1416.0
0.07,-2.12,-17.64,-4.81,-0.1,2.41,-21.69,11.69,-25.44,1366.0,1422.0,1386.0,1415.0
0.07,-1.0,-17.64,-5.31,0.05,3.62,-17.94,8.75,-23.44,1365.0,1422.0,1385.0,1417.0
0.07,-0.37,-16.03,-5.44,-0.1,4.75,-10.88,-1.06,-21.75,1364.0,1420.0,1387.0,1425.0
0.07,-0.31,-15.26,-5.12,-0.1,5.87,4.25,-7.75,-21.12,1365.0,1413.0,1384.0,1434.0
0.07,-0.94,-11.13,-4.62,-0.1,6.98,16.75,-11.13,-21.44,1368.0,1408.0,1372.0,1440.0
0.07,-2.31,-7.7,-4.0,-0.1,8.07,25.12,-10.94,-20.25,1372.0,1407.0,1365.0,1444.0
0.07,-3.25,-3.43,-3.31,-0.1,9.13,14.75,-14.56,-20.62,1372.0,1415.0,1365.0,1444.0
0.07,-3.5,0.14,-2.62,-0.1,10.16,-0.31,-14.06,-19.06,1367.0,1423.0,1368.0,1438.0
0.07,-2.69,0.14,-1.56,0.05,11.16,-21.62,-18.94,-18.25,1354.0,1427.0,1374.0,1433.0
0.07,-1.25,0.14,-0.44,-0.1,12.12,-34.25,-25.19,-16.94,1343.0,1433.0,1383.0,1429.0
0.07,0.88,0.14,1.37,-0.1,13.0,-36.06,-32.38,-14.81,1333.0,1432.0,1393.0,1431.0
0.07,2.44,0.14,3.06,-0.1,13.8,-26.12,-37.38,-13.5,1332.0,1427.0,1392.0,1437.0
0.07,3.37,0.14,5.19,-0.1,14.58,-8.94,-37.0,-11.38,1336.0,1419.0,1389.0,1444.0
0.07,3.12,0.14,6.69,-0.1,15.3,13.69,-27.37,-9.5,1347.0,1413.0,1378.0,1451.0
0.07,2.25,0.14,7.62,-0.1,15.99,22.37,-14.0,-8.94,1357.0,1415.0,1369.0,1455.0
0.07,1.25,0.14,7.87,-0.1,16.64,22.56,0.0,-7.69,1362.0,1419.0,1358.0,1449.0
0.07,0.5,0.14,7.31,-0.1,17.23,10.69,12.06,-6.25,1365.0,1430.0,1357.0,1437.0
0.07,0.62,-4.97,6.5,-0.1,17.75,-10.94,19.87,-4.0,1359.0,1435.0,1363.0,1431.0
0.07,1.44,-11.06,5.69,-0.1,18.2,-21.87,13.38,-0.81,1296.0,1383.0,1322.0,1375.0
0.07,2.62,-11.27,5.12,-0.1,18.57,-25.44,11.06,1.87,1280.0,1368.0,1314.0,1359.0
0.07,3.75,-11.41,4.5,-0.1,18.79,-22.56,18.44,5.56,1277.0,1364.0,1311.0,1352.0
0.07,4.19,-9.94,3.0,-0.1,18.87,-2.69,30.87,9.31,1292.0,1363.0,1299.0,1346.0
0.07,3.75,-10.01,0.94,-0.1,18.8,10.31,50.69,12.88,1310.0,1359.0,1281.0,1338.0
0.07,2.87,-9.94,-1.94,0.05,18.57,19.69,61.75,15.69,1320.0,1359.0,1270.0,1329.0
0.07,2.06,-10.01,-5.56,0.05,18.18,8.06,61.31,18.25,1325.0,1361.0,1270.0,1323.0
0.07,1.94,-10.78,-8.0,-0.1,17.67,-2.37,44.06,19.12,1318.0,1361.0,1280.0,1321.0
0.07,2.5,-13.72,-9.69,-0.1,17.04,-12.31,23.06,19.0,1305.0,1356.0,1297.0,1323.0
0.07,3.37,-13.72,-9.94,-0.1,16.34,-18.25,-1.19,18.25,1290.0,1346.0,1313.0,1331.0
0.07,4.44,-12.88,-9.38,0.05,15.59,-16.31,-13.44,18.19,1287.0,1341.0,1319.0,1333.0
0.07,4.94,-11.69,-8.81,-0.1,14.81,-2.37,-8.88,16.12,1291.0,1337.0,1315.0,1337.0
0.07,4.69,-11.69,-8.69,0.05,14.01,13.31,4.69,13.06,1302.0,1333.0,1305.0,1340.0
0.07,3.62,-11.83,-9.13,0.05,13.22,26.69,15.63,10.25,1325.0,1345.0,1302.0,1352.0
0.07,1.81,-11.83,-10.38,0.05,12.47,32.75,26.19,8.0,1336.0,1349.0,1295.0,1354.0
-0.07,0.5,-11.27,-11.81,0.05,11.78,22.81,28.12,5.37,1340.0,1356.0,1296.0,1351.0
0.07,0.06,-10.29,-12.94,0.05,11.21,3.69,17.56,4.44,1334.0,1364.0,1306.0,1348.0
0.07,0.5,-8.96,-13.38,0.05,10.73,-18.81,0.62,2.06,1332.0,1379.0,1334.0,1359.0
0.07,1.81,-7.7,-12.75,0.05,10.36,-30.69,-20.19,-0.06,1319.0,1382.0,1352.0,1363.0
0.07,3.5,-5.53,-11.0,0.05,10.1,-28.75,-33.75,-2.25,1313.0,1380.0,1359.0,1371.0
0.07,4.19,-4.83,-9.0,0.05,9.94,-4.06,-43.44,-4.69,1312.0,1370.0,1356.0,1385.0
0.07,3.12,-3.99,-6.37,-0.1,9.84,25.56,-46.06,-5.94,1324.0,1357.0,1348.0,1404.0
0.07,0.75,-3.43,-0.31,-0.1,9.79,40.88,-84.94,9.69,1254.0,1333.0,1448.0,1396.0
0.07,2.87,-3.43,4.5,-0.1,9.72,-35.75,-44.31,-5.06,1294.0,1413.0,1382.0,1343.0
0.07,6.56,-3.29,6.44,-0.1,9.68,-78.81,3.75,-9.19,1291.0,1392.0,1386.0,1362.0
0.07,9.06,-3.15,4.44,-0.1,9.63,-42.19,57.56,-3.19,1321.0,1417.0,1356.0,1339.0
0.07,10.06,-2.59,0.69,-0.1,9.52,-5.94,65.44,0.75,1356.0,1413.0,1329.0,1340.0
0.07,9.19,-2.59,-1.56,-0.1,9.37,27.44,34.13,-0.31,1359.0,1390.0,1322.0,1360.0
0.07,7.31,-2.59,-2.0,-0.1,9.24,44.25,-7.06,-0.44,1352.0,1363.0,1330.0,1386.0
0.07,5.12,-2.45,-0.75,-0.1,9.17,46.06,-39.94,-0.94,1311.0,1318.0,1313.0,1378.0
0.07,2.81,-2.24,2.25,-0.1,9.17,38.75,-56.38,-2.37,1286.0,1298.0,1311.0,1374.0
0.07,1.62,-2.24,5.0,-0.1,9.24,21.12,-54.75,-4.62,1263.0,1291.0,1305.0,1361.0
0.07,1.31,-2.24,7.12,-0.1,9.37,2.06,-32.25,-5.94,1260.0,1300.0,1303.0,1349.0
0.07,1.62,-2.24,7.94,-0.1,9.54,-9.75,-6.19,-5.81,1266.0,1317.0,1297.0,1332.0
0.07,2.31,-2.38,7.56,-0.1,9.73,-13.13,15.5,-6.25,1271.0,1330.0,1289.0,1318.0
0.07,3.25,-2.38,6.0,-0.1,9.93,-18.31,29.69,-7.19,1278.0,1339.0,1280.0,1311.0
-0.07,3.94,-2.38,4.69,-0.1,10.14,-10.94,22.06,-7.19,1277.0,1339.0,1280.0,1312.0
-0.07,4.12,-2.45,4.19,-0.1,10.38,2.19,0.25,-7.37,1272.0,1329.0,1283.0,1323.0
-0.14,3.81,-2.45,4.81,-0.1,10.69,8.44,-16.87,-7.87,1267.0,1314.0,1287.0,1340.0
-0.14,2.94,-2.45,6.37,-0.1,11.07,23.0,-36.69,-8.13,1259.0,1298.0,1290.0,1354.0
-0.14,-3.69,-2.17,-9.25,-0.1,13.66,110.69,-13.38,14.75,1333.0,1275.0,1219.0,1341.0
-0.14,-8.63,-2.1,-6.81,-0.1,13.77,91.06,-83.94,13.0,1291.0,1239.0,1261.0,1378.0
-0.14,-11.5,-1.89,-0.25,-0.1,13.6,28.62,-127.0,8.75,1237.0,1238.0,1307.0,1386.0
-0.14,-10.38,-1.68,6.25,-0.1,13.24,-54.0,-128.06,5.12,1200.0,1257.0,1342.0,1369.0
-0.07,-6.37,-1.68,11.13,-0.1,12.66,-106.0,-85.56,6.56,1191.0,1297.0,1354.0,1326.0
0.07,0.06,-1.4,12.75,-0.1,11.94,-120.62,-8.38,2.44,1205.0,1333.0,1333.0,1284.0
0.07,4.56,-1.54,10.56,-0.1,11.18,-81.12,71.62,-0.5,1245.0,1366.0,1291.0,1254.0
0.07,7.37,-2.17,5.12,-0.1,10.43,-34.06,105.5,-0.62,1284.0,1366.0,1255.0,1252.0
0.07,1.44,-2.94,-1.06,-0.1,9.73,196.69,104.56,41.81,1385.0,1309.0,1168.0,1286.0
0.07,-1.62,-4.13,-0.81,-0.1,8.98,-24.69,-57.81,-17.56,1245.0,1277.0,1276.0,1350.0
0.07,1.87,-4.83,6.69,-0.1,8.58,-75.44,-165.37,-19.56,1157.0,1278.0,1356.0,1357.0
0.07,6.75,-4.97,14.94,-0.1,8.42,-101.94,-164.06,-16.12,1124.0,1270.0,1393.0,1361.0
0.07,7.44,-4.97,19.56,-0.1,8.25,27.0,-16.56,29.56,1260.0,1266.0,1324.0,1307.0
0.07,5.06,-4.83,18.06,0.05,7.87,60.56,77.56,23.37,1321.0,1280.0,1267.0,1300.0
-0.07,1.62,-4.69,12.81,0.05,7.43,76.06,139.19,13.38,1358.0,1308.0,1222.0,1285.0
-0.14,-2.12,-3.71,4.25,0.05,7.06,61.81,152.69,8.81,1371.0,1332.0,1206.0,1271.0
-0.07,-1.0,-2.94,-2.0,0.05,6.76,-67.94,129.81,-1.37,1312.0,1390.0,1253.0,1230.0
-0.07,4.44,-2.94,0.13,0.05,6.74,-45.19,-129.12,7.25,1202.0,1308.0,1359.0,1319.0
-0.07,2.75,-2.94,8.88,-0.1,6.78,37.81,-190.44,6.56,1220.0,1201.0,1356.0,1411.0
0.07,0.31,-2.94,18.19,-0.1,6.85,36.19,-165.06,0.5,1212.0,1197.0,1362.0,1417.0
0.07,0.81,-2.8,23.44,0.05,7.06,-22.62,-51.81,-25.37,1220.0,1280.0,1317.0,1372.0
0.07,3.62,-2.8,21.81,0.05,7.47,-56.88,80.62,-39.13,1242.0,1366.0,1275.0,1306.0
0.07,8.88,-2.59,14.13,-0.1,8.05,-83.19,148.19,-43.0,1208.0,1373.0,1188.0,1200.0
0.07,12.75,-1.82,6.56,-0.1,8.69,-65.12,140.12,-33.75,1009.0,1161.0,1000.0,1000.0
0.07,14.06,-1.68,1.31,-0.1,9.36,41.81,104.25,-33.5,1000.0,1096.0,1000.0,1000.0
0.07,3.69,-1.61,-1.75,-0.1,10.01,240.69,36.94,14.75,1112.0,1000.0,1000.0,1085.0
0.07,-0.19,-1.54,-1.87,-0.1,10.5,-115.25,-28.87,-61.38,1000.0,1046.0,1000.0,1041.0
0.07,6.0,-0.7,1.75,-0.1,11.46,-44.19,-63.75,-32.44,1000.0,1056.0,1034.0,1042.0
0.07,2.94,-0.63,2.37,-0.1,12.74,91.0,1.0,-59.0,1000.0,1031.0,1000.0,1095.0
0.07,1.81,-0.07,-1.31,0.05,14.49,-24.25,85.37,-47.06,1000.0,1114.0,1000.0,1027.0
0.07,2.19,-0.07,0.0,0.05,16.03,4.0,-73.0,2.87,1000.0,1000.0,1000.0,1063.0
0.07,2.12,-0.07,-1.12,0.05,17.21,-4.56,49.44,-3.81,1000.0,1060.0,1000.0,1010.0
0.07,1.87,-0.07,-0.37,0.05,18.14,-9.69,-1.94,3.75,1000.0,1014.0,1000.0,1049.0
0.07,2.0,-0.07,-0.62,0.05,18.83,7.0,-6.19,-0.31,1000.0,1040.0,1000.0,1033.0
0.07,1.87,-0.07,-0.5,0.05,19.34,-1.0,5.19,-0.94,1000.0,1040.0,1000.0,1032.0
0.07,1.87,-0.07,-0.5,0.05,19.53,-1.37,1.94,0.44,1000.0,1035.0,1000.0,1037.0
0.07,1.87,0.14,-0.5,0.05,19.55,1.31,-2.37,1.62,1000.0,1039.0,1000.0,1037.0
0.07,1.94,-0.07,-0.56,0.05,19.44,-0.06,-1.75,0.37,1000.0,1040.0,1000.0,1036.0
0.07,1.94,-0.07,-0.56,0.05,19.22,-1.87,0.56,-1.69,1000.0,1041.0,1000.0,1036.0
0.07,1.94,-0.07,-0.56,0.05,18.91,-0.25,0.81,-2.12,1001.0,1075.0,1001.0,1071.0
0.07,1.94,-0.07,-0.56,0.05,18.56,-0.56,0.5,-0.62,1034.0,1105.0,1036.0,1101.0
0.07,1.94,-0.07,-0.56,0.05,18.16,0.06,0.56,-1.0,1060.0,1129.0,1062.0,1125.0
0.07,1.94,-0.21,-0.56,0.05,17.8,-0.06,-0.56,1.5,1081.0,1148.0,1085.0,1146.0
0.07,1.94,-0.49,-0.5,0.05,17.4,-0.13,-1.06,1.25,1084.0,1151.0,1086.0,1148.0
0.07,1.94,-1.82,-0.56,0.05,17.1,1.06,-0.06,0.75,1095.0,1161.0,1099.0,1160.0
0.07,1.94,-2.45,-0.5,0.05,16.76,0.56,0.62,-0.06,1125.0,1190.0,1130.0,1191.0
0.07,1.94,-3.57,-0.5,0.05,16.51,1.19,0.31,-0.62,1145.0,1210.0,1153.0,1212.0
0.07,1.94,-4.97,-0.56,0.05,16.26,0.56,-0.06,0.06,1160.0,1223.0,1170.0,1227.0
0.07,1.94,-4.97,-0.56,0.05,16.06,1.12,-0.5,0.44,1172.0,1236.0,1182.0,1238.0
0.07,1.94,-4.97,-0.5,0.05,15.82,0.13,0.5,-0.31,1174.0,1236.0,1183.0,1239.0
0.07,1.94,-3.43,-0.5,0.05,15.57,0.56,0.25,0.37,1177.0,1238.0,1183.0,1239.0
0.07,1.94,-0.98,-0.5,0.05,15.33,0.44,0.19,0.69,1135.0,1197.0,1139.0,1194.0
0.07,1.94,-0.14,-0.5,0.05,15.11,-0.25,-0.5,-0.69,1092.0,1150.0,1094.0,1147.0
0.07,1.94,-0.07,-0.5,0.05,14.94,-0.13,-0.44,-0.06,1019.0,1076.0,1020.0,1073.0
0.07,1.94,-0.07,-0.5,0.05,14.8,-0.44,0.19,-1.81,1000.0,1033.0,1000.0,1030.0
0.07,1.94,-2.03,-0.5,-0.1,14.69,0.37,-0.44,1.5,1000.0,1029.0,1000.0,1028.0
0.07,1.94,-2.1,-0.5,-0.1,14.61,-0.37,0.44,0.37,1000.0,1028.0,1000.0,1028.0
0.14,1.94,-0.7,-0.5,-0.1,14.5,0.0,-0.44,0.5,1000.0,1029.0,1000.0,1026.0
0.14,1.94,-0.07,-0.5,0.05,14.43,0.31,0.94,-0.5,1000.0,1028.0,1000.0,1026.0
0.14,1.87,-0.07,-0.5,0.05,14.36,-0.06,-0.75,-0.5,1000.0,1029.0,1000.0,1025.0
0.14,1.94,-0.07,-0.5,0.05,14.29,-0.62,0.19,-0.19,1000.0,1028.0,1000.0,1025.0
0.14,1.87,-0.07,-0.5,-0.1,14.22,0.06,-0.13,0.06,1000.0,1028.0,1000.0,1025.0
0.14,1.87,-0.07,-0.5,-0.1,14.14,0.44,-0.19,-0.13,1000.0,1028.0,1000.0,1025.0
0.14,1.87,-0.07,-0.5,0.05,14.08,-0.19,-0.19,0.06,1000.0,1027.0,1000.0,1025.0
0.14,1.87,-0.07,-0.5,0.05,14.01,0.69,0.19,0.13,1000.0,1027.0,1000.0,1024.0
0.14,1.87,-0.07,-0.5,0.05,13.96,0.81,0.44,0.31,1000.0,1027.0,1000.0,1024.0
0.14,1.87,-0.07,-0.5,-0.1,13.92,-0.25,-0.44,0.06,1000.0,1027.0,1000.0,1024.0
0.14,1.87,-0.07,-0.5,0.05,13.9,-0.06,-0.25,0.06,1000.0,1027.0,1000.0,1024.0
0.14,1.94,-0.07,-0.5,0.05,13.88,0.19,0.25,-0.06,1000.0,1027.0,1000.0,1024.0
0.14,1.87,-0.07,-0.5,0.05,13.86,-0.13,0.62,-0.19,1000.0,1027.0,1000.0,1024.0
0.14,1.87,0.14,-0.5,0.05,13.85,-0.25,-0.31,0.06,1000.0,1027.0,1000.0,1024.0
0.14,1.94,0.14,-0.5,0.05,13.84,-0.31,-0.13,-0.19,1000.0,1027.0,1000.0,1024.0
0.14,1.94,-0.07,-0.5,0.05,13.84,0.06,0.25,0.06,1000.0,1027.0,1000.0,1024.0
0.14,1.87,-0.07,-0.5,0.05,13.83,-0.19,0.25,0.13,1000.0,1027.0,1000.0,1024.0
0.14,1.87,0.14,-0.5,0.05,13.83,-0.25,-0.19,0.0,1000.0,1028.0,1000.0,1024.0
0.14,1.87,-0.49,-0.5,0.05,13.82,0.0,-0.19,0.25,1000.0,1048.0,1000.0,1046.0
0.14,1.87,-1.4,-0.5,0.05,13.82,0.25,-0.06,-0.06,1016.0,1069.0,1019.0,1068.0
0.14,1.87,-2.59,-0.5,0.05,13.82,-0.06,0.25,-0.56,1025.0,1078.0,1030.0,1079.0
0.14,1.87,-3.29,-0.5,0.05,13.82,0.31,0.06,-1.06,1059.0,1113.0,1066.0,1114.0
0.14,1.87,-3.36,-0.5,0.05,13.82,0.06,-0.06,-0.62,1097.0,1149.0,1103.0,1151.0
0.14,1.87,-3.43,-0.5,0.05,13.82,0.19,-0.37,0.25,1110.0,1164.0,1116.0,1165.0
0.14,1.87,-5.46,-0.5,0.05,13.81,1.5,-0.25,0.31,1142.0,1195.0,1151.0,1199.0
0.14,1.87,-7.14,-0.5,0.05,13.81,-0.88,0.13,-0.37,1174.0,1227.0,1186.0,1234.0
0.14,1.94,-9.8,-0.5,0.05,13.81,-1.75,-0.37,-0.06,1194.0,1248.0,1209.0,1257.0
0.14,1.87,-10.78,-0.5,0.05,13.81,-1.44,-0.69,-0.62,1194.0,1246.0,1209.0,1259.0
0.14,1.87,-11.48,-0.44,0.05,13.81,-0.5,0.69,0.25,1197.0,1250.0,1215.0,1263.0
0.14,1.94,-11.69,-0.44,0.05,13.81,0.62,0.94,0.0,1219.0,1273.0,1239.0,1286.0
0.14,1.94,-11.83,-0.5,0.05,13.81,0.06,0.94,-0.13,1238.0,1292.0,1257.0,1304.0
0.14,1.87,-11.69,-0.5,0.05,13.81,0.62,0.69,0.37,1261.0,1313.0,1279.0,1327.0
0.14,1.94,-11.69,-0.5,0.05,13.81,-1.87,0.13,0.25,1271.0,1323.0,1289.0,1337.0
0.07,1.94,-11.83,-0.5,0.05,13.81,-1.37,-0.62,0.88,1297.0,1351.0,1317.0,1363.0
0.07,2.0,-12.46,-0.5,0.05,13.81,-2.0,-1.19,-0.31,1308.0,1363.0,1328.0,1376.0
0.07,2.12,-12.6,-0.44,0.05,13.81,0.56,-2.94,0.56,1318.0,1376.0,1343.0,1388.0
0.07,2.25,-13.3,-0.31,0.05,13.81,-3.69,-0.19,1.5,1321.0,1375.0,1346.0,1390.0
0.07,2.69,-13.86,-0.31,0.05,13.77,-11.06,1.56,4.31,1327.0,1382.0,1354.0,1389.0
0.07,3.56,-14.56,-0.37,0.05,13.68,-19.56,1.44,7.62,1327.0,1388.0,1364.0,1385.0
0.07,4.81,-14.7,-0.81,0.05,13.5,-30.25,12.06,10.0,1329.0,1394.0,1368.0,1376.0
0.07,6.69,-14.77,-1.69,0.05,13.21,-32.63,16.87,11.5,1330.0,1400.0,1370.0,1368.0
0.07,8.5,-14.91,-2.44,-0.1,12.82,-41.0,16.31,13.13,1316.0,1389.0,1359.0,1352.0
-2.45,10.44,-14.21,-3.0,0.05,12.33,-37.88,12.63,13.13,1311.0,1389.0,1364.0,1344.0
-7.35,12.5,-12.74,-3.44,-0.1,11.75,-33.44,8.69,13.56,1307.0,1387.0,1367.0,1339.0
-11.76,13.69,-12.04,-3.56,-0.1,11.12,-16.94,3.69,13.5,1305.0,1385.0,1369.0,1337.0
-15.26,14.13,-12.18,-3.06,-0.1,10.44,4.44,-12.19,14.13,1306.0,1370.0,1371.0,1349.0
-14.35,13.19,-13.02,-2.25,-0.1,9.78,30.94,-16.62,12.56,1315.0,1355.0,1363.0,1362.0
-14.98,10.5,-13.09,-1.0,-0.1,9.14,52.06,-19.44,11.06,1322.0,1341.0,1355.0,1374.0
-15.89,7.75,-11.48,-0.13,0.05,8.57,56.31,-14.56,9.5,1330.0,1341.0,1347.0,1375.0
-17.29,4.87,-10.92,0.06,0.05,8.06,56.5,2.75,9.0,1338.0,1344.0,1340.0,1370.0
-16.8,2.37,-10.99,-0.5,0.05,7.58,46.31,19.87,7.5,1343.0,1351.0,1335.0,1362.0
-16.59,0.44,-11.06,-1.87,0.05,7.15,35.81,32.69,5.87,1348.0,1361.0,1330.0,1353.0
-14.35,-1.0,-11.83,-3.75,-0.1,6.73,18.75,35.38,6.69,1349.0,1362.0,1331.0,1349.0
-14.42,-1.44,-11.83,-4.94,0.05,6.34,7.0,16.87,7.25,1339.0,1369.0,1344.0,1341.0
-15.89,-1.31,-10.99,-5.56,0.05,5.95,-2.69,6.75,5.69,1330.0,1367.0,1352.0,1344.0
-19.39,-0.75,-8.75,-5.31,0.05,5.59,-12.69,-13.5,5.25,1316.0,1369.0,1366.0,1341.0
-16.94,1.0,-8.61,-2.87,0.05,5.2,-37.94,-63.13,21.31,1299.0,1352.0,1397.0,1345.0
-15.54,2.25,-7.91,1.25,0.05,4.59,-12.63,-53.19,19.69,1300.0,1317.0,1418.0,1357.0
-15.54,1.44,-5.74,1.0,0.05,4.04,20.75,29.94,-14.63,1333.0,1373.0,1331.0,1356.0
-15.68,-0.37,-4.97,-1.69,0.05,3.79,44.56,67.69,-11.31,1363.0,1383.0,1303.0,1343.0
-15.89,-2.5,-3.43,-5.19,0.05,3.73,37.56,74.81,-6.81,1376.0,1387.0,1296.0,1333.0
-16.1,-4.0,-1.4,-8.5,0.05,3.77,25.31,59.06,-4.12,1373.0,1390.0,1303.0,1327.0
-17.57,-5.0,-0.7,-10.13,0.05,3.86,12.38,13.0,-2.81,1351.0,1376.0,1326.0,1338.0
-17.5,-5.44,-0.63,-8.63,0.05,3.95,9.63,-53.19,-3.81,1320.0,1351.0,1357.0,1363.0
-15.33,-5.69,-0.56,-4.81,0.05,4.02,4.37,-91.5,-4.69,1298.0,1331.0,1377.0,1386.0
-15.19,-5.87,0.14,-0.06,0.05,4.07,3.56,-97.37,-4.56,1292.0,1322.0,1385.0,1397.0
-14.49,-5.62,0.14,3.81,0.05,4.11,-20.25,-55.06,-6.0,1297.0,1335.0,1380.0,1389.0
-14.42,-1.62,0.14,3.31,0.05,4.24,-86.81,35.19,-12.06,1307.0,1413.0,1370.0,1327.0
-14.42,2.25,0.14,0.56,0.05,4.5,-72.0,66.12,-11.5,1324.0,1442.0,1356.0,1302.0
-15.89,4.62,0.14,-2.37,0.05,4.85,-28.75,51.19,-9.06,1339.0,1432.0,1347.0,1315.0
-17.99,4.0,0.14,-3.69,0.05,5.31,26.5,8.88,-9.56,1345.0,1399.0,1345.0,1356.0
-22.4,0.75,-0.07,-2.37,0.05,5.81,85.31,-43.44,-8.38,1343.0,1353.0,1347.0,1402.0
-23.24,-4.31,-0.07,0.56,0.05,6.32,86.94,-50.13,-9.69,1343.0,1331.0,1350.0,1428.0
-24.15,-4.37,-0.07,0.94,0.05,6.85,-30.75,15.38,-15.25,1326.0,1407.0,1357.0,1366.0
-24.15,-1.87,-0.07,0.0,0.05,7.44,-45.25,18.81,-10.69,1315.0,1429.0,1370.0,1342.0
-20.51,0.13,-0.63,-0.5,0.05,8.0,-30.5,4.94,-7.06,1319.0,1416.0,1369.0,1352.0
-20.02,0.25,-0.77,-0.13,0.05,8.51,18.94,-13.56,-4.25,1330.0,1392.0,1364.0,1378.0
-19.95,-1.87,-0.84,1.25,0.05,8.97,59.25,-36.38,-3.81,1342.0,1362.0,1356.0,1409.0
-22.05,-6.06,-0.07,3.87,0.05,9.41,77.62,-47.69,-3.94,1342.0,1348.0,1353.0,1426.0
-22.96,-9.13,-0.07,6.06,0.05,9.81,53.69,-38.38,-3.94,1342.0,1356.0,1359.0,1427.0
-22.26,-10.94,-0.56,7.56,0.05,10.17,26.75,-25.87,-2.06,1342.0,1374.0,1365.0,1416.0
-22.05,-11.31,-0.7,8.19,0.05,10.49,-1.87,-4.56,-2.75,1338.0,1391.0,1371.0,1400.0
-17.99,-10.69,-3.43,7.94,0.05,10.75,-13.88,7.75,-0.56,1340.0,1401.0,1369.0,1390.0
-13.37,-9.88,-5.53,7.19,0.05,10.95,-19.12,17.0,-0.25,1344.0,1404.0,1366.0,1387.0
-10.29,-9.06,-8.26,6.37,0.05,11.11,-12.75,15.31,-0.62,1345.0,1400.0,1364.0,1391.0
-10.36,-8.31,-9.59,5.31,0.05,11.25,-12.06,16.75,-0.75,1345.0,1400.0,1365.0,1394.0
-8.33,-7.62,-11.48,4.56,0.05,11.38,-15.94,13.63,-0.5,1347.0,1402.0,1369.0,1398.0
-6.23,-6.69,-15.33,3.81,0.05,11.53,-17.44,13.13,-0.44,1354.0,1409.0,1381.0,1411.0
-4.83,-5.75,-17.08,3.19,0.05,11.72,-22.75,11.88,0.5,1354.0,1410.0,1386.0,1414.0
-2.52,-4.25,-20.37,2.25,0.05,11.87,-28.94,20.81,-0.13,1353.0,1416.0,1387.0,1411.0
-1.75,-2.75,-23.1,0.94,0.05,12.04,-30.31,29.69,0.5,1358.0,1425.0,1388.0,1409.0
-0.49,-1.31,-23.17,-0.81,0.05,12.16,-30.62,38.06,1.37,1364.0,1428.0,1384.0,1404.0
-0.28,0.44,-24.01,-3.37,0.05,12.24,-30.06,46.19,2.44,1370.0,1436.0,1382.0,1400.0
-0.14,1.56,-23.31,-5.25,0.05,12.28,-29.0,48.31,3.37,1373.0,1439.0,1381.0,1397.0
-0.07,3.0,-22.47,-7.62,0.05,12.28,-21.19,35.0,4.81,1372.0,1433.0,1383.0,1400.0
-0.07,3.69,-21.07,-8.88,0.05,12.21,-11.0,19.37,5.44,1372.0,1425.0,1384.0,1407.0
-0.28,4.0,-19.88,-9.5,0.05,12.1,-4.0,8.75,6.62,1372.0,1418.0,1385.0,1413.0
-1.54,4.31,-16.66,-9.63,0.05,11.93,-3.94,0.56,6.87,1370.0,1416.0,1389.0,1413.0
-1.68,4.75,-13.23,-9.44,0.05,11.74,-10.69,-4.12,7.69,1369.0,1417.0,1392.0,1410.0
-1.75,5.56,-13.09,-9.06,0.05,11.5,-18.44,-7.12,7.81,1363.0,1419.0,1398.0,1407.0
-2.45,7.12,-13.02,-8.69,0.05,11.24,-31.81,-4.31,7.12,1358.0,1424.0,1403.0,1402.0
-2.24,8.81,-11.69,-8.38,0.05,10.98,-36.69,-8.31,6.81,1354.0,1429.0,1408.0,1396.0
-0.91,11.0,-9.1,-7.75,0.05,10.7,-36.69,-10.31,8.0,1327.0,1403.0,1383.0,1367.0
-0.28,12.63,-7.56,-7.0,0.05,10.42,-30.62,-16.37,8.0,1305.0,1376.0,1362.0,1348.0
-0.14,14.06,-5.11,-5.81,0.05,10.14,-21.19,-19.87,7.31,1292.0,1361.0,1348.0,1334.0
-0.84,14.88,-2.8,-4.81,0.05,9.87,-8.13,-21.25,7.06,1293.0,1355.0,1343.0,1333.0
-2.66,15.25,-0.07,-3.94,-0.1,9.6,-4.0,-17.5,8.69,1286.0,1343.0,1326.0,1320.0
-7.35,15.19,-0.07,-2.94,-0.1,9.33,4.87,-17.69,9.13,1284.0,1338.0,1326.0,1319.0
-12.67,14.5,0.14,-1.81,0.05,9.03,15.88,-18.37,10.06,1285.0,1332.0,1325.0,1317.0
-18.62,13.31,0.14,-0.69,0.05,8.71,30.44,-22.06,10.75,1284.0,1328.0,1326.0,1318.0
-22.96,11.44,0.14,0.5,0.05,8.41,43.06,-24.12,10.44,1285.0,1321.0,1326.0,1323.0
-25.27,9.06,0.91,1.75,0.05,8.16,52.0,-25.44,9.56,1287.0,1313.0,1320.0,1326.0
-27.65,5.44,1.05,3.31,-0.1,7.95,66.44,-29.44,9.13,1290.0,1311.0,1316.0,1331.0
-28.42,2.0,1.75,4.56,0.05,7.78,71.75,-25.31,8.13,1298.0,1306.0,1313.0,1341.0
-28.56,-1.31,1.89,5.5,0.05,7.65,69.0,-17.06,5.94,1322.0,1331.0,1331.0,1362.0
-26.67,-4.44,0.35,6.0,0.05,7.56,60.63,-5.62,4.25,1339.0,1346.0,1338.0,1374.0
-25.27,-7.37,0.35,5.69,0.05,7.51,48.25,8.75,3.31,1381.0,1391.0,1369.0,1404.0
-24.57,-9.13,0.28,4.69,0.05,7.56,31.25,25.94,2.37,1385.0,1405.0,1368.0,1395.0
-23.31,-10.44,0.14,3.06,0.05,7.7,19.0,28.94,0.5,1396.0,1425.0,1378.0,1402.0
-22.61,-11.13,0.14,1.87,0.05,7.97,12.88,22.19,0.25,1394.0,1429.0,1382.0,1403.0
-21.35,-11.81,0.14,1.25,0.05,8.25,17.06,7.62,0.5,1391.0,1424.0,1385.0,1412.0
-20.58,-12.81,0.14,1.44,0.05,8.47,18.37,-9.31,1.12,1387.0,1413.0,1390.0,1422.0
-20.02,-5.37,0.14,-1.06,0.05,8.7,-257.31,65.81,-50.38,1282.0,1579.0,1441.0,1310.0
-19.18,8.31,-0.07,-3.37,0.05,9.37,-239.25,-10.06,-41.5,1240.0,1552.0,1465.0,1355.0
-18.41,12.31,-0.07,2.5,0.05,10.23,-4.94,-142.69,-4.5,1282.0,1407.0,1480.0,1443.0
-18.41,6.81,-0.07,9.44,0.05,11.08,170.44,-141.62,1.81,1347.0,1311.0,1423.0,1531.0
-18.2,-3.06,-0.07,14.75,0.05,12.07,220.81,-80.75,-3.31,1404.0,1293.0,1357.0,1558.0
-17.99,-12.19,-0.07,16.25,0.05,13.31,171.37,28.81,-5.62,1437.0,1351.0,1313.0,1511.0
-17.99,-18.12,-0.07,11.88,0.05,14.73,54.38,132.37,-5.44,1444.0,1426.0,1298.0,1443.0
-17.92,-16.56,-0.07,3.75,0.05,16.19,-76.87,179.87,-4.31,1413.0,1540.0,1327.0,1331.0
-17.78,-8.69,-1.26,-5.19,0.05,17.62,-153.25,142.69,-4.19,1366.0,1568.0,1370.0,1309.0
-15.54,-1.5,-2.03,-7.56,0.05,18.84,-129.81,-2.69,0.88,1319.0,1521.0,1421.0,1359.0
-15.54,2.81,-1.89,-2.0,0.05,19.78,-49.06,-133.06,7.31,1210.0,1355.0,1385.0,1369.0
-14.77,1.5,-1.26,7.31,-0.1,20.43,59.44,-206.5,11.19,1023.0,1073.0,1199.0,1270.0
-14.77,-3.81,-1.26,18.5,-0.1,20.93,108.12,-177.81,8.94,1000.0,1000.0,1082.0,1209.0
-14.77,-8.94,-1.05,24.87,-0.1,21.46,118.06,-110.69,1.87,1000.0,1000.0,1023.0,1184.0
-14.7,-13.75,-0.98,30.06,-0.1,22.08,108.94,-93.44,5.87,1000.0,1000.0,1020.0,1180.0
-14.63,-18.81,-0.84,36.38,-0.1,22.75,104.81,-89.0,2.0,1000.0,1000.0,1002.0,1172.0
-14.49,-22.5,-0.84,42.0,-0.1,23.48,107.5,-84.12,-0.13,1000.0,1000.0,1001.0,1178.0
-14.35,-25.75,-0.84,47.88,-0.1,24.3,100.31,-82.69,-0.75,1000.0,1000.0,1000.0,1169.0
-14.28,-28.94,-0.84,54.94,-0.1,25.18,93.25,-75.81,0.31,1000.0,1000.0,1000.0,1170.0
-14.21,-31.0,-0.84,60.5,-0.1,26.08,81.25,-71.5,2.31,1000.0,1000.0,1000.0,1165.0
-14.21,-33.19,-0.77,67.25,-0.1,26.98,8.44,14.69,5.94,1000.0,1000.0,1000.0,1177.0
-14.21,-27.12,-0.84,58.75,-0.1,28.03,-132.5,170.06,-196.12,1000.0,1177.0,1000.0,1169.0
-14.35,-12.5,-0.84,51.31,-0.1,30.98,-131.12,137.56,-210.25,1000.0,1300.0,1000.0,1112.0
-14.42,-1.44,-0.7,45.44,0.05,35.07,-122.37,115.87,-185.12,1000.0,1280.0,1000.0,1104.0
-14.49,0.19,-0.7,26.25,0.05,39.91,352.69,477.62,-80.31,1007.0,1265.0,1000.0,1000.0
-14.35,-7.69,-0.07,3.25,0.05,45.1,179.37,477.06,-63.75,1142.0,1277.0,1000.0,1000.0
-13.65,-0.13,-0.07,-4.0,0.05,49.99,-333.19,-106.69,-7.75,1000.0,1202.0,1037.0,1000.0
-12.95,13.75,-0.07,8.44,0.05,54.0,-194.19,-201.12,-32.0,1000.0,1126.0,1066.0,1119.0
-11.48,12.56,-0.07,10.75,-0.1,57.89,108.69,-17.5,-87.37,1000.0,1119.0,1000.0,1211.0
-11.41,8.13,-0.07,11.81,0.05,62.2,127.06,-46.75,-89.06,1000.0,1117.0,1000.0,1241.0
-11.34,0.5,-0.07,7.69,0.05,66.89,109.12,137.62,-100.25,1000.0,1145.0,1000.0,1223.0
-11.2,1.69,-0.07,-2.06,0.05,71.9,-95.37,81.81,-65.06,1000.0,1301.0,1000.0,1110.0
-11.06,4.62,-0.07,2.81,0.05,76.3,-54.56,-140.94,-9.94,1000.0,1124.0,1000.0,1176.0
-10.85,3.62,-0.07,8.19,0.05,79.91,97.81,15.69,-28.56,1000.0,1120.0,1000.0,1213.0
-10.22,0.88,-0.07,1.62,0.05,83.07,32.94,158.81,-29.75,1000.0,1220.0,1000.0,1128.0
-9.52,2.62,-1.68,3.5,0.05,85.8,-28.37,-117.81,-9.44,1000.0,1150.0,1000.0,1184.0
-8.75,3.62,-3.57,3.69,0.05,87.94,13.06,48.44,16.81,1000.0,1185.0,1000.0,1134.0
-8.61,1.5,-3.64,2.5,0.05,89.39,13.44,5.56,12.94,1000.0,1144.0,1000.0,1159.0
-3.78,2.69,-3.01,3.12,0.05,90.53,1.25,-12.25,-2.06,1000.0,1173.0,1000.0,1181.0
0.07,2.19,0.14,2.81,0.05,91.43,1.31,19.44,0.06,1000.0,1174.0,1000.0,1168.0
0.07,2.12,0.14,2.81,0.05,92.13,-0.94,-10.19,1.87,1000.0,1170.0,1000.0,1179.0
0.07,2.37,0.14,2.94,0.05,92.68,2.37,1.0,-2.0,1000.0,1178.0,1000.0,1175.0
0.14,2.19,0.14,2.81,0.05,93.12,1.12,2.19,-1.0,1000.0,1175.0,1000.0,1175.0
0.14,2.25,0.14,2.87,0.05,93.45,-0.06,-2.25,1.5,1000.0,1174.0,1000.0,1177.0
0.14,2.25,0.14,2.81,0.05,93.72,0.62,-0.5,0.88,1000.0,1177.0,1000.0,1176.0
0.14,2.25,0.14,2.87,0.05,93.92,0.75,0.56,0.31,1000.0,1178.0,1000.0,1178.0
0.14,2.19,0.14,2.75,-0.1,94.09,-0.56,-0.44,-0.62,1000.0,1178.0,1000.0,1179.0
0.14,2.12,0.14,2.44,0.05,94.24,-0.13,-0.5,-0.44,1000.0,1178.0,1000.0,11.0
0.14,2.12,0.14,2.37,0.05,94.67,-1.0,-0.44,0.0,1000.0,1179.0,1000.0,1179.0
0.14,2.12,0.14,2.37,0.05,94.7,-1.62,-0.31,0.19,1000.0,1179.0,1000.0,1179.0
0.14,2.12,0.14,2.37,0.05,94.73,1.62,0.31,0.13,1000.0,1179.0,1000.0,1178.0
0.14,2.12,0.14,2.37,0.05,94.75,0.44,0.06,0.25,1000.0,1179.0,1000.0,1179.0
0.14,1.81,-0.07,1.25,0.05,94.93,0.5,-0.06,-0.31,1000.0,1187.0,1000.0,1187.0
0.14,1.81,-0.07,1.19,0.05,94.93,0.37,-0.13,-0.44,1000.0,1188.0,1000.0,1187.0
0.14,1.81,-0.07,1.12,0.05,94.93,0.0,0.0,-0.25,1000.0,1190.0,1000.0,1189.0
0.14,1.75,-0.07,1.06,0.05,94.93,0.69,-1.19,-0.75,1000.0,1191.0,1000.0,1190.0
0.14,1.69,-0.07,1.12,0.05,94.94,0.69,-3.75,0.81,1000.0,1186.0,1000.0,1186.0
0.14,1.69,-0.07,1.25,0.05,94.93,5.25,-2.06,4.25,1000.0,1190.0,1000.0,1188.0
0.14,1.69,-0.07,1.19,0.05,94.93,-6.5,3.06,-0.56,1000.0,1195.0,1000.0,1189.0
0.14,1.62,-0.07,1.0,0.05,94.93,6.0,0.25,-1.94,1000.0,1191.0,1000.0,1193.0
0.14,1.75,-0.07,1.12,0.05,94.92,-3.94,-3.0,-1.75,1000.0,1192.0,1000.0,1191.0
0.14,1.62,-0.07,1.06,0.05,94.94,1.56,-0.25,-0.75,1000.0,1190.0,1000.0,1189.0
0.14,1.81,-0.07,1.06,0.05,94.94,-7.69,3.44,5.87,1000.0,1189.0,1000.0,1183.0
0.14,1.87,-0.07,0.69,0.05,94.98,-5.0,9.81,-3.37,1000.0,1199.0,1000.0,1191.0
0.14,2.25,-0.07,0.37,0.05,95.11,-9.63,8.0,-16.31,1000.0,1209.0,1000.0,1196.0
0.14,3.81,-0.07,-0.88,0.05,95.41,-28.44,25.06,-30.5,1000.0,1232.0,1000.0,1183.0
0.14,6.25,-0.07,-3.37,0.05,96.0,-56.88,58.5,-37.13,1000.0,1270.0,1000.0,1164.0
0.14,8.94,-0.07,-6.5,0.05,96.86,-60.63,61.94,-46.06,1000.0,1283.0,1000.0,1166.0
0.14,13.38,-0.07,-11.06,0.05,98.06,-87.12,72.37,-39.13,1000.0,1303.0,1000.0,1144.0
0.14,18.94,-0.07,-15.69,0.05,99.31,-134.87,85.12,-19.81,1000.0,1324.0,1000.0,1106.0
0.14,24.69,-0.07,-18.25,0.05,100.4,-93.5,16.94,20.44,1000.0,1263.0,1000.0,1122.0
0.14,28.69,-0.07,-19.56,0.05,101.11,-76.0,9.38,-18.56,1000.0,1270.0,1000.0,1141.0
0.14,33.81,-0.07,-23.62,0.05,101.96,-106.0,42.06,-26.56,1000.0,1323.0,1000.0,1117.0
0.14,37.75,-0.07,-29.25,0.05,102.99,-71.94,44.25,-40.81,1000.0,1335.0,1000.0,1132.0
0.14,38.31,-0.07,-33.5,0.05,104.19,1.44,37.06,-40.56,1000.0,1310.0,1000.0,1165.0
0.14,34.94,-0.07,-35.31,0.05,105.25,68.44,32.94,-20.87,1000.0,1266.0,1000.0,1187.0
0.14,30.56,-0.07,-35.63,0.05,105.85,113.31,37.13,-1.0,1000.0,1233.0,1000.0,1195.0
0.14,26.0,-0.07,-36.38,0.05,105.8,113.25,59.81,8.0,1000.0,1229.0,1000.0,1182.0
0.14,21.25,-0.07,-37.56,0.05,105.07,127.56,54.38,8.44,1000.0,1219.0,1000.0,1190.0
0.14,15.5,-0.07,-39.44,0.05,103.82,127.75,52.44,6.25,1000.0,1214.0,1000.0,1192.0
0.14,10.63,-0.07,-41.0,0.05,102.29,118.25,56.31,1.12,1000.0,1214.0,1000.0,1194.0
0.14,5.94,-0.07,-44.63,0.05,100.55,84.37,84.81,-1.56,1000.0,1229.0,1000.0,1177.0
0.14,-0.37,-0.07,-47.06,0.05,90.8,2.5,-48.81,35.31,1000.0,1170.0,1000.0,1152.0
0.14,1.31,-0.07,-44.63,0.05,88.88,-13.44,-50.19,54.06,1000.0,1159.0,1000.0,1133.0
0.14,5.06,-0.07,-41.81,0.05,86.74,-30.69,-45.5,79.12,1000.0,1146.0,1000.0,1098.0
0.14,9.5,-0.07,-39.56,0.05,84.26,-45.75,-35.5,107.81,1000.0,1135.0,1000.0,1067.0
0.14,14.69,-0.07,-37.56,0.05,81.19,-49.38,-22.56,121.19,1000.0,1130.0,1000.0,1039.0
0.14,20.31,-0.07,-34.69,0.05,77.54,-28.62,-23.69,125.75,1000.0,1115.0,1000.0,1034.0
0.14,23.94,-0.07,-31.87,0.05,73.44,-7.37,-12.25,128.37,1000.0,1102.0,1000.0,1027.0
0.14,26.5,-0.07,-28.62,0.05,68.81,12.69,-11.31,131.94,1000.0,1084.0,1000.0,1024.0
0.14,28.25,-0.07,-24.06,0.05,63.6,31.62,-14.25,133.81,1000.0,1065.0,1000.0,1019.0
0.14,28.37,-0.07,-19.62,0.05,58.09,43.44,-17.44,133.12,1000.0,1042.0,1000.0,1022.0
0.14,27.44,-0.07,-14.69,0.05,52.1,49.13,-13.88,119.94,1000.0,1034.0,1000.0,1023.0
0.14,26.0,-0.07,-11.44,0.05,46.17,44.5,-3.0,105.87,1002.0,1032.0,1000.0,1021.0
0.14,24.62,-0.07,-9.44,0.05,40.25,28.62,12.94,80.06,1000.0,1051.0,1000.0,1015.0
0.14,23.69,-0.07,-8.75,0.05,34.79,23.25,19.12,58.63,1000.0,1057.0,1000.0,1014.0
0.14,22.87,-0.07,-9.5,0.05,29.9,18.75,42.69,19.37,1000.0,1083.0,1000.0,1018.0
0.14,22.06,-0.07,-12.0,0.05,25.98,14.63,57.56,-6.87,1000.0,1106.0,1000.0,1022.0
0.14,21.37,-0.07,-15.44,0.05,23.01,8.63,54.31,-9.06,1000.0,1108.0,1000.0,1016.0
0.14,21.0,-0.07,-17.81,0.05,20.76,7.44,40.19,-11.69,1000.0,1102.0,1000.0,1015.0
0.14,20.31,-0.07,-19.62,0.05,19.16,10.75,31.12,-17.06,1000.0,1096.0,1000.0,1022.0
0.14,19.56,-0.07,-21.81,0.05,18.12,7.81,44.0,-27.81,1000.0,1106.0,1000.0,1019.0
0.14,18.44,-0.07,-25.69,0.05,17.67,7.06,59.38,-44.31,1000.0,1125.0,1000.0,1021.0
0.14,17.25,-0.07,-29.62,0.05,17.77,0.06,64.25,-58.19,1000.0,1144.0,1000.0,1023.0
0.14,16.25,-0.07,-33.06,0.05,18.45,-14.0,49.06,-55.75,1000.0,1145.0,1000.0,1024.0
0.14,16.19,-0.07,-35.88,0.05,19.66,-32.44,24.56,-45.69,1000.0,1140.0,1000.0,1021.0
0.14,17.44,-0.07,-37.25,0.05,21.29,-62.0,5.94,-31.94,1000.0,1138.0,1000.0,1009.0
0.14,19.31,-0.07,-37.69,0.05,23.25,-61.19,-21.31,-37.75,1000.0,1136.0,1000.0,1022.0
0.14,20.5,-0.07,-37.13,0.05,25.52,-51.63,-37.25,-37.44,1000.0,1130.0,1000.0,1039.0
0.14,21.75,-0.07,-36.19,0.05,27.99,-43.94,-31.31,-26.5,1000.0,1126.0,1000.0,1039.0
0.14,22.75,-0.07,-35.19,0.05,30.42,-25.94,-34.75,-3.87,1000.0,1111.0,1000.0,1036.0
0.14,23.75,-0.07,-33.38,0.05,32.51,-13.25,-37.56,17.12,1000.0,1092.0,1000.0,1033.0
0.14,24.69,-0.07,-30.81,0.05,34.03,-2.19,-35.13,27.06,1000.0,1082.0,1000.0,1033.0
0.14,25.19,-0.07,-29.19,0.05,35.04,3.12,-18.87,21.75,1000.0,1090.0,1000.0,1032.0
0.14,25.19,-0.07,-28.56,0.05,35.66,8.5,-7.81,7.06,1000.0,1102.0,1000.0,1041.0
0.14,24.81,-0.07,-28.31,0.05,36.1,7.0,-0.5,-2.19,1000.0,1114.0,1000.0,1046.0
0.14,24.37,-0.07,-28.44,0.05,36.5,6.5,-0.56,-11.94,1000.0,1122.0,1000.0,1052.0
0.14,23.62,-0.07,-29.0,0.05,37.0,5.44,6.87,-21.87,1000.0,1130.0,1000.0,1058.0
0.14,22.44,-0.07,-30.81,0.05,37.7,9.44,30.62,-50.75,1000.0,1159.0,1000.0,1068.0
0.14,20.87,-0.07,-33.25,0.05,38.74,5.44,31.31,-50.13,1000.0,1169.0,1000.0,1070.0
0.14,19.75,-0.07,-34.81,0.05,40.0,1.62,9.0,-26.62,1000.0,1151.0,1000.0,1064.0
0.14,19.5,-0.07,-34.63,0.05,41.2,-1.37,-10.94,-7.19,1000.0,1129.0,1000.0,1061.0
0.14,19.37,-0.07,-34.13,0.05,42.26,-2.37,-10.81,-8.13,1000.0,1128.0,1000.0,1062.0
0.14,19.06,-0.07,-34.38,0.05,43.26,-3.44,6.62,-22.19,1000.0,1145.0,1000.0,1066.0
0.14,18.44,-0.07,-35.69,0.05,44.31,-3.19,23.31,-37.19,1000.0,1166.0,1000.0,1069.0
0.14,19.94,-0.07,-38.13,0.05,53.01,-18.25,-20.62,-2.12,1000.0,1152.0,1000.0,1075.0
0.14,20.75,-0.07,-37.31,0.05,54.1,-8.69,-11.31,13.06,1000.0,1146.0,1000.0,1068.0
0.14,21.37,-0.07,-36.38,0.05,54.74,10.88,-9.88,36.06,1000.0,1126.0,1000.0,1059.0
0.14,21.87,-0.07,-35.0,0.05,54.78,20.19,-8.56,55.0,1000.0,1109.0,1000.0,1052.0
0.14,22.62,-0.07,-32.75,0.05,54.03,26.37,-10.56,73.87,1000.0,1090.0,1000.0,1040.0
0.14,23.0,-0.07,-30.69,0.05,52.52,31.62,-7.06,73.94,1000.0,1082.0,1000.0,1038.0
0.14,22.87,-0.07,-28.69,0.05,50.4,35.44,-1.75,63.38,1000.0,1084.0,1000.0,1042.0
0.14,22.5,-0.07,-28.06,0.05,48.0,29.44,18.62,42.13,1000.0,1102.0,1000.0,1041.0
0.14,21.75,-0.07,-28.62,0.05,45.57,25.44,25.69,23.25,1000.0,1116.0,1000.0,1045.0
0.14,20.94,-0.07,-29.75,0.05,43.41,20.0,35.88,1.37,1000.0,1131.0,1000.0,1049.0
0.14,20.0,-0.07,-32.06,0.05,41.68,14.56,47.31,-24.0,1000.0,1155.0,1000.0,1053.0
0.14,18.94,-0.07,-34.38,0.05,40.5,4.69,37.06,-23.31,1000.0,1157.0,1000.0,1054.0
0.14,18.69,-0.07,-35.88,0.05,39.75,-5.19,14.75,-7.06,1000.0,1138.0,1000.0,1045.0
0.14,19.06,-0.07,-35.75,0.05,39.24,-8.06,-12.19,4.31,1000.0,1121.0,1000.0,1046.0
0.14,19.5,-0.07,-34.81,0.05,38.89,-7.69,-21.44,5.5,1000.0,1112.0,1000.0,1049.0
0.14,19.94,-0.07,-34.13,0.05,38.67,-9.88,-7.44,-2.5,1000.0,1121.0,1000.0,1048.0
0.14,20.0,-0.07,-35.06,0.05,38.66,-10.31,16.25,-21.87,1000.0,1143.0,1000.0,1049.0
0.14,19.37,-0.07,-36.88,0.05,38.96,-5.37,26.44,-41.25,1000.0,1164.0,1000.0,1058.0
0.14,18.44,-0.07,-38.44,0.05,39.63,-3.31,14.63,-38.31,1000.0,1161.0,1000.0,1065.0
0.14,18.0,-0.07,-39.5,0.05,40.58,-14.69,7.75,-21.19,1000.0,1152.0,1000.0,1057.0
0.14,18.75,-0.07,-40.13,0.05,41.53,-25.81,5.25,-3.56,1000.0,1146.0,1000.0,1040.0
0.14,19.56,-0.07,-40.56,0.05,42.42,-19.06,1.75,-5.69,1000.0,1145.0,1000.0,1045.0
0.14,19.87,-0.07,-40.94,0.05,43.21,-7.44,9.75,-1.19,1000.0,1143.0,1000.0,1045.0
0.14,20.0,-0.07,-41.63,0.05,43.81,5.56,13.25,9.06,1000.0,1140.0,1000.0,1045.0
0.14,20.25,-0.07,-41.75,0.05,44.04,17.94,8.63,33.69,1000.0,1117.0,1000.0,1033.0
0.14,21.12,-0.07,-40.88,0.05,43.67,29.56,2.56,60.69,1000.0,1089.0,1000.0,1023.0
0.14,22.06,-0.07,-39.44,0.05,42.41,34.13,0.19,83.44,1010.0,1068.0,1000.0,1009.0
0.14,23.25,-0.07,-37.25,0.05,40.28,38.75,-0.37,90.94,1020.0,1054.0,1000.0,1000.0
0.14,23.62,-0.07,-35.19,0.05,37.54,50.94,-10.06,85.0,1020.0,1042.0,1000.0,1008.0
0.14,23.5,-0.07,-33.25,0.05,34.39,43.88,5.5,70.19,1020.0,1050.0,1000.0,1005.0
0.14,23.0,-0.07,-32.25,0.05,31.04,42.81,9.56,46.75,1013.0,1063.0,1000.0,1011.0
0.14,21.81,-0.07,-31.56,0.05,27.84,38.56,7.19,28.25,1005.0,1068.0,1000.0,1019.0
0.14,20.69,-0.07,-31.37,0.05,25.04,29.81,6.12,3.44,1000.0,1080.0,1000.0,1028.0
0.14,19.56,-0.07,-31.06,0.05,19.02,-13.06,-19.06,-24.69,1000.0,1093.0,1000.0,1032.0
0.14,19.37,-0.07,-31.37,0.05,19.23,-12.63,-1.06,-43.31,1000.0,1113.0,1000.0,1035.0
0.14,18.19,-0.07,-32.38,0.05,20.07,0.25,-3.31,-60.56,1000.0,1125.0,1000.0,1054.0
0.14,16.87,-0.07,-32.75,0.05,21.39,-3.19,-8.38,-50.75,1000.0,1119.0,1000.0,1056.0
0.14,16.31,-0.07,-32.94,0.05,23.02,-15.19,-5.62,-38.19,1000.0,1118.0,1000.0,1046.0
0.14,16.75,-0.07,-33.63,0.05,24.76,-30.75,1.37,-27.44,1000.0,1123.0,1000.0,1029.0
0.14,17.19,-0.07,-33.88,0.05,26.51,-22.87,-10.38,-29.5,1000.0,1123.0,1000.0,1039.0
0.14,17.69,-0.07,-34.13,0.05,28.27,-26.94,2.75,-16.94,1000.0,1123.0,1000.0,1031.0
0.14,18.12,-0.07,-35.06,0.05,29.94,-13.38,10.06,-18.37,1000.0,1127.0,1000.0,1032.0
0.14,17.94,-0.07,-36.13,0.05,31.43,-0.62,15.88,-15.69,1000.0,1128.0,1000.0,1035.0
0.14,17.37,-0.07,-36.63,0.05,32.72,12.44,4.31,-4.12,1000.0,1114.0,1000.0,1041.0
0.14,16.75,-0.07,-36.13,0.05,33.64,21.87,-9.31,18.87,1000.0,1094.0,1000.0,1040.0
0.14,16.37,-0.07,-35.06,0.05,34.05,28.69,-9.56,30.81,1000.0,1076.0,1000.0,1035.0
0.14,15.25,-0.07,-35.06,0.05,32.43,9.69,25.56,18.5,1000.0,1100.0,1000.0,1017.0
0.14,14.81,-0.07,-37.0,0.05,30.51,-9.06,2.56,-20.19,1000.0,1123.0,1000.0,1044.0
-5.46,1.19,-2.45,-0.31,-0.1,4.39,-2.87,-16.0,3.69,1340.0,1364.0,1371.0,1368.0
-5.46,1.37,-1.82,0.62,-0.1,3.79,3.44,10.31,1.0,1353.0,1373.0,1357.0,1361.0
-5.46,1.06,-1.89,-0.13,-0.1,3.64,8.88,14.13,-0.25,1357.0,1377.0,1352.0,1359.0
-5.32,0.62,-1.89,-1.25,-0.1,3.53,7.37,21.62,-0.88,1361.0,1377.0,1346.0,1360.0
-5.18,0.44,-2.03,-3.25,-0.1,3.44,-1.5,1.12,-3.12,1351.0,1376.0,1355.0,1362.0
-5.18,0.5,-1.26,-2.87,-0.1,3.48,-1.81,-12.31,-3.12,1344.0,1371.0,1361.0,1368.0
-5.18,0.75,0.14,-1.0,-0.1,3.77,-3.25,-0.13,-5.37,1344.0,1376.0,1357.0,1367.0
-4.97,0.81,0.14,-1.44,-0.1,3.94,0.25,14.5,-6.19,1352.0,1383.0,1347.0,1362.0
-4.76,-0.75,0.28,-4.94,-0.1,4.68,19.5,24.12,-7.62,1367.0,1387.0,1333.0,1368.0
-4.76,-1.62,0.28,-5.62,-0.1,5.06,15.69,8.94,-7.19,1367.0,1385.0,1339.0,1377.0
-4.76,-2.44,0.28,-5.37,-0.1,5.47,14.94,-14.88,-6.56,1359.0,1378.0,1353.0,1390.0
-4.27,-2.62,0.35,-0.81,-0.1,6.79,-12.25,-24.25,-8.5,1341.0,1388.0,1371.0,1396.0
-3.71,-1.56,0.35,-0.19,-0.1,7.21,-25.5,-6.75,-7.25,1342.0,1400.0,1372.0,1386.0
-0.07,1.62,0.63,-1.56,-0.1,8.47,-3.56,13.31,-5.37,1363.0,1408.0,1355.0,1386.0
0.07,1.31,0.7,-2.0,-0.1,8.84,10.31,5.06,-4.81,1367.0,1401.0,1352.0,1396.0
0.07,0.13,0.35,-1.19,-0.1,9.71,0.13,-16.81,-2.56,1356.0,1394.0,1364.0,1405.0
0.07,0.31,0.28,-0.31,-0.1,9.88,-6.81,-18.87,-1.31,1351.0,1393.0,1370.0,1405.0
0.07,0.69,6.86,0.62,-0.1,10.02,-11.31,-17.31,-0.31,1353.0,1400.0,1369.0,1398.0
0.14,2.37,0.63,2.44,-0.1,10.13,-9.38,-13.69,0.81,1350.0,1396.0,1374.0,1400.0
0.14,2.69,0.35,3.25,-0.1,10.13,-3.19,-18.19,1.81,1348.0,1393.0,1376.0,1403.0
0.14,1.87,8.54,5.37,-0.1,9.99,12.88,-4.5,0.75,1365.0,1395.0,1359.0,1401.0
0.14,1.19,19.11,5.31,-0.1,9.91,12.63,2.62,-0.25,1376.0,1403.0,1347.0,1393.0
0.14,0.75,13.79,5.12,-0.1,9.86,6.62,3.25,0.13,1373.0,1402.0,1351.0,1394.0
0.14,1.06,0.28,5.94,-0.1,9.77,-12.0,-18.25,1.0,1347.0,1391.0,1378.0,1404.0
0.14,1.62,0.28,7.0,-0.1,9.71,-14.06,-21.56,1.81,1343.0,1389.0,1382.0,1405.0
0.07,2.25,0.14,7.87,-0.1,9.63,-14.5,-14.69,2.0,1344.0,1391.0,1382.0,1402.0
0.07,3.12,-0.42,8.13,-0.1,9.52,-13.75,1.81,2.31,1349.0,1398.0,1379.0,1394.0
0.14,3.69,-2.59,7.37,-0.1,9.39,-11.19,22.0,3.31,1358.0,1404.0,1371.0,1387.0
0.14,4.06,-6.86,5.94,-0.1,9.24,-8.19,34.5,3.06,1364.0,1406.0,1366.0,1384.0
0.14,4.44,-9.59,4.12,-0.1,9.07,-9.0,40.5,3.31,1367.0,1409.0,1364.0,1381.0
0.07,4.81,-10.85,2.19,-0.1,8.88,-8.31,39.69,3.75,1367.0,1410.0,1364.0,1380.0
0.14,5.12,-10.08,0.13,-0.1,8.68,-7.44,34.63,2.94,1369.0,1408.0,1363.0,1380.0
0.14,5.5,-4.97,-1.12,-0.1,8.47,-7.06,22.5,4.06,1368.0,1408.0,1366.0,1379.0
0.14,6.0,-0.21,-1.81,-0.1,8.25,-10.44,10.06,3.94,1365.0,1408.0,1370.0,1379.0
0.14,6.44,-0.14,-1.94,-0.1,8.04,-6.81,-0.69,4.37,1362.0,1402.0,1374.0,1383.0
0.14,6.62,-0.07,-1.62,-0.1,7.86,-3.19,-8.25,3.44,1359.0,1398.0,1376.0,1387.0
0.14,6.62,-0.07,-1.19,-0.1,7.71,3.0,-8.38,2.75,1361.0,1394.0,1375.0,1390.0
-0.49,6.44,-0.07,-0.69,-0.1,7.58,3.94,-7.0,2.69,1361.0,1393.0,1374.0,1391.0
-7.0,6.19,-0.07,-0.75,-0.1,7.47,4.06,4.0,1.69,1361.0,1402.0,1374.0,1383.0
-12.18,6.0,-0.07,-1.12,-0.1,7.38,4.69,11.63,1.12,1361.0,1411.0,1375.0,1378.0
-12.25,5.5,0.14,-1.87,-0.1,7.28,12.25,14.5,1.0,1367.0,1410.0,1369.0,1379.0
-12.18,4.56,0.14,-2.56,-0.1,7.2,21.37,12.0,1.56,1372.0,1405.0,1366.0,1381.0
-9.52,3.25,0.14,-2.94,-0.1,7.18,29.12,4.62,1.5,1377.0,1399.0,1365.0,1392.0
-7.28,1.69,0.14,-2.81,-0.1,7.14,35.19,-6.06,1.5,1378.0,1389.0,1364.0,1401.0
-7.35,-0.25,0.14,-2.19,-0.1,7.17,33.06,-13.63,1.37,1374.0,1383.0,1367.0,1407.0
-9.03,-1.62,1.05,-1.37,-0.1,7.19,25.19,-17.12,0.94,1370.0,1386.0,1373.0,1407.0
-10.64,-2.44,2.45,-0.56,-0.1,7.22,12.13,-15.06,-0.19,1366.0,1393.0,1375.0,1402.0
-11.48,-2.75,2.59,0.0,-0.1,7.26,3.06,-7.94,-0.81,1363.0,1400.0,1378.0,1396.0
-12.18,-2.69,3.22,0.25,-0.1,7.32,-3.19,-2.25,-1.5,1363.0,1406.0,1377.0,1390.0
-12.25,-2.5,2.45,0.19,-0.1,7.41,-3.87,1.62,-1.31,1363.0,1409.0,1376.0,1387.0
-12.25,-2.37,1.75,0.13,-0.1,7.54,-1.31,1.06,-2.12,1363.0,1409.0,1375.0,1390.0
-10.08,-2.37,0.98,0.19,-0.1,7.66,2.75,-1.19,-1.44,1364.0,1405.0,1374.0,1393.0
-7.28,-2.69,0.84,0.44,-0.1,7.77,7.69,-5.75,-0.81,1365.0,1399.0,1372.0,1400.0
-4.76,-3.25,0.7,0.69,-0.1,7.87,10.81,-5.31,-1.19,1370.0,1394.0,1368.0,1405.0
-1.54,-3.81,2.03,1.0,-0.1,8.03,9.63,-3.31,-1.75,1373.0,1393.0,1364.0,1406.0
-0.84,-3.87,2.66,1.0,-0.1,8.22,-2.25,1.37,-2.31,1371.0,1400.0,1363.0,1402.0
0.07,-3.19,3.36,0.75,-0.1,8.46,-16.44,3.87,-2.56,1367.0,1407.0,1366.0,1395.0
0.07,-1.87,3.57,0.56,-0.1,8.69,-31.62,3.44,-3.12,1360.0,1415.0,1372.0,1388.0
0.07,-0.19,0.49,0.44,-0.1,8.92,-36.44,1.31,-3.0,1352.0,1417.0,1379.0,1388.0
0.07,1.5,0.35,0.5,-0.1,9.12,-33.94,-2.25,-3.31,1350.0,1417.0,1380.0,1389.0
0.07,2.94,0.28,0.62,-0.1,9.31,-26.62,-2.62,-2.81,1350.0,1415.0,1379.0,1392.0
0.14,3.87,0.28,0.69,-0.1,9.5,-11.25,-1.12,-3.25,1356.0,1410.0,1372.0,1397.0
0.14,3.75,0.14,0.5,-0.1,9.68,9.44,4.25,-3.44,1365.0,1406.0,1363.0,1403.0
0.14,3.06,0.14,0.13,-0.1,9.86,18.87,10.38,-3.06,1372.0,1404.0,1355.0,1405.0
0.14,1.94,0.14,-0.44,-0.1,10.06,21.31,12.69,-3.75,1377.0,1403.0,1349.0,1407.0
0.14,1.06,0.14,-1.12,-0.1,10.3,14.44,12.81,-2.56,1376.0,1405.0,1350.0,1405.0
0.07,0.69,0.14,-1.69,-0.1,10.52,2.81,8.0,-3.0,1370.0,1408.0,1355.0,1402.0
0.07,1.0,0.14,-1.81,-0.1,10.77,-12.38,0.69,-2.81,1361.0,1412.0,1364.0,1399.0
0.07,1.87,0.14,-1.62,-0.1,10.99,-21.31,-7.06,-2.56,1352.0,1413.0,1372.0,1399.0
0.14,3.19,0.14,-1.06,-0.1,11.21,-23.5,-10.88,-2.19,1348.0,1414.0,1376.0,1399.0
0.07,4.12,0.14,-0.5,-0.1,11.41,-17.12,-11.25,-2.06,1347.0,1412.0,1376.0,1401.0
0.07,4.69,0.28,-0.13,-0.1,11.57,-8.31,-6.0,-2.19,1351.0,1411.0,1371.0,1403.0
-3.71,4.75,1.68,0.06,-0.1,11.72,3.12,1.06,-1.75,1356.0,1413.0,1366.0,1401.0
-7.91,4.31,1.75,-0.19,-0.1,11.86,11.0,6.19,-2.06,1359.0,1416.0,1362.0,1399.0
-10.22,3.44,1.89,-0.62,-0.1,12.0,17.31,7.81,-1.62,1362.0,1417.0,1360.0,1398.0
-11.62,2.56,2.66,-1.0,-0.1,12.21,18.94,5.69,-1.44,1362.0,1416.0,1358.0,1399.0
-12.46,1.56,2.66,-1.06,-0.1,12.38,21.56,-1.5,-1.25,1360.0,1412.0,1360.0,1403.0
-16.73,-3.31,3.57,1.5,-0.1,13.4,19.06,-6.12,0.06,1355.0,1409.0,1363.0,1408.0
-15.89,-6.5,3.22,0.5,-0.1,13.84,8.0,7.31,2.25,1361.0,1418.0,1358.0,1399.0
-15.33,-6.75,3.92,0.31,-0.1,13.99,2.69,0.81,3.87,1358.0,1414.0,1361.0,1399.0
0.14,-5.25,0.35,1.12,-0.1,13.33,-24.19,12.06,10.13,1364.0,1411.0,1368.0,1393.0
0.14,-3.75,3.15,0.31,-0.1,13.0,-37.0,16.19,10.75,1364.0,1421.0,1369.0,1382.0
0.21,-2.0,3.01,-0.5,-0.1,12.6,-37.0,16.06,11.56,1364.0,1422.0,1371.0,1376.0
0.98,2.69,4.55,-0.88,-0.1,11.17,-20.12,-11.44,13.25,1361.0,1405.0,1381.0,1385.0
0.28,3.44,4.48,-0.13,-0.1,10.57,-16.0,-17.06,13.69,1362.0,1399.0,1384.0,1390.0
0.14,5.06,8.05,2.12,-0.1,8.46,-12.0,-3.75,13.56,1371.0,1401.0,1384.0,1382.0
0.14,5.69,9.52,2.19,-0.1,7.69,-14.69,2.62,13.88,1375.0,1405.0,1383.0,1374.0
0.07,6.75,11.83,2.81,-0.1,4.63,0.75,-15.38,12.81,1379.0,1390.0,1388.0,1379.0
-0.49,6.5,9.73,3.87,-0.1,3.93,4.37,-24.06,12.63,1376.0,1382.0,1394.0,1385.0
-2.8,4.75,2.66,7.37,-0.1,1.91,14.0,-11.63,9.13,1380.0,1375.0,1397.0,1392.0
-2.94,3.94,1.19,7.62,-0.1,1.33,15.44,1.44,8.25,1396.0,1389.0,1404.0,1399.0
-2.66,2.0,0.28,3.06,-0.1,-0.09,8.44,44.94,5.06,1422.0,1415.0,1388.0,1382.0
-2.8,1.56,0.14,1.06,-0.1,-0.46,8.5,38.19,3.5,1422.0,1415.0,1389.0,1383.0
-2.87,1.12,-0.49,-0.37,-0.1,-0.73,9.38,22.87,2.37,1417.0,1410.0,1394.0,1390.0
-5.46,-1.0,-0.07,-2.19,-0.1,0.58,11.19,-24.0,-7.06,1309.0,1320.0,1322.0,1338.0
-4.76,-1.69,-0.07,-0.94,-0.1,1.04,15.06,-25.25,-7.44,1309.0,1315.0,1322.0,1343.0
-3.99,-2.94,-0.07,0.56,-0.1,1.91,6.0,0.88,-6.81,1315.0,1327.0,1314.0,1333.0
-3.92,-3.0,-0.07,0.13,-0.1,2.32,-2.31,15.31,-7.56,1318.0,1338.0,1308.0,1324.0
-3.92,-2.62,-0.07,-0.88,-0.1,2.73,-9.0,23.87,-7.5,1319.0,1347.0,1306.0,1318.0
-3.78,-1.56,-0.07,-3.25,-0.1,4.08,1.75,-3.81,-4.44,1328.0,1353.0,1327.0,1344.0
-3.78,-1.87,-0.07,-2.56,-0.1,4.48,11.0,-17.56,-4.12,1335.0,1355.0,1341.0,1365.0
-3.99,-4.62,-0.07,0.81,-0.1,5.5,24.69,-12.44,-4.44,1362.0,1369.0,1356.0,1401.0
-4.06,-6.12,-0.07,1.06,-0.1,5.81,28.44,1.12,-6.37,1370.0,1375.0,1349.0,1402.0
-3.99,-7.5,-0.07,0.69,-0.1,6.14,27.31,14.13,-8.06,1372.0,1379.0,1338.0,1397.0
-3.78,-2.62,-0.07,-1.81,-0.1,7.38,-195.5,28.31,-10.0,1311.0,1463.0,1396.0,1326.0
-3.71,8.31,-0.07,1.0,-0.1,7.88,-144.5,-88.94,-34.0,1219.0,1467.0,1451.0,1359.0
-3.57,2.19,-0.07,14.38,-0.1,10.87,123.25,-24.75,-18.81,1355.0,1335.0,1329.0,1478.0
-3.36,-2.81,-0.07,12.75,-0.1,12.26,101.87,67.5,-21.5,1392.0,1381.0,1283.0,1439.0
-2.52,-2.87,-0.07,-3.31,-0.1,16.7,-56.56,59.13,-9.31,1348.0,1466.0,1326.0,1357.0
-2.45,0.0,-0.07,-3.0,-0.1,17.85,-50.31,-39.5,-4.62,1305.0,1428.0,1370.0,1393.0
-2.38,1.87,-0.07,1.69,-0.1,18.79,-21.31,-97.25,-2.5,1284.0,1387.0,1389.0,1435.0
-2.17,-1.81,-0.07,11.44,-0.1,20.59,30.31,12.0,5.25,1343.0,1385.0,1335.0,1433.0
-2.03,-3.0,-0.07,8.13,-0.1,20.92,10.94,78.69,6.06,1372.0,1432.0,1306.0,1386.0
-0.63,-1.87,-0.07,-5.31,-0.1,21.07,-7.25,37.5,17.19,1369.0,1428.0,1324.0,1375.0
-0.07,-1.94,-0.07,-5.0,-0.1,20.77,6.75,-24.31,19.56,1345.0,1389.0,1351.0,1411.0
0.07,-2.31,-0.07,4.31,-0.1,18.92,-15.88,-29.75,18.87,1328.0,1381.0,1374.0,1413.0
0.07,-1.19,0.14,4.06,-0.1,18.1,-26.31,19.44,17.69,1345.0,1405.0,1359.0,1387.0
0.07,0.0,0.14,1.62,-0.1,17.24,-28.31,63.13,17.37,1364.0,1426.0,1344.0,1364.0
0.07,2.19,0.14,-6.87,-0.1,14.51,1.31,15.38,21.69,1374.0,1405.0,1348.0,1371.0
0.07,1.94,0.14,-6.31,-0.1,13.52,7.44,-25.37,22.94,1362.0,1380.0,1365.0,1389.0
0.07,2.12,0.14,2.75,-0.1,10.51,-21.0,-54.88,19.19,1332.0,1363.0,1401.0,1400.0
0.07,3.31,0.14,4.69,-0.1,9.52,-32.63,-27.25,16.81,1336.0,1377.0,1399.0,1384.0
0.07,7.75,0.14,1.25,-0.1,6.64,-17.0,52.31,12.38,1375.0,1413.0,1363.0,1344.0
0.07,7.75,0.14,-1.0,-0.1,5.74,6.62,43.44,11.63,1387.0,1403.0,1355.0,1351.0
0.07,6.87,0.14,-2.44,-0.1,4.9,23.31,19.62,11.13,1387.0,1385.0,1357.0,1367.0
0.07,3.37,0.14,1.5,-0.1,2.79,6.19,-48.88,6.75,1354.0,1352.0,1393.0,1397.0
0.07,3.56,0.14,4.06,-0.1,2.27,-11.81,-37.63,3.69,1347.0,1362.0,1398.0,1389.0
0.07,6.0,0.14,3.62,-0.1,1.26,-8.19,39.81,-2.44,1376.0,1400.0,1366.0,1359.0
0.07,6.06,0.14,1.37,-0.1,1.08,3.06,48.63,-4.37,1386.0,1404.0,1356.0,1358.0
0.07,3.31,-0.07,-2.56,-0.1,1.08,21.75,-3.19,-5.75,1378.0,1378.0,1366.0,1389.0
-0.63,2.5,-0.49,-1.5,-0.1,1.22,15.69,-29.62,-7.0,1366.0,1372.0,1379.0,1400.0
-0.63,2.06,-0.63,0.25,-0.1,1.44,6.75,-39.75,-8.25,1359.0,1373.0,1390.0,1410.0
-0.63,2.31,-0.07,3.06,-0.1,2.7,-3.12,19.31,-13.25,1378.0,1413.0,1379.0,1398.0
-0.63,2.37,-0.07,1.25,-0.1,3.29,2.87,46.25,-15.0,1392.0,1428.0,1363.0,1390.0
-0.35,1.69,-0.07,-6.31,-0.1,5.71,6.81,24.0,-14.06,1391.0,1430.0,1356.0,1396.0
-0.28,1.19,-0.07,-6.44,-0.1,6.58,8.88,-14.88,-13.38,1376.0,1412.0,1369.0,1415.0
0.07,-0.81,0.14,3.06,-0.1,8.97,16.19,-75.0,-8.81,1344.0,1377.0,1399.0,1460.0
0.07,-1.5,0.14,6.0,-0.1,9.71,14.5,-46.94,-8.75,1351.0,1385.0,1392.0,1454.0
0.07,-2.06,0.14,6.87,-0.1,10.47,14.0,3.75,-9.75,1369.0,1405.0,1370.0,1436.0
0.07,-2.69,0.14,-2.31,-0.1,12.82,0.56,67.19,-5.06,1401.0,1452.0,1333.0,1394.0
0.07,-2.94,0.14,-4.37,-0.1,13.58,7.81,27.19,-1.44,1392.0,1436.0,1345.0,1407.0
0.07,-5.56,0.14,2.12,-0.1,15.0,16.75,-77.44,3.62,1345.0,1376.0,1394.0,1465.0
0.07,-5.94,0.14,5.5,-0.1,15.17,1.0,-59.75,2.94,1343.0,1384.0,1394.0,1460.0
0.07,-5.12,0.14,7.25,-0.1,15.24,-23.94,-18.81,0.81,1348.0,1408.0,1387.0,1437.0
0.07,7.19,0.14,-0.06,-0.1,12.7,-53.13,42.75,0.88,1349.0,1449.0,1363.0,1357.0
0.07,8.75,0.14,-1.25,-0.1,12.4,-18.0,12.56,1.69,1326.0,1404.0,1342.0,1353.0
0.07,3.37,0.14,3.75,-0.1,11.36,18.37,-9.88,3.31,1333.0,1357.0,1337.0,1389.0
0.07,-5.37,0.14,-10.5,-0.1,8.66,83.06,103.87,-41.69,1382.0,1412.0,1223.0,1387.0
0.07,7.19,0.14,9.56,-0.1,10.31,-11.75,32.31,7.69,1355.0,1403.0,1371.0,1378.0
0.07,2.12,0.14,-1.75,-0.1,8.74,98.06,40.56,25.62,1430.0,1369.0,1317.0,1392.0
0.07,-2.44,0.14,-1.06,-0.1,8.05,62.56,-39.06,28.5,1403.0,1323.0,1364.0,1422.0
0.07,5.81,0.14,10.63,-0.1,4.46,-47.75,-3.19,2.69,1335.0,1397.0,1408.0,1372.0
0.07,7.5,0.14,9.25,-0.1,3.57,-24.62,47.06,-0.56,1363.0,1412.0,1377.0,1357.0
0.07,5.56,0.14,-1.44,-0.1,1.85,25.62,45.69,-5.44,1399.0,1401.0,1341.0,1368.0
-1.47,4.5,-0.07,-2.37,-0.1,1.58,14.69,3.31,-5.44,1378.0,1389.0,1362.0,1378.0
-8.75,2.75,-0.14,0.56,-0.1,10.97,1.75,19.06,-7.81,1331.0,1401.0,1335.0,1369.0
-10.22,2.12,-0.14,-0.37,-0.1,11.56,18.75,18.62,-6.0,1339.0,1396.0,1328.0,1374.0
-13.23,-2.87,-0.07,-0.56,-0.1,13.04,31.56,-13.0,-5.56,1332.0,1376.0,1331.0,1397.0
-15.47,-4.06,-0.07,0.25,-0.1,13.4,21.31,-15.56,-5.37,1324.0,1379.0,1337.0,1395.0
-11.76,-5.5,-0.07,1.94,-0.1,14.23,6.87,-6.81,-4.87,1323.0,1388.0,1336.0,1390.0
-5.74,-5.94,-0.07,2.19,-0.1,14.48,7.06,-2.19,-4.56,1329.0,1383.0,1329.0,1395.0
-3.36,-6.87,-0.07,1.06,-0.1,15.15,4.56,17.81,-4.44,1346.0,1400.0,1324.0,1394.0
-3.36,-7.06,-0.07,-0.06,-0.1,15.39,1.56,21.19,-3.37,1351.0,1405.0,1325.0,1395.0
-3.22,-7.0,-0.07,-1.06,-0.1,15.61,-6.69,21.0,-1.69,1353.0,1410.0,1329.0,1393.0
-2.8,9.0,-0.07,3.81,-0.1,17.03,-10.25,-70.81,3.75,1289.0,1397.0,1397.0,1411.0
-2.66,6.31,-0.07,6.87,-0.1,17.57,90.56,-64.94,14.31,1341.0,1341.0,1359.0,1455.0
-2.17,-8.88,-0.07,6.25,-0.1,18.61,47.94,55.13,3.37,1385.0,1396.0,1296.0,1418.0
-2.1,-8.25,-0.07,3.19,-0.1,18.9,-28.44,64.81,3.37,1360.0,1439.0,1322.0,1375.0
-1.75,4.81,-0.07,1.12,-0.1,18.98,-71.56,-42.44,11.31,1294.0,1424.0,1396.0,1382.0
-1.61,6.81,-0.14,4.69,-0.1,18.74,-7.19,-68.31,13.69,1303.0,1383.0,1392.0,1417.0
-1.54,5.62,-0.14,7.94,-0.1,18.45,39.31,-62.75,15.38,1324.0,1360.0,1374.0,1438.0
-1.19,-2.0,-0.07,5.87,-0.1,17.45,22.12,72.31,12.44,1383.0,1411.0,1315.0,1386.0
-1.12,-1.94,-0.14,1.69,-0.1,17.05,-13.38,86.31,13.06,1383.0,1436.0,1317.0,1360.0
-1.05,3.0,-0.84,-3.19,-0.1,15.53,-31.12,-33.94,14.44,1330.0,1398.0,1378.0,1388.0
-2.45,4.19,-0.98,-0.69,-0.1,14.92,-21.56,-60.13,15.19,1318.0,1380.0,1393.0,1404.0
-5.32,5.19,-0.14,6.0,-0.1,13.02,-1.87,1.37,13.0,1343.0,1393.0,1374.0,1386.0
-7.35,5.25,-0.07,4.94,-0.1,12.37,-3.0,35.88,11.81,1358.0,1409.0,1360.0,1370.0
-8.75,5.37,-0.07,2.0,-0.1,11.71,-5.31,58.25,10.38,1369.0,1424.0,1349.0,1355.0
-12.18,5.75,-0.07,-4.12,-0.1,9.75,-3.19,2.44,9.88,1355.0,1407.0,1370.0,1366.0
-12.18,5.81,-0.07,-3.44,-0.1,9.12,-1.69,-23.19,9.31,1343.0,1392.0,1382.0,1377.0
-14.63,4.87,0.14,3.0,-0.1,7.42,7.75,-29.75,5.5,1336.0,1379.0,1391.0,1389.0
-14.77,4.44,0.14,3.69,-0.1,6.94,8.06,-4.06,3.12,1346.0,1389.0,1381.0,1380.0
-14.98,2.06,0.28,-0.19,-0.1,5.84,26.25,34.75,-1.62,1381.0,1413.0,1357.0,1374.0
-14.98,0.69,0.35,-1.62,-0.1,5.66,30.56,26.06,-3.06,1383.0,1409.0,1358.0,1382.0
-14.98,-0.75,0.35,-2.44,-0.1,5.56,30.12,11.38,-4.5,1380.0,1404.0,1362.0,1390.0
-19.53,-2.12,2.87,0.0,-0.1,6.83,2.75,23.19,-11.0,1368.0,1432.0,1371.0,1386.0
-19.6,-2.75,2.87,-1.5,-0.1,7.22,16.19,27.37,-10.31,1377.0,1432.0,1362.0,1390.0
-21.14,-8.25,2.66,-1.62,-0.1,8.5,48.13,-27.75,-7.62,1371.0,1395.0,1367.0,1427.0
-21.07,-10.5,2.59,0.25,-0.1,8.81,44.19,-40.69,-6.5,1365.0,1386.0,1373.0,1437.0
-15.54,-10.69,0.35,2.87,-0.1,9.72,-34.31,21.12,-7.06,1359.0,1435.0,1378.0,1392.0
-14.98,-8.5,0.28,1.5,-0.1,9.96,-38.88,25.69,-6.12,1360.0,1444.0,1378.0,1387.0
-11.34,-7.25,-0.28,0.88,-0.1,10.8,20.56,-13.5,-4.06,1368.0,1405.0,1373.0,1425.0
-10.57,-8.44,-0.49,1.5,-0.1,11.06,22.31,-7.19,-4.31,1372.0,1402.0,1369.0,1429.0
0.28,8.06,-6.23,-3.81,-0.1,12.22,-50.31,-5.62,7.75,1345.0,1435.0,1405.0,1387.0
0.21,9.88,-4.97,-3.0,-0.1,12.14,-29.94,-18.25,8.81,1347.0,1423.0,1404.0,1397.0
-9.31,12.44,0.14,0.19,-0.1,11.41,-12.0,-15.44,9.38,1351.0,1421.0,1404.0,1394.0
-16.03,12.94,0.14,1.0,-0.1,11.09,-9.31,-14.44,8.94,1347.0,1426.0,1410.0,1390.0
-18.41,11.63,0.63,3.62,-0.1,9.99,23.62,-16.06,8.81,1358.0,1412.0,1402.0,1399.0
-16.38,10.06,0.35,4.44,-0.1,9.67,32.88,-16.37,8.63,1364.0,1402.0,1397.0,1409.0
-14.98,7.87,0.28,5.25,-0.1,9.38,37.56,-10.88,7.87,1370.0,1398.0,1392.0,1412.0
-13.65,4.37,0.14,3.62,-0.1,8.81,5.69,23.56,3.56,1377.0,1425.0,1382.0,1390.0
-13.79,4.56,0.14,2.25,-0.1,8.66,-8.19,23.75,3.19,1371.0,1431.0,1385.0,1382.0
-17.36,6.75,0.28,1.81,-0.1,8.17,-7.19,-16.0,4.31,1342.0,1410.0,1398.0,1382.0
-17.5,6.62,0.28,2.87,-0.1,8.02,10.5,-24.69,5.87,1334.0,1387.0,1387.0,1379.0
-18.62,1.5,0.49,4.87,-0.1,7.62,37.88,8.31,2.12,1346.0,1370.0,1348.0,1372.0
-19.32,0.0,0.35,4.0,-0.1,7.55,28.5,24.06,1.56,1347.0,1378.0,1339.0,1360.0
-19.81,-1.12,0.35,2.31,-0.1,7.5,11.56,32.5,0.75,1347.0,1386.0,1337.0,1351.0
-21.35,-1.06,0.35,-0.94,-0.1,7.45,-0.62,5.56,-1.62,1325.0,1386.0,1348.0,1346.0
-21.49,-9.38,0.35,-2.12,-0.1,7.72,4.5,3.31,2.19,1341.0,1377.0,1347.0,1359.0
-21.35,-9.13,0.35,-2.06,-0.1,7.7,-11.13,-4.94,1.81,1334.0,1385.0,1359.0,1359.0
-21.28,-8.25,0.35,-1.62,-0.1,7.63,-21.87,-13.06,0.37,1329.0,1391.0,1369.0,1363.0
-21.07,-6.87,0.28,-0.56,-0.1,7.55,-25.19,-19.44,-1.44,1324.0,1392.0,1379.0,1369.0
-20.51,-5.94,0.28,0.5,-0.1,7.49,-17.19,-19.0,-4.44,1324.0,1392.0,1377.0,1375.0
-20.37,-5.25,0.28,1.25,-0.1,7.47,-6.81,-10.13,-6.12,1328.0,1394.0,1369.0,1375.0
-20.23,-5.12,0.28,1.12,-0.1,7.53,1.31,9.56,-8.13,1343.0,1402.0,1361.0,1378.0
-20.09,-5.37,0.14,0.25,-0.1,7.68,7.75,25.44,-8.56,1355.0,1412.0,1353.0,1376.0
-20.02,-5.87,0.14,-1.56,-0.1,7.93,10.19,33.13,-8.38,1363.0,1415.0,1345.0,1374.0
-19.95,-6.37,0.14,-3.0,-0.1,8.26,11.38,26.87,-7.62,1364.0,1415.0,1346.0,1375.0
-19.67,-7.0,0.14,-3.87,-0.1,8.61,11.63,11.88,-6.25,1361.0,1412.0,1353.0,1383.0
-18.34,-7.62,0.14,-3.69,-0.1,8.96,13.5,-12.5,-5.62,1353.0,1400.0,1360.0,1395.0
-17.64,-8.56,0.14,-2.44,-0.1,9.28,22.25,-30.69,-5.94,1347.0,1385.0,1365.0,1411.0
-17.08,-9.69,0.14,0.0,-0.1,9.56,17.81,-44.0,-5.25,1329.0,1367.0,1361.0,1407.0
-16.38,-9.5,0.14,1.69,-0.1,9.81,-53.13,25.62,-0.06,1319.0,1366.0,1366.0,1404.0
-15.54,1.0,0.14,-2.94,-0.1,9.83,-302.06,137.75,31.31,1297.0,1521.0,1433.0,1201.0
-15.54,8.38,0.14,-4.62,-0.1,9.5,-60.94,-12.19,5.81,1295.0,1434.0,1405.0,1310.0
-14.91,4.37,-0.07,1.31,-0.1,9.28,111.31,-121.12,-0.44,1306.0,1317.0,1377.0,1444.0
-14.77,-4.25,-0.07,8.5,-0.1,9.22,211.19,-149.62,5.44,1348.0,1234.0,1349.0,1515.0
-14.7,-13.63,-0.07,14.56,-0.1,9.28,172.94,-86.44,2.31,1359.0,1243.0,1336.0,1506.0
-14.56,-19.87,-0.07,16.81,-0.1,9.53,59.19,25.62,-2.94,1369.0,1315.0,1319.0,1442.0
-14.49,-19.06,-0.07,12.88,-0.1,9.89,-64.62,114.75,-2.87,1361.0,1426.0,1319.0,1337.0
-14.35,-11.56,-0.07,3.75,-0.1,10.35,-165.06,159.06,-1.69,1346.0,1513.0,1332.0,1254.0
-14.21,-3.62,-0.07,-3.06,-0.1,10.78,-151.25,114.5,1.56,1329.0,1509.0,1353.0,1253.0
-14.07,1.62,-0.07,-5.69,-0.1,11.12,-39.75,-7.81,5.06,1277.0,1383.0,1324.0,1293.0
-13.86,0.75,-0.07,-2.56,-0.1,11.33,50.94,-100.56,7.06,1099.0,1126.0,1161.0,1203.0
-13.65,-3.31,-0.07,3.94,-0.1,11.43,102.31,-150.0,4.87,1000.0,1000.0,1070.0,1164.0
-13.51,-9.56,-0.07,13.19,-0.1,11.46,107.75,-156.56,9.81,1000.0,1000.0,1050.0,1157.0
-13.44,-14.56,-0.07,21.75,-0.1,11.35,98.12,-181.94,21.44,1000.0,1000.0,1067.0,1164.0
-13.37,-8.88,-0.07,19.0,-0.1,10.81,-228.75,126.87,14.25,1000.0,1144.0,1079.0,1000.0
-12.11,-5.44,-0.07,0.62,-0.1,5.83,41.06,-126.5,-20.0,1000.0,1000.0,1000.0,1113.0
-11.83,-6.56,-0.07,7.56,-0.1,4.34,8.5,-105.0,2.06,1000.0,1000.0,1041.0,1074.0
-10.57,-3.06,-0.07,8.25,-0.1,2.84,-95.87,16.69,57.44,1000.0,1003.0,1072.0,1000.0
-9.31,2.56,-0.07,4.87,-0.1,0.92,-140.5,122.06,44.13,1000.0,1064.0,1065.0,1000.0
-7.7,-1.0,-0.07,-1.81,-0.1,-1.02,138.0,82.06,12.69,1106.0,1000.0,1000.0,1000.0
-4.48,-2.81,-0.07,0.13,-0.1,-2.74,-28.87,-41.0,39.56,1000.0,1000.0,1057.0,1000.0
0.07,0.81,-0.07,-0.31,-0.1,-7.61,-39.38,3.75,0.81,1004.0,1011.0,1018.0,1000.0
0.07,0.5,-0.07,0.31,-0.1,-8.6,23.5,-9.56,-4.06,1010.0,1000.0,1019.0,1004.0
0.07,0.75,-0.07,-0.06,-0.1,-9.36,-1.69,-1.06,3.37,1020.0,1000.0,1021.0,1000.0
0.07,0.62,-0.07,0.06,-0.1,-10.98,2.31,-0.13,-3.0,1018.0,1000.0,1020.0,1000.0
0.07,0.69,-0.07,0.06,-0.1,-11.39,-1.0,-0.75,-0.19,1021.0,1000.0,1024.0,1000.0
0.07,0.75,0.14,0.0,-0.1,-12.27,0.75,0.25,0.88,1022.0,1000.0,1022.0,1000.0
0.07,0.81,-0.07,0.0,-0.1,-12.53,0.31,-0.44,-0.5,1021.0,1000.0,1023.0,1000.0
0.07,0.88,-0.07,-0.06,-0.1,-13.14,-0.13,-0.13,-0.62,1023.0,1000.0,1024.0,1000.0
0.07,0.88,-0.07,-0.06,-0.1,-13.3,-0.25,0.25,-0.19,1025.0,1000.0,1026.0,1000.0
0.07,0.88,0.14,-0.06,-0.1,-13.67,-0.37,-0.31,0.19,1026.0,1000.0,1027.0,1000.0
0.07,0.88,0.14,-0.13,-0.1,-13.72,-0.19,-0.06,0.06,1026.0,1000.0,1026.0,1000.0
0.07,0.94,0.14,-0.13,-0.1,-13.93,-0.13,-0.06,-0.13,1026.0,1000.0,1027.0,1000.0
0.07,0.94,0.14,-0.13,-0.1,-13.98,0.06,-0.19,-0.06,1026.0,1000.0,1027.0,1000.0
0.07,0.94,0.14,-0.13,-0.1,-14.12,0.06,0.0,-0.06,1027.0,1000.0,1028.0,1000.0
0.07,0.94,0.14,-0.13,-0.1,-14.15,-0.06,0.13,0.06,1026.0,1000.0,1028.0,1000.0
0.07,1.0,0.14,-0.13,-0.1,-14.22,0.13,0.06,0.0,1027.0,1000.0,1028.0,1000.0
0.07,1.0,-0.07,-0.13,-0.1,-14.22,0.0,0.13,0.0,1026.0,1000.0,1028.0,1000.0
0.14,1.0,-0.07,-0.13,-0.1,-14.24,-0.06,-0.13,0.13,1027.0,1000.0,1028.0,1000.0
0.14,1.0,-0.07,-0.13,-0.1,-14.24,-0.19,-0.13,-0.06,1027.0,1000.0,1028.0,1000.0
0.14,1.0,-0.07,-0.13,-0.1,-14.25,0.06,0.0,0.06,1026.0,1000.0,1028.0,1000.0
0.14,1.0,-0.07,-0.13,-0.1,-14.25,-0.06,0.13,0.06,1025.0,1000.0,1027.0,1000.0
0.14,1.0,0.14,-0.13,-0.1,-14.25,0.19,0.0,-0.62,1027.0,1000.0,1027.0,1000.0
0.14,1.0,0.14,-0.13,-0.1,-14.23,0.0,0.06,-0.19,1027.0,1000.0,1028.0,1000.0
0.14,1.0,0.14,-0.13,0.6,-14.22,-0.06,0.0,0.5,1031.0,1000.0,1032.0,1000.0
0.14,1.0,0.14,-0.13,0.05,-14.2,0.06,0.0,1.31,1165.0,1113.0,1166.0,1111.0
0.14,1.0,0.14,-0.13,0.05,-14.2,0.19,0.06,1.25,1189.0,1139.0,1190.0,1138.0
0.14,1.0,-0.07,-0.13,0.05,-14.2,1.31,0.5,-1.06,1219.0,1166.0,1222.0,1165.0
0.14,1.0,-0.07,-0.13,0.05,-14.2,0.06,-0.31,-0.25,1219.0,1167.0,1221.0,1165.0
0.14,1.0,-3.57,-0.13,0.05,-14.19,-1.0,-0.19,0.44,1219.0,1167.0,1225.0,1170.0
0.14,1.0,-3.71,-0.13,0.05,-14.19,0.37,0.19,0.31,1243.0,1193.0,1250.0,1195.0
0.14,1.0,-3.71,-0.13,0.05,-14.19,1.56,-0.94,-0.44,1256.0,1207.0,1264.0,1209.0
0.14,1.0,-3.15,-0.19,0.05,-14.17,1.31,-0.19,0.5,1305.0,1254.0,1309.0,1256.0
0.07,1.12,-3.15,-0.13,0.05,-14.17,-1.56,-3.31,-0.31,1315.0,1266.0,1323.0,1268.0
0.07,1.31,-3.71,0.13,0.05,-14.14,-3.87,-1.94,-0.37,1326.0,1280.0,1341.0,1282.0
0.07,1.37,-4.41,0.19,0.05,-14.14,0.62,-1.12,-0.25,1331.0,1280.0,1340.0,1285.0
-0.14,1.56,-5.25,0.31,-0.1,-14.15,-3.44,-2.87,-0.37,1334.0,1287.0,1348.0,1291.0
-0.35,1.81,-5.46,0.5,0.05,-14.16,-3.87,-3.62,-0.25,1336.0,1288.0,1352.0,1293.0
-0.35,1.87,-6.86,0.56,0.05,-14.17,-0.81,-2.81,-1.69,1351.0,1304.0,1368.0,1313.0
-0.35,1.94,-6.72,0.62,0.05,-14.15,-3.69,-1.12,-1.62,1352.0,1304.0,1367.0,1313.0
-0.28,2.0,-6.23,0.62,-0.1,-14.08,-0.81,0.88,-0.88,1354.0,1305.0,1365.0,1312.0
-1.05,2.06,-6.86,0.62,-0.1,-14.06,-2.87,-0.5,-0.75,1352.0,1306.0,1367.0,1311.0
-2.1,2.25,-8.4,0.75,-0.1,-13.87,0.37,0.69,-4.56,1353.0,1316.0,1376.0,1320.0
-2.87,2.12,-8.4,0.75,0.05,-13.74,2.81,-2.5,-3.19,1359.0,1318.0,1374.0,1325.0
-3.57,2.12,-8.54,0.69,0.05,-13.61,0.06,1.0,-2.19,1359.0,1322.0,1380.0,1323.0
-4.2,2.31,-8.75,0.69,0.05,-13.49,-5.12,0.62,-0.62,1361.0,1322.0,1384.0,1325.0
-4.9,2.5,-10.08,0.62,0.05,-13.38,-4.87,1.06,-1.94,1358.0,1326.0,1392.0,1324.0
-4.76,2.81,-11.48,0.69,0.05,-13.3,-7.19,3.62,-1.19,1361.0,1327.0,1391.0,1329.0
-4.55,3.31,-12.88,0.69,0.05,-13.23,-11.19,-3.25,2.75,1361.0,1330.0,1398.0,1327.0
-4.48,3.81,-13.72,0.62,0.05,-13.2,-6.5,3.31,-0.81,1363.0,1332.0,1397.0,1332.0
-4.55,4.31,-14.42,0.31,0.05,-13.17,-9.81,1.56,0.75,1360.0,1337.0,1400.0,1328.0
-4.69,4.87,-14.42,0.44,0.05,-13.17,-11.81,-1.87,5.56,1363.0,1332.0,1409.0,1328.0
-6.79,5.44,-12.88,0.56,0.05,-13.23,-10.94,-6.0,2.25,1362.0,1335.0,1409.0,1329.0
-8.82,6.19,-12.18,0.69,0.05,-13.31,-12.81,-3.25,2.69,1359.0,1338.0,1412.0,1326.0
-13.79,6.56,-10.29,0.44,-0.1,-13.4,-5.31,10.13,-1.0,1362.0,1348.0,1405.0,1321.0
-17.64,6.62,-8.4,-0.19,-0.1,-13.45,3.62,16.5,-4.06,1364.0,1355.0,1399.0,1319.0
-23.66,6.25,-5.74,-1.25,0.05,-13.45,9.81,16.87,-5.0,1365.0,1361.0,1396.0,1314.0
-27.23,5.25,-3.64,-2.12,-0.1,-13.38,25.56,13.0,-11.38,1369.0,1361.0,1385.0,1320.0
-27.86,3.06,-3.64,-2.69,-0.1,-13.12,41.38,7.81,-15.31,1369.0,1354.0,1379.0,1334.0
-28.0,0.62,-2.8,-2.5,0.05,-12.71,50.25,-11.56,-18.94,1365.0,1344.0,1375.0,1351.0
-26.81,-2.25,-2.8,-1.06,0.05,-12.1,50.81,-27.87,-21.44,1355.0,1337.0,1381.0,1363.0
-23.94,-3.69,-2.8,0.31,0.05,-11.32,4.94,-9.81,-27.06,1346.0,1350.0,1382.0,1359.0
-23.94,-2.25,-2.8,-0.25,0.05,-10.29,-41.0,21.44,-31.0,1335.0,1396.0,1380.0,1324.0
-23.8,-0.25,-2.8,-1.37,0.05,-9.07,-30.06,19.75,-32.5,1334.0,1399.0,1376.0,1327.0
-23.8,0.44,-2.8,-2.0,-0.1,-7.65,-5.12,11.44,-33.19,1341.0,1394.0,1371.0,1347.0
-23.73,0.25,-2.8,-2.37,0.05,-6.03,9.25,5.06,-33.25,1339.0,1392.0,1367.0,1358.0
-23.73,-0.75,-2.8,-2.31,-0.1,-4.33,29.69,-6.25,-31.75,1344.0,1385.0,1363.0,1373.0
-23.66,-2.87,-3.01,-1.44,-0.1,-2.6,39.19,-15.75,-29.69,1347.0,1375.0,1357.0,1386.0
-22.96,-3.69,-3.15,-0.62,-0.1,-0.95,7.25,-11.0,-20.19,1337.0,1381.0,1372.0,1373.0
-22.82,-3.19,-3.22,-0.13,-0.1,0.59,-12.0,-7.44,-19.81,1329.0,1393.0,1377.0,1368.0
-18.41,-2.31,-3.29,0.37,-0.1,2.01,-16.06,-10.75,-17.94,1327.0,1395.0,1375.0,1370.0
-15.54,-1.37,-3.85,0.81,-0.1,3.32,-14.63,-6.56,-16.19,1328.0,1393.0,1372.0,1374.0
-15.33,-0.88,-3.64,0.88,0.05,4.52,-3.31,-0.31,-14.0,1334.0,1394.0,1366.0,1374.0
-15.33,-0.62,-3.64,0.88,0.05,5.63,-1.19,-2.56,-13.31,1333.0,1394.0,1364.0,1378.0
-16.03,-0.88,-3.64,1.19,-0.1,6.66,10.63,-7.5,-11.19,1331.0,1390.0,1363.0,1384.0
-16.1,-1.44,-3.57,1.62,-0.1,7.59,14.69,-7.25,-10.13,1335.0,1386.0,1358.0,1389.0
-17.5,-2.44,-3.43,1.75,-0.1,8.47,14.75,0.75,-8.63,1338.0,1391.0,1352.0,1387.0
-18.27,-2.94,-3.43,1.44,-0.1,9.25,9.5,9.13,-8.31,1337.0,1398.0,1352.0,1381.0
-18.34,-3.19,-3.43,0.88,-0.1,9.96,5.19,15.69,-6.62,1338.0,1402.0,1350.0,1379.0
-18.27,-3.37,-3.43,0.25,-0.1,10.58,2.19,14.0,-5.44,1337.0,1402.0,1351.0,1378.0
-16.94,-3.31,-3.57,-0.37,-0.1,11.12,-2.25,11.5,-3.94,1335.0,1403.0,1351.0,1379.0
-15.68,-3.19,-3.64,-0.69,-0.1,11.57,2.31,1.5,-2.81,1334.0,1400.0,1354.0,1380.0
-13.65,-3.12,-3.85,-0.62,-0.1,11.96,-0.31,-1.62,-1.06,1335.0,1398.0,1359.0,1388.0
-12.95,-3.25,-4.41,-0.44,0.05,12.26,4.75,-2.69,-1.06,1339.0,1397.0,1358.0,1393.0
-12.81,-3.75,-4.41,-0.25,0.05,12.5,10.06,-3.94,-0.88,1343.0,1397.0,1358.0,1398.0
-11.34,-4.19,-4.41,-0.31,-0.1,12.67,7.31,5.06,0.69,1358.0,1408.0,1363.0,1407.0
-9.87,-4.37,-5.11,-0.56,-0.1,12.79,0.31,4.87,0.94,1358.0,1410.0,1366.0,1406.0
-6.09,-4.12,-7.0,-0.94,-0.1,12.87,-10.06,9.31,0.37,1359.0,1414.0,1368.0,1407.0
-1.61,-3.12,-9.66,-1.81,-0.1,12.92,-21.94,16.87,-0.56,1360.0,1420.0,1368.0,1405.0
0.07,-2.06,-9.73,-2.44,-0.1,12.97,-23.5,11.44,-1.5,1358.0,1421.0,1370.0,1406.0
0.07,-1.0,-9.66,-2.75,-0.1,12.93,-21.56,4.81,-2.69,1354.0,1419.0,1373.0,1410.0
0.07,-0.13,-8.96,-2.81,-0.1,12.93,-15.38,-0.75,-4.31,1352.0,1418.0,1372.0,1414.0
0.14,0.5,-8.26,-2.69,-0.1,12.97,-11.44,-0.75,-6.37,1352.0,1418.0,1369.0,1417.0
0.14,1.12,-6.72,-2.69,-0.1,13.06,-15.13,3.44,-9.19,1349.0,1424.0,1368.0,1415.0
0.28,2.12,-6.02,-3.19,-0.1,13.16,-22.81,15.06,-8.94,1352.0,1432.0,1365.0,1407.0
0.28,3.5,-5.88,-4.19,-0.1,13.33,-30.37,27.19,-7.75,1354.0,1442.0,1363.0,1397.0
0.28,5.5,-5.74,-5.62,-0.1,13.5,-37.0,22.87,-4.87,1354.0,1447.0,1368.0,1390.0
-16.24,12.63,-3.85,2.44,-0.1,12.76,0.25,34.81,9.69,1320.0,1398.0,1341.0,1334.0
-18.34,12.31,-3.92,0.88,-0.1,12.33,8.56,29.62,9.25,1322.0,1394.0,1340.0,1337.0
-19.53,11.19,-3.85,-0.19,-0.1,11.85,22.87,15.06,9.69,1322.0,1384.0,1343.0,1344.0
-20.37,9.69,-3.71,-0.06,-0.1,11.38,35.5,-8.69,9.19,1319.0,1368.0,1347.0,1358.0
-21.84,7.81,-3.01,1.0,-0.1,10.95,39.13,-24.37,9.88,1315.0,1357.0,1351.0,1368.0
-23.31,5.81,-2.8,2.44,-0.1,10.54,39.56,-28.06,9.06,1310.0,1350.0,1354.0,1369.0
-24.92,4.0,-1.4,3.62,-0.1,10.16,34.25,-19.06,8.19,1314.0,1355.0,1354.0,1368.0
-25.48,2.19,-0.84,4.19,-0.1,9.79,28.81,-4.75,8.31,1330.0,1374.0,1362.0,1369.0
-25.48,0.88,-0.84,3.94,-0.1,9.46,24.12,10.25,8.56,1342.0,1386.0,1360.0,1365.0
-25.34,-0.37,-0.7,3.25,-0.1,9.14,27.69,16.94,8.38,1359.0,1399.0,1366.0,1373.0
-25.2,-2.12,-0.7,2.19,-0.1,8.85,29.25,17.5,7.87,1372.0,1407.0,1372.0,1383.0
-24.43,-3.56,-0.63,1.56,-0.1,8.59,28.37,9.56,7.25,1372.0,1403.0,1374.0,1387.0
-23.8,-5.25,-0.56,1.56,-0.1,8.37,28.94,-5.94,6.44,1368.0,1396.0,1378.0,1394.0
-23.66,-6.62,-0.56,2.5,-0.1,8.18,27.0,-24.19,5.75,1359.0,1384.0,1385.0,1406.0
-22.96,-7.87,-0.63,3.94,-0.1,7.98,23.12,-32.0,4.75,1354.0,1381.0,1390.0,1410.0
-21.7,-9.06,-0.7,5.69,-0.1,7.77,17.56,-27.06,1.81,1354.0,1383.0,1388.0,1411.0
-21.07,-9.81,-0.84,6.62,-0.1,7.53,12.75,-15.31,3.06,1358.0,1387.0,1387.0,1406.0
-20.3,-10.19,-1.05,7.0,-0.1,7.33,4.19,-2.0,2.81,1359.0,1394.0,1384.0,1399.0
-20.02,-6.25,-1.26,4.12,-0.1,7.14,-92.12,51.63,-5.25,1346.0,1467.0,1391.0,1336.0
-19.32,-0.31,-2.1,-0.06,-0.1,7.02,-116.69,78.37,-3.31,1337.0,1495.0,1396.0,1309.0
-18.55,4.12,-2.17,-2.81,-0.1,6.96,-72.5,35.31,-4.25,1337.0,1470.0,1399.0,1330.0
-17.78,5.44,-2.38,-2.62,-0.1,7.03,5.37,-30.44,-1.0,1343.0,1410.0,1399.0,1387.0
-17.08,2.0,-2.45,1.5,-0.1,7.11,82.12,-87.56,1.31,1349.0,1350.0,1394.0,1443.0
-17.01,-3.37,-3.15,6.19,-0.1,7.21,118.19,-91.25,2.56,1358.0,1314.0,1386.0,1478.0
-16.94,-7.94,-3.22,9.56,-0.1,7.34,74.81,-44.56,0.75,1367.0,1336.0,1375.0,1458.0
-16.94,-9.56,-3.43,9.75,-0.1,7.49,-8.0,29.94,-1.69,1365.0,1389.0,1375.0,1407.0
-16.8,-7.19,-4.13,6.69,-0.1,7.63,-71.0,78.44,-1.81,1362.0,1453.0,1376.0,1345.0
-16.8,-2.56,-4.83,1.69,-0.1,7.74,-81.5,84.56,-0.19,1359.0,1474.0,1379.0,1325.0
-16.52,0.13,-4.97,-1.31,-0.1,7.81,-40.63,42.56,2.0,1362.0,1451.0,1382.0,1346.0
-15.89,0.25,-4.97,-1.87,-0.1,7.83,13.56,-5.0,3.69,1361.0,1407.0,1385.0,1387.0
-15.89,-2.0,-4.97,-0.31,-0.1,7.8,61.81,-44.63,5.37,1365.0,1368.0,1382.0,1426.0
-15.68,-5.12,-4.97,2.0,-0.1,7.73,61.44,-44.44,5.62,1366.0,1354.0,1383.0,1438.0
-15.54,-7.44,-5.11,3.56,-0.1,7.64,35.44,-19.87,2.87,1367.0,1368.0,1378.0,1424.0
-15.47,-7.75,-5.25,3.06,-0.1,7.55,-9.63,19.87,1.37,1364.0,1409.0,1377.0,1385.0
-9.73,-5.69,-8.96,1.0,-0.1,7.46,-57.88,51.0,3.37,1363.0,1432.0,1382.0,1360.0
-6.79,-2.19,-12.18,-1.94,-0.1,7.36,-75.12,59.94,3.25,1359.0,1448.0,1385.0,1344.0
-3.71,1.37,-14.91,-4.5,-0.1,7.26,-71.69,50.19,2.75,1356.0,1443.0,1388.0,1349.0
-0.91,4.69,-15.61,-6.37,-0.1,7.16,-51.25,23.31,3.44,1354.0,1427.0,1391.0,1364.0
-0.84,6.25,-15.61,-6.56,-0.1,7.07,-22.37,-4.62,2.31,1350.0,1404.0,1395.0,1386.0
-0.84,6.81,-15.47,-5.81,-0.1,6.98,-6.19,-19.5,3.0,1349.0,1388.0,1395.0,1399.0
-0.84,7.0,-13.93,-4.37,-0.1,6.89,-1.81,-25.37,3.5,1346.0,1380.0,1392.0,1401.0
-3.15,7.75,-12.6,-3.69,-0.1,6.77,-23.44,-11.06,5.06,1342.0,1391.0,1395.0,1383.0
-4.48,9.81,-11.13,-3.62,-0.1,6.62,-41.44,4.56,4.94,1338.0,1407.0,1397.0,1366.0
-8.05,12.31,-9.73,-4.25,-0.1,6.42,-54.94,18.12,4.37,1334.0,1425.0,1399.0,1347.0
-10.15,15.56,-9.59,-5.5,-0.1,6.17,-53.56,22.75,3.12,1333.0,1433.0,1400.0,1338.0
-12.6,17.37,-9.59,-6.25,-0.1,5.92,-26.81,10.69,4.06,1336.0,1424.0,1398.0,1347.0
-13.16,17.81,-11.48,-6.12,-0.1,5.69,3.25,-8.5,4.69,1339.0,1401.0,1395.0,1365.0
-16.24,16.56,-9.1,-5.12,-0.1,5.46,37.06,-25.06,4.44,1343.0,1381.0,1392.0,1383.0
-22.54,13.56,-2.59,-3.25,-0.1,5.28,56.94,-35.25,3.37,1348.0,1373.0,1386.0,1392.0
-29.96,10.69,0.14,-1.75,-0.1,5.15,58.31,-29.37,2.19,1348.0,1378.0,1384.0,1388.0
-30.1,8.13,0.14,-0.56,-0.1,5.06,47.56,-21.06,1.19,1348.0,1383.0,1385.0,1383.0
-30.73,6.31,0.28,0.25,-0.1,4.99,33.13,-13.81,1.19,1346.0,1391.0,1385.0,1376.0
-30.73,4.81,0.14,0.88,-0.1,4.96,21.62,-9.44,-0.06,1344.0,1396.0,1387.0,1373.0
-31.99,3.94,0.14,1.31,-0.1,4.95,18.62,-8.94,-1.25,1342.0,1399.0,1388.0,1371.0
-33.39,3.0,0.14,1.69,-0.1,4.96,20.37,-8.88,-1.62,1341.0,1399.0,1388.0,1371.0
-34.86,1.81,0.35,2.12,-0.1,5.02,27.5,-7.56,-2.37,1342.0,1398.0,1385.0,1374.0
-34.86,0.0,0.35,2.56,-0.1,5.12,36.63,-8.63,-2.56,1346.0,1394.0,1381.0,1379.0
-34.86,-2.06,0.28,2.87,-0.1,5.25,46.5,-5.94,-4.12,1351.0,1390.0,1374.0,1385.0
-34.86,-4.75,0.28,3.19,-0.1,5.45,47.31,-3.19,-4.87,1355.0,1388.0,1370.0,1388.0
-34.86,-6.87,0.14,3.19,-0.1,5.69,42.38,2.44,-5.5,1356.0,1392.0,1366.0,1386.0
-34.86,-8.94,0.14,3.0,-0.1,6.0,31.5,5.25,-6.19,1354.0,1396.0,1366.0,1384.0
-34.86,-9.88,0.14,2.69,-0.1,6.32,14.88,9.81,-6.12,1350.0,1405.0,1369.0,1377.0
-34.86,-10.25,0.14,2.19,-0.1,6.67,4.81,13.13,-5.06,1348.0,1411.0,1370.0,1372.0
-34.86,-10.44,0.14,1.62,-0.1,7.02,5.0,11.69,-3.75,1347.0,1411.0,1372.0,1371.0
-34.86,-10.81,0.14,1.19,-0.1,7.34,10.25,8.0,-2.94,1349.0,1407.0,1371.0,1374.0
-34.86,-11.56,0.14,0.94,-0.1,7.63,15.56,4.37,-1.12,1350.0,1402.0,1370.0,1377.0
-33.67,-12.31,0.14,0.81,-0.1,7.85,16.0,1.94,0.56,1352.0,1399.0,1370.0,1379.0
-32.97,-13.06,0.14,0.88,-0.1,8.04,14.88,-3.06,1.5,1351.0,1396.0,1371.0,1382.0
-28.21,-13.81,-0.07,1.0,-0.1,8.17,16.0,-2.37,2.31,1355.0,1392.0,1368.0,1386.0
-12.95,-14.56,-5.25,0.94,-0.1,8.26,10.75,1.94,2.81,1364.0,1378.0,1359.0,1398.0
-0.84,-14.69,-8.82,0.75,-0.1,8.34,-2.56,4.06,1.75,1367.0,1374.0,1355.0,1405.0
0.14,-13.56,-9.45,0.44,-0.1,8.42,-37.5,6.56,1.25,1356.0,1386.0,1366.0,1393.0
0.21,-10.63,-9.59,0.0,-0.1,8.45,-74.56,10.0,1.25,1339.0,1405.0,1380.0,1375.0
0.21,-5.44,-9.59,-0.94,-0.1,8.44,-96.44,16.19,1.75,1330.0,1424.0,1391.0,1358.0
0.21,-0.62,-8.96,-2.0,-0.1,8.39,-95.37,23.25,1.87,1328.0,1431.0,1394.0,1347.0
0.14,4.0,-7.56,-3.06,-0.1,8.31,-73.87,17.94,3.5,1335.0,1428.0,1390.0,1352.0
0.14,6.19,-7.56,-3.37,-0.1,8.2,-31.19,5.25,4.06,1343.0,1408.0,1381.0,1371.0
0.14,6.81,-7.56,-3.44,-0.1,8.07,-4.87,-0.19,5.62,1354.0,1391.0,1373.0,1382.0
0.14,6.94,-7.35,-3.37,-0.1,7.8,-3.06,1.87,6.06,1357.0,1389.0,1374.0,1383.0
0.07,7.44,-7.28,-3.31,-0.1,7.52,-16.06,-6.19,5.87,1351.0,1391.0,1378.0,1378.0
0.07,8.44,-7.28,-2.69,-0.1,7.2,-23.69,-19.0,5.56,1342.0,1393.0,1390.0,1378.0
0.07,5.62,-7.14,0.37,-0.1,7.08,99.81,-87.31,-33.0,1332.0,1343.0,1356.0,1473.0
0.07,0.62,-7.14,3.62,-0.1,7.41,78.56,-18.69,-30.19,1357.0,1365.0,1327.0,1456.0
0.07,0.5,-7.14,1.44,-0.1,7.76,-29.37,69.19,-3.44,1373.0,1427.0,1344.0,1362.0
-0.14,3.62,-7.14,-2.94,-0.1,8.04,-99.75,107.62,-0.69,1371.0,1463.0,1352.0,1320.0
-0.28,8.63,-7.14,-7.81,-0.1,8.22,-102.44,88.69,1.25,1356.0,1483.0,1367.0,1298.0
-0.35,13.13,-7.28,-11.13,-0.1,8.32,-80.5,44.13,2.37,1345.0,1460.0,1375.0,1319.0
-1.19,15.69,-7.28,-10.69,-0.1,8.38,-30.25,-28.06,5.06,1331.0,1411.0,1395.0,1367.0
-5.46,15.0,-5.88,-6.44,-0.1,8.45,33.94,-106.37,9.25,1318.0,1352.0,1412.0,1422.0
-13.02,12.31,-2.38,0.56,-0.1,8.55,50.13,-122.69,10.31,1313.0,1328.0,1420.0,1439.0
-22.12,10.38,-0.07,5.19,-0.1,8.66,30.12,-73.12,9.13,1315.0,1355.0,1416.0,1415.0
-24.78,9.5,0.14,6.81,-0.1,8.73,5.37,-6.87,5.81,1329.0,1395.0,1398.0,1380.0
-25.69,9.63,0.14,4.81,-0.1,8.7,-7.44,64.69,4.69,1354.0,1437.0,1370.0,1340.0
-28.42,9.69,0.14,0.69,-0.1,8.56,5.69,91.75,5.94,1374.0,1453.0,1352.0,1322.0
-29.82,8.31,0.14,-4.19,-0.1,8.27,39.75,70.69,8.44,1386.0,1439.0,1345.0,1334.0
-31.36,5.37,0.14,-6.19,-0.1,7.9,76.75,20.75,10.81,1385.0,1402.0,1351.0,1366.0
-32.2,0.81,0.14,-5.56,-0.1,7.47,103.31,-34.0,11.19,1376.0,1361.0,1359.0,1403.0
-32.34,-5.44,0.14,-2.0,-0.1,6.98,108.44,-74.5,10.56,1365.0,1331.0,1374.0,1431.0
-32.34,-9.81,0.14,2.0,-0.1,6.47,78.12,-82.87,7.19,1347.0,1329.0,1388.0,1436.0
-32.55,-12.44,0.14,5.44,-0.1,5.98,36.19,-59.75,3.69,1337.0,1349.0,1394.0,1417.0
-32.55,-13.06,0.14,7.25,-0.1,5.51,-2.62,-22.06,1.37,1335.0,1377.0,1394.0,1389.0
-32.55,-12.13,0.14,7.06,-0.1,5.12,-31.06,17.94,-0.5,1339.0,1409.0,1389.0,1359.0
-32.55,-10.0,0.14,4.75,-0.1,4.82,-38.88,49.69,-1.75,1348.0,1430.0,1380.0,1338.0
-32.55,-8.38,0.14,2.12,-0.1,4.63,-27.12,55.69,-2.44,1357.0,1436.0,1371.0,1333.0
-32.55,-8.06,0.14,-0.5,-0.1,4.58,2.0,41.88,-3.25,1361.0,1422.0,1362.0,1343.0
-32.55,-9.38,0.14,-1.44,-0.1,4.62,40.19,6.06,-1.81,1367.0,1395.0,1361.0,1374.0
-32.69,-12.63,0.14,-0.56,-0.1,4.73,61.56,-21.56,-1.31,1363.0,1367.0,1362.0,1396.0
-32.83,-15.81,0.14,1.25,-0.1,4.81,64.44,-40.31,-1.31,1358.0,1354.0,1367.0,1411.0
-32.83,-18.62,0.14,3.62,-0.1,4.88,39.81,-36.31,-3.87,1350.0,1358.0,1372.0,1410.0
-28.0,-19.06,-0.49,4.81,-0.1,4.95,-4.87,-12.88,-7.19,1341.0,1380.0,1375.0,1391.0
-9.38,-17.75,-5.25,4.87,-0.1,5.07,-41.63,9.19,-7.12,1345.0,1388.0,1371.0,1384.0
1.05,-15.06,-6.86,4.0,-0.1,5.22,-62.0,24.56,-6.5,1348.0,1399.0,1368.0,1373.0
4.27,-11.06,-6.86,2.0,-0.1,5.41,-69.5,37.31,-6.37,1352.0,1412.0,1363.0,1362.0
3.22,-7.44,-6.02,0.19,-0.1,5.63,-75.19,35.56,-5.75,1348.0,1420.0,1367.0,1354.0
0.42,-3.87,-3.43,-1.25,-0.1,5.85,-70.69,23.94,-6.37,1342.0,1422.0,1372.0,1353.0
0.28,-0.75,-3.29,-1.87,-0.1,6.11,-58.31,4.75,-7.19,1337.0,1413.0,1375.0,1363.0
0.21,1.62,-3.15,-1.44,-0.1,6.39,-45.13,-16.87,-7.37,1330.0,1402.0,1380.0,1376.0
0.14,3.94,-3.01,0.13,-0.1,6.77,-36.38,-30.44,-7.5,1323.0,1393.0,1386.0,1386.0
0.14,5.31,-2.94,1.69,-0.1,7.16,-22.75,-30.12,-7.31,1324.0,1386.0,1384.0,1393.0
0.07,6.0,-2.94,2.5,-0.1,7.54,-7.87,-11.06,-7.19,1335.0,1389.0,1371.0,1392.0
0.07,6.44,-3.01,1.94,-0.1,7.9,-5.56,17.94,-7.62,1346.0,1401.0,1358.0,1383.0
0.07,7.06,-3.15,-0.19,-0.1,8.26,-14.75,54.56,-6.69,1358.0,1419.0,1346.0,1366.0
-0.07,8.13,-3.15,-4.0,-0.1,8.56,-25.87,72.62,-6.12,1367.0,1438.0,1337.0,1347.0
-0.14,2.5,-3.22,-3.25,-0.1,8.96,183.5,-54.13,-33.06,1369.0,1341.0,1299.0,1480.0
-0.14,-4.62,-3.36,0.5,-0.1,9.61,116.5,-50.75,-15.44,1361.0,1326.0,1315.0,1487.0
-0.28,-6.06,-3.36,2.81,-0.1,10.17,-16.19,-24.5,8.19,1344.0,1373.0,1373.0,1397.0
-0.49,-2.75,-3.43,2.69,-0.1,10.34,-93.0,15.81,5.25,1328.0,1415.0,1383.0,1362.0
-1.12,2.56,-3.43,1.06,-0.1,10.32,-113.69,47.5,4.5,1322.0,1449.0,1390.0,1327.0
-1.12,8.44,-3.43,-1.87,-0.1,10.16,-93.87,52.69,8.56,1335.0,1454.0,1381.0,1319.0
-1.33,11.06,-3.43,-3.56,-0.1,9.88,-35.31,23.94,11.88,1349.0,1421.0,1373.0,1344.0
-1.47,11.44,-3.43,-3.75,-0.1,9.48,9.88,-6.69,13.44,1354.0,1390.0,1372.0,1372.0
-2.17,10.13,-3.43,-2.37,-0.1,9.0,38.56,-38.25,15.5,1354.0,1363.0,1375.0,1395.0
-4.2,7.69,-3.43,0.62,-0.1,8.41,41.81,-53.31,14.06,1348.0,1346.0,1383.0,1411.0
-9.38,6.62,-2.8,3.19,-0.1,7.85,8.06,-46.06,11.88,1335.0,1360.0,1395.0,1398.0
-12.95,7.12,-2.03,4.62,-0.1,7.29,-26.0,-17.69,7.94,1326.0,1388.0,1401.0,1372.0
-17.64,9.5,-0.56,4.44,-0.1,6.72,-46.81,15.13,5.62,1327.0,1417.0,1399.0,1345.0
-19.81,11.81,-0.42,3.0,-0.1,6.12,-46.56,39.69,5.12,1336.0,1436.0,1392.0,1325.0
-21.63,13.38,-0.21,0.69,-0.1,5.53,-17.19,41.56,3.37,1346.0,1433.0,1381.0,1328.0
-23.17,12.63,-0.14,-0.69,-0.1,4.99,31.37,20.25,2.06,1358.0,1408.0,1370.0,1352.0
-25.2,9.94,-0.07,-0.94,-0.1,4.56,69.44,-5.5,1.94,1363.0,1381.0,1366.0,1377.0
-27.3,5.19,-0.07,0.25,-0.1,4.22,86.0,-26.06,0.62,1363.0,1361.0,1366.0,1399.0
-29.68,1.25,-0.07,1.69,-0.1,4.01,74.81,-30.37,-1.62,1357.0,1360.0,1370.0,1402.0
-29.82,-1.44,-0.07,2.94,-0.1,3.91,46.44,-20.12,-3.37,1351.0,1371.0,1374.0,1393.0
-30.38,-2.75,-0.07,3.5,-0.1,3.91,15.38,-5.19,-4.37,1343.0,1387.0,1378.0,1375.0
-30.31,-2.56,-0.07,3.25,-0.1,3.97,-8.25,8.38,-5.25,1338.0,1407.0,1382.0,1358.0
-30.31,-1.69,-0.07,2.5,-0.1,4.1,-18.25,18.94,-6.0,1337.0,1416.0,1381.0,1349.0
-30.31,-1.19,-0.07,1.5,-0.1,4.32,-3.62,21.5,-6.31,1343.0,1415.0,1374.0,1352.0
-30.31,-1.75,-0.07,0.56,-0.1,4.59,22.25,17.75,-6.19,1351.0,1406.0,1366.0,1362.0
-30.52,-3.94,-0.07,-0.19,-0.1,4.93,46.13,10.81,-5.0,1361.0,1392.0,1357.0,1374.0
-30.59,-6.81,-0.07,-0.37,-0.1,5.28,64.12,1.56,-3.87,1367.0,1379.0,1350.0,1388.0
-30.59,-10.69,-0.07,-0.06,-0.1,5.65,66.75,-4.87,-4.62,1367.0,1371.0,1349.0,1397.0
-29.96,-13.31,-0.07,0.31,-0.1,6.01,46.81,-7.19,-4.56,1362.0,1374.0,1353.0,1396.0
-26.53,-15.0,-0.49,0.75,-0.1,6.36,20.19,-5.19,-4.25,1355.0,1381.0,1358.0,1390.0
-22.96,-14.81,-1.19,0.94,-0.1,6.69,-13.88,-2.0,-4.44,1344.0,1393.0,1368.0,1380.0
-16.8,-12.94,-2.38,1.0,-0.1,7.03,-38.81,1.56,-4.87,1337.0,1401.0,1372.0,1373.0
-13.51,-10.63,-3.57,0.94,-0.1,7.32,-50.13,3.19,-4.19,1332.0,1406.0,1377.0,1369.0
-13.37,-8.19,-2.94,0.81,-0.1,7.59,-50.0,4.0,-3.87,1328.0,1408.0,1378.0,1366.0
-13.23,-6.06,-2.94,0.69,-0.1,7.81,-40.5,1.44,-3.69,1330.0,1407.0,1377.0,1370.0
-13.37,-4.0,-2.94,0.62,-0.1,8.11,-31.62,0.44,-3.19,1331.0,1406.0,1375.0,1371.0
-14.91,-3.06,-2.8,0.69,-0.1,8.35,-10.69,-2.87,-1.87,1336.0,1399.0,1372.0,1376.0
-16.8,-3.0,-2.1,0.69,-0.1,8.55,6.0,3.25,0.37,1345.0,1396.0,1365.0,1378.0
-16.8,-3.75,-2.1,0.13,-0.1,8.68,20.87,17.44,1.56,1359.0,1393.0,1352.0,1380.0
-16.8,-5.37,-2.1,-1.25,-0.1,8.78,31.37,28.12,2.81,1370.0,1394.0,1343.0,1377.0
-16.8,-6.81,-2.1,-2.25,-0.1,8.82,26.87,17.69,6.25,1371.0,1389.0,1345.0,1378.0
-16.73,-7.75,-2.24,-2.44,-0.1,8.79,14.88,-7.5,6.87,1358.0,1381.0,1360.0,1382.0
-16.66,-7.81,-2.24,-1.5,-0.1,8.69,-7.31,-28.06,5.5,1340.0,1379.0,1376.0,1385.0
-16.45,-6.75,-2.38,0.56,-0.1,8.52,-22.0,-39.44,3.0,1324.0,1382.0,1390.0,1387.0
-15.89,-0.81,-2.59,-0.31,-0.1,8.21,-171.19,31.12,22.81,1308.0,1441.0,1434.0,1302.0
-15.89,6.44,-2.59,-1.56,-0.1,7.64,-84.87,-0.13,14.13,1311.0,1438.0,1428.0,1303.0
-15.68,5.37,-2.8,1.19,-0.1,7.15,59.75,-73.56,0.13,1328.0,1347.0,1382.0,1422.0
-15.54,-0.25,-2.8,5.5,-0.1,6.83,107.62,-73.75,5.69,1355.0,1317.0,1365.0,1449.0
-15.54,-5.12,-2.8,7.69,-0.1,6.63,86.5,-22.37,3.19,1368.0,1329.0,1355.0,1433.0
-10.64,5.31,-8.61,1.81,-0.1,5.11,-24.31,92.0,-3.62,1371.0,1438.0,1347.0,1329.0
-10.5,6.19,-10.57,-1.94,-0.1,4.99,-15.63,64.5,-1.81,1366.0,1426.0,1354.0,1339.0
-10.5,6.75,-11.13,-3.87,-0.1,4.88,-8.75,21.31,-0.94,1365.0,1415.0,1382.0,1370.0
-10.5,6.94,-10.43,-3.12,-0.1,4.8,-1.37,-33.63,0.13,1356.0,1403.0,1415.0,1405.0
-10.5,6.87,-9.73,-0.62,-0.1,4.76,2.75,-60.44,-0.37,1345.0,1387.0,1430.0,1426.0
-10.64,6.75,-8.96,2.5,-0.1,4.78,1.62,-65.0,-1.5,1343.0,1386.0,1438.0,1434.0
-11.34,6.94,-8.26,5.5,-0.1,4.86,-3.75,-44.63,-4.56,1348.0,1402.0,1433.0,1428.0
-11.41,7.62,-8.26,6.31,-0.1,4.99,-17.12,-1.56,-8.06,1355.0,1424.0,1422.0,1411.0
-11.48,8.63,-8.05,5.31,-0.1,5.16,-17.87,32.5,-9.88,1369.0,1446.0,1409.0,1397.0
-11.62,9.38,-7.91,3.0,-0.1,5.38,-10.06,53.38,-11.88,1382.0,1457.0,1393.0,1390.0
-11.62,9.44,-7.28,-0.31,-0.1,5.64,4.75,54.0,-12.19,1390.0,1458.0,1383.0,1390.0
-11.62,8.63,-5.25,-2.12,-0.1,5.99,24.06,22.75,-11.94,1360.0,1413.0,1353.0,1378.0
-10.92,7.25,-5.11,-2.5,-0.1,6.46,32.38,-7.69,-12.44,1255.0,1296.0,1261.0,1300.0
-10.85,5.5,-4.97,-0.88,-0.1,7.04,26.94,-44.88,-12.31,1225.0,1267.0,1259.0,1301.0
-10.78,4.5,-4.97,1.62,-0.1,7.67,17.5,-53.88,-9.88,1209.0,1258.0,1272.0,1308.0
-10.78,4.06,-4.83,4.19,-0.1,8.3,5.19,-36.69,-7.25,1207.0,1264.0,1272.0,1296.0
-10.78,4.25,-4.83,4.81,-0.1,8.87,-8.0,0.25,-6.0,1219.0,1286.0,1263.0,1279.0
-10.78,4.94,-4.83,3.44,-0.1,9.37,-9.81,31.31,-4.62,1230.0,1306.0,1253.0,1260.0
-10.85,5.5,-4.97,1.19,-0.1,9.77,-8.25,51.69,-3.94,1243.0,1315.0,1241.0,1250.0
-10.92,5.69,-4.97,-1.37,-0.1,10.1,-1.87,50.63,-1.75,1224.0,1291.0,1209.0,1225.0
-10.92,5.37,-4.97,-3.69,-0.1,10.34,6.0,33.5,0.0,1211.0,1269.0,1198.0,1220.0
-10.92,4.69,-4.97,-4.25,-0.1,10.5,13.19,7.37,3.37,1191.0,1238.0,1199.0,1220.0
-10.92,3.87,-4.97,-3.87,-0.1,10.55,16.56,-14.63,5.31,1181.0,1221.0,1203.0,1228.0
-10.92,3.06,-4.97,-2.62,-0.1,10.42,15.06,-29.19,5.31,1167.0,1205.0,1199.0,1224.0
-10.92,2.94,-4.97,2.37,-0.1,10.25,38.81,-49.69,-26.75,1202.0,1144.0,1175.0,1275.0
-10.92,3.56,-4.97,2.37,-0.1,10.11,32.06,-15.94,7.56,1156.0,1212.0,1205.0,1222.0
-10.85,4.56,-4.97,1.62,-0.1,9.93,16.44,8.13,8.25,1170.0,1236.0,1194.0,1197.0
-10.85,4.69,-4.97,1.25,-0.1,9.74,15.31,11.19,0.75,1173.0,1230.0,1192.0,1201.0
-10.78,4.44,-4.97,1.31,-0.1,9.57,14.56,1.25,5.19,1158.0,1208.0,1187.0,1199.0
-10.85,2.12,-4.97,0.62,-0.1,9.39,86.87,45.06,-1.44,1164.0,1198.0,1178.0,1201.0
-10.78,1.62,-4.97,-1.44,-0.1,9.27,-15.75,14.19,4.62,1182.0,1210.0,1129.0,1167.0
-10.78,0.62,-4.97,-2.81,-0.1,9.16,2.56,20.0,3.62,1148.0,1170.0,1119.0,1159.0
-10.78,1.56,-4.97,-0.75,0.05,9.03,-52.0,-70.0,5.56,1064.0,1125.0,1156.0,1146.0
-10.78,3.81,-4.97,1.37,0.05,8.87,-8.63,-7.69,-5.31,1035.0,1116.0,1100.0,1092.0
-10.57,2.5,-4.97,0.31,-0.1,8.57,38.69,29.19,-5.56,1000.0,1023.0,1000.0,1013.0
-9.87,2.31,-4.97,-0.19,-0.1,8.12,-7.75,-12.56,1.75,1000.0,1029.0,1000.0,1007.0
-9.73,2.62,-4.97,0.25,-0.1,7.77,-11.88,-6.62,2.56,1000.0,1021.0,1007.0,1006.0
-8.47,2.37,-4.97,0.0,-0.1,7.49,5.5,3.94,-1.37,1000.0,1020.0,1000.0,1012.0
-7.84,2.5,-5.11,0.06,-0.1,7.25,-6.44,-4.69,2.19,1000.0,1017.0,1003.0,1007.0
-6.65,2.44,-5.25,0.06,-0.1,6.89,2.87,4.25,-0.94,1000.0,1017.0,1000.0,1011.0
-5.88,2.5,-4.55,0.06,-0.1,6.4,-0.06,-2.0,0.13,1000.0,1014.0,1000.0,1009.0
-5.25,2.44,-3.85,0.06,-0.1,5.87,0.19,0.13,-1.0,1000.0,1013.0,1000.0,1009.0
-4.41,2.44,-3.64,0.06,0.05,5.32,0.25,0.62,0.31,1000.0,1012.0,1000.0,1006.0
-3.01,2.44,-3.57,0.06,0.05,4.78,-0.44,-0.44,0.31,1000.0,1010.0,1000.0,1007.0
-2.94,2.44,-3.57,0.06,0.05,4.22,0.81,0.06,-0.25,1000.0,1009.0,1000.0,1006.0
-2.1,2.44,-3.64,0.06,-0.1,3.71,-0.62,0.06,-0.06,1000.0,1008.0,1000.0,1006.0
-1.33,2.44,-4.27,0.06,0.05,3.2,0.06,0.13,-0.19,1000.0,1006.0,1000.0,1005.0
-1.19,2.44,-3.43,0.06,0.05,2.72,-0.19,0.25,-0.13,1000.0,1005.0,1000.0,1004.0
-1.12,2.44,-3.43,0.06,0.05,2.28,0.06,-0.25,-0.13,1000.0,1004.0,1000.0,1003.0
-1.05,2.44,-3.43,0.06,0.05,1.92,-0.5,-0.31,-0.25,1000.0,1003.0,1001.0,1003.0
-0.35,2.44,-2.8,0.06,0.05,1.54,-0.44,-0.19,-0.06,1000.0,1002.0,1000.0,1002.0
-0.14,2.37,-2.8,0.06,0.05,1.25,-0.62,0.0,0.13,1000.0,1002.0,1001.0,1002.0
-0.07,2.37,-2.59,0.06,-0.1,0.91,0.06,-0.5,0.19,1000.0,1002.0,1001.0,1001.0
0.07,2.37,-2.8,0.06,-0.1,0.64,-0.13,0.44,0.06,1000.0,1001.0,1002.0,1001.0
0.07,2.37,-2.8,0.06,0.05,0.41,0.19,-0.25,0.25,1000.0,1000.0,1002.0,1001.0
0.07,2.31,-2.8,0.06,-0.1,0.22,-0.44,0.19,-0.13,1000.0,1000.0,1002.0,1001.0
0.07,2.31,-2.1,0.0,-0.1,0.01,0.06,-0.06,-0.37,1000.0,1000.0,1002.0,1000.0
0.07,2.31,-2.03,0.0,-0.1,-0.18,-0.13,0.0,-0.13,1000.0,1000.0,1002.0,1000.0
0.07,2.25,-1.89,0.0,-0.1,-0.35,0.13,0.25,0.0,1000.0,1000.0,1003.0,1000.0
0.07,2.25,-0.28,0.0,-0.1,-0.51,0.31,0.0,0.0,1000.0,1000.0,1002.0,1000.0
0.07,2.25,-0.14,0.0,-0.1,-0.66,0.25,0.25,0.19,1000.0,1000.0,1002.0,1000.0
0.14,2.25,-0.07,0.0,-0.1,-0.8,0.0,0.19,0.0,1000.0,1000.0,1002.0,1000.0
0.14,2.25,-0.07,0.0,-0.1,-0.93,-0.19,-0.06,0.31,1000.0,1000.0,1003.0,1000.0
0.14,2.19,-0.07,0.0,0.05,-1.04,-0.13,0.25,0.31,1000.0,1000.0,1003.0,1000.0
0.14,2.19,-0.07,0.0,0.05,-1.14,0.0,0.13,0.25,1000.0,1000.0,1003.0,1000.0
0.14,2.19,-0.07,0.0,0.05,-1.22,0.37,0.06,0.31,1000.0,1000.0,1003.0,1000.0
0.14,2.19,-0.07,0.0,0.05,-1.31,0.25,-0.13,-0.06,1000.0,1000.0,1004.0,1000.0
0.14,2.19,-0.07,0.0,0.05,-1.4,-0.31,-0.31,-0.37,1000.0,1000.0,1004.0,1000.0
0.14,2.19,-0.07,0.0,0.05,-1.48,-0.06,-0.06,-0.13,1001.0,1000.0,1004.0,1000.0
0.14,2.12,-0.07,0.0,0.05,-1.56,0.37,0.25,0.13,1001.0,1000.0,1004.0,1000.0
0.14,2.12,-0.07,0.0,0.05,-1.61,0.19,-0.19,0.19,1001.0,1000.0,1004.0,1000.0
0.14,2.12,-0.07,0.0,0.05,-1.65,0.5,-0.37,-0.06,1001.0,1000.0,1004.0,1000.0
0.14,2.06,-0.07,0.0,0.05,-1.69,-0.25,-0.37,-0.13,1001.0,1000.0,1004.0,1000.0
0.14,2.06,-0.07,0.0,-0.1,-1.73,-0.44,0.19,0.13,1002.0,1000.0,1005.0,1000.0
0.14,2.06,-0.07,0.0,0.05,-1.77,-0.25,0.0,0.06,1003.0,1000.0,1005.0,1000.0
0.14,2.06,-0.07,0.0,0.05,-1.82,0.19,-0.06,-0.13,1004.0,1000.0,1007.0,1000.0
0.14,2.06,-0.07,0.0,0.05,-1.88,-0.13,-0.13,-0.19,1006.0,1002.0,1009.0,1000.0
0.14,2.0,-0.07,0.0,0.05,-1.93,0.31,-0.37,-0.06,1008.0,1004.0,1011.0,1001.0
0.14,2.0,-0.07,0.0,0.05,-1.98,0.06,-0.25,0.13,1008.0,1004.0,1011.0,1001.0
0.14,2.0,-0.07,0.0,0.05,-2.01,-0.06,0.0,-0.06,1008.0,1004.0,1011.0,1001.0
0.14,2.0,-0.07,0.0,0.05,-2.04,-0.37,0.0,0.25,1010.0,1006.0,1013.0,1003.0
0.14,2.0,-0.07,0.0,0.05,-2.06,-0.37,-0.13,0.06,1010.0,1006.0,1013.0,1003.0
0.14,2.0,-0.07,0.0,0.05,-2.07,0.19,0.06,0.0,1010.0,1006.0,1013.0,1003.0
0.14,2.0,-0.07,0.0,0.05,-2.08,0.13,0.13,-0.19,1010.0,1006.0,1013.0,1003.0
0.14,2.0,-0.07,0.0,0.05,-2.09,0.06,0.13,-0.13,1011.0,1007.0,1014.0,1004.0
0.14,1.94,-0.07,0.0,0.05,-2.1,-0.13,0.0,0.25,1011.0,1007.0,1014.0,1004.0
0.14,1.94,-0.07,0.0,-0.1,-2.11,0.13,0.19,0.19,1010.0,1006.0,1013.0,1003.0
0.14,1.94,-0.07,0.0,0.05,-2.11,-0.19,0.0,0.13,1010.0,1006.0,1013.0,1003.0
0.14,1.94,-0.07,0.0,0.05,-2.11,-1.06,0.81,-0.62,1011.0,1008.0,1014.0,1004.0
0.14,1.87,-0.07,0.0,0.05,-2.1,1.44,0.25,-0.69,1011.0,1007.0,1013.0,1005.0
0.14,1.87,-0.07,0.0,0.05,-2.09,0.06,-0.25,-0.88,1011.0,1005.0,1013.0,1003.0
0.14,1.87,-0.07,-0.06,0.05,-2.07,-0.25,3.0,-0.06,1010.0,1008.0,1011.0,1004.0
0.14,1.94,-0.07,-0.13,0.05,-2.06,-0.5,0.06,-4.0,1008.0,1008.0,1011.0,1004.0
0.14,2.06,-0.07,-0.31,0.05,-2.05,-5.75,2.69,-0.69,1011.0,1009.0,1014.0,1001.0
0.14,2.37,-0.07,-0.37,0.05,-2.03,-3.75,-0.81,-5.12,1009.0,1010.0,1014.0,1003.0
0.14,4.19,-0.07,-1.0,0.05,-1.83,-41.38,14.06,-39.5,1000.0,1054.0,1000.0,1005.0
0.14,6.62,-0.07,-1.56,-0.1,-1.26,-49.81,4.75,-47.75,1000.0,1063.0,1002.0,1007.0
0.14,9.94,-0.07,-2.31,0.05,-0.25,-74.81,9.0,-58.0,1000.0,1087.0,1000.0,1007.0
0.14,14.25,-0.07,-3.44,0.05,1.26,-70.25,5.44,-59.06,1000.0,1094.0,1001.0,1009.0
0.14,18.37,-0.07,-6.31,0.05,3.04,-89.62,53.0,-61.19,1000.0,1130.0,1000.0,1000.0
0.14,21.94,-0.07,-11.56,-0.1,5.04,-74.81,100.06,-67.5,1000.0,1154.0,1000.0,1000.0
0.14,24.44,-0.07,-19.25,0.05,7.17,-36.0,122.81,-66.69,1000.0,1175.0,1000.0,1000.0
0.14,24.06,-0.07,-29.06,0.05,9.34,-20.62,159.94,-64.19,1005.0,1179.0,1000.0,1000.0
0.14,21.81,-0.07,-37.5,0.05,11.41,29.06,140.44,-75.56,1014.0,1175.0,1000.0,1000.0
0.14,18.19,-0.07,-44.13,0.05,13.42,44.31,111.31,-69.62,1021.0,1158.0,1000.0,1005.0
0.14,13.63,-0.07,-48.75,0.05,15.49,52.13,59.56,-55.5,1013.0,1130.0,1000.0,1024.0
0.14,10.88,-0.07,-49.81,0.05,17.36,40.5,5.75,-27.12,1005.0,1093.0,1000.0,1031.0
0.14,8.69,-0.07,-48.75,0.05,18.89,34.25,-24.5,-15.0,1000.0,1071.0,1000.0,1038.0
0.14,7.19,-0.07,-47.31,0.05,20.13,23.94,-27.5,-15.13,1000.0,1071.0,1000.0,1041.0
0.14,5.25,-0.07,-45.75,0.05,21.22,26.0,-25.75,-26.87,1000.0,1077.0,1000.0,1050.0
0.14,3.0,-0.07,-44.06,0.05,22.3,41.44,-46.31,-37.25,1000.0,1074.0,1000.0,1072.0
0.14,0.13,-0.07,-41.38,0.05,23.4,41.13,-57.75,-42.38,1000.0,1064.0,1000.0,1094.0
0.14,-2.19,-0.07,-38.63,0.05,24.63,15.63,-51.69,-43.88,1000.0,1077.0,1000.0,1093.0
0.14,-2.94,-0.07,-35.81,0.05,26.06,-17.31,-49.25,-27.75,1000.0,1085.0,1000.0,1069.0
0.14,-2.62,-0.07,-33.06,0.05,27.68,-26.62,-54.5,-20.12,1000.0,1079.0,1000.0,1069.0
0.14,-1.5,-0.07,-30.5,0.05,29.4,-34.31,-53.44,-15.31,1000.0,1084.0,1000.0,1061.0
0.14,-0.06,-0.07,-27.31,0.05,31.16,-33.75,-52.25,-10.69,1000.0,1083.0,1000.0,1067.0
0.14,1.31,-0.07,-25.06,0.05,32.83,-34.69,-44.94,-4.75,1000.0,1084.0,1000.0,1061.0
0.14,3.06,-0.07,-22.75,0.05,34.37,-32.5,-37.63,-5.87,1000.0,1089.0,1000.0,1061.0
0.14,4.5,-0.07,-21.31,0.05,35.8,-36.88,-25.25,-3.37,1000.0,1096.0,1000.0,1060.0
0.14,7.12,-0.07,-20.69,0.05,37.09,-51.63,-6.62,4.69,1000.0,1109.0,1000.0,1042.0
0.14,10.06,-0.07,-20.81,0.05,38.19,-62.19,4.56,12.13,1000.0,1119.0,1000.0,1026.0
0.14,12.88,-0.07,-21.0,0.05,39.11,-50.94,0.13,10.63,1000.0,1119.0,1000.0,1027.0
0.14,15.44,-0.07,-20.62,0.05,39.79,-38.88,-6.81,18.31,1000.0,1109.0,1000.0,1034.0
0.14,17.25,-0.07,-20.19,0.05,40.16,-26.81,-5.19,27.5,1000.0,1101.0,1000.0,1029.0
0.14,18.37,-0.07,-19.5,0.05,40.24,-7.5,-8.25,28.94,1000.0,1092.0,1000.0,1036.0
0.14,18.5,-0.07,-18.19,0.05,40.01,10.06,-16.31,29.87,1000.0,1081.0,1000.0,1047.0
0.14,18.19,-0.07,-16.81,0.05,39.52,15.44,-13.0,33.88,1000.0,1071.0,1000.0,1047.0
0.14,17.69,-0.07,-15.94,0.05,38.78,17.87,-4.06,26.5,1000.0,1077.0,1000.0,1048.0
0.14,17.12,-0.07,-15.5,0.05,37.98,15.25,0.81,20.75,1000.0,1082.0,1000.0,1050.0
0.14,16.81,-0.07,-15.5,0.05,37.15,6.31,7.5,15.25,1000.0,1090.0,1000.0,1045.0
0.14,16.81,-0.07,-16.0,0.05,36.4,1.12,17.25,5.37,1000.0,1100.0,1000.0,1042.0
0.14,16.31,-0.07,-17.31,0.05,35.77,15.38,31.31,-16.12,1000.0,1115.0,1000.0,1051.0
0.14,14.31,-0.07,-19.69,-0.1,35.48,32.25,35.63,-35.0,1000.0,1124.0,1000.0,1071.0
0.14,12.75,-0.07,-21.56,0.05,35.53,19.5,29.69,-20.25,1000.0,1120.0,1000.0,1061.0
0.14,11.88,-0.07,-22.75,0.05,35.74,8.69,14.56,-10.75,1000.0,1111.0,1000.0,1055.0
0.14,11.25,-0.07,-22.75,0.05,36.05,8.44,-9.13,-15.81,1000.0,1103.0,1000.0,1068.0
0.14,10.63,-0.07,-22.19,0.05,36.54,2.37,-9.56,-20.62,1000.0,1105.0,1000.0,1073.0
0.14,10.13,-0.07,-22.5,0.05,37.26,-2.06,5.56,-32.69,1000.0,1122.0,1000.0,1074.0
0.14,9.5,-0.07,-23.5,0.05,38.25,0.13,15.88,-48.81,1000.0,1140.0,1000.0,1081.0
0.14,8.81,-0.07,-24.56,0.05,39.56,-7.37,15.06,-45.25,1000.0,1145.0,1000.0,1082.0
0.14,9.13,-0.07,-25.5,0.05,41.1,-29.75,12.25,-26.81,1000.0,1145.0,1000.0,1066.0
0.14,10.88,-0.07,-26.37,0.05,42.61,-42.63,9.75,-10.63,1000.0,1142.0,1000.0,1049.0
0.14,12.0,-0.07,-26.69,0.05,43.99,-20.12,-6.0,-17.69,1000.0,1138.0,1000.0,1067.0
0.14,12.13,-0.07,-26.31,0.05,45.31,-1.44,-11.56,-8.81,1000.0,1124.0,1000.0,1078.0
0.14,11.81,-0.07,-25.94,0.05,46.37,9.63,-1.0,5.94,1000.0,1115.0,1000.0,1072.0
0.14,11.25,-0.07,-26.06,0.05,47.05,23.75,5.31,20.0,1000.0,1104.0,1000.0,1063.0
0.14,10.38,-0.07,-25.81,0.05,47.28,33.63,0.06,29.5,1000.0,1091.0,1000.0,1065.0
0.14,9.25,-0.07,-25.19,0.05,46.98,34.5,-5.94,35.38,1000.0,1081.0,1000.0,1065.0
0.14,8.69,-0.07,-24.56,-0.1,46.27,19.87,-6.62,32.75,1000.0,1084.0,1000.0,1062.0
0.14,8.63,-0.07,-23.94,-0.1,45.35,3.87,-9.31,23.06,1000.0,1093.0,1000.0,1062.0
0.14,9.56,-0.07,-23.5,0.05,44.38,-18.06,-3.19,13.31,1000.0,1107.0,1000.0,1055.0
0.14,10.63,-0.07,-23.5,0.05,43.6,-22.87,0.19,-7.06,1000.0,1124.0,1000.0,1061.0
0.14,11.38,-0.07,-24.56,0.05,43.22,-22.19,19.69,-28.25,1000.0,1146.0,1000.0,1065.0
0.14,11.56,-0.07,-26.37,0.05,43.34,-15.94,31.44,-34.38,1000.0,1161.0,1000.0,1069.0
0.14,11.69,-0.07,-28.0,0.05,43.82,-15.38,21.56,-25.94,1000.0,1154.0,1000.0,1065.0
0.14,11.81,-0.07,-28.31,0.05,44.51,-8.38,-9.88,-14.69,1000.0,1128.0,1000.0,1074.0
0.14,12.06,-0.07,-26.75,0.05,45.18,-5.62,-40.81,1.69,1000.0,1106.0,1000.0,1081.0
0.14,12.5,-0.07,-24.87,0.05,45.74,-10.94,-32.44,6.5,1000.0,1103.0,1000.0,1075.0
0.14,13.06,-0.07,-24.12,0.05,46.18,-9.81,-4.12,-3.06,1000.0,1120.0,1000.0,1069.0
0.14,13.06,-0.07,-24.94,0.05,46.68,-3.44,15.75,-22.0,1000.0,1142.0,1000.0,1073.0
0.14,12.44,-0.07,-26.0,0.05,47.33,0.56,13.19,-30.12,1000.0,1149.0,1000.0,1085.0
0.14,12.44,-0.07,-26.81,0.05,48.14,-17.5,10.56,-19.44,1000.0,1150.0,1000.0,1076.0
0.14,14.06,-0.07,-27.75,0.05,49.0,-42.75,11.94,-5.12,1000.0,1154.0,1000.0,1058.0
0.14,15.94,-0.07,-28.37,0.05,49.85,-38.0,0.56,-10.06,1000.0,1156.0,1000.0,1058.0
0.14,17.0,-0.07,-28.19,0.05,50.76,-19.81,-11.44,-8.25,1000.0,1145.0,1000.0,1074.0
0.14,17.44,-0.07,-27.75,0.05,51.61,-2.69,-6.25,9.75,1000.0,1132.0,1000.0,1071.0
0.14,17.37,-0.07,-27.19,0.05,52.12,16.5,-2.69,26.12,1000.0,1115.0,1000.0,1064.0
0.14,16.75,-0.07,-26.31,0.05,52.08,36.44,-2.56,45.13,1000.0,1093.0,1000.0,1062.0
0.14,15.94,-0.07,-25.37,0.05,51.43,40.75,1.0,61.88,1000.0,1078.0,1000.0,1051.0
0.14,15.13,-0.07,-24.5,0.05,50.1,42.75,1.25,61.69,1000.0,1072.0,1000.0,1049.0
0.14,14.0,-0.07,-23.5,0.05,48.31,38.69,-2.44,51.0,1000.0,1073.0,1000.0,1053.0
0.14,13.63,-0.07,-22.75,0.05,46.33,20.62,-1.81,45.25,1000.0,1081.0,1000.0,1048.0
0.14,13.75,-0.07,-22.37,0.05,44.34,2.12,2.62,28.69,1000.0,1094.0,1000.0,1047.0
0.14,14.13,-0.07,-22.56,0.05,42.53,-3.69,10.94,8.13,1000.0,1110.0,1000.0,1049.0
0.14,14.13,-0.07,-23.44,0.05,41.12,0.88,17.62,-17.44,1000.0,1129.0,1000.0,1061.0
0.14,13.69,-0.07,-24.56,0.05,40.26,-0.94,13.13,-18.44,1000.0,1131.0,1000.0,1066.0
0.14,14.0,-0.07,-24.81,0.05,39.78,-12.69,-2.94,0.37,1000.0,1117.0,1000.0,1054.0
0.14,14.63,-0.07,-24.25,0.05,39.49,-10.19,-18.5,0.44,1000.0,1106.0,1000.0,1056.0
0.14,14.69,-0.07,-22.81,0.05,39.37,-0.37,-28.37,-5.81,1000.0,1101.0,1000.0,1071.0
0.14,14.38,-0.07,-22.0,0.05,39.45,3.31,-11.94,-18.19,1000.0,1110.0,1000.0,1076.0
0.14,13.63,-0.07,-22.75,0.05,39.8,4.0,14.75,-34.44,1000.0,1131.0,1000.0,1075.0
0.14,12.63,-0.07,-24.19,0.05,40.49,3.87,26.75,-47.63,1000.0,1150.0,1000.0,1080.0
0.14,11.81,-0.07,-25.87,0.05,41.56,-5.94,17.31,-43.13,1000.0,1152.0,1000.0,1081.0
0.14,12.38,-0.07,-26.94,0.05,42.85,-36.56,12.63,-27.37,1000.0,1153.0,1000.0,1064.0
0.14,13.94,-0.07,-27.81,0.05,44.25,-49.19,7.75,-21.0,1000.0,1157.0,1000.0,1052.0
0.14,15.38,-0.07,-28.44,0.05,45.74,-33.56,-2.81,-30.44,1000.0,1158.0,1000.0,1069.0
0.14,15.56,-0.07,-28.62,0.05,47.29,-5.75,-3.31,-21.06,1000.0,1146.0,1000.0,1080.0
0.14,15.06,-0.07,-28.75,0.05,48.67,13.44,3.94,-0.88,1000.0,1131.0,1000.0,1076.0
0.14,14.44,-0.07,-28.75,0.05,49.63,25.19,5.12,21.87,1000.0,1113.0,1000.0,1066.0
0.14,13.56,-0.07,-28.19,0.05,49.96,33.94,-0.81,38.44,1000.0,1095.0,1000.0,1062.0
0.14,12.88,-0.07,-27.31,0.05,49.65,40.06,-6.12,51.06,1000.0,1079.0,1000.0,1058.0
0.14,11.94,-0.07,-26.37,0.05,48.79,41.63,-5.75,47.5,1000.0,1074.0,1000.0,1059.0
0.14,10.88,-0.07,-25.56,0.05,47.52,37.0,-7.81,38.25,1000.0,1078.0,1000.0,1064.0
0.14,10.5,-0.07,-25.0,0.05,46.0,10.31,1.31,32.19,1000.0,1088.0,1000.0,1053.0
0.14,10.94,-0.07,-24.81,0.05,44.47,-4.56,1.31,26.06,1000.0,1100.0,1000.0,1048.0
0.14,11.38,-0.07,-24.75,0.05,43.05,-2.19,-0.25,3.44,1000.0,1111.0,1000.0,1058.0
0.14,11.44,-0.07,-24.81,0.05,41.96,-6.31,1.69,-0.06,1000.0,1115.0,1000.0,1061.0
0.14,12.31,-0.07,-24.75,0.05,41.1,-15.69,-1.62,10.44,1000.0,1111.0,1000.0,1048.0
0.14,13.25,-0.07,-24.12,0.05,40.33,-11.25,-17.06,14.25,1000.0,1099.0,1000.0,1048.0
0.14,13.63,-0.07,-22.87,0.05,39.6,-1.25,-25.31,8.31,1000.0,1092.0,1000.0,1062.0
0.14,13.63,-0.07,-21.87,0.05,38.96,2.69,-13.69,2.31,1000.0,1095.0,1000.0,1062.0
0.14,13.13,-0.07,-21.19,0.05,38.47,9.25,4.06,-5.12,1000.0,1106.0,1000.0,1061.0
0.14,12.44,-0.07,-22.06,0.05,38.15,10.88,23.56,-13.88,1000.0,1117.0,1000.0,1061.0
0.14,11.94,-0.07,-23.37,-0.1,37.99,2.69,23.75,-10.88,1000.0,1122.0,1000.0,1055.0
0.14,12.06,-0.07,-24.37,0.05,37.92,-11.56,17.44,1.06,1000.0,1117.0,1000.0,1046.0
0.14,13.63,-0.07,-25.87,0.05,37.82,-31.12,28.94,7.94,1000.0,1123.0,1000.0,1023.0
0.14,14.5,-0.07,-27.25,0.05,37.75,-11.44,19.06,-9.81,1000.0,1131.0,1000.0,1039.0
0.14,14.38,-0.07,-27.81,0.05,37.79,4.19,7.69,-4.37,1000.0,1114.0,1000.0,1051.0
0.14,13.88,-0.07,-28.06,0.05,37.79,17.37,3.69,10.31,1000.0,1103.0,1000.0,1050.0
0.14,11.56,-0.07,-26.56,0.05,36.18,31.81,-7.56,42.81,1000.0,1059.0,1000.0,1037.0
0.14,11.0,-0.07,-25.75,0.05,34.86,25.19,-2.44,41.75,1000.0,1058.0,1000.0,1032.0
0.14,10.75,-0.07,-25.37,0.05,33.34,17.12,1.0,32.0,1000.0,1066.0,1000.0,1030.0
0.14,10.69,-0.07,-25.25,0.05,31.79,5.75,2.75,23.06,1000.0,1074.0,1000.0,1029.0
0.14,10.94,-0.07,-25.19,0.05,30.34,2.44,0.81,11.94,1000.0,1081.0,1000.0,1031.0
0.14,10.5,-0.07,-25.19,0.05,29.09,11.06,1.44,-3.44,1000.0,1085.0,1000.0,1042.0
0.14,1.81,-0.07,0.44,0.05,2.75,0.06,0.0,-0.13,1020.0,1031.0,1023.0,1030.0
0.14,1.81,-0.07,0.44,0.05,2.75,0.0,0.06,0.0,1020.0,1032.0,1023.0,1030.0
0.14,1.81,-0.07,0.44,0.05,2.75,0.0,0.0,-0.06,1020.0,1031.0,1023.0,1030.0
0.14,1.81,-0.07,0.44,0.05,2.75,0.06,0.0,0.0,1020.0,1032.0,1023.0,1030.0
0.14,1.81,-0.07,0.44,0.05,2.75,0.0,-0.06,0.0,1020.0,1032.0,1023.0,1030.0
0.14,1.81,-0.07,0.44,0.05,2.75,0.19,-0.13,0.13,1020.0,1031.0,1023.0,1030.0
